rda_idx,rda_code,group,group_short,name_kr,name_en,sci_name,kcal,수분,beta_carotene_ug,source
1,A001001A010a,곡류 및 그 제품,곡류,"귀리, 겉귀리, 도정, 생것","Oat(Gwiri), Covered, Polished, Raw",Avena sativa L.,388,11.7,0,농진청('21)
3381,A0490030009a,곡류 및 그 제품,곡류,"귀리, 겉귀리, 도정, 밥","Oat(Gwiri), Covered, Polished, Cooked",Avena sativa L.,197,55.5,0,농진청('21)
2,A001002A010a,곡류 및 그 제품,곡류,"귀리, 쌀귀리, 도정, 생것","Oat(Gwiri), Naked, Polished, Raw",Avena nuda L.,388,11.6,2,농진청('20)
3,A001003A010a,곡류 및 그 제품,곡류,"귀리, 쌀귀리, 대양, 도정, 생것","Oat(Gwiri), Naked, Daeyang, Polished, Raw",Avena nuda L.,386,11.8,2,농진청('20)
4,A001004A010a,곡류 및 그 제품,곡류,"귀리, 쌀귀리, 조양, 도정, 생것","Oat(Gwiri), Naked, Joyang, Polished, Raw",Avena nuda L.,390,11.4,2,농진청('20)
5,A0490000009a,곡류 및 그 제품,곡류,"귀리, 쌀귀리, 도정, 밥","Oat(Gwiri), Naked, Polished, Cooked",Avena nuda L.,218,50.7,1,농진청('20)
6,A0490010009a,곡류 및 그 제품,곡류,"귀리, 쌀귀리, 대양, 도정, 밥","Oat(Gwiri), Naked, Daeyang, Polished, Cooked",Avena nuda L.,215,51.1,1,농진청('20)
7,A0490020009a,곡류 및 그 제품,곡류,"귀리, 쌀귀리, 조양, 도정, 밥","Oat(Gwiri), Naked, Joyang, Polished, Cooked",Avena nuda L.,221,50.2,1,농진청('20)
8,A0020000009a,곡류 및 그 제품,곡류,"귀리, 오트밀","Oat, Oatmeal",,382,12,3,농진청('11)
9,A003000A010a,곡류 및 그 제품,곡류,"기장, 도정, 생것","Proso millet(Gijang), Polished, Raw",Panicum miliaceum L.,360,11.3,0,농진청('06)
10,A003001A010a,곡류 및 그 제품,곡류,"기장, 찰기장, 도정, 생것","Proso millet(Gijang), Glutinous, Polished, Raw",Panicum miliaceum L.,371,11.3,6,농진청('23)
11,A003002A010a,곡류 및 그 제품,곡류,"기장, 찰기장, 이백찰, 도정, 생것","Proso millet(Gijang), Glutinous, Ibaekchal, Polished, Raw",Panicum miliaceum L.,373,11.2,5,농진청('19)
12,A003003A010a,곡류 및 그 제품,곡류,"기장, 찰기장, 한라찰, 도정, 생것","Proso millet(Gijang), Glutinous, Hallachal, Polished, Raw",Panicum miliaceum L.,373,11.3,4,농진청('19)
13,A003004A010a,곡류 및 그 제품,곡류,"기장, 찰기장, 황실찰, 도정, 생것","Proso millet(Gijang), Glutinous, Hwangsilchal, Polished, Raw",Panicum miliaceum L.,368,11.5,4,농진청('19)
3382,A0540010009a,곡류 및 그 제품,곡류,"기장, 찰기장, 도정, 밥","Proso millet(Gijang), Glutinous, Polished, Cooked",Panicum miliaceum L.,136,67.5,0,농진청('23)
14,A004000A010a,곡류 및 그 제품,곡류,"메밀, 도정, 생것","Buckwheat(Memil), Polished, Raw",Fagopyrum esculentum Moench,363,13.1,7,농진청('14)
15,A004000A015a,곡류 및 그 제품,곡류,"메밀, 도정, 가루","Buckwheat(Memil), Polished, Powder",Fagopyrum esculentum Moench,374,10.5,9,농진청('14)
16,A0050000000a,곡류 및 그 제품,곡류,"메밀 국수, 생것","Buckwheat noodle, Memil guksu, Wet noodle",,291,28.8,0,농진청('14)
17,A0050000000b,곡류 및 그 제품,곡류,"메밀 국수, 생것, 삶은것","Buckwheat noodle, Memil guksu, Wet noodle, Boiled",,124,70.1,6,농진청('14)
18,A0050000001a,곡류 및 그 제품,곡류,"메밀 국수, 말린것","Buckwheat noodle, Memil guksu, Dry noodle",,372,8.3,0,농진청('14)
19,A0050000001b,곡류 및 그 제품,곡류,"메밀 국수, 말린것, 삶은것","Buckwheat noodle, Memil guksu, Dry noodle, Boiled",,114,72.4,0,농진청('14)
20,A0060000001a,곡류 및 그 제품,곡류,"메밀 냉면, 말린것","Buckwheat noodle, Nangmyeon, Dry noodle",,360,12.1,0,농진청('14)
21,A0060000001b,곡류 및 그 제품,곡류,"메밀 냉면, 말린것, 삶은것","Buckwheat noodle, Nangmyeon, Dry noodle, Boiled",,141,66.2,0,농진청('14)
22,A0070000000a,곡류 및 그 제품,곡류,메밀묵,"Memilmuk, Buckwheat starch jelly",,54,86.2,1,농진청('22)
23,A0070000005a,곡류 및 그 제품,곡류,"메밀묵, 가루","Starch, Buckwheat, Powder",,371,11,7,농진청('14)
25,A008000A030a,곡류 및 그 제품,곡류,"멥쌀, 백미, 생것","Rice(Ssal), White, Raw",Oryza sativa L.,366,13.2,0,대푯값
3383,A008062A030a,곡류 및 그 제품,곡류,"멥쌀, 백미, 고시히카리, 생것","Rice(Ssal), White, Koshihikari, Raw",Oryza sativa L.,364,13.9,0,농진청('23)
26,A008002A030a,곡류 및 그 제품,곡류,"멥쌀, 백미, 고아미2호, 생것","Rice(Ssal), White, Goami2ho, Raw",Oryza sativa L.,363,14.4,0,농진청('20)
27,A008036A030a,곡류 및 그 제품,곡류,"멥쌀, 백미, 골든퀸3호, 생것","Rice(Ssal), White, Goldenqueen3ho, Raw",Oryza sativa L.,355,15.6,0,농진청('15)
28,A008038A030a,곡류 및 그 제품,곡류,"멥쌀, 백미, 금강1호, 생것","Rice(Ssal), White, Geumgang1ho, Raw",Oryza sativa L.,369,12.4,0,농진청('19)
29,A008039A030a,곡류 및 그 제품,곡류,"멥쌀, 백미, 남찬, 생것","Rice(Ssal), White, Namchan, Raw",Oryza sativa L.,365,13.3,0,농진청('19)
30,A008040A030a,곡류 및 그 제품,곡류,"멥쌀, 백미, 도담쌀, 생것","Rice(Ssal), White, Dodamssal, Raw",Oryza sativa L.,360,14.5,0,농진청('20)
31,A008041A030a,곡류 및 그 제품,곡류,"멥쌀, 백미, 미품, 생것","Rice(Ssal), White, Mipum, Raw",Oryza sativa L.,362,14.1,0,농진청('20)
3384,A008063A030a,곡류 및 그 제품,곡류,"멥쌀, 백미, 바로미2, 생것","Rice(Ssal), White, Baromi2, Raw",Oryza sativa L.,374,12.2,0,농진청('23)
3535,A008065A030a,곡류 및 그 제품,곡류,"멥쌀, 백미, 바로미3, 생것","Rice(Ssal), White, Baromi3, Raw",Oryza sativa L.,381,10.4,0,농진청('25)
32,A008042A030a,곡류 및 그 제품,곡류,"멥쌀, 백미, 보람찬, 생것","Rice(Ssal), White, Boramchan, Raw",Oryza sativa L.,368,12.7,0,농진청('19)
33,A008043A030a,곡류 및 그 제품,곡류,"멥쌀, 백미, 삼광, 생것","Rice(Ssal), White, Samkwang, Raw",Oryza sativa L.,367,12.8,0,농진청('20)
3536,A008066A030a,곡류 및 그 제품,곡류,"멥쌀, 백미, 새미면, 생것","Rice(Ssal), White, Saemimyeon, Raw",Oryza sativa L.,365,13.4,0,농진청('25)
34,A008044A030a,곡류 및 그 제품,곡류,"멥쌀, 백미, 새일미, 생것","Rice(Ssal), White, Saeilmi, Raw",Oryza sativa L.,366,13,0,농진청('20)
3537,A008067A030a,곡류 및 그 제품,곡류,"멥쌀, 백미, 새청무, 생것","Rice(Ssal), White, Saecheongmoo, Raw",Oryza sativa L.,372,11.7,0,농진청('25)
36,A008045A030a,곡류 및 그 제품,곡류,"멥쌀, 백미, 설갱, 생것","Rice(Ssal), White, Seolgaeng, Raw",Oryza sativa L.,363,13.7,0,농진청('20)
3538,A008068A030a,곡류 및 그 제품,곡류,"멥쌀, 백미, 신길, 생것","Rice(Ssal), White, Shingil, Raw",Oryza sativa L.,371,12.4,0,농진청('25)
38,A008046A030a,곡류 및 그 제품,곡류,"멥쌀, 백미, 신동진, 생것","Rice(Ssal), White, Sindongjin, Raw",Oryza sativa L.,361,14.5,0,농진청('20)
3539,A008069A030a,곡류 및 그 제품,곡류,"멥쌀, 백미, 아미쌀, 장립종, 생것","Rice(Ssal), White, Amissal, Long-grain, Raw",Oryza sativa L.,368,12.5,0,농진청('25)
3385,A008064A030a,곡류 및 그 제품,곡류,"멥쌀, 백미, 안남미, 장립종, 생것","Rice(Ssal), White, Long-grain, Raw",Oryza sativa L.,371,11.8,0,농진청('25)
39,A008047A030a,곡류 및 그 제품,곡류,"멥쌀, 백미, 알찬미, 생것","Rice(Ssal), White, Alchanmi, Raw",Oryza sativa L.,373,11.7,0,농진청('19)
40,A008048A030a,곡류 및 그 제품,곡류,"멥쌀, 백미, 영호진미, 생것","Rice(Ssal), White, Yeonghojinmi, Raw",Oryza sativa L.,369,12.6,0,농진청('19)
41,A008049A030a,곡류 및 그 제품,곡류,"멥쌀, 백미, 예찬, 생것","Rice(Ssal), White, Yechan, Raw",Oryza sativa L.,364,13.4,0,농진청('19)
42,A008050A030a,곡류 및 그 제품,곡류,"멥쌀, 백미, 오대, 생것","Rice(Ssal), White, Ohdae, Raw",Oryza sativa L.,371,11.7,0,농진청('20)
43,A008051A030a,곡류 및 그 제품,곡류,"멥쌀, 백미, 운광, 생것","Rice(Ssal), White, Ungwang, Raw",Oryza sativa L.,366,13.3,0,농진청('20)
45,A008052A030a,곡류 및 그 제품,곡류,"멥쌀, 백미, 일품, 생것","Rice(Ssal), White, Ilpum, Raw",Oryza sativa L.,367,12.8,0,농진청('20)
47,A008024A030a,곡류 및 그 제품,곡류,"멥쌀, 백미, 추청벼, 생것","Rice(Ssal), White, Chucheongbyeo, Raw",Oryza sativa L.,360,14.7,0,농진청('23)
48,A008053A030a,곡류 및 그 제품,곡류,"멥쌀, 백미, 친들, 생것","Rice(Ssal), White, Chindeul, Raw",Oryza sativa L.,365,13.4,0,농진청('19)
3540,A008070A030a,곡류 및 그 제품,곡류,"멥쌀, 백미, 케이롱, 장립종, 생것","Rice(Ssal), White, K-Long, Long-grain, Raw",Oryza sativa L.,372,11.4,0,농진청('25)
51,A008054A030a,곡류 및 그 제품,곡류,"멥쌀, 백미, 팔방미, 생것","Rice(Ssal), White, Palbangmi, Raw",Oryza sativa L.,366,13.1,0,농진청('20)
52,A008030A030a,곡류 및 그 제품,곡류,"멥쌀, 백미, 하이아미, 생것","Rice(Ssal), White, Haiami, Raw",Oryza sativa L.,368,12.7,0,농진청('20)
53,A008055A030a,곡류 및 그 제품,곡류,"멥쌀, 백미, 한가루, 생것","Rice(Ssal), White, Hangaru, Raw",Oryza sativa L.,373,11.4,0,농진청('19)
54,A008056A030a,곡류 및 그 제품,곡류,"멥쌀, 백미, 한아름4호, 생것","Rice(Ssal), White, Hanareum4ho, Raw",Oryza sativa L.,369,12.4,0,농진청('19)
3541,A008071A030a,곡류 및 그 제품,곡류,"멥쌀, 백미, 해강, 생것","Rice(Ssal), White, Haegang, Raw",Oryza sativa L.,380,9.8,0,농진청('25)
55,A008057A030a,곡류 및 그 제품,곡류,"멥쌀, 백미, 해담쌀, 생것","Rice(Ssal), White, Haedamssal, Raw",Oryza sativa L.,372,11.7,0,농진청('19)
56,A008058A030a,곡류 및 그 제품,곡류,"멥쌀, 백미, 해들, 생것","Rice(Ssal), White, Haedeul, Raw",Oryza sativa L.,365,13.4,0,농진청('20)
57,A008059A030a,곡류 및 그 제품,곡류,"멥쌀, 백미, 해품, 생것","Rice(Ssal), White, Haepum, Raw",Oryza sativa L.,363,13.6,0,농진청('20)
59,A008037A030a,곡류 및 그 제품,곡류,"멥쌀, 백미, 호품, 생것","Rice(Ssal), White, Hopum, Raw",Oryza sativa L.,355,15.8,0,농진청('15)
60,A008035A030a,곡류 및 그 제품,곡류,"멥쌀, 백미, 히토메보레, 생것","Rice(Ssal), White, Huitomebore, Raw",Oryza sativa L.,364,12.8,1,농진청('11)
62,A013000A039a,곡류 및 그 제품,곡류,"멥쌀, 백미, 밥","Rice(Ssal), White, Cooked",Oryza sativa L.,152,64,0,농진청('25)
3386,A013011A039a,곡류 및 그 제품,곡류,"멥쌀, 백미, 고시히카리, 밥","Rice(Ssal), White, Koshihikari, Cooked",Oryza sativa L.,147,65.2,0,농진청('23)
65,A013007A039a,곡류 및 그 제품,곡류,"멥쌀, 백미, 삼광, 밥","Rice(Ssal), White, Samkwang, Cooked",Oryza sativa L.,146,65.4,0,농진청('20)
66,A013008A039a,곡류 및 그 제품,곡류,"멥쌀, 백미, 새일미, 밥","Rice(Ssal), White, Saeilmi, Cooked",Oryza sativa L.,142,66.3,0,농진청('20)
3542,A013014A039a,곡류 및 그 제품,곡류,"멥쌀, 백미, 새청무, 밥","Rice(Ssal), White, Saecheongmoo, Cooked",Oryza sativa L.,176,58.4,0,농진청('25)
69,A013009A039a,곡류 및 그 제품,곡류,"멥쌀, 백미, 신동진, 밥","Rice(Ssal), White, Sindongjin, Cooked",Oryza sativa L.,147,64.9,0,농진청('20)
3543,A013015A039a,곡류 및 그 제품,곡류,"멥쌀, 백미, 아미쌀, 장립종, 밥","Rice(Ssal), White, Amissal, Long-grain, Cooked",Oryza sativa L.,174,58.8,0,농진청('25)
3387,A013012A039a,곡류 및 그 제품,곡류,"멥쌀, 백미, 안남미, 장립종, 밥","Rice(Ssal), White, Long-grain, Cooked",Oryza sativa L.,166,60.6,0,농진청('25)
70,A013010A039a,곡류 및 그 제품,곡류,"멥쌀, 백미, 오대, 밥","Rice(Ssal), White, Ohdae, Cooked",Oryza sativa L.,151,64.3,0,농진청('20)
72,A013006A039a,곡류 및 그 제품,곡류,"멥쌀, 백미, 추청벼, 밥","Rice(Ssal), White, Chucheongbyeo, Cooked",Oryza sativa L.,152,64,0,농진청('23)
3544,A013016A039a,곡류 및 그 제품,곡류,"멥쌀, 백미, 케이롱, 장립종, 밥","Rice(Ssal), White, K-Long, Long-grain, Cooked",Oryza sativa L.,173,59,0,농진청('25)
3545,A013017A039a,곡류 및 그 제품,곡류,"멥쌀, 백미, 해강, 밥","Rice(Ssal), White, Haegang, Cooked",Oryza sativa L.,153,63.7,0,농진청('25)
73,A015000A039a,곡류 및 그 제품,곡류,"멥쌀, 백미, 죽","Rice porridge(Ssaljuk), White",Oryza sativa L.,53,87.4,0,농진청('20)
74,A015002A039a,곡류 및 그 제품,곡류,"멥쌀, 백미, 삼광, 죽","Rice porridge(Ssaljuk), White, Samkwang",Oryza sativa L.,53,87.4,0,농진청('20)
75,A015003A039a,곡류 및 그 제품,곡류,"멥쌀, 백미, 새일미, 죽","Rice porridge(Ssaljuk), White, Saeilmi",Oryza sativa L.,55,87,0,농진청('20)
76,A015004A039a,곡류 및 그 제품,곡류,"멥쌀, 백미, 신동진, 죽","Rice porridge(Ssaljuk), White, Sindongjin",Oryza sativa L.,53,87.4,0,농진청('20)
77,A015005A039a,곡류 및 그 제품,곡류,"멥쌀, 백미, 오대, 죽","Rice porridge(Ssaljuk), White, Ohdae",Oryza sativa L.,52,87.6,0,농진청('20)
78,A012000A039a,곡류 및 그 제품,곡류,"멥쌀, 백미, 미음","Rice gruel(Ssalmieum), White",Oryza sativa L.,19,,0,JAPAN('20)
79,A008000A035a,곡류 및 그 제품,곡류,"멥쌀, 백미, 가루","Rice(Ssal), White, Powder",Oryza sativa L.,378,10.2,0,농진청('21)
3451,A0080002920a,곡류 및 그 제품,곡류,"멥쌀, 쌀눈, 생것","Rice germ(Ssalnun), Raw",Oryza sativa L.,441,8.9,34,농진청('24)
3452,A0080002929e,곡류 및 그 제품,곡류,"멥쌀, 쌀눈, 찐것","Rice germ(Ssalnun), Steamed",Oryza sativa L.,152,68.8,10,농진청('24)
3453,A0080002929n,곡류 및 그 제품,곡류,"멥쌀, 쌀눈, 볶은것","Rice germ(Ssalnun), Roasted",Oryza sativa L.,468,3.1,33,농진청('24)
80,A008000A050a,곡류 및 그 제품,곡류,"멥쌀, 칠분도미, 생것","Rice(Ssal), Brown, 94.4% Milling yield, Raw",Oryza sativa L.,348,14.9,(0),JAPAN('20)
83,A013000A059a,곡류 및 그 제품,곡류,"멥쌀, 칠분도미, 밥","Rice(Ssal), Brown, 94.4% Milling yield, Cooked",Oryza sativa L.,160,,(0),JAPAN('20)
86,A0150010009a,곡류 및 그 제품,곡류,"멥쌀, 칠분도미, 죽","Rice porridge(Ssaljuk), Brown, 94.4% Milling yield",Oryza sativa L.,68,,(0),JAPAN('20)
87,A012000A059a,곡류 및 그 제품,곡류,"멥쌀, 칠분도미, 미음","Rice gruel(Ssalmieum), Brown, 94.4% Milling yield",Oryza sativa L.,20,,(0),JAPAN('20)
88,A008000A060a,곡류 및 그 제품,곡류,"멥쌀, 현미, 생것","Rice(Ssal), Brown, Raw",Oryza sativa L.,357,13.5,2,대푯값
89,A008002A060a,곡류 및 그 제품,곡류,"멥쌀, 현미, 고아미2호, 생것","Rice(Ssal), Brown, Goami2ho, Raw",Oryza sativa L.,360,14.1,6,농진청('20)
90,A008036A060a,곡류 및 그 제품,곡류,"멥쌀, 현미, 골든퀸3호, 생것","Rice(Ssal), Brown, Goldenqueen3ho, Raw",Oryza sativa L.,358,13.3,4,농진청('15)
91,A008038A060a,곡류 및 그 제품,곡류,"멥쌀, 현미, 금강1호, 생것","Rice(Ssal), Brown, Geumgang1ho, Raw",Oryza sativa L.,365,12,3,농진청('19)
92,A008039A060a,곡류 및 그 제품,곡류,"멥쌀, 현미, 남찬, 생것","Rice(Ssal), Brown, Namchan, Raw",Oryza sativa L.,355,14.1,3,농진청('19)
94,A008040A060a,곡류 및 그 제품,곡류,"멥쌀, 현미, 도담쌀, 생것","Rice(Ssal), Brown, Dodamssal, Raw",Oryza sativa L.,356,14,3,농진청('20)
95,A008041A060a,곡류 및 그 제품,곡류,"멥쌀, 현미, 미품, 생것","Rice(Ssal), Brown, Mipum, Raw",Oryza sativa L.,350,14.9,1,농진청('20)
3388,A008063A060a,곡류 및 그 제품,곡류,"멥쌀, 현미, 바로미2, 생것","Rice(Ssal), Brown, Baromi2, Raw",Oryza sativa L.,369,12.2,4,농진청('23)
3546,A008065A060a,곡류 및 그 제품,곡류,"멥쌀, 현미, 바로미3, 생것","Rice(Ssal), Brown, Baromi3, Raw",Oryza sativa L.,377,10.1,4,농진청('25)
96,A008042A060a,곡류 및 그 제품,곡류,"멥쌀, 현미, 보람찬, 생것","Rice(Ssal), Brown, Boramchan, Raw",Oryza sativa L.,356,13.6,3,농진청('19)
97,A008043A060a,곡류 및 그 제품,곡류,"멥쌀, 현미, 삼광, 생것","Rice(Ssal), Brown, Samkwang, Raw",Oryza sativa L.,358,12.9,2,농진청('20)
98,A008044A060a,곡류 및 그 제품,곡류,"멥쌀, 현미, 새일미, 생것","Rice(Ssal), Brown, Saeilmi, Raw",Oryza sativa L.,358,13,1,농진청('20)
99,A008045A060a,곡류 및 그 제품,곡류,"멥쌀, 현미, 설갱, 생것","Rice(Ssal), Brown, Seolgaeng, Raw",Oryza sativa L.,356,13.5,3,농진청('20)
100,A008046A060a,곡류 및 그 제품,곡류,"멥쌀, 현미, 신동진, 생것","Rice(Ssal), Brown, Sindongjin, Raw",Oryza sativa L.,350,15,1,농진청('20)
101,A008047A060a,곡류 및 그 제품,곡류,"멥쌀, 현미, 알찬미, 생것","Rice(Ssal), Brown, Alchanmi, Raw",Oryza sativa L.,365,11.5,1,농진청('19)
102,A008048A060a,곡류 및 그 제품,곡류,"멥쌀, 현미, 영호진미, 생것","Rice(Ssal), Brown, Yeonghojinmi, Raw",Oryza sativa L.,363,12.4,1,농진청('19)
103,A008049A060a,곡류 및 그 제품,곡류,"멥쌀, 현미, 예찬, 생것","Rice(Ssal), Brown, Yechan, Raw",Oryza sativa L.,356,13.8,1,농진청('19)
104,A008050A060a,곡류 및 그 제품,곡류,"멥쌀, 현미, 오대, 생것","Rice(Ssal), Brown, Ohdae, Raw",Oryza sativa L.,364,11.7,4,농진청('20)
105,A008051A060a,곡류 및 그 제품,곡류,"멥쌀, 현미, 운광, 생것","Rice(Ssal), Brown, Ungwang, Raw",Oryza sativa L.,356,13.9,2,농진청('20)
107,A008052A060a,곡류 및 그 제품,곡류,"멥쌀, 현미, 일품, 생것","Rice(Ssal), Brown, Ilpum, Raw",Oryza sativa L.,358,13.1,2,농진청('20)
109,A008024A060a,곡류 및 그 제품,곡류,"멥쌀, 현미, 추청벼, 생것","Rice(Ssal), Brown, Chucheongbyeo, Raw",Oryza sativa L.,362,12.7,0,농진청('99)
110,A008053A060a,곡류 및 그 제품,곡류,"멥쌀, 현미, 친들, 생것","Rice(Ssal), Brown, Chindeul, Raw",Oryza sativa L.,354,13.9,2,농진청('19)
113,A008054A060a,곡류 및 그 제품,곡류,"멥쌀, 현미, 팔방미, 생것","Rice(Ssal), Brown, Palbangmi, Raw",Oryza sativa L.,359,13.2,2,농진청('20)
114,A008030A060a,곡류 및 그 제품,곡류,"멥쌀, 현미, 하이아미, 생것","Rice(Ssal), Brown, Haiami, Raw",Oryza sativa L.,361,13.2,4,농진청('20)
115,A008055A060a,곡류 및 그 제품,곡류,"멥쌀, 현미, 한가루, 생것","Rice(Ssal), Brown, Hangaru, Raw",Oryza sativa L.,361,12.5,2,농진청('19)
116,A008056A060a,곡류 및 그 제품,곡류,"멥쌀, 현미, 한아름4호, 생것","Rice(Ssal), Brown, Hanareum4ho, Raw",Oryza sativa L.,364,11.9,1,농진청('19)
117,A008057A060a,곡류 및 그 제품,곡류,"멥쌀, 현미, 해담쌀, 생것","Rice(Ssal), Brown, Haedamssal, Raw",Oryza sativa L.,367,11.3,2,농진청('19)
118,A008058A060a,곡류 및 그 제품,곡류,"멥쌀, 현미, 해들, 생것","Rice(Ssal), Brown, Haedeul, Raw",Oryza sativa L.,358,13.1,2,농진청('20)
119,A008059A060a,곡류 및 그 제품,곡류,"멥쌀, 현미, 해품, 생것","Rice(Ssal), Brown, Haepum, Raw",Oryza sativa L.,350,14.5,2,농진청('20)
120,A008037A060a,곡류 및 그 제품,곡류,"멥쌀, 현미, 호품, 생것","Rice(Ssal), Brown, Hopum, Raw",Oryza sativa L.,344,16.8,4,농진청('15)
121,A008009A060a,곡류 및 그 제품,곡류,"멥쌀, 현미, 발아현미, 생것","Rice(Ssal), Brown, Germinated, Raw",Oryza sativa L.,384,7.5,0,농진청('21)
122,A0080612670a,곡류 및 그 제품,곡류,"멥쌀, 현미, 적진주, 생것","Rice(Ssal), Red, Jeokjinju, Raw",Oryza sativa L.,360,12.5,4,농진청('20)
123,A0080000020a,곡류 및 그 제품,곡류,"멥쌀, 현미, 흑미, 생것","Rice(Ssal), Black, Raw",Oryza sativa L.,357,13.3,29,농진청('20)
124,A0080600020a,곡류 및 그 제품,곡류,"멥쌀, 현미, 흑진미, 생것","Rice(Ssal), Black, Heukjinmi, Raw",Oryza sativa L.,357,13,29,농진청('20)
125,A008034A060a,곡류 및 그 제품,곡류,"멥쌀, 현미, 흑진주벼, 생것","Rice(Ssal), Black, Heukjinjubyeo, Raw",Oryza sativa L.,369,10.3,51,농진청('11)
126,A013000A069a,곡류 및 그 제품,곡류,"멥쌀, 현미, 밥","Rice(Ssal), Brown, Cooked",Oryza sativa L.,166,59.6,0,농진청('20)
129,A013007A069a,곡류 및 그 제품,곡류,"멥쌀, 현미, 삼광, 밥","Rice(Ssal), Brown, Samkwang, Cooked",Oryza sativa L.,165,59.9,0,농진청('20)
130,A013008A069a,곡류 및 그 제품,곡류,"멥쌀, 현미, 새일미, 밥","Rice(Ssal), Brown, Saeilmi, Cooked",Oryza sativa L.,173,58.1,0,농진청('20)
131,A013009A069a,곡류 및 그 제품,곡류,"멥쌀, 현미, 신동진, 밥","Rice(Ssal), Brown, Sindongjin, Cooked",Oryza sativa L.,160,61.1,0,농진청('20)
132,A013010A069a,곡류 및 그 제품,곡류,"멥쌀, 현미, 오대, 밥","Rice(Ssal), Brown, Ohdae, Cooked",Oryza sativa L.,167,59.3,0,농진청('20)
3389,A013013A069a,곡류 및 그 제품,곡류,"멥쌀, 현미, 발아현미, 밥","Rice(Ssal), Brown, Germinated, Cooked",Oryza sativa L.,178,57,0,농진청('21)
133,A015006A069a,곡류 및 그 제품,곡류,"멥쌀, 현미, 흑진미, 밥","Rice(Ssal), Black, Heukjinmi, Cooked",Oryza sativa L.,174,57.6,4,농진청('20)
134,A015000A069a,곡류 및 그 제품,곡류,"멥쌀, 현미, 죽","Rice porridge(Ssaljuk), Brown",Oryza sativa L.,64,,0,JAPAN('20)
135,A012000A069a,곡류 및 그 제품,곡류,"멥쌀, 현미, 미음","Rice gruel(Ssalmieum), Brown",Oryza sativa L.,19,,0,JAPAN('20)
136,A0130000002a,곡류 및 그 제품,곡류,"멥쌀밥, 쪄서 말린것","Rice(Ssal), White, Steamed and then dried",Oryza sativa L.,373,10.9,0,농진청('09)
137,A0130000089a,곡류 및 그 제품,곡류,누룽지,"Scorched rice(Nurungji), White",,414,1.7,0,농진청('22)
3390,A0130000089d,곡류 및 그 제품,곡류,"누룽지, 끓인것","Scorched rice(Nurungji), White, Boiled",,53,87.5,0,농진청('22)
3391,A0130002839d,곡류 및 그 제품,곡류,"누룽지, 끓인것, 밥알","Scorched rice(Nurungji), White, Boiled, Grain only",,115,72.8,0,농진청('22)
3392,A0130002849d,곡류 및 그 제품,곡류,"누룽지, 끓인것, 국물","Scorched rice(Nurungji), White, Boiled, Soup only",,3,99.3,0,농진청('22)
138,A0140000089a,곡류 및 그 제품,곡류,"즉석밥, 누룽지","Instant cooked rice, Scorched rice(Nurungji), White",,415,1.1,0,농진청('16)
139,A0140000089v,곡류 및 그 제품,곡류,"즉석밥, 누룽지, 끓는물 부음","Instant cooked rice, Scorched rice(Nurungji), White, Hot water added",,69,83.4,0,농진청('16)
140,A014000A039a,곡류 및 그 제품,곡류,"즉석밥, 백미","Instant cooked rice, White",,152,63.9,0,농진청('16)
141,A0140002209a,곡류 및 그 제품,곡류,"즉석밥, 잡곡밥(멥쌀, 찹쌀, 흑미, 팥, 기장, 찰수수)","Instant cooked rice, Mixed grains(Nonglutinous rice, Glutinous rice, Black rice, Adzuki bean, Prosomillet, Glutinous sorghum)",,150,62.5,0,농진청('16)
3271,A0090050009w,곡류 및 그 제품,곡류,"멥쌀 과자, 떡, 팽화","Rice snack, Rice cake, Garaetteok, Puffed",,404,4.2,0,농진청('22)
143,A0090040009w,곡류 및 그 제품,곡류,"멥쌀 과자, 쌀엿강정, 팽화","Rice snack, Ssalyeotgangjeong, Puffed, Coated with rice syrup",,395,3.5,0,농진청('16)
3272,A0090062699j,곡류 및 그 제품,곡류,"멥쌀 과자, 단맛","Rice snack, Coated, Sugar icing",,467,1.3,0,농진청('22)
3273,A0090062709j,곡류 및 그 제품,곡류,"멥쌀 과자, 짠맛","Rice snack, Savory",,471,0.8,0,농진청('22)
144,A0090030009j,곡류 및 그 제품,곡류,"멥쌀 과자, 튀밥, 팽화","Rice snack, Twibap, Puffed",,404,4.4,0,농진청('22)
145,A0100000001a,곡류 및 그 제품,곡류,"멥쌀 국수, 말린것","Rice noodle(Ssal guksu), Dry noodle",,380,9.3,0,농진청('19)
3274,A0100000001b,곡류 및 그 제품,곡류,"멥쌀 국수, 말린것, 삶은것","Rice noodle(Ssal guksu), Dry noodle, Boiled",,132,68.6,0,농진청('19)
146,A0110010009a,곡류 및 그 제품,곡류,"멥쌀떡, 가래떡","Rice cake, Garaetteok, Rod shape",,213,46.4,0,농진청('16)
3393,A011001A069a,곡류 및 그 제품,곡류,"멥쌀떡, 가래떡, 현미","Rice cake, Garaetteok, Rod shape, Brown rice",,222,45.4,2,농진청('22)
147,A0110010029a,곡류 및 그 제품,곡류,"멥쌀떡, 가래떡, 흑미","Rice cake, Garaetteok, Rod shape, Black rice",,217,46.3,1,농진청('22)
148,A0110020009a,곡류 및 그 제품,곡류,"멥쌀떡, 개피떡(바람떡)","Rice cake, Gaepitteok, With red bean paste filling",,206,48.7,9,농진청('22)
150,A0110030009a,곡류 및 그 제품,곡류,"멥쌀떡, 꿀떡","Rice cake, Kkultteok, With honey filling",,210,48.5,0,농진청('16)
151,A0110050009a,곡류 및 그 제품,곡류,"멥쌀떡, 무지개떡","Rice cake, Mujigaetteok, Colorful layers",,229,42.4,13,식약('11)
152,A0110060009a,곡류 및 그 제품,곡류,"멥쌀떡, 백설기","Rice cake, Baekseolgi, Plain",,245,41.4,0,농진청('18)
153,A0110060059a,곡류 및 그 제품,곡류,"멥쌀떡, 백설기, 검정콩","Rice cake, Baekseolgi, Black bean added",,229,43.6,5,농진청('16)
154,A0110070059a,곡류 및 그 제품,곡류,"멥쌀떡, 송편, 검정콩","Rice cake, Songpyeon, Pine flavored, With black bean filling",,214,49.1,11,농진청('22)
156,A0110070079a,곡류 및 그 제품,곡류,"멥쌀떡, 송편, 깨","Rice cake, Songpyeon, Pine flavored, With sesame filling",,223,46.3,2,농진청('22)
3394,A0110070139a,곡류 및 그 제품,곡류,"멥쌀떡, 송편, 밤","Rice cake, Songpyeon, Pine flavored, With chestnut filling",,177,55.8,6,농진청('22)
155,A0110070069a,곡류 및 그 제품,곡류,"멥쌀떡, 송편, 팥","Rice cake, Songpyeon, Pine flavored, With red bean filling",,200,49.5,0,농진청('01)
157,A0110072649a,곡류 및 그 제품,곡류,"멥쌀떡, 모싯잎송편, 동부","Rice cake, Mosinnipsongpyeon, Pine flavored, With cowpea filling",,190,52.2,570,농진청('14)
158,A0110072179a,곡류 및 그 제품,곡류,"멥쌀떡, 모싯잎송편, 동부(국내산)","Rice cake, Mosinnipsongpyeon, Pine flavored, With cowpea filling, Domestic",,190,52.2,690,농진청('14)
159,A0110072189a,곡류 및 그 제품,곡류,"멥쌀떡, 모싯잎송편, 동부(수입산)","Rice cake, Mosinnipsongpyeon, Pine flavored, With cowpea filling, Imported",,190,52.2,449,농진청('14)
160,A0110080009a,곡류 및 그 제품,곡류,"멥쌀떡, 시루떡, 팥","Rice cake, Sirutteok, Red bean layered",,183,53.7,2,농진청('16)
161,A0110100009a,곡류 및 그 제품,곡류,"멥쌀떡, 절편","Rice cake, Jeolpyeon, Patterned and pressed",,214,46.5,0,농진청('22)
3395,A0110100039a,곡류 및 그 제품,곡류,"멥쌀떡, 절편, 쑥","Rice cake, Jeolpyeon, Patterned and pressed, Mugwort",,208,48.1,351,농진청('22)
162,A0110110009a,곡류 및 그 제품,곡류,"멥쌀떡, 증편","Rice cake, Jeungpyeon, Fermented and steamed, Plain",,195,51,0,농진청('16)
163,A0250030005a,곡류 및 그 제품,곡류,"미숫가루, 혼합곡물","Misutgaru, Mixed grains, Powder",,412,1.8,7,농진청('22)
164,A016000A010a,곡류 및 그 제품,곡류,"밀, 도정, 생것","Wheat(Mil), Polished, Raw",Triticum aestivum L.,333,10.6,0,농진청('99)
165,A016002A010a,곡류 및 그 제품,곡류,"밀, 금강, 도정, 생것","Wheat(Mil), Geumgang, Polished, Raw",Triticum aestivum L.,329,13.3,0,농진청('13)
166,A016007A010a,곡류 및 그 제품,곡류,"밀, 신미찰, 도정, 생것","Wheat(Mil), Sinmichal, Polished, Raw",Triticum aestivum L.,334,11.5,0,농진청('05)
167,A016013A010a,곡류 및 그 제품,곡류,"밀, 흑밀, 도정, 생것","Wheat(Mil), Black, Polished, Raw",Triticum aestivum L.,328,12.1,0,농진청('05)
168,A0160000100a,곡류 및 그 제품,곡류,"밀, 통밀, 생것","Wheat(Mil), Whole, Raw",Triticum aestivum L.,342,9.2,57,농진청('06)
169,A0160142481a,곡류 및 그 제품,곡류,"밀, 호라산, 생것","Wheat(Mil), Khorasan, Raw",Triticum turgidum L.,334,11.6,11,농진청('16)
170,A0160010005a,곡류 및 그 제품,곡류,"밀, 강력밀가루","Wheat flour, White, Strong",,334,12,0,농진청('13)
171,A0160030005a,곡류 및 그 제품,곡류,"밀, 도넛가루","Wheat flour, Doughnut, Dry mix",,410,6.5,2,농진청('22)
172,A0160040005a,곡류 및 그 제품,곡류,"밀, 박력밀가루","Wheat flour, White, Soft",,374,11.8,0,농진청('13)
173,A0160050005a,곡류 및 그 제품,곡류,"밀, 부침가루","Wheat flour, Pan-frying, Seasoned, Dry mix",,368,11.5,0,농진청('13)
174,A0160060005a,곡류 및 그 제품,곡류,"밀, 빵가루","Wheat, Bread crumb",,392,7.8,0,농진청('13)
175,A0160080005a,곡류 및 그 제품,곡류,"밀, 중력밀가루","Wheat flour, White, All-purpose",,375,11.6,0,농진청('13)
176,A0160100005a,곡류 및 그 제품,곡류,"밀, 통밀가루","Wheat flour, Whole",,347,8.9,0,농진청('21)
177,A0160110005a,곡류 및 그 제품,곡류,"밀, 튀김가루","Wheat flour, Frying, Seasoned, Dry mix",,367,10.7,0,농진청('13)
178,A0160120005a,곡류 및 그 제품,곡류,"밀, 팬케이크가루","Wheat flour, Pancake, Dry mix",,384,6.3,8,농진청('22)
3454,A0200000009a,곡류 및 그 제품,곡류,밀떡,"Rice cake, Wheat flour, Miltteok",,227,46.5,1,농진청('24)
179,A0170010009a,곡류 및 그 제품,곡류,"과자, 건빵","Snack, Geonppang, Hard tack",,419,4.2,0,농진청('13)
3275,A0170082719j,곡류 및 그 제품,곡류,"과자, 마늘바게트","Snack, Rusk, Garlic flavored",,480,3.3,283,농진청('22)
181,A0170180009j,곡류 및 그 제품,곡류,"과자, 마카로니","Snack, Wheat, Macaroni Shape, Fried",,457,1.6,0,농진청('16)
182,A0170020139a,곡류 및 그 제품,곡류,"과자, 만주, 밤","Snack, Manju, Chestnut",,330,19.6,11,농진청('13)
183,A0170030009a,곡류 및 그 제품,곡류,"과자, 모나카","Snack, Monaka",,346,13.3,5,농진청('13)
184,A0170110269a,곡류 및 그 제품,곡류,"과자, 바닐라 웨하스","Snack, Wafer, Vanilla",,512,1.8,3,농진청('22)
185,A0170040159a,곡류 및 그 제품,곡류,"과자, 비스킷, 소프트","Snack, Biscuit, Soft type",,489,7.7,55,농진청('13)
186,A0170040149a,곡류 및 그 제품,곡류,"과자, 비스킷, 하드","Snack, Biscuit, Hard type",,534,0.7,5,농진청('13)
187,A0170172219w,곡류 및 그 제품,곡류,"과자, 뻥튀기, 원반 모양, 팽화","Snack, Puffed, Korean wheat popper",,383,4.9,0,농진청('16)
188,A0170050009a,곡류 및 그 제품,곡류,"과자, 사과파이","Snack, Apple pie",,471,7.8,152,농진청('13)
3396,A0170082859a,곡류 및 그 제품,곡류,"과자, 스낵, 밀쌀","Snack, Puffed, Wheat, Sweet",,447,0.6,1,농진청('23)
189,A0170080179a,곡류 및 그 제품,곡류,"과자, 스낵, 새우","Snack, Shrimp",,494,2.9,0,농진청('13)
190,A0170080209a,곡류 및 그 제품,곡류,"과자, 스낵, 옥수수","Snack, Corn",,520,1.1,152,농진청('13)
191,A0170090009a,곡류 및 그 제품,곡류,"과자, 약과","Snack, Yakgwa, Plain",,418,13,2,농진청('22)
193,A0170060169a,곡류 및 그 제품,곡류,"과자, 전병, 김","Snack, Jeonbyeong, Green laver",,410,0.9,159,농진청('22)
3276,A0170062729a,곡류 및 그 제품,곡류,"과자, 전병, 땅콩","Snack, Jeonbyeong, Peanut",,407,1.3,3,농진청('22)
194,A0170120009a,곡류 및 그 제품,곡류,"과자, 초코볼","Snack, Chocolate ball",,501,1.5,3,식약('96)
195,A0170130009a,곡류 및 그 제품,곡류,"과자, 초코파이","Snack, Chocolate pie",,460,11.6,5,농진청('21)
196,A0170140279a,곡류 및 그 제품,곡류,"과자, 쿠키, 땅콩버터","Snack, Cookie, Peanut butter",,493,1.6,8,농진청('13)
197,A0170140299a,곡류 및 그 제품,곡류,"과자, 쿠키, 버터","Snack, Cookie, Butter",,512,1.8,39,농진청('13)
198,A0170140289a,곡류 및 그 제품,곡류,"과자, 쿠키, 초코칩","Snack, Cookie, Chocolate chip",,494,1,6,농진청('13)
199,A0170140109a,곡류 및 그 제품,곡류,"과자, 쿠키, 통밀","Snack, Cookie, Whole wheat",,471,1.9,0,농진청('16)
200,A0170150009a,곡류 및 그 제품,곡류,"과자, 크래커","Snack, Cracker",,444,3.1,16,농진청('22)
201,A0170150309a,곡류 및 그 제품,곡류,"과자, 크래커, 땅콩샌드","Snack, Cracker, Peanut butter",,524,0.9,0,농진청('13)
202,A0170152229a,곡류 및 그 제품,곡류,"과자, 크래커, 채소","Snack, Cracker, Vegetable",,506,0.4,26,농진청('13)
203,A0170150319a,곡류 및 그 제품,곡류,"과자, 크래커, 치즈샌드","Snack, Cracker, Cheese",,497,1.7,16,농진청('13)
204,A0180000000a,곡류 및 그 제품,곡류,"국수, 생것","Noodle, Guksu, Wet noodle",,291,30.5,0,농진청('13)
205,A0180000001a,곡류 및 그 제품,곡류,"국수, 말린것","Noodle, Guksu, Dry noodle",,368,10.4,0,농진청('14)
206,A0180000001b,곡류 및 그 제품,곡류,"국수, 말린것, 삶은것","Noodle, Guksu, Dry noodle, Boiled",,123,71,0,농진청('14)
207,A0180010001a,곡류 및 그 제품,곡류,"국수, 소면, 말린것","Noodle, Somyeon, Dry noodle",,370,10,0,농진청('13)
208,A0180010001b,곡류 및 그 제품,곡류,"국수, 소면, 말린것, 삶은것","Noodle, Somyeon, Dry noodle, Boiled",,126,70.4,0,농진청('13)
209,A0180050001a,곡류 및 그 제품,곡류,"국수, 중면, 말린것","Noodle, Jungmyeon, Dry noodle",,366,10.7,0,농진청('14)
210,A0180050001b,곡류 및 그 제품,곡류,"국수, 중면, 말린것, 삶은것","Noodle, Jungmyeon, Dry noodle, Boiled",,120,71.7,0,농진청('14)
211,A0190000001a,곡류 및 그 제품,곡류,"라면, 말린것","Ramyeon, Dry noodle",,432,7.1,1,농진청('21)
212,A0190000001d,곡류 및 그 제품,곡류,"라면, 말린것, 삶은것","Ramyeon, Dry noodle, Boiled",,182,60.2,0,농진청('21)
3277,A0520000001a,곡류 및 그 제품,곡류,"라면, 용기라면, 말린것","Ramyeon, Cup noodle, Dry noodle",,453,7.4,1,농진청('21)
3278,A0520000001d,곡류 및 그 제품,곡류,"라면, 용기라면, 말린것, 삶은것","Ramyeon, Cup noodle, Dry noodle, Boiled",,187,61.6,0,농진청('21)
213,A0240010001a,곡류 및 그 제품,곡류,"마카로니, 말린것","Pasta, Macaroni, Dry noodle",,380,10.7,0,농진청('19)
214,A0240010001b,곡류 및 그 제품,곡류,"마카로니, 말린것, 삶은것","Pasta, Macaroni, Dry noodle, Boiled",,159,62.7,0,농진청('19)
3455,A0180100000a,곡류 및 그 제품,곡류,"수제비면, 감자, 생것","Noodle, Sujebi, Hand-pulled dough, Potato starch, Wet noodle",,270,35.7,1,농진청('24)
3456,A0180100000b,곡류 및 그 제품,곡류,"수제비면, 감자, 생것, 삶은것","Noodle, Sujebi, Hand-pulled dough, Potato starch, Wet noodle, Boiled",,186,56.1,0,농진청('24)
215,A0240020001a,곡류 및 그 제품,곡류,"스파게티면, 말린것","Pasta, Spaghetti, Dry noodle",,380,10.6,6,농진청('20)
216,A0240020001b,곡류 및 그 제품,곡류,"스파게티면, 말린것, 삶은것","Pasta, Spaghetti, Dry noodle, Boiled",,197,53.8,3,농진청('22)
3397,A0180090001a,곡류 및 그 제품,곡류,"에그누들, 말린것","Noodle, Egg, Dry noodle",,387,7.6,93,농진청('22)
3398,A0180090001b,곡류 및 그 제품,곡류,"에그누들, 말린것, 삶은것","Noodle, Egg, Dry noodle, Boiled",,116,73.3,13,농진청('22)
217,A0180020000a,곡류 및 그 제품,곡류,"우동면, 생것","Noodle, Udong, Wet noodle",,152,64.8,0,농진청('22)
218,A0180020000b,곡류 및 그 제품,곡류,"우동면, 생것, 삶은것","Noodle, Udong, Wet noodle, Boiled",,131,69.1,0,농진청('22)
219,A0180040000a,곡류 및 그 제품,곡류,"중식면, 생것","Chinese noodle, Wet noodle",,293,29.4,0,농진청('22)
220,A0180040000b,곡류 및 그 제품,곡류,"중식면, 생것, 삶은것","Chinese noodle, Wet noodle, Boiled",,155,63.1,0,농진청('22)
224,A0180060001a,곡류 및 그 제품,곡류,"쫄면, 말린것","Noodle, Jjomyeon, Dry noodle",,348,14.2,0,농진청('16)
225,A0180070000a,곡류 및 그 제품,곡류,"칼국수면, 생것","Noodle, Kalguksu, Wet noodle",,303,27.8,0,농진청('13)
226,A0180070000b,곡류 및 그 제품,곡류,"칼국수면, 생것, 삶은것","Noodle, Kalguksu, Wet noodle, Boiled",,140,66.9,0,농진청('13)
3399,A0180070001a,곡류 및 그 제품,곡류,"칼국수면, 말린것","Noodle, Kalguksu, Dry noodle",,364,11.3,0,농진청('21)
3400,A0180070001b,곡류 및 그 제품,곡류,"칼국수면, 말린것, 삶은것","Noodle, Kalguksu, Dry noodle, Boiled",,120,71.8,0,농진청('21)
228,A0210010009a,곡류 및 그 제품,곡류,"빵, 건포도빵","Bread, Raisin",,263,35.7,1,JAPAN('20)
229,A0210020009a,곡류 및 그 제품,곡류,"빵, 곰보빵","Bread, Streusel bread(Gomboppang)",,415,13.2,48,농진청('16)
230,A0210030009a,곡류 및 그 제품,곡류,"빵, 꽈배기","Bread, Twisted doughnut(Kkwabaegi)",,320,36,0,농진청('21)
231,A0210240009a,곡류 및 그 제품,곡류,"빵, 난","Bread, Naan",,257,37.2,0,JAPAN('20)
232,A0210040339a,곡류 및 그 제품,곡류,"빵, 도넛, 링","Bread, Doughnut, Ring Shape",,426,24.9,12,식약('96)
233,A0210040069a,곡류 및 그 제품,곡류,"빵, 도넛, 팥","Bread, Doughnut, With adzuki bean paste filling",,285,37.8,0,농진청('21)
3279,A0210270199a,곡류 및 그 제품,곡류,"빵, 또띠아, 밀","Bread, Tortilla, Wheat",,303,31.5,0,농진청('22)
3280,A0210270109a,곡류 및 그 제품,곡류,"빵, 또띠아, 통밀","Bread, Tortilla, Whole wheat",,295,34.7,2,농진청('22)
234,A0210050159a,곡류 및 그 제품,곡류,"빵, 롤빵, 소프트","Bread, Soft roll",,309,30.7,15,JAPAN('20)
235,A0210050149a,곡류 및 그 제품,곡류,"빵, 롤빵, 하드","Bread, Hard roll",,293,31,0,USDA('18)
236,A0210060009a,곡류 및 그 제품,곡류,"빵, 마늘빵","Bread, French garlic bread",,438,14.9,40,농진청('22)
3401,A0210070009a,곡류 및 그 제품,곡류,"빵, 머핀","Bread, Muffin",,415,21.4,0,농진청('21)
237,A0210070369a,곡류 및 그 제품,곡류,"빵, 머핀, 우유","Bread, Milk muffin",,296,37.7,-,USDA('18)
238,A0210070379a,곡류 및 그 제품,곡류,"빵, 머핀, 잉글리쉬","Bread, English muffin",,255,40.7,4,농진청('21)
3402,A0210071429a,곡류 및 그 제품,곡류,"빵, 머핀, 초코","Bread, Chocolate muffin",,422,21.9,0,농진청('21)
239,A0210080009a,곡류 및 그 제품,곡류,"빵, 모닝빵","Bread, Morning roll",,316,26,16,농진청('16)
240,A0210090009a,곡류 및 그 제품,곡류,"빵, 모카빵","Bread, Loaf mocha bread",,354,19.7,31,농진청('16)
241,A0210100009a,곡류 및 그 제품,곡류,"빵, 바게트","Bread, Baguette",,284,28.5,0,농진청('21)
242,A0210110009a,곡류 및 그 제품,곡류,"빵, 베이글","Bread, Bagel",,291,28.9,0,농진청('21)
244,A0210220069a,곡류 및 그 제품,곡류,"빵, 붕어빵, 팥","Bread, Fish-shaped bun(Bung-eo-ppang), With adzuki bean paste filling",,254,43.5,22,농진청('16)
245,A0210230009a,곡류 및 그 제품,곡류,"빵, 소시지빵","Bread, Sausage bread",,323,38,157,농진청('16)
246,A0210120009a,곡류 및 그 제품,곡류,"빵, 식빵, 버터 첨가","Bread, Loaf bread(Sikppang), With butter",,279,34.8,17,농진청('14)
3281,A0210122739a,곡류 및 그 제품,곡류,"빵, 식빵, 쇼트닝 첨가","Bread, Loaf bread(Sikppang), With shortening",,267,36,715,농진청('20)
3282,A0210122739f,곡류 및 그 제품,곡류,"빵, 식빵, 쇼트닝 첨가, 구운것","Bread, Loaf bread(Sikppang), With shortening, Toasted",,287,31.2,786,농진청('20)
3403,A0210120139a,곡류 및 그 제품,곡류,"빵, 식빵, 밤","Bread, Loaf bread(Sikppang), Chestnut",,285,34.4,36,농진청('21)
247,A0210120209a,곡류 및 그 제품,곡류,"빵, 식빵, 옥수수","Bread, Loaf bread(Sikppang), Corn",,270,35.1,10,농진청('15)
248,A0210120369a,곡류 및 그 제품,곡류,"빵, 식빵, 우유","Bread, Loaf bread(Sikppang), Milk",,284,35,4,농진청('21)
249,A0210130009a,곡류 및 그 제품,곡류,"빵, 옥수수빵","Bread, Corn",,321,30.5,-,USDA('18)
250,A0210250009a,곡류 및 그 제품,곡류,"빵, 와플","Bread, Waffle, Plain",,291,42,-,USDA('18)
3404,A0210252869a,곡류 및 그 제품,곡류,"빵, 와플, 벨기에","Bread, Waffle, Belgian",,415,17.5,0,농진청('21)
251,A0210250229a,곡류 및 그 제품,곡류,"빵, 와플, 잼","Bread, Waffle, With jam",,279,,1,JAPAN('20)
252,A0210250239a,곡류 및 그 제품,곡류,"빵, 와플, 커스터드 크림","Bread, Waffle, With custard cream filling",,241,,4,JAPAN('20)
253,A0210140009a,곡류 및 그 제품,곡류,"빵, 잼빵","Bread, Bun, With jam filling",,285,,0,JAPAN('20)
254,A0210150419a,곡류 및 그 제품,곡류,"빵, 찐빵, 단호박, 막걸리 발효","Bread, Steamed bun(Jjinppang), Makgeolli added, With sweet pumpkin filling",,239,39.7,2300,농진청('05)
255,A0210150409a,곡류 및 그 제품,곡류,"빵, 찐빵, 채소","Bread, Steamed bun(Jjinppang), Yeast added, With vegetable filling",,223,49.5,316,농진청('22)
256,A0210150069a,곡류 및 그 제품,곡류,"빵, 찐빵, 팥, 막걸리 발효","Bread, Steamed bun(Jjinppang), Makgeolli added, With adzuki bean paste filling",,213,47.5,5,농진청('16)
3405,A0210152879a,곡류 및 그 제품,곡류,"빵, 찐빵, 팥","Bread, Steamed bun(Jjinppang), Yeast added, With adzuki bean paste filling",,266,35.3,1,농진청('22)
3406,A0210152889a,곡류 및 그 제품,곡류,"빵, 찐빵, 피자","Bread, Steamed bun(Jjinppang), Yeast added, With pizza sauce filling",,233,45,490,농진청('22)
257,A0210160009a,곡류 및 그 제품,곡류,"빵, 카스텔라","Bread, Castella",,306,29.4,259,농진청('15)
258,A0210170009a,곡류 및 그 제품,곡류,"빵, 크루아상","Bread, Croissant",,457,16.7,26,농진청('21)
261,A0210180409a,곡류 및 그 제품,곡류,"빵, 크로켓, 채소","Bread, Croquette, With vegetable and meat filling",,273,47.5,65,농진청('21)
262,A0210190009a,곡류 및 그 제품,곡류,"빵, 크림빵","Bread, Bun, With cream filling",,379,21.7,4,농진청('22)
264,A0210200009a,곡류 및 그 제품,곡류,"빵, 팥빵","Bread, Bun, With adzuki bean paste filling",,253,39.8,13,농진청('15)
265,A0210210009a,곡류 및 그 제품,곡류,"빵, 페이스트리","Bread, Danish pastry",,457,17.4,77,식약('11)
266,A0210210449a,곡류 및 그 제품,곡류,"빵, 페이스트리, 과일","Bread, Danish pastry, Fruit",,371,27.1,1,USDA('18)
267,A0210210439a,곡류 및 그 제품,곡류,"빵, 페이스트리, 치즈","Bread, Danish pastry, Cheese",,374,31.4,8,USDA('18)
268,A0210260009a,곡류 및 그 제품,곡류,"빵, 피칸파이","Bread, Pecan pie",,407,18.25,4,USDA('18)
3407,A0210280009a,곡류 및 그 제품,곡류,"빵, 호두과자","Bread, Hodugwaja, Walnut-shaped, With adzuki bean paste filling",,344,28.6,4,농진청('23)
3408,A0210290009a,곡류 및 그 제품,곡류,"빵, 호떡빵","Bread, Hotteok bun, Baked",,301,30,13,농진청('23)
269,A0230010009a,곡류 및 그 제품,곡류,"케이크, 과일(후르츠)","Cake, Fruit",,324,25.3,3,USDA('18)
270,A0230030009a,곡류 및 그 제품,곡류,"케이크, 롤 케이크","Cake, Roll",,369,32.3,14,농진청('15)
272,A0230050009a,곡류 및 그 제품,곡류,"케이크, 생크림 블루베리","Cake, Whipping cream and blueberry",,280,53.2,14,농진청('15)
274,A0230070009a,곡류 및 그 제품,곡류,"케이크, 스펀지 케이크","Cake, Sponge",,300,33.7,4,농진청('21)
275,A0230080009a,곡류 및 그 제품,곡류,"케이크, 엔젤푸드 케이크","Cake, Angel food",,258,33.2,-,USDA('18)
276,A0230090009a,곡류 및 그 제품,곡류,"케이크, 초콜릿 케이크","Cake, Chocolate",,417,22.2,39,농진청('15)
277,A0230100009a,곡류 및 그 제품,곡류,"케이크, 치즈 케이크","Cake, Cheese",,331,42.9,41,농진청('15)
278,A0230120009a,곡류 및 그 제품,곡류,"케이크, 파운드 케이크","Cake, Pound",,408,23,51,농진청('15)
279,A0230130009a,곡류 및 그 제품,곡류,"케이크, 팬케이크","Cake, Pancake",,261,39.1,5,농진청('22)
280,A025001A010a,곡류 및 그 제품,곡류,"보리, 겉보리, 도정, 생것","Barley(Bori), Covered, Polished, Raw",Hordeum vulgare L.,349,11.8,2,농진청('20)
281,A025011A010a,곡류 및 그 제품,곡류,"보리, 겉보리, 큰알보리1호, 도정, 생것","Barley(Bori), Covered, Keunalbori1ho, Polished, Raw",Hordeum vulgare L.,345,13,1,농진청('20)
282,A025012A010a,곡류 및 그 제품,곡류,"보리, 겉보리, 흑수정찰, 도정, 생것","Barley(Bori), Covered, Heuksujeongchal, Polished, Raw",Hordeum vulgare L.,352,10.6,2,농진청('20)
283,A025008A010a,곡류 및 그 제품,곡류,"보리, 겉보리, 늘보리, 도정, 생것","Barley(Bori), Covered, Tetrastichum, Polished, Raw",Hordeum vulgare L.,346,12.4,0,농진청('14)
284,A025001A070a,곡류 및 그 제품,곡류,"보리, 겉보리, 조곡, 생것","Barley(Bori), Covered, Raw",Hordeum vulgare L.,347,11.3,6,농진청('20)
285,A025011A070a,곡류 및 그 제품,곡류,"보리, 겉보리, 큰알보리1호, 조곡, 생것","Barley(Bori), Covered, Keunalbori1ho, Raw",Hordeum vulgare L.,345,12.1,3,농진청('20)
286,A025012A070a,곡류 및 그 제품,곡류,"보리, 겉보리, 흑수정찰, 조곡, 생것","Barley(Bori), Covered, Heuksujeongchal, Raw",Hordeum vulgare L.,349,10.5,8,농진청('20)
287,A0250010469a,곡류 및 그 제품,곡류,"보리, 겉보리, 압맥","Barley(Bori), Covered, Pressed grain",Hordeum vulgare L.,343,13.4,1,농진청('14)
288,A0250010479a,곡류 및 그 제품,곡류,"보리, 겉보리, 할맥","Barley(Bori), Covered, Split grain",Hordeum vulgare L.,354,10.5,3,농진청('14)
289,A0260040009a,곡류 및 그 제품,곡류,"보리, 겉보리, 밥","Barley(Bori), Covered, Polished, Cooked",Hordeum vulgare L.,144,63.7,0,농진청('20)
290,A0260050009a,곡류 및 그 제품,곡류,"보리, 겉보리, 큰알보리1호, 밥","Barley(Bori), Covered, Keunalbori1ho, Polished, Cooked",Hordeum vulgare L.,138,65.3,0,농진청('20)
291,A0260060009a,곡류 및 그 제품,곡류,"보리, 겉보리, 흑수청찰, 밥","Barley(Bori), Covered, Heuksujeongchal, Polished, Cooked",Hordeum vulgare L.,150,62.1,0,농진청('20)
292,A025002A010a,곡류 및 그 제품,곡류,"보리, 맥주보리, 두산8호, 도정, 생것","Barley(Bori), Dusan 8ho, Polished, Raw",Hordeum vulgare L.,352,10,0,농진청('05)
293,A025005A010a,곡류 및 그 제품,곡류,"보리, 쌀보리, 도정, 생것","Barley(Bori), Naked, Polished, Raw",Hordeum vulgare var. nudum Spenn.,341,13.7,1,농진청('20)
294,A025009A010a,곡류 및 그 제품,곡류,"보리, 쌀보리, 누리찰, 도정, 생것","Barley(Bori), Naked, Nurichal, Polished, Raw",Hordeum vulgare var. nudum Spenn.,340,13.8,2,농진청('20)
295,A025010A010a,곡류 및 그 제품,곡류,"보리, 쌀보리, 호강, 도정, 생것","Barley(Bori), Naked, Hogang, Polished, Raw",Hordeum vulgare var. nudum Spenn.,341,13.9,1,농진청('20)
296,A025007A010a,곡류 및 그 제품,곡류,"보리, 쌀보리, 찰보리, 도정, 생것","Barley(Bori), Naked, Glutinous, Polished, Raw",Hordeum vulgare var. nudum Spenn.,346,12.6,0,농진청('14)
297,A025004A010a,곡류 및 그 제품,곡류,"보리, 쌀보리, 찰보리, 서둔찰, 도정, 생것","Barley(Bori), Naked, Glutinous, Seodunchal, Polished, Raw",Hordeum vulgare var. nudum Spenn.,354,9.5,0,농진청('05)
298,A0250070479a,곡류 및 그 제품,곡류,"보리, 쌀보리, 찰보리, 할맥","Barley(Bori), Naked, Glutinous, Split grain",Hordeum vulgare var. nudum Spenn.,362,7.7,69,농진청('06)
299,A0260010009a,곡류 및 그 제품,곡류,"보리, 쌀보리, 밥","Barley(Bori), Naked, Polished, Cooked",Hordeum vulgare var. nudum Spenn.,144,63.7,1,농진청('20)
300,A0260020009a,곡류 및 그 제품,곡류,"보리, 쌀보리, 누리찰, 밥","Barley(Bori), Naked, Nurichal, Polished, Cooked",Hordeum vulgare var. nudum Spenn.,142,64.3,1,농진청('20)
301,A0260030009a,곡류 및 그 제품,곡류,"보리, 쌀보리, 호강, 밥","Barley(Bori), Naked, Hogang, Polished, Cooked",Hordeum vulgare var. nudum Spenn.,146,63.2,1,농진청('20)
302,A0250000005a,곡류 및 그 제품,곡류,"보리, 가루","Barley(Bori), Powder",Hordeum vulgare L.,357,9.5,0,농진청('14)
303,A025000B035a,곡류 및 그 제품,곡류,"보리, 가루, 껍질 포함","Barley(Bori), Powder, Include hull",Hordeum vulgare L.,364,8.2,7,농진청('14)
305,A0250060001a,곡류 및 그 제품,곡류,"보리, 엿기름","Barley(Bori), Malt, Dried",,358,8.8,74,농진청('14)
306,A027000A010a,곡류 및 그 제품,곡류,"수수, 도정, 생것","Sorghum(Susu), Polished, Raw",Sorghum bicolor (L.) Moench,374,10.2,0,농진청('19)
307,A027001A010a,곡류 및 그 제품,곡류,"수수, 찰수수, 도정, 생것","Sorghum(Susu), Glutinous, Polished, Raw",Sorghum bicolor (L.) Moench,368,11.8,7,농진청('21)
308,A027003A010a,곡류 및 그 제품,곡류,"수수, 찰수수, 남풍찰, 도정, 생것","Sorghum(Susu), Glutinous, Nampungchal, Polished, Raw",Sorghum bicolor (L.) Moench,378,9.6,7,농진청('19)
309,A027004A010a,곡류 및 그 제품,곡류,"수수, 찰수수, 소담찰, 도정, 생것","Sorghum(Susu), Glutinous, Sodamchal, Polished, Raw",Sorghum bicolor (L.) Moench,376,9.4,4,농진청('19)
3409,A0550010009a,곡류 및 그 제품,곡류,"수수, 찰수수, 도정, 밥","Sorghum(Susu), Glutinous, Polished, Cooked",,153,63.4,0,농진청('21)
310,A0270000480a,곡류 및 그 제품,곡류,"수수, 통수수, 생것","Sorghum(Susu), Whole grain, Raw",Sorghum bicolor (L.) Moench,360,8.7,0,농진청('93)
311,A0280010009a,곡류 및 그 제품,곡류,"수수떡, 수수경단","Sorghum rice cake, Susutteok, Ball shaped",,224,44,2,농진청('21)
312,A0290170009a,곡류 및 그 제품,곡류,"시리얼, 쌀","Breakfast cereal, Rice",,390,2.1,0,농진청('13)
313,A0290100009a,곡류 및 그 제품,곡류,"시리얼, 옥수수","Breakfast cereal, Corn",,378,5,96,농진청('13)
314,A0290160009a,곡류 및 그 제품,곡류,"시리얼, 옥수수, 그래놀라, 건조과일","Breakfast cereal, Corn, Granola, Dry fruit mix",,395,4.5,62,농진청('13)
315,A0290150009a,곡류 및 그 제품,곡류,"시리얼, 옥수수, 그래놀라, 코코넛","Breakfast cereal, Corn, Granola, Coconut",,434,2.6,111,농진청('13)
316,A0290040009a,곡류 및 그 제품,곡류,"시리얼, 옥수수, 아몬드","Breakfast cereal, Corn, Almond",,426,3.7,68,농진청('13)
317,A0290180009a,곡류 및 그 제품,곡류,"시리얼, 옥수수, 코코아","Breakfast cereal, Corn, Whole Wheat, Cocoa powder",,407,1.9,57,농진청('13)
318,A0290130009a,곡류 및 그 제품,곡류,"시리얼, 현미","Breakfast cereal, Corn, Brown rice",,394,2.8,0,농진청('13)
319,A048000C010a,곡류 및 그 제품,곡류,"아마란스, 노란색, 말린것","Amaranth, Yellow, Dried",Amaranthus hypochondriacus,383,6.9,57,농진청('15)
320,A048000C020a,곡류 및 그 제품,곡류,"아마란스, 빨간색, 말린것","Amaranth, Red, Dried",Amaranthus hypochondriacus,381,7.4,48,농진청('15)
321,A0300020000a,곡류 및 그 제품,곡류,"옥수수, 단옥수수, 생것","Corn(Oksusu), Sweet, Raw",Zea mays L.,118,70.4,13,농진청('20)
322,A0300240000a,곡류 및 그 제품,곡류,"옥수수, 단옥수수, 고당옥, 생것","Corn(Oksusu), Sweet, Godangok, Raw",Zea mays L.,108,72.5,15,농진청('20)
323,A0300250000a,곡류 및 그 제품,곡류,"옥수수, 단옥수수, 고당옥1호, 생것","Corn(Oksusu), Sweet, Godangok1ho, Raw",Zea mays L.,108,72.6,15,농진청('20)
324,A0300260000a,곡류 및 그 제품,곡류,"옥수수, 단옥수수, 단옥3호, 생것","Corn(Oksusu), Sweet, Danok3ho, Raw",Zea mays L.,137,66,10,농진청('20)
325,A0300020009b,곡류 및 그 제품,곡류,"옥수수, 단옥수수, 삶은것","Corn(Oksusu), Sweet, Boiled",Zea mays L.,118,70.3,13,농진청('20)
326,A0300240009b,곡류 및 그 제품,곡류,"옥수수, 단옥수수, 고당옥, 삶은것","Corn(Oksusu), Sweet, Godangok, Boiled",Zea mays L.,112,71.6,11,농진청('20)
327,A0300250009b,곡류 및 그 제품,곡류,"옥수수, 단옥수수, 고당옥1호, 삶은것","Corn(Oksusu), Sweet, Godangok1ho, Boiled",Zea mays L.,108,72.6,16,농진청('20)
328,A0300260009b,곡류 및 그 제품,곡류,"옥수수, 단옥수수, 단옥3호, 삶은것","Corn(Oksusu), Sweet, Danok3ho, Boiled",Zea mays L.,134,66.7,11,농진청('20)
329,A0300020009e,곡류 및 그 제품,곡류,"옥수수, 단옥수수, 찐것","Corn(Oksusu), Sweet, Steamed",Zea mays L.,135,65.2,144,농진청('96)
330,A0300030000a,곡류 및 그 제품,곡류,"옥수수, 메옥수수, 생것","Corn(Oksusu), Raw",Zea mays L.,178,55.3,3,농진청('16)
331,A0300030009b,곡류 및 그 제품,곡류,"옥수수, 메옥수수, 삶은것","Corn(Oksusu), Boiled",Zea mays L.,173,56.9,8,농진청('16)
332,A0300030009f,곡류 및 그 제품,곡류,"옥수수, 메옥수수, 구운것","Corn(Oksusu), Roasted",Zea mays L.,372,7.6,304,농진청('84)
333,A0300030001a,곡류 및 그 제품,곡류,"옥수수, 메옥수수, 말린것","Corn(Oksusu), Dried",Zea mays L.,358,10.7,32,농진청('19)
334,A0300100001a,곡류 및 그 제품,곡류,"옥수수, 메옥수수, 강다옥, 말린것","Corn(Oksusu), Gangdaok, Dried",Zea mays L.,361,10.7,15,농진청('18)
335,A0300110001a,곡류 및 그 제품,곡류,"옥수수, 메옥수수, 광평옥, 말린것","Corn(Oksusu), Gwangpyeongok, Dried",Zea mays L.,358,11.5,69,농진청('18)
336,A0300120001a,곡류 및 그 제품,곡류,"옥수수, 메옥수수, 다안옥, 말린것","Corn(Oksusu), Daanok, Dried",Zea mays L.,356,11.4,55,농진청('18)
337,A0300130001a,곡류 및 그 제품,곡류,"옥수수, 메옥수수, 다평옥, 말린것","Corn(Oksusu), Dapyeongok, Dried",Zea mays L.,359,10.7,24,농진청('19)
338,A0300140001a,곡류 및 그 제품,곡류,"옥수수, 메옥수수, 신광옥, 말린것","Corn(Oksusu), Singwangok, Dried",Zea mays L.,354,10.9,36,농진청('19)
339,A0300150001a,곡류 및 그 제품,곡류,"옥수수, 메옥수수, 신황옥, 말린것","Corn(Oksusu), Sinhwangok, Dried",Zea mays L.,357,10.6,16,농진청('19)
340,A0300160001a,곡류 및 그 제품,곡류,"옥수수, 메옥수수, 안다옥, 말린것","Corn(Oksusu), Andaok, Dried",Zea mays L.,356,10.6,48,농진청('19)
341,A0300170001a,곡류 및 그 제품,곡류,"옥수수, 메옥수수, 양안옥, 말린것","Corn(Oksusu), Yanganok, Dried",Zea mays L.,358,10.5,24,농진청('19)
342,A0300180001a,곡류 및 그 제품,곡류,"옥수수, 메옥수수, 장다옥, 말린것","Corn(Oksusu), Jangdaok, Dried",Zea mays L.,357,10.5,23,농진청('19)
343,A0300190001a,곡류 및 그 제품,곡류,"옥수수, 메옥수수, 청다옥, 말린것","Corn(Oksusu), Cheongdaok, Dried",Zea mays L.,360,10.4,16,농진청('19)
344,A0300200001a,곡류 및 그 제품,곡류,"옥수수, 메옥수수, 청안옥, 말린것","Corn(Oksusu), Cheonganok, Dried",Zea mays L.,360,10.3,14,농진청('19)
345,A0300210001a,곡류 및 그 제품,곡류,"옥수수, 메옥수수, 평강옥, 말린것","Corn(Oksusu), Pyeonggangok, Dried",Zea mays L.,359,10.3,38,농진청('19)
346,A0300220001a,곡류 및 그 제품,곡류,"옥수수, 메옥수수, 평안옥, 말린것","Corn(Oksusu), Pyeongangok, Dried",Zea mays L.,358,10.8,38,농진청('19)
347,A0300230001a,곡류 및 그 제품,곡류,"옥수수, 메옥수수, 황다옥, 말린것","Corn(Oksusu), Hwangdaok, Dried",Zea mays L.,358,10.4,30,농진청('19)
348,A0300070000a,곡류 및 그 제품,곡류,"옥수수, 찰옥수수, 생것","Corn(Oksusu), Glutinous, Raw",Zea mays L.,141,64,7,농진청('20)
349,A0300270000a,곡류 및 그 제품,곡류,"옥수수, 찰옥수수, 대학, 생것","Corn(Oksusu), Glutinous, Daehak, Raw",Zea mays L.,164,58.6,10,농진청('18)
350,A0300280000a,곡류 및 그 제품,곡류,"옥수수, 찰옥수수, 일미찰, 생것","Corn(Oksusu), Glutinous, Ilmichal, Raw",Zea mays L.,126,67.7,3,농진청('20)
351,A0300290000a,곡류 및 그 제품,곡류,"옥수수, 찰옥수수, 찰옥4호, 생것","Corn(Oksusu), Glutinous, Chalok4ho, Raw",Zea mays L.,162,59,5,농진청('20)
352,A0300300000a,곡류 및 그 제품,곡류,"옥수수, 찰옥수수, 황금맛찰, 생것","Corn(Oksusu), Glutinous, Hwanggeummatchal, Raw",Zea mays L.,114,70.8,9,농진청('20)
353,A0300070009b,곡류 및 그 제품,곡류,"옥수수, 찰옥수수, 삶은것","Corn(Oksusu), Glutinous, Boiled",Zea mays L.,136,65.6,7,농진청('20)
354,A0300270009b,곡류 및 그 제품,곡류,"옥수수, 찰옥수수, 대학, 삶은것","Corn(Oksusu), Glutinous, Daehak, Boiled",Zea mays L.,140,64.7,8,농진청('18)
355,A0300280009b,곡류 및 그 제품,곡류,"옥수수, 찰옥수수, 일미찰, 삶은것","Corn(Oksusu), Glutinous, Ilmichal, Boiled",Zea mays L.,129,67,5,농진청('20)
356,A0300290009b,곡류 및 그 제품,곡류,"옥수수, 찰옥수수, 찰옥4호, 삶은것","Corn(Oksusu), Glutinous, Chalok4ho, Boiled",Zea mays L.,156,61,5,농진청('20)
357,A0300300009b,곡류 및 그 제품,곡류,"옥수수, 찰옥수수, 황금맛찰, 삶은것","Corn(Oksusu), Glutinous, Hwanggeummatchal, Boiled",Zea mays L.,118,69.9,11,농진청('20)
358,A0300070009e,곡류 및 그 제품,곡류,"옥수수, 찰옥수수, 찐것","Corn(Oksusu), Glutinous, Steamed",Zea mays L.,132,65.7,42,농진청('96)
359,A0300070001a,곡류 및 그 제품,곡류,"옥수수, 찰옥수수, 말린것","Corn(Oksusu), Glutinous, Dried",Zea mays L.,371,7.5,203,농진청('92)
360,A0300000005a,곡류 및 그 제품,곡류,"옥수수, 가루","Corn(Oksusu), Powder",Zea mays L.,364,8.1,379,농진청('14)
361,A0310010009a,곡류 및 그 제품,곡류,"옥수수 과자, 강냉이","Corn snack, Gangnaeng-i, Popped corn",,409,0.6,0,농진청('16)
362,A0310030009t,곡류 및 그 제품,곡류,"옥수수 과자, 팝콘, 전자레인지 조리","Corn snack, Popcorn, Microwaved",,497,1.9,32,농진청('14)
363,A0310032619a,곡류 및 그 제품,곡류,"옥수수 과자, 팝콘, 캐러멜맛","Corn snack, Popcorn, Caramel-coated",,459,2.4,39,농진청('18)
364,A030000E01Ra,곡류 및 그 제품,곡류,"옥수수, 통조림, 가당","Corn, Canned, Sweetened",,105,73.8,14,농진청('17)
365,A030000025Ra,곡류 및 그 제품,곡류,"옥수수, 통조림, 크림","Corn, Canned, Cream",,82,78.2,14,JAPAN('20)
367,A0320000009a,곡류 및 그 제품,곡류,옥수수묵,"Oksusumuk, Corn starch jelly",,55,86,-,농진청('01)
368,A0330010009a,곡류 및 그 제품,곡류,"옥수수 샐러드, 콘샐러드",Corn salad,,129,75,287,농진청('22)
369,A034000A010a,곡류 및 그 제품,곡류,"율무, 도정, 생것","Job's tears(Yulmu), Polished, Raw",Coix lacryma-jobi L. var. may-uen,380,10.9,0,농진청('19)
3283,A053000A010a,곡류 및 그 제품,곡류,"율무, 도정, 밥","Job's tears(Yulmu), Polished, Cooked",Coix lacryma-jobi L. var. may-uen,172,59.7,0,농진청('19)
370,A0360000009a,곡류 및 그 제품,곡류,"율무, 죽",Job's Tears porridge,Coix lacryma-jobi L. var. may-uen,77,81.8,0,농진청('19)
372,A0470002590a,곡류 및 그 제품,곡류,"잡곡, 현미, 찹쌀, 현미찹쌀, 보리 등, 생것","Mixed Grains(Brown rice, Glutinous rice, Brown glutinous rice, Barley), Raw",,358,13.5,5,농진청('15)
373,A037001A010a,곡류 및 그 제품,곡류,"조, 메조, 도정, 생것","Millet(Jo), Polished, Raw",Setar italica L. Beauv,373,11.2,14,농진청('19)
374,A037003A010a,곡류 및 그 제품,곡류,"조, 메조, 다황메, 도정, 생것","Millet(Jo), Dahwangme, Polished, Raw",Setar italica L. Beauv,374,10.9,15,농진청('19)
375,A037004A010a,곡류 및 그 제품,곡류,"조, 메조, 단아메, 도정, 생것","Millet(Jo), Daname, Polished, Raw",Setar italica L. Beauv,372,11.3,14,농진청('19)
376,A037005A010a,곡류 및 그 제품,곡류,"조, 메조, 삼다메, 도정, 생것","Millet(Jo), Samdame, Polished, Raw",Setar italica L. Beauv,372,11.2,17,농진청('19)
377,A037006A010a,곡류 및 그 제품,곡류,"조, 메조, 조황메, 도정, 생것","Millet(Jo), Johwangme, Polished, Raw",Setar italica L. Beauv,373,11.4,10,농진청('19)
378,A037001A019e,곡류 및 그 제품,곡류,"조, 메조, 도정, 찐것","Millet(Jo), Polished, Steamed",Setar italica L. Beauv,115,72.7,4,농진청('13)
379,A037002A010a,곡류 및 그 제품,곡류,"조, 차조, 도정, 생것","Millet(Jo), Glutinous, Polished, Raw",Setar italica L. Beauv,370,11.9,16,농진청('21)
380,A037007A010a,곡류 및 그 제품,곡류,"조, 차조, 경관1호, 도정, 생것","Millet(Jo), Glutinous, Gyeonggwan1ho, Polished, Raw",Setar italica L. Beauv,376,10.4,21,농진청('19)
381,A037008A010a,곡류 및 그 제품,곡류,"조, 차조, 경관2호, 도정, 생것","Millet(Jo), Glutinous, Gyeonggwan2ho, Polished, Raw",Setar italica L. Beauv,375,10.9,8,농진청('19)
382,A037009A010a,곡류 및 그 제품,곡류,"조, 차조, 삼다찰, 도정, 생것","Millet(Jo), Glutinous, Samdachal, Polished, Raw",Setar italica L. Beauv,369,11.8,16,농진청('19)
383,A037010A010a,곡류 및 그 제품,곡류,"조, 차조, 황미찰, 도정, 생것","Millet(Jo), Glutinous, Hwangmichal, Polished, Raw",Setar italica L. Beauv,371,11.1,13,농진청('19)
3410,A0560010009a,곡류 및 그 제품,곡류,"조, 차조, 도정, 밥","Millet(Jo), Glutinous, Polished, Cooked",,143,66.1,6,농진청('21)
384,A038000A030a,곡류 및 그 제품,곡류,"찹쌀, 백미, 생것","Rice(Ssal), Glutinous, White, Raw",Oryza sativa var. glutinosa Blanco,364,13.6,0,농진청('25)
3457,A038011A030a,곡류 및 그 제품,곡류,"찹쌀, 백미, 생것, 칼슘 첨가","Rice(Ssal), Glutinous, White, Raw, Calcium fortified",,361,13.1,0,농진청('24)
3547,A038000A039b,곡류 및 그 제품,곡류,"찹쌀, 백미, 삶은것","Rice(Ssal), Glutinous, White, Boiled",Oryza sativa var. glutinosa Blanco,75,82.1,0,농진청('24)
3548,A038000A039e,곡류 및 그 제품,곡류,"찹쌀, 백미, 찐것","Rice(Ssal), Glutinous, White, Steamed",Oryza sativa var. glutinosa Blanco,161,61.5,0,농진청('24)
385,A038005A030a,곡류 및 그 제품,곡류,"찹쌀, 백미, 동진찰, 생것","Rice(Ssal), Glutinous, White, Dongjinchal, Raw",Oryza sativa var. glutinosa Blanco,363,13.6,0,농진청('15)
3549,A038012A030a,곡류 및 그 제품,곡류,"찹쌀, 백미, 미르찰, 생것","Rice(Ssal), Glutinous, White, Mirchal, Raw",Oryza sativa var. glutinosa Blanco,367,12.9,0,농진청('25)
386,A038007A030a,곡류 및 그 제품,곡류,"찹쌀, 백미, 백옥찰, 생것","Rice(Ssal), Glutinous, White, Baekokchal, Raw",Oryza sativa var. glutinosa Blanco,365,13.3,0,농진청('20)
387,A038008A030a,곡류 및 그 제품,곡류,"찹쌀, 백미, 백진주, 생것","Rice(Ssal), Glutinous, White, Baekjinju, Raw",Oryza sativa var. glutinosa Blanco,365,13.3,0,농진청('20)
388,A038006A030a,곡류 및 그 제품,곡류,"찹쌀, 백미, 보람찰, 생것","Rice(Ssal), Glutinous, White, Boramchal, Raw",Oryza sativa var. glutinosa Blanco,359,14.6,0,농진청('20)
3550,A050000A039a,곡류 및 그 제품,곡류,"찹쌀, 백미, 밥","Rice(Ssal), Glutinous, White, Cooked",Oryza sativa var. glutinosa Blanco,160,62.1,0,농진청('25)
3458,A050002A039a,곡류 및 그 제품,곡류,"찹쌀, 백미, 밥, 칼슘 첨가","Rice(Ssal), Glutinous, White, Cooked, Calcium fortified",,170,59.2,0,농진청('24)
3551,A050003A039a,곡류 및 그 제품,곡류,"찹쌀, 백미, 미르찰, 밥","Rice(Ssal), Glutinous, White, Mirchal, Cooked",Oryza sativa var. glutinosa Blanco,164,61.2,0,농진청('25)
390,A050001A039a,곡류 및 그 제품,곡류,"찹쌀, 백미, 보람찰, 밥","Rice(Ssal), Glutinous, White, Boramchal, Cooked",Oryza sativa var. glutinosa Blanco,155,63.1,0,농진청('20)
391,A051001A039a,곡류 및 그 제품,곡류,"찹쌀, 백미, 보람찰, 죽","Rice porridge(Ssaljuk), Glutinous, White, Boramchal",Oryza sativa var. glutinosa Blanco,53,87.5,0,농진청('20)
392,A0380000005a,곡류 및 그 제품,곡류,"찹쌀, 백미, 가루","Rice(Ssal), Glutinous, White, Powder",Oryza sativa var. glutinosa Blanco,377,10.4,0,농진청('21)
393,A038000A060a,곡류 및 그 제품,곡류,"찹쌀, 현미, 생것","Rice(Ssal), Glutinous, Brown, Raw",Oryza sativa var. glutinosa Blanco,356,13.6,1,농진청('24)
3552,A038000A069b,곡류 및 그 제품,곡류,"찹쌀, 현미, 삶은것","Rice(Ssal), Glutinous, Brown, Boiled",Oryza sativa var. glutinosa Blanco,138,66.5,1,농진청('24)
3553,A038000A069e,곡류 및 그 제품,곡류,"찹쌀, 현미, 찐것","Rice(Ssal), Glutinous, Brown, Steamed",Oryza sativa var. glutinosa Blanco,253,38.4,1,농진청('24)
394,A038005A060a,곡류 및 그 제품,곡류,"찹쌀, 현미, 동진찰, 생것","Rice(Ssal), Glutinous, Brown, Dongjinchal, Raw",Oryza sativa var. glutinosa Blanco,357,13.2,1,농진청('15)
395,A038006A060a,곡류 및 그 제품,곡류,"찹쌀, 현미, 백옥찰, 생것","Rice(Ssal), Glutinous, Brown, Baekokchal, Raw",Oryza sativa var. glutinosa Blanco,358,13.4,1,농진청('20)
396,A038007A060a,곡류 및 그 제품,곡류,"찹쌀, 현미, 백진주, 생것","Rice(Ssal), Glutinous, Brown, Baekjinju, Raw",Oryza sativa var. glutinosa Blanco,358,13.2,2,농진청('20)
397,A038008A060a,곡류 및 그 제품,곡류,"찹쌀, 현미, 보람찰, 생것","Rice(Ssal), Glutinous, Brown, Boramchal, Raw",Oryza sativa var. glutinosa Blanco,350,14.9,1,농진청('20)
398,A050001A069a,곡류 및 그 제품,곡류,"찹쌀, 현미, 보람찰, 밥","Rice(Ssal), Glutinous, Brown, Boramchal, Cooked",Oryza sativa var. glutinosa Blanco,181,56.1,0,농진청('20)
399,A0380000020a,곡류 및 그 제품,곡류,"찹쌀, 현미, 흑미, 생것","Rice(Ssal), Glutinous, Black, Raw",Oryza sativa var. glutinosa Blanco,362,12.5,21,농진청('20)
400,A0380090020a,곡류 및 그 제품,곡류,"찹쌀, 현미, 눈큰흑찰1호, 생것","Rice(Ssal), Glutinous, Black, Nunkeunheukchal1ho, Raw",Oryza sativa var. glutinosa Blanco,360,12.7,16,농진청('20)
401,A0380100020a,곡류 및 그 제품,곡류,"찹쌀, 현미, 조생흑찰, 생것","Rice(Ssal), Glutinous, Black, Josaengheukchal, Raw",Oryza sativa var. glutinosa Blanco,363,12.3,26,농진청('20)
402,A0390010509a,곡류 및 그 제품,곡류,"다식, 검정깨","Cookie, Dasik(Korean tea confectionery), Black sesame",,455,8.6,10,농진청('22)
403,A0390010519a,곡류 및 그 제품,곡류,"다식, 송화","Cookie, Dasik(Korean tea confectionery), Pine pollen",,352,12.8,5,농진청('22)
404,A0390020009a,곡류 및 그 제품,곡류,"찹쌀 과자, 산자","Glutinous rice cookie, Sanja, Fried dough of sweet rice rolled in popped rice",,417,10.4,0,식약('96)
405,A0390030009a,곡류 및 그 제품,곡류,"찹쌀 과자, 유과","Glutinous rice snack, Yugwa, Deep-fried rice puff coated with sweet syrup",,411,9.9,0,농진청('13)
407,A0400010009a,곡류 및 그 제품,곡류,"찹쌀 국수, 흑미, 말린것","Glutinous rice noodle, Black rice, Dry noodle",,334,11.8,0,농진청('09)
408,A0410000009a,곡류 및 그 제품,곡류,찹쌀떡,"Glutinous rice cake, Chapssaltteok, With adzuki bean paste filling",,241,39.4,0,농진청('19)
409,A0410010529a,곡류 및 그 제품,곡류,"찹쌀떡, 경단 카스텔라","Glutinous rice cake, Gyeongdan, Sweet glutinous rice ball with castella powder",,227,44.4,0,농진청('21)
410,A0410020009a,곡류 및 그 제품,곡류,"찹쌀떡, 모둠 찰떡","Glutinous rice cake, Modum-chaltteok, Assorted",,233,46,24,농진청('22)
411,A0410030009a,곡류 및 그 제품,곡류,"찹쌀떡, 약식","Glutinous rice cake, Yaksik, Mixed with nut and dried fruit",,220,47,11,농진청('22)
412,A0410040539a,곡류 및 그 제품,곡류,"찹쌀떡, 인절미, 팥고물","Glutinous rice cake, Injeolmi, Cubed rice cake with adzuki bean flour",,204,49.1,0,식약('96)
413,A0410040549a,곡류 및 그 제품,곡류,"찹쌀떡, 인절미, 콩고물","Glutinous rice cake, Injeolmi, Cubed, With soybean flour",,231,42.4,0,농진청('16)
414,A0410050009a,곡류 및 그 제품,곡류,"찹쌀떡, 찰시루떡","Glutinous rice cake, Chalsirutteok, with shreded red bean",,191,51.7,2,농진청('22)
415,A0420010009a,곡류 및 그 제품,곡류,"찹쌀빵, 찹쌀도넛","Glutinous rice bread, Doughnut",,325,29,0,농진청('21)
416,A0460000002a,곡류 및 그 제품,곡류,"퀴노아, 쪄서 말린것","Quinoa, Steamed and then dried",Chenopodium quinoa Willd.,363,12.5,4,농진청('16)
417,A043001A010a,곡류 및 그 제품,곡류,"피, IEC525(NO.5), 도정, 생것","Barnyard millet, IEC525(NO.5), Polished grain, Raw",Echinochloa utilis Ohwi & Yabuno,376,9.4,0,농진청('10)
418,A0440000550a,곡류 및 그 제품,곡류,"호밀, 통호밀, 생것","Rye(Homil), Whole grain, Raw",Secale cereale L.,334,10.1,-,농진청('01)
419,A0440000005a,곡류 및 그 제품,곡류,"호밀, 가루","Rye(Homil), Powder",Secale cereale L.,365,9,11,농진청('22)
420,A0450000009a,곡류 및 그 제품,곡류,호밀빵,Rye bread,,285,33.3,0,농진청('20)
540,D0010000000a,두류,두류,"강낭콩, 생것","Kidney bean(Gangnangkong), Raw",Phaseolus vulgaris var. humilis Alef.,174,56.1,53,농진청('13)
541,D0010000009b,두류,두류,"강낭콩, 삶은것","Kidney bean(Gangnangkong), Boiled",Phaseolus vulgaris var. humilis Alef.,171,57,90,농진청('13)
542,D0010000001a,두류,두류,"강낭콩, 말린것","Kidney bean(Gangnangkong), Dried",Phaseolus vulgaris var. humilis Alef.,348,12.1,105,농진청('20)
3289,D0010000001b,두류,두류,"강낭콩, 말린것, 삶은것","Kidney bean(Gangnangkong), Dried, Boiled",Phaseolus vulgaris var. humilis Alef.,169,57.9,88,농진청('20)
543,D0020000001a,두류,두류,"녹두, 말린것","Mungbean(Nokdu), Dried",Vigna radiata (L.) R.Wilczek,352,9.4,243,농진청('13)
544,D0020000009b,두류,두류,"녹두, 삶은것","Mungbean(Nokdu), Boiled",Vigna radiata (L.) R.Wilczek,158,60,111,농진청('13)
545,D0030000005a,두류,두류,"녹두 빈대떡, 가루",Mungbean pancake mix(Nokdu-bindaetteok-garu),,347,9.9,0,식약('96)
546,D003000056Pa,두류,두류,"녹두 빈대떡가루, 반죽","Mungbean pancake mix, Batter, Prepared",,98,75.6,37,식약('96)
547,D0040000001a,두류,두류,"녹두 국수, 말린것","Mungbean noodle, Dry noodle",,344,11.8,(0),JAPAN('20)
548,D0050000009a,두류,두류,녹두묵,"Nokdumuk, Mungbean starch jelly",,40,89.8,0,농진청('18)
549,D0120050001a,두류,두류,"대두, 검은색, 서리태, 말린것","Soybean, Black, Seoritae, Dried",Glycine max (L.) Merr.,401,10.5,50,농진청('21)
550,D0120050009b,두류,두류,"대두, 검은색, 서리태, 삶은것","Soybean, Black, Seoritae, Boiled",Glycine max (L.) Merr.,184,61,21,농진청('21)
551,D0120050009n,두류,두류,"대두, 검은색, 서리태, 볶은것","Soybean, Black, Seoritae, Roasted",Glycine max (L.) Merr.,435,5.2,65,농진청('14)
552,D0120070001a,두류,두류,"대두, 검은색, 청자3호, 말린것","Soybean, Black, Cheongja3ho, Dried",Glycine max (L.) Merr.,399,10.1,56,농진청('16)
553,D0120070009n,두류,두류,"대두, 검은색, 청자3호, 볶은것","Soybean, Black, Cheongja3ho, Roasted",Glycine max (L.) Merr.,452,2.6,0,농진청('09)
554,D0120080001a,두류,두류,"대두, 검은색, 흑태, 말린것","Soybean, Black, Heuktae, Dried",Glycine max (L.) Merr.,406,11.7,49,농진청('21)
555,D0120080009b,두류,두류,"대두, 검은색, 흑태, 삶은것","Soybean, Black, Heuktae, Boiled",Glycine max (L.) Merr.,181,61.1,23,농진청('21)
556,D0120080009n,두류,두류,"대두, 검은색, 흑태, 볶은것","Soybean, Black, Heuktae, Roasted",Glycine max (L.) Merr.,446,3.3,54,농진청('14)
557,D0120020001a,두류,두류,"대두, 노란색, 말린것","Soybean, Yellow, Dried",Glycine max (L.) Merr.,409,11.2,11,농진청('14)
558,D0120020009b,두류,두류,"대두, 노란색, 삶은것","Soybean, Yellow, Boiled",Glycine max (L.) Merr.,201,58.6,4,농진청('14)
559,D0120020009n,두류,두류,"대두, 노란색, 볶은것","Soybean, Yellow, Roasted",Glycine max (L.) Merr.,444,3.5,9,농진청('14)
560,D0120030001a,두류,두류,"대두, 노란색, 대풍, 말린것","Soybean, Yellow, Daepung, Dried",Glycine max (L.) Merr.,405,10,6,농진청('16)
561,D0120030009n,두류,두류,"대두, 노란색, 대풍, 볶은것","Soybean, Yellow, Daepung, Roasted",Glycine max (L.) Merr.,460,2.2,0,농진청('09)
562,D0120040001a,두류,두류,"대두, 노란색, 미국산, 말린것","Soybean, Yellow, USA, Dried",Glycine max (L.) Merr.,432,9.5,0,농진청('95)
563,D0120060001a,두류,두류,"대두, 노란색, 중국산, 말린것","Soybean, Yellow, China, Dried",Glycine max (L.) Merr.,433,10.3,0,농진청('95)
564,D0120020005n,두류,두류,"대두, 콩가루","Soybean, Yellow, Powder, Roasted",Glycine max (L.) Merr.,430,4.1,7,농진청('22)
565,D0150000009a,두류,두류,두부,"Tofu, Firm",,97,81.2,0,농진청('14)
566,D0150010008a,두류,두류,"두부, 동두부, 동결건조","Tofu, Dried-frozen",,496,7.2,7,JAPAN('20)
567,D0150020009a,두류,두류,"두부, 순두부","Tofu, Unpressed",,44,90.6,0,농진청('17)
568,D0150030009a,두류,두류,"두부, 연두부","Tofu, Silken, Soft",,50,90.4,0,농진청('18)
569,D0150040009j,두류,두류,"두부, 유부","Tofu, Deep-fried thin slices of pressed tofu(Yubu)",,450,29.3,5,농진청('18)
3290,D015004000Dj,두류,두류,"두부, 유부, 조미","Tofu, Deep-fried thin slices of pressed tofu(Yubu), Seasoned",,201,63.7,4,농진청('22)
570,D0160000009a,두류,두류,비지,"Kongbiji, Soybean pulp",,51,88.9,0,농진청('20)
571,D0170000009a,두류,두류,"두유, 대두","Soymilk(Duyu), Soybean",,62,89,0,농진청('18)
3554,D017000E039a,두류,두류,"두유, 대두, 무가당","Soymilk(Duyu), Soybean, Unsweetened",,47,90.6,1,농진청('25)
3555,D017004E039a,두류,두류,"두유, 대두, 무가당, 혼합곡물","Soymilk(Duyu), Soybean, Unsweetened, Mixed grains",,29,93.9,0,농진청('25)
572,D0170010009a,두류,두류,"두유, 검은콩","Soymilk(Duyu), Black bean",,86,82.6,0,농진청('16)
573,D0170020009a,두류,두류,"두유, 검은콩, 검은참깨","Soymilk(Duyu), Black bean and black sesame",,77,83.9,0,농진청('16)
574,D0170032259a,두류,두류,"두유, 콩국물, 소금 0.3%","Soymilk(Duyu), Soybean, 0.3% Salt added",,57,87.8,0,농진청('16)
3556,D0220010007a,두류,두류,"대체식품, 식물성, 너겟, 냉동","Plant-based protein alternative, Nugget, Frozen",,240,54.7,23,농진청('25)
3557,D0220010007i,두류,두류,"대체식품, 식물성, 너겟, 냉동, 구운것(오븐)","Plant-based protein alternative, Nugget, Frozen, Oven-roasted",,305,41.6,23,농진청('25)
3558,D0220020009a,두류,두류,"대체식품, 식물성, 콩고기, 불린것","Plant-based protein alternative, Soaked in water",,112,70.9,0,농진청('21)
3559,D0220020009g,두류,두류,"대체식품, 식물성, 콩고기, 불린것, 구운것(팬)","Plant-based protein alternative, Soaked in water, Pan-broiled",,136,64.4,0,농진청('21)
3560,D0220030009a,두류,두류,"대체식품, 식물성, 콩고기, 양념","Plant-based protein alternative, Seasoned",,256,47.4,4,농진청('21)
3561,D0220030009g,두류,두류,"대체식품, 식물성, 콩고기, 양념, 구운것(팬)","Plant-based protein alternative, Seasoned, Pan-broiled",,287,40.9,4,농진청('21)
3562,D0220040007a,두류,두류,"대체식품, 식물성, 패티, 냉동","Plant-based protein alternative, Patty, Frozen",,218,61.5,2,농진청('25)
3563,D0220040007g,두류,두류,"대체식품, 식물성, 패티, 냉동, 구운것(팬)","Plant-based protein alternative, Patty, Frozen, Pan-broiled",,256,54.9,2,농진청('25)
3564,D0220050009a,두류,두류,"대체식품, 식물성, 햄, 통조림","Plant-based protein alternative, Ham, Canned",,249,58.9,0,농진청('25)
3565,D0220050009g,두류,두류,"대체식품, 식물성, 햄, 통조림, 구운것(팬)","Plant-based protein alternative, Ham, Canned, Pan-broiled",,277,54,0,농진청('25)
575,D0130000009a,두류,두류,콩조림(콩자반),"Kongjorim, Simmered beans in soy sauce and sugar",,239,44.8,24,농진청('23)
576,D0060000000a,두류,두류,"동부, 생것","Cowpea(Dongbu), Raw",Vigna unguiculata (L.) Walp.,166,58.5,10,농진청('19)
577,D0060000009b,두류,두류,"동부, 삶은것","Cowpea(Dongbu), Boiled",Vigna unguiculata (L.) Walp.,138,65.9,13,농진청('19)
578,D0060000001a,두류,두류,"동부, 말린것","Cowpea(Dongbu), Dried",Vigna unguiculata (L.) Walp.,343,14.4,21,농진청('19)
579,D0060010001a,두류,두류,"동부, 수입산, 말린것","Cowpea(Dongbu), Imported, Dried",Vigna unguiculata (L.) Walp.,345,13.5,9,농진청('14)
580,D0060010009b,두류,두류,"동부, 수입산, 삶은것","Cowpea(Dongbu), Imported, Boiled",Vigna unguiculata (L.) Walp.,155,61.8,6,농진청('14)
581,D0070000001a,두류,두류,"리마콩, 말린것","Lima bean, Dried",Phaseolus lunatus L.,306,11.7,5,JAPAN('20)
582,D0070000009b,두류,두류,"리마콩, 삶은것","Lima bean, Boiled",Phaseolus lunatus L.,122,62.3,2,JAPAN('20)
583,D020001C061a,두류,두류,"렌즈콩(렌틸콩), 갈색, 말린것","Lentil, Brown, Dried",Lens culinaris Medik.,365,9.2,22,농진청('20)
584,D020001C021a,두류,두류,"렌즈콩(렌틸콩), 빨간색, 말린것","Lentil, Red, Dried",Lens culinaris Medik.,368,8.8,12,농진청('22)
3291,D020001C021b,두류,두류,"렌즈콩(렌틸콩), 빨간색, 말린것, 삶은것","Lentil, Red, Dried, Boiled",Lens culinaris Medik.,150,63.4,8,농진청('22)
585,D0120010001a,두류,두류,"밤콩, 갈색, 말린것","Soybean, Brown, Dried",Glycine max (L.) Merr.,410,11.2,0,식약('96)
586,D0210010001a,두류,두류,"병아리콩, 말린것","Chick pea, Dried",Cicer arietinum L.,377,10.3,54,농진청('22)
3292,D0210010001b,두류,두류,"병아리콩, 말린것, 삶은것","Chick pea, Dried, Boiled",Cicer arietinum L.,183,57.3,24,농진청('22)
587,D0080000000a,두류,두류,"완두, 생것","Pea(Wandu), Raw",Pisum sativum L.,115,71,383,농진청('13)
588,D0080000009b,두류,두류,"완두, 삶은것","Pea(Wandu), Boiled",Pisum sativum L.,123,69.7,463,농진청('13)
589,D0080000001a,두류,두류,"완두, 말린것","Pea(Wandu), Dried",Pisum sativum L.,354,11.8,176,농진청('22)
3293,D0080000001b,두류,두류,"완두, 말린것, 삶은것","Pea(Wandu), Dried, Boiled",Pisum sativum L.,174,57,84,농진청('22)
590,D008000000Ra,두류,두류,"완두, 통조림","Pea(Wandu), Canned",,82,74.9,200,JAPAN('20)
591,D0090000000a,두류,두류,"작두(도두), 생것","Sword bean(Jakdu), Raw",Canavalia ensiformis DC.,125,68,16,농진청('10)
592,D0090000001a,두류,두류,"작두(도두), 말린것","Sword bean(Jakdu), Dried",Canavalia ensiformis DC.,344,12,-,농진청('99)
593,D0100000000a,두류,두류,"잠두, 말린것","Broad bean, Dried",Vicia faba L.,341,10.98,32,USDA('18)
594,D0100000009b,두류,두류,"잠두, 삶은것","Broad bean, Boiled",Vicia faba L.,110,71.54,9,USDA('18)
595,D0110000001a,두류,두류,"쥐눈이콩(검정소립콩), 말린것","Small black bean, Jwinunikong, Dried",Rhynchosia nulubilis,403,12.6,82,농진청('14)
596,D0110000009b,두류,두류,"쥐눈이콩(검정소립콩), 삶은것","Small black bean, Jwinunikong, Boiled",Rhynchosia nulubilis,184,60.6,37,농진청('14)
597,D0110000009n,두류,두류,"쥐눈이콩(검정소립콩), 볶은것","Small black bean, Jwinunikong, Roasted",Rhynchosia nulubilis,447,3.8,68,농진청('14)
598,D0180010001a,두류,두류,"팥, 검은색, 말린것","Adzuki bean(Pat), Black, Dried",Vigna angularis W.F.Wight,330,16.1,6,농진청('19)
599,D0180060001a,두류,두류,"팥, 검은색, 검구슬, 말린것","Adzuki bean(Pat), Black, Geomguseul, Dried",Vigna angularis W.F.Wight,336,14.6,3,농진청('19)
600,D0180010009b,두류,두류,"팥, 검은색, 삶은것","Adzuki bean(Pat), Black, Boiled",Vigna angularis W.F.Wight,156,61.2,4,농진청('19)
601,D0180090001a,두류,두류,"팥, 녹색, 연두채, 말린것","Adzuki bean(Pat), Green, Yeonduchae, Dried",Vigna angularis W.F.Wight,341,12.8,30,농진청('19)
602,D0180020001a,두류,두류,"팥, 적색, 말린것","Adzuki bean(Pat), Red, Dried",Vigna angularis W.F.Wight,337,14.2,4,농진청('19)
603,D0180070001a,두류,두류,"팥, 적색, 서나, 말린것","Adzuki bean(Pat), Red, Seona, Dried",Vigna angularis W.F.Wight,341,12.7,4,농진청('19)
604,D0180080001a,두류,두류,"팥, 적색, 아라리, 말린것","Adzuki bean(Pat), Red, Arari, Dried",Vigna angularis W.F.Wight,338,13.8,8,농진청('19)
605,D0180020009b,두류,두류,"팥, 적색, 삶은것","Adzuki bean(Pat), Red, Boiled",Vigna angularis W.F.Wight,113,71.2,2,농진청('19)
607,D0180050001a,두류,두류,"팥, 황백, 말린것","Adzuki bean(Pat), White, Dried",Vigna angularis W.F.Wight,343,13,6,농진청('19)
608,D0180100001a,두류,두류,"팥, 황백, 흰구슬, 말린것","Adzuki bean(Pat), White, Huinguseul, Dried",Vigna angularis W.F.Wight,348,11.9,9,농진청('19)
609,D0180110001a,두류,두류,"팥, 황백, 흰나래, 말린것","Adzuki bean(Pat), White, Huinnarae, Dried",Vigna angularis W.F.Wight,337,14,2,농진청('19)
3294,D019000E016a,두류,두류,"팥, 앙금","Adzuki bean, Paste, Sweetened",,259,35,0,농진청('20)
612,D019000E019a,두류,두류,"팥, 팥빙수용 단팥","Adzuki bean, Canned, Sweetened",,206,49.2,2,농진청('18)
613,E0010000001a,견과류 및 종실류,견과종실,"개암, 헤이즐넛, 말린것","Hazelnut(Gae-am), Dried",Corylus heterophylla Fisch. ex Trautv.,628,5.31,11,USDA('18)
614,E0010000009n,견과류 및 종실류,견과종실,"개암, 헤이즐넛, 볶은것","Hazelnut(Gae-am), Roasted",Corylus heterophylla Fisch. ex Trautv.,646,2.52,36,USDA('18)
615,E0020000000a,견과류 및 종실류,견과종실,"도토리, 생것","Acorn, Raw",,230,44.9,13,농진청('85)
616,E0020000005a,견과류 및 종실류,견과종실,"도토리, 가루","Acorn, Powder",,354,13.8,0,식약('96)
617,E0020010005a,견과류 및 종실류,견과종실,"도토리, 가루, 졸참도토리","Acorn, Konara oak, Powder",Quercus serrata Thunb.,342,14.2,0,농진청('05)
618,E0020020005a,견과류 및 종실류,견과종실,"도토리, 가루, 종가시도토리","Acorn, Blue Japanese oak, Powder",Quercus glauca Thunb.,348,13.9,0,농진청('05)
619,E0030000001a,견과류 및 종실류,견과종실,"도토리, 국수, 말린것","Noodle, Acorn starch, Dry noodle",,343,10.9,0,국('77)
620,E0040000009a,견과류 및 종실류,견과종실,도토리묵,"Dotorimuk, Acorn starch jelly",,47,88.1,4,농진청('18)
621,E0040000005a,견과류 및 종실류,견과종실,"도토리묵, 가루","Starch, Acorn, Powder",,366,9.7,6,농진청('18)
622,E0050000001a,견과류 및 종실류,견과종실,"들깨, 말린것","Perilla seed(Deulkkae), Dried",Perilla frutescens var. japonica (Hassk.) H. Hara,530,4.6,33,농진청('13)
623,E0050000009n,견과류 및 종실류,견과종실,"들깨, 볶은것","Perilla seed(Deulkkae), Roasted",Perilla frutescens var. japonica (Hassk.) H. Hara,530,0.9,29,농진청('17)
624,E0070000001a,견과류 및 종실류,견과종실,"땅콩, 말린것","Peanut(Ttangkong), Dried",Arachis hypogaea L.,520,10.8,4,농진청('14)
625,E0070010001a,견과류 및 종실류,견과종실,"땅콩, 검은색, 말린것","Peanut, Black peanut, Dried",Arachis hypogaea L.,574,4,4,농진청('10)
626,E0070020001a,견과류 및 종실류,견과종실,"땅콩, 대립종, 말린것","Peanut, Large seed, Dried",Arachis hypogaea L.,571,4.9,-,농진청('99)
627,E0070040001a,견과류 및 종실류,견과종실,"땅콩, 중립종, 말린것","Peanut, Medium seed, Dried",Arachis hypogaea L.,549,5.3,0,농진청('93)
628,E0070030001a,견과류 및 종실류,견과종실,"땅콩, 소립종, 말린것","Peanut, Small seed, Dried",Arachis hypogaea L.,564,5.1,0,농진청('93)
629,E0070000009b,견과류 및 종실류,견과종실,"땅콩, 삶은것, 소금첨가","Peanut(Ttangkong), Boiled, With salt",Arachis hypogaea L.,318,41.78,0,USDA('18)
630,E0070000009n,견과류 및 종실류,견과종실,"땅콩, 볶은것","Peanut(Ttangkong), Roasted",Arachis hypogaea L.,567,2.7,5,농진청('14)
631,E0070000005a,견과류 및 종실류,견과종실,"땅콩, 가루","Peanut(Ttangkong), Powder",Arachis hypogaea L.,560,1.2,0,농진청('14)
632,E007000000Do,견과류 및 종실류,견과종실,"땅콩, 조미, 볶은것","Peanut(Ttangkong), Seasoned, Roasted",,558,2.2,2,농진청('18)
633,E0090000001a,견과류 및 종실류,견과종실,"때죽, 말린것","Japanese styrax(Ttaejuk), Dried",Styrax japonicus Siebold & Zucc.,551,7.6,7,농진청('91)
634,E0110000000a,견과류 및 종실류,견과종실,"마름, 생것","Water chestnut, Raw",Trapa japonica Flerow,183,51.8,-,JAPAN('20)
635,E012000000Dn,견과류 및 종실류,견과종실,"마카다미아, 조미, 볶은것","Macadamia nut, Seasoned, Roasted",,751,1.3,-,JAPAN('20)
636,E0130000000a,견과류 및 종실류,견과종실,"머루씨, 생것","Wild grape seed, Raw",Vitis coignetiae Pulliat ex Planch,282,33.6,67,농진청('06)
637,E0390000009f,견과류 및 종실류,견과종실,"목화씨, 구운것","Cotton seed, Roasted",,506,4.65,-,USDA('18)
638,E0140000000a,견과류 및 종실류,견과종실,"밤, 생것","Chestnut(Bam), Raw",Castanea crenata Siebold & Zucc,153,61.5,22,농진청('23)
640,E0140020000a,견과류 및 종실류,견과종실,"밤, 대보, 생것","Chestnut(Bam), Daebo, Raw",Castanea crenata Siebold & Zucc,161,59.9,19,농진청('23)
641,E0140030000a,견과류 및 종실류,견과종실,"밤, 옥광, 생것","Chestnut(Bam), Okgwang, Raw",Castanea crenata Siebold & Zucc,147,63.2,20,농진청('23)
644,E0140000009b,견과류 및 종실류,견과종실,"밤, 삶은것","Chestnut(Bam), Boiled",Castanea crenata Siebold & Zucc,155,61.1,20,농진청('23)
646,E0140020009b,견과류 및 종실류,견과종실,"밤, 대보, 삶은것","Chestnut(Bam), Daebo, Boiled",Castanea crenata Siebold & Zucc,162,59.7,20,농진청('23)
647,E0140030009b,견과류 및 종실류,견과종실,"밤, 옥광, 삶은것","Chestnut(Bam), Okgwang, Boiled",Castanea crenata Siebold & Zucc,149,62.7,18,농진청('23)
650,E0140000009f,견과류 및 종실류,견과종실,"밤, 구운것","Chestnut(Bam), Roasted",Castanea crenata Siebold & Zucc,188,52.7,34,농진청('23)
652,E0140020009f,견과류 및 종실류,견과종실,"밤, 대보, 구운것","Chestnut(Bam), Daebo, Roasted",Castanea crenata Siebold & Zucc,183,54.2,25,농진청('23)
3472,E0140030009f,견과류 및 종실류,견과종실,"밤, 옥광, 구운것","Chestnut(Bam), Okgwang, Roasted",Castanea crenata Siebold & Zucc,175,56.2,27,농진청('23)
654,E0140000001a,견과류 및 종실류,견과종실,"밤, 말린것","Chestnut(Bam), Dried",Castanea crenata Siebold & Zucc,370,8.6,42,농진청('23)
655,E014000000Da,견과류 및 종실류,견과종실,"밤, 구운것, 레토르트","Chestnut(Bam), Roasted, Retort pouched",,199,50.4,85,농진청('18)
656,E014000000Ra,견과류 및 종실류,견과종실,"밤, 통조림","Chestnut, Canned",,214,46.6,18,농진청('22)
657,E0170000001a,견과류 및 종실류,견과종실,"브라질너트, 말린것","Brazilnut, Dried",Bertholletia excelsa,659,3.42,0,USDA('18)
658,E017000000Dn,견과류 및 종실류,견과종실,"브라질너트, 조미, 볶은것","Brazilnut, Seasoned, Oil-roasted",,703,2.8,-,JAPAN('20)
659,E0180000001a,견과류 및 종실류,견과종실,"삼씨(대마씨), 말린것","Hemp seed(Samssi), Dried",Cannabis sativa L.,450,4.6,25,JAPAN('20)
660,E0190000001a,견과류 및 종실류,견과종실,"수박씨, 말린것","Watermelon seed, Dried",,451,8.1,0,농진청('91)
661,E019000000Dn,견과류 및 종실류,견과종실,"수박씨, 조미, 볶은것","Watermelon seed, Seasoned, Roasted",,528,5.9,9,JAPAN('20)
662,E037000B179n,견과류 및 종실류,견과종실,"아마씨, 볶은것","Flax seed(Amassi), Roasted",Linum usitatissimum L.,540,0.8,14,JAPAN('20)
663,E0200000001a,견과류 및 종실류,견과종실,"아몬드, 말린것","Almond, Dried",Prunus dulcis (Mill.) D. A. Webb.,581,3.4,17,농진청('13)
664,E0200000009n,견과류 및 종실류,견과종실,"아몬드, 볶은것","Almond, Roasted",Prunus dulcis (Mill.) D. A. Webb.,594,1.7,15,농진청('13)
665,E020000000Dn,견과류 및 종실류,견과종실,"아몬드, 조미, 볶은것","Almond, Seasoned, Roasted",,568,1.5,11,농진청('13)
666,E0210000580a,견과류 및 종실류,견과종실,"연씨, 생것","Lotus seed, Immature, Raw",Nelumbo nucifera Gaertner,81,77.5,5,JAPAN('20)
667,E0220000000a,견과류 및 종실류,견과종실,"은행, 생것","Ginkgo nut(Eunhaeng), Raw",Ginkgo biloba L.,203,49.6,270,농진청('15)
668,E0220000009b,견과류 및 종실류,견과종실,"은행, 삶은것","Ginkgo nut(Eunhaeng), Boiled",Ginkgo biloba L.,186,54.5,229,농진청('15)
669,E0220000009n,견과류 및 종실류,견과종실,"은행, 볶은것","Ginkgo nut(Eunhaeng), Roasted",Ginkgo biloba L.,221,45.7,291,농진청('15)
670,E0230000000a,견과류 및 종실류,견과종실,"잣, 생것","Pine nut(Jat), Raw",Pinus koraiensis Siebold & Zucc.,658,3.1,15,농진청('23)
671,E0230000009n,견과류 및 종실류,견과종실,"잣, 볶은것","Pine nut(Jat), Roasted",,669,0.8,14,농진청('23)
673,E0240000009a,견과류 및 종실류,견과종실,잣두부,Pine nut curd,,78,83.6,0,농진청('08)
674,E0250000009a,견과류 및 종실류,견과종실,잣죽,Pine nut porridge,,64,87.1,0,농진청('18)
675,E0260010001a,견과류 및 종실류,견과종실,"참깨, 검은색, 말린것","Sesame seed(Chamkkae), Black, Dried",Sesamum indicum L.,549,2.7,41,농진청('13)
676,E0260010009n,견과류 및 종실류,견과종실,"참깨, 검은색, 볶은것","Sesame seed(Chamkkae), Black, Roasted",Sesamum indicum L.,539,3.3,27,농진청('13)
677,E0260020001a,견과류 및 종실류,견과종실,"참깨, 흰색, 말린것","Sesame seed(Chamkkae), White, Dried",Sesamum indicum L.,556,2.4,20,농진청('13)
678,E0260020009n,견과류 및 종실류,견과종실,"참깨, 흰색, 볶은것","Sesame seed(Chamkkae), White, Roasted",Sesamum indicum L.,557,2.6,13,농진청('13)
679,E0270010009a,견과류 및 종실류,견과종실,"참깨 과자, 엿강정",Sesame seed snacks(Chamkkae-gangjung),,538,4.4,3,식약('96)
680,E0280000009a,견과류 및 종실류,견과종실,참깨죽,Sesame seed porridge,,38,91.6,-,국('80)
681,E038000B171a,견과류 및 종실류,견과종실,"치아씨, 말린것","Chia seed, Dried",,486,5.8,-,USDA('18)
682,E029000000Da,견과류 및 종실류,견과종실,"캐슈너트, 조미, 볶은것","Cashew nut, Seasoned, Roasted",,581,2.34,0,USDA('18)
683,E0300000001a,견과류 및 종실류,견과종실,"코코넛, 말린것","Coconut, Dried",Cocos nucifera L.,660,3,0,USDA('18)
684,E0300000009n,견과류 및 종실류,견과종실,"코코넛, 볶은것","Coconut, Roasted",,592,1,-,USDA('18)
685,E0300000609a,견과류 및 종실류,견과종실,"코코넛, 코코넛밀크",Coconut milk,,230,67.62,0,USDA('18)
686,E0310000619a,견과류 및 종실류,견과종실,코코넛수,Coconut water,Cocos nucifera L.,19,94.99,0,USDA('18)
687,E0320000001a,견과류 및 종실류,견과종실,"피스타치오, 말린것","Pistachio nut, Dried",Pistacia vera L.,560,4.37,305,USDA('18)
688,E0320000009n,견과류 및 종실류,견과종실,"피스타치오, 볶은것","Pistachio nut, Roasted",Pistacia vera L.,584,1.6,173,농진청('14)
689,E032000000Dn,견과류 및 종실류,견과종실,"피스타치오, 조미, 볶은것","Pistachio nut, Seasoned, Roasted",,583,1.3,269,농진청('18)
690,E0330000001a,견과류 및 종실류,견과종실,"피칸, 말린것","Pecan, Dried",Carya illinoensis,691,3.52,29,USDA('18)
691,E033000000Dn,견과류 및 종실류,견과종실,"피칸, 조미, 볶은것","Pecan, Seasoned, Roasted",,710,1.12,84,USDA('18)
692,E0340000001a,견과류 및 종실류,견과종실,"해바라기씨, 말린것","Sunflower seed(Haebaragissi), Dried",Helianthus annuus L.,589,4.4,28,농진청('18)
693,E0340000009n,견과류 및 종실류,견과종실,"해바라기씨, 볶은것","Sunflower seed(Haebaragissi), Roasted",Helianthus annuus L.,582,1.2,5,USDA('18)
694,E034000000Dn,견과류 및 종실류,견과종실,"해바라기씨, 조미, 볶은것","Sunflower seed, Seasoned, Roasted",Helianthus annuus L.,587,2.6,9,JAPAN('20)
695,E0350000001a,견과류 및 종실류,견과종실,"호두, 말린것","Walnut(Hodu), Dried",Juglans regia L.,688,2.9,26,농진청('14)
696,E0350000009n,견과류 및 종실류,견과종실,"호두, 볶은것","Walnut(Hodu), Roasted",Juglans regia L.,713,3.1,-,JAPAN('20)
697,E0360000001a,견과류 및 종실류,견과종실,"호박씨, 말린것","Pumpkin seed(Hobakssi), Dried",Cucurbita moschata Duchesne,548,6.7,27,농진청('14)
698,E036001000Dn,견과류 및 종실류,견과종실,"호박씨, 조미, 볶은것","Pumpkin seed, Seasoned, Roasted",,590,4.5,29,JAPAN('20)
699,F001000B110a,채소류,채소,"가시오갈피, 순, 생것","Siberian-ginseng(Gasiogalpi), Leaf bud, Raw",Eleutherococcus senticosus Maxim,76,76,9728,농진청('15)
700,F001000B119c,채소류,채소,"가시오갈피, 순, 데친것","Siberian-ginseng(Gasiogalpi), Leaf bud, Blanched",Eleutherococcus senticosus Maxim,63,80.5,5613,농진청('15)
701,F0030000000a,채소류,채소,"가지, 생것","Eggplant(Gaji), Raw",Solanum melongena L.,19,93.9,52,농진청('15)
702,F0030000009c,채소류,채소,"가지, 데친것","Eggplant(Gaji), Blanched",Solanum melongena L.,19,94,125,농진청('15)
703,F0030000001a,채소류,채소,"가지, 말린것","Eggplant(Gaji), Dried",Solanum melongena L.,290,8.9,511,농진청('15)
704,F003000000Ia,채소류,채소,"가지, 염절임","Eggplant(Gaji), Salted",,22,90.4,44,JAPAN('20)
705,F0040000000a,채소류,채소,"갓, 생것","Leaf mustard(Gat), Raw",Brassica juncea (L.) Czern.,36,87.8,1183,농진청('05)
706,F0040010000a,채소류,채소,"갓, 돌산, 생것","Leaf mustard(Gat), Dolsan, Raw",Brassica juncea (L.) Czern.,22,92.1,1317,농진청('23)
3473,F0040010009b,채소류,채소,"갓, 돌산, 삶은것","Leaf mustard(Gat), Dolsan, Boiled",Brassica juncea (L.) Czern.,19,93.7,1618,농진청('23)
3474,F0040010009e,채소류,채소,"갓, 돌산, 찐것","Leaf mustard(Gat), Dolsan, Steamed",Brassica juncea (L.) Czern.,20,93,1517,농진청('23)
707,F0930000000a,채소류,채소,"비름, 생것","Edible amaranth(Bireum), Raw",Amaranthus mangostanus L.,23,91.3,2289,농진청('15)
708,F0930000009c,채소류,채소,"비름, 데친것","Edible amaranth(Bireum), Blanched",Amaranthus mangostanus L.,27,90.6,2571,농진청('15)
709,F0080000000a,채소류,채소,"갯기름나물, 생것","Coastal hogfennel(Gaetgireumnamul), Leaf, Raw",Peucedanum japonicum Thunb.,47,84.2,1707,농진청('13)
710,F0080010000a,채소류,채소,"갯기름나물, 노지, 생것","Coastal hogfennel(Gaetgireumnamul), Leaf, Cultivated in open field, Raw",Peucedanum japonicum Thunb.,41,85.8,1859,농진청('13)
711,F0080011130a,채소류,채소,"갯기름나물, 노지, 어린잎, 생것","Coastal hogfennel(Gaetgireumnamul), Young leaf, Cultivated in open field, Raw",Peucedanum japonicum Thunb.,53,82.3,1522,농진청('13)
712,F0080020000a,채소류,채소,"갯기름나물, 하우스, 생것","Coastal hogfennel(Gaetgireumnamul), Leaf, Cultivated in green house, Raw",Peucedanum japonicum Thunb.,50,83.6,1360,농진청('13)
713,F0080021130a,채소류,채소,"갯기름나물, 하우스, 어린잎, 생것","Coastal hogfennel(Gaetgireumnamul), Young leaf, Cultivated in green house, Raw",Peucedanum japonicum Thunb.,44,84.9,2086,농진청('13)
714,F0080000009c,채소류,채소,"갯기름나물, 데친것","Coastal hogfennel(Gaetgireumnamul), Leaf, Blanched",Peucedanum japonicum Thunb.,49,84.3,2387,농진청('13)
715,F0080010009c,채소류,채소,"갯기름나물, 노지, 데친것","Coastal hogfennel(Gaetgireumnamul), Leaf, Cultivated in open field, Blanched",Peucedanum japonicum Thunb.,44,85.6,2153,농진청('13)
716,F0080011139c,채소류,채소,"갯기름나물, 노지, 어린잎, 데친것","Coastal hogfennel(Gaetgireumnamul), Young leaf, Cultivated in open field, Blanched",Peucedanum japonicum Thunb.,53,83.1,2207,농진청('13)
717,F0080020009c,채소류,채소,"갯기름나물, 하우스, 데친것","Coastal hogfennel(Gaetgireumnamul), Leaf, Cultivated in green house, Blanched",Peucedanum japonicum Thunb.,52,83.7,2569,농진청('13)
718,F0080021139c,채소류,채소,"갯기름나물, 하우스, 어린잎, 데친것","Coastal hogfennel(Gaetgireumnamul), Young leaf, Cultivated in green house, Blanched",Peucedanum japonicum Thunb.,47,84.6,2619,농진청('13)
719,F1060000000a,채소류,채소,"갯나물, 세발나물, 생것","Salt sandspurry(Sebalnamul), Raw",Spergularia marina (L.) Besser,18,93.1,2719,농진청('13)
720,F1060000009c,채소류,채소,"갯나물, 세발나물, 데친것","Salt sandspurry(Sebalnamul), Blanched",Spergularia marina (L.) Besser,23,92,4110,농진청('13)
721,F1790000000a,채소류,채소,"갯나물, 칠면초, 생것","East Asian seepweed, Raw",Suaeda japonica Makino,27,88.6,3150,농진청('98)
722,F2230010000a,채소류,채소,"갯나물, 퉁퉁마디(함초), 노지, 생것","Marshfire glasswort, Cultivated in open field, Raw",Salicornia europaea L.,19,90.3,1634,농진청('14)
723,F2230020000a,채소류,채소,"갯나물, 퉁퉁마디(함초), 하우스, 생것","Marshfire glasswort, Cultivated in green house, Raw",Salicornia europaea L.,19,89.8,2127,농진청('14)
724,F2200000009a,채소류,채소,"갯나물, 퉁퉁마디(함초), 환","Marshfire glasswort, Pellet",,262,4.3,110,농진청('16)
725,F010000B090a,채소류,채소,"게걸무, 생것","Radish, Gegeol, Root, Raw",Raphanus sativus L.,57,83.5,0,농진청('19)
726,F010000B140a,채소류,채소,"게걸무, 잎, 생것","Radish, Gegeol, Leaf, Raw",Raphanus sativus L.,32,89.4,5856,농진청('19)
727,F0110020000a,채소류,채소,"겨자, 녹색, 생것","Mustard(Gyeoja), Green, Raw",Brassica juncea var. crispifolia L. H. Bailey,24,90.7,3515,농진청('13)
728,F0110010000a,채소류,채소,"겨자, 적색, 생것","Mustard(Gyeoja), Red, Raw",Brassica juncea var. crispifolia L. H. Bailey,24,90.9,3754,농진청('14)
729,F2360002660a,채소류,채소,"경수채, 어린잎, 생것","Gyeongsuchae, Young leaf, Raw",Brassica rapa var. nipposinica,26,91.4,2723,농진청('20)
730,F208000B140a,채소류,채소,"고구마, 잎, 생것","Sweet potato(Goguma), Leaf, Raw",Ipomoea batatas (L.) Lam.,47,86.5,6854,농진청('13)
731,F208000B149c,채소류,채소,"고구마, 잎, 데친것","Sweet potato(Goguma), Leaf, Blanched",Ipomoea batatas (L.) Lam.,41,88.8,5698,농진청('13)
732,F208000B160a,채소류,채소,"고구마, 줄기, 생것","Sweet potato(Goguma), Stem, Raw",Ipomoea batatas (L.) Lam.,18,94.3,39,농진청('13)
733,F208000B169c,채소류,채소,"고구마, 줄기, 데친것","Sweet potato(Goguma), Stem, Blanched",Ipomoea batatas (L.) Lam.,17,94.8,107,농진청('13)
734,F208000B169b,채소류,채소,"고구마, 줄기, 삶은것","Sweet potato(Goguma), Stem, Boiled",Ipomoea batatas (L.) Lam.,14,95.9,102,농진청('13)
736,F208000B163b,채소류,채소,"고구마, 줄기, 삶아서 말린것, 삶은것","Sweet potato(Goguma), Stem, Boiled and dried, Boiled",Ipomoea batatas (L.) Lam.,23,94.1,111,농진청('13)
737,F208000B210a,채소류,채소,"고구마, 줄기, 껍질 포함, 생것","Sweet potato(Goguma), Stem, With skin, Raw",Ipomoea batatas (L.) Lam.,23,93,143,농진청('13)
738,F208000B219c,채소류,채소,"고구마, 줄기, 껍질 포함, 삶은것","Sweet potato(Goguma), Stem, With skin, Boiled",Ipomoea batatas (L.) Lam.,22,93.6,303,농진청('13)
735,F208000B161a,채소류,채소,"고구마, 줄기, 껍질 포함, 삶아서 말린것","Sweet potato(Goguma), Stem, With skin, Boiled and dried",Ipomoea batatas (L.) Lam.,262,11.4,5,농진청('23)
739,F208000B213b,채소류,채소,"고구마, 줄기, 껍질 포함, 삶아서 말린것, 삶은것","Sweet potato(Goguma), Stem, With skin, Boiled and dried, Boiled",Ipomoea batatas (L.) Lam.,29,91.3,1,농진청('23)
740,F0130000000a,채소류,채소,"고들빼기, 생것","Sonchus-leaf crepidiastrum, Raw",Crepidiastrum sonchifolium (Maxim.) Pak & Kawano,29,91.2,138,농진청('07)
741,F0130010000a,채소류,채소,"고들빼기, 이고들빼기, 생것","Teeth-margin crepidiastrum, Raw",Crepidiastrum denticulatum (Houtt.) Pak & Kawano,39,87.6,68,농진청('09)
742,F014004B140a,채소류,채소,"고려엉겅퀴(곤드레), 재래종, 잎, 생것","Korean thistle, Native, Leaf, Raw",Cirsium setidens (Dunn) Nakai,28,90.6,3479,농진청('16)
744,F0140030001a,채소류,채소,"고려엉겅퀴(곤드레), 말린것","Korean thistle(Gondeure), Dried",Cirsium setidens (Dunn) Nakai,290,8.9,47375,농진청('22)
3295,F0140030001b,채소류,채소,"고려엉겅퀴(곤드레), 말린것, 삶은것","Korean thistle(Gondeure), Dried, Boiled",Cirsium setidens (Dunn) Nakai,40,88.5,5716,농진청('22)
745,F0150010000a,채소류,채소,"고비, 야생, 생것","Royal fern, Wild, Raw",Osmunda japonica Thunb.,28,91.1,356,농진청('13)
746,F0150010009b,채소류,채소,"고비, 야생, 삶은것","Royal fern, Wild, Boiled",Osmunda japonica Thunb.,25,92.4,547,농진청('13)
747,F0150010001b,채소류,채소,"고비, 야생, 말린것, 삶은것","Royal fern, Wild, Dried, Boiled",Osmunda japonica Thunb.,31,91,37,농진청('13)
748,F0150010003a,채소류,채소,"고비, 야생, 삶아서 말린것","Royal fern, Wild, Boiled and dried",Osmunda japonica Thunb.,299,5.2,4428,농진청('13)
749,F0150020000a,채소류,채소,"고비, 재배, 생것","Royal fern, Cultivated, Raw",Osmunda japonica Thunb.,28,90.8,859,농진청('98)
750,F0160000000a,채소류,채소,"고사리, 생것","Bracken(Gosari), Raw",Pteridium aquilinum var. latiusculum (Desv.) Underw. ex Hell.,22,92.3,299,농진청('14)
751,F0160000009c,채소류,채소,"고사리, 데친것","Bracken(Gosari), Blanched",Pteridium aquilinum var. latiusculum (Desv.) Underw. ex Hell.,21,92.9,485,농진청('14)
752,F0160000001a,채소류,채소,"고사리, 말린것","Bracken(Gosari), Dried",Pteridium aquilinum var. latiusculum (Desv.) Underw. ex Hell.,261,12.2,194,식약('96)
753,F0160000003a,채소류,채소,"고사리, 삶아서 말린것","Bracken(Gosari), Boiled and dried",Pteridium aquilinum var. latiusculum (Desv.) Underw. ex Hell.,273,7.1,4400,농진청('14)
754,F0170000000a,채소류,채소,"고수(향채), 생것","Coriander, Raw",Coriandrum sativum L.,25,91.4,4339,농진청('20)
756,F018000C020a,채소류,채소,"고추, 빨간색, 생것","Hot pepper(Gochu), Red, Raw",Capsicum annuum L.,85,77.4,3537,농진청('15)
757,F018003C020a,채소류,채소,"고추, 빨간색, 녹광, 생것","Hot pepper(Gochu), Red, Nokkwang, Raw",Capsicum annuum L.,41,85.7,-,농진청('01)
758,F018004C020a,채소류,채소,"고추, 빨간색, 수비초, 생것","Hot pepper(Gochu), Red, Subicho, Raw",Capsicum annuum L.,77,78.3,-,농진청('05)
759,F018000C021a,채소류,채소,"고추, 빨간색, 말린것","Hot pepper(Gochu), Red, Dried",Capsicum annuum L.,312,13.6,13940,농진청('15)
760,F018005C030a,채소류,채소,"고추, 연두색, 시레나, 생것","Hot pepper(Gochu), Yellowish green, Sirena, Raw",Capsicum annuum L.,19,94.1,6,농진청('02)
761,F018003C050a,채소류,채소,"고추, 초록색, 녹광, 생것","Hot pepper(Gochu), Green, Nokkwang, Raw",Capsicum annuum L.,27,92.6,-,농진청('01)
762,F018005C050a,채소류,채소,"고추, 초록색, 시레나, 생것","Hot pepper(Gochu), Green, Sirena, Raw",Capsicum annuum L.,23,92.9,144,농진청('02)
763,F0180000620a,채소류,채소,"고추, 풋고추, 생것","Hot pepper(Gochu), Green, Raw",Capsicum annuum L.,29,91.1,458,농진청('14)
764,F0180070620a,채소류,채소,"고추, 풋고추, 재래종, 생것","Hot pepper(Gochu), Green, Native, Raw",Capsicum annuum L.,26,91.9,20,농진청('10)
765,F0180020000a,채소류,채소,"고추, 꽈리고추, 생것","Hot pepper(Gochu), Shishito, Raw",Capsicum annuum L.,33,89.6,474,농진청('14)
766,F0180060000a,채소류,채소,"고추, 오이고추, 생것","Hot pepper(Gochu), Gilsang, Green, Raw",Capsicum annuum L.,23,92.9,394,농진청('14)
767,F0180080000a,채소류,채소,"고추, 청양고추, 생것","Hot pepper(Gochu), Cheongyang, Green, Raw",Capsicum annuum L.,31,90.5,456,농진청('14)
768,F0200000009a,채소류,채소,고추장아찌,"Hot pepper, Pickled, Gochu-jangajji",,124,59.7,291,농진청('16)
769,F019000B140a,채소류,채소,"고춧잎, 생것","Hot pepper, Leaf, Raw",Capsicum annuum L.,45,83.6,5203,농진청('13)
770,F019000B149c,채소류,채소,"고춧잎, 데친것","Hot pepper, Leaf, Blanched",Capsicum annuum L.,51,83,6694,농진청('13)
771,F019000B141a,채소류,채소,"고춧잎, 말린것","Hot pepper, Leaf, Dried",Capsicum annuum L.,266,8.6,25401,농진청('13)
772,F019000B143b,채소류,채소,"고춧잎, 삶아서 말린것, 삶은것","Hot pepper, Leaf, Boiled and dried, Boiled",Capsicum annuum L.,41,86.8,7593,농진청('13)
773,F021000B090a,채소류,채소,"고추냉이, 뿌리, 생것","Japanese horseradish(Gochunaeng-i), Root, Raw",Eutrema japonica (Miq.) Koidz.,103,71.5,16,농진청('85)
3296,F021000B150a,채소류,채소,"고추냉이, 잎줄기, 생것","Japanese horseradish(Gochunaeng-i), Stalk and leaf, Raw",Eutrema japonica (Miq.) Koidz.,27,91.1,4205,농진청('19)
776,F0220000000a,채소류,채소,"곤달비, 생것","Narrow-head ragwort, Raw",Ligularia stenocephala (Maxim.) Matsum. & Koidz.,32,89.9,1409,농진청('23)
777,F0220000009c,채소류,채소,"곤달비, 데친것","Narrow-head ragwort, Blanched",Ligularia stenocephala (Maxim.) Matsum. & Koidz.,29,90.9,1048,농진청('23)
778,F0240000000a,채소류,채소,"공심채, 생것","Water Spinach, Leaf, Raw",Ipomoea aquatica Forsk,26,91.2,3914,농진청('20)
779,F0240000009c,채소류,채소,"공심채, 데친것","Water Spinach, Leaf, Blanched",Ipomoea aquatica Forsk,26,91.4,3800,농진청('20)
780,F025000B140a,채소류,채소,"꾸지뽕, 잎, 생것","Silkworm thorn, Leaf, Raw",Cudrania tricuspidata (Carr.) Bur. ex Lav.,85,72.8,5003,농진청('15)
781,F025000B149b,채소류,채소,"꾸지뽕, 잎, 삶은것","Silkworm thorn, Leaf, Boiled",Cudrania tricuspidata (Carr.) Bur. ex Lav.,61,81,3459,농진청('15)
782,F025000B141a,채소류,채소,"꾸지뽕, 잎, 말린것","Silkworm thorn, Leaf, Dried",Cudrania tricuspidata (Carr.) Bur. ex Lav.,282,8.9,10734,농진청('15)
783,F224001B110a,채소류,채소,"구기자, 순, 재래종, 생것","Chinese Matrimony Vine, Leaf bud, Native, Raw",Lycium chinense Mill.,50,83.9,1117,농진청('15)
784,F224001B140a,채소류,채소,"구기자, 잎, 재래종, 생것","Chinese Matrimony Vine, Leaf, Native, Raw",Lycium chinense Mill.,56,81.4,4853,농진청('15)
785,F0260000000a,채소류,채소,"국화꽃, 생것","Chrysanthemum, Flower, Raw",Chrysanthemum morifolium Ramat.,25,91.5,67,JAPAN('20)
786,F0260000009c,채소류,채소,"국화꽃, 데친것","Chrysanthemum, Flower, Blanched",Chrysanthemum morifolium Ramat.,21,92.9,61,JAPAN('20)
787,F0260000001a,채소류,채소,"국화꽃, 말린것","Chrysanthemum, Flower, Dried",Chrysanthemum morifolium Ramat.,283,9.5,180,JAPAN('20)
788,F0270000000a,채소류,채소,"근대, 생것","Chard(Geundae), Raw",Beta vulgaris var. cicla L.,18,93,3046,농진청('13)
789,F0270000009c,채소류,채소,"근대, 데친것","Chard(Geundae), Blanched",Beta vulgaris var. cicla L.,20,92.6,3480,농진청('13)
790,F2050010009a,채소류,채소,"김치, 갓김치","Kimchi, Gatkimchi, Prepared with leaf mustard",,37,86.4,1213,농진청('16)
791,F2050020009a,채소류,채소,"김치, 고들빼기","Kimchi, Godeulppaegi, Prepared with sonchus-leaf",,68,81.1,2181,농진청('22)
792,F2050030009a,채소류,채소,"김치, 깍두기","Kimchi, Kkakduki, Prepared with cubed radish",,40,88.1,127,농진청('22)
793,F2050040009a,채소류,채소,"김치, 나박 김치","Kimchi, Nabakkimchi, Prepared with sliced radish, Watery",,7,97,181,농진청('16)
794,F2050050009a,채소류,채소,"김치, 동치미","Kimchi, Dongchimi, Prepared with radish, Without red pepper powder, Watery",,8,96.2,16,농진청('16)
795,F2050070009a,채소류,채소,"김치, 배추 김치","Kimchi, Baechukimchi, Prepared with Kimchi cabbage",,38,88.9,418,농진청('22)
796,F2050072269a,채소류,채소,"김치, 배추 김치, 봄 재배","Kimchi, Baechukimchi, Prepared with spring cabbage",,39,88.4,577,농진청('15)
797,F2050072279a,채소류,채소,"김치, 배추 김치, 여름 재배","Kimchi, Baechukimchi, Prepared with summer cabbage",,38,88.7,300,농진청('15)
798,F2050072289a,채소류,채소,"김치, 배추 김치, 가을 재배","Kimchi, Baechukimchi, Prepared with autumn cabbage",,37,89.2,327,농진청('16)
799,F2050080009a,채소류,채소,"김치, 백김치","Kimchi, Baekkimchi, Prepared with Kimchi cabbage, Without red pepper powder",,16,94.5,24,농진청('16)
800,F2050090009a,채소류,채소,"김치, 열무 김치","Kimchi, Yeolmukimchi, Prepared with young leafy radish",,36,89,1756,농진청('22)
801,F2050100009a,채소류,채소,"김치, 열무 물김치","Kimchi, Yeolmumulkimchi, Prepared with young leafy radish, Watery",,18,94.1,378,농진청('16)
802,F2050110009a,채소류,채소,"김치, 오이 소박이","Kimchi, Oi-Sobagi, Prepared with cucumber",,37,89.8,649,농진청('16)
803,F2050120009a,채소류,채소,"김치, 유채 김치","Kimchi, Yuchaekimchi, Prepared with Brassica napus leaf",,62,82.4,2666,농진청('04)
804,F2050130009a,채소류,채소,"김치, 유채 물김치","Kimchi, Yuchaemulkimchi, Prepared with Brassica napus leaf, Watery",,17,94.7,34,농진청('04)
805,F2050140009a,채소류,채소,"김치, 총각 김치","Kimchi, Chongkakkimchi, Prepared with small radish",,42,87.6,164,농진청('22)
806,F2050150009a,채소류,채소,"김치, 파 김치","Kimchi, Pakimchi, Prepared with green onion",,49,86,1289,농진청('16)
807,F2050160009a,채소류,채소,"김치, 얼갈이배추 김치","Kimchi, Eolgaribaechukimchi, Prepared with winter grown cabbage",,30,91,1376,농진청('15)
808,F0300000000a,채소류,채소,"꽃양배추(콜리플라워), 생것","Cauliflower, Raw",Brassica oleracea var. botrytis L.,27,91.4,9,농진청('18)
809,F0300000009c,채소류,채소,"꽃양배추(콜리플라워), 데친것","Cauliflower, Blanched",Brassica oleracea var. botrytis L.,26,91.4,9,농진청('18)
810,F0310000000a,채소류,채소,"꿀풀(하고초), 생것","Thesium, Raw",Prunella vulgaris var. lilacina Nakai,48,84.8,6902,농진청('09)
811,F0310000001a,채소류,채소,"꿀풀(하고초), 말린것","Thesium, Dried",Prunella vulgaris var. lilacina Nakai,309,9,3886,농진청('09)
812,F0320000580a,채소류,채소,"날개콩, 미숙, 생것","Winged bean, Immature, Raw",Psophocarpus tetragonolobus (L.) DC.,36,90.7,126,농진청('87)
813,F0330000000a,채소류,채소,"냉이, 생것","Shepherd's purse(Naeng-i), Raw",Capsella bursa-pastoris (L.) L.W. Medicus,37,87.7,1486,농진청('23)
814,F0330000009c,채소류,채소,"냉이, 데친것","Shepherd's purse(Naeng-i), Blanched",Capsella bursa-pastoris (L.) L.W. Medicus,40,86.9,1572,농진청('23)
815,F0370000000a,채소류,채소,"누리장나무잎, 생것","Glory bower, Raw",Clerodendron trichotomum Thumb.,65,79.7,-,농진청('04)
816,F0380000000a,채소류,채소,"는쟁이냉이, 생것","Asian bittercress, Raw",Cardamine komarovii Nakai,28,90.1,697,농진청('89)
817,F0390000000a,채소류,채소,"달래, 생것","Wild garlic(Dallae), Raw",Allium monanthum Maxim.,56,83,1019,농진청('23)
3475,F0390000009b,채소류,채소,"달래, 삶은것","Wild garlic(Dallae), Boiled",Allium monanthum Maxim.,58,82.5,1050,농진청('23)
818,F040001B140a,채소류,채소,"당귀, 일당귀, 잎, 생것","Acutelobed An-gelica, Leaf, Raw",Angelica acutiloba (Siebold & Zucc.) Kitagawa,43,86.3,211,농진청('09)
819,F040004B140a,채소류,채소,"당귀, 참당귀, 잎, 생것","Korean angelica, Leaf, Raw",Angelica gigas Nakai,39,87.8,247,농진청('09)
820,F041000B090a,채소류,채소,"당근, 뿌리, 생것","Carrot(Danggeun), Root, Raw",Daucus carota subsp. sativa (Hoffm.) Arcang.,33,90.7,4547,농진청('21)
821,F041000B099c,채소류,채소,"당근, 뿌리, 데친것","Carrot(Danggeun), Root, Blanched",Daucus carota subsp. sativa (Hoffm.) Arcang.,30,91.5,3195,농진청('21)
3566,F041000B099e,채소류,채소,"당근, 뿌리, 찐것","Carrot(Danggeun), Root, Steamed",Daucus carota subsp. sativa (Hoffm.) Arcang.,36,90.1,4201,농진청('21)
822,F0420000749a,채소류,채소,당근 주스,Carrot juice,,31,91.6,4132,농진청('22)
3567,F2380000009a,채소류,채소,당근 착즙,"Carrot, Directly expressed juice",,26,92.8,3520,농진청('24)
3568,F2390000009a,채소류,채소,당근즙,"Carrot juice, Retort pouched",,29,91.9,3956,농진청('22)
824,F167000B110a,채소류,채소,"대나무순(죽순), 생것","Bamboo shoot(Juksun), Raw",Phyllostachys bambusoides Siebold & Zucc.,25,91.6,14,농진청('15)
826,F167000B119b,채소류,채소,"대나무순(죽순), 삶은것","Bamboo shoot(Juksun), Boiled",Phyllostachys bambusoides Siebold & Zucc.,26,91.8,10,농진청('22)
827,F167000B113a,채소류,채소,"대나무순(죽순), 삶아서 말린것","Bamboo shoot(Juksun), Boiled and dried",Phyllostachys bambusoides Siebold & Zucc.,298,8.8,125,농진청('22)
3569,F167000B113b,채소류,채소,"대나무순(죽순), 삶아서 말린것, 삶은것","Bamboo shoot(Juksun), Boiled and dried, Boiled",Phyllostachys bambusoides Siebold & Zucc.,62,81.2,13,농진청('22)
828,F167000B11Ra,채소류,채소,"대나무순(죽순), 통조림","Bamboo shoot(Juksun), Canned",,19,94.2,4,농진청('24)
829,F043000B090a,채소류,채소,"더덕, 뿌리, 생것","Bonnet bellflower(Deodeok), Root, Raw",Codonopsis lanceolata (Siebold & Zucc.) Benth. & Hook.f. ex Trautv.,80,78.7,4,농진청('22)
3297,F043000B090g,채소류,채소,"더덕, 뿌리, 구운것(팬)","Bonnet bellflower(Deodeok), Root, Pan-broiled",Codonopsis lanceolata (Siebold & Zucc.) Benth. & Hook.f. ex Trautv.,86,76.9,8,농진청('22)
830,F043000B095a,채소류,채소,"더덕, 뿌리, 가루","Bonnet bellflower(Deodeok), Root, Powder",Codonopsis lanceolata (Siebold & Zucc.) Benth. & Hook.f. ex Trautv.,339,5.3,9,농진청('15)
3476,F043000B110a,채소류,채소,"더덕, 순, 생것","Bonnet bellflower(Deodeok), Leaf bud, Raw",Codonopsis lanceolata (Siebold & Zucc.) Benth. & Hook.f. ex Trautv.,47,86,1604,농진청('23)
3477,F043000B119c,채소류,채소,"더덕, 순, 데친것","Bonnet bellflower(Deodeok), Leaf bud, Blanched",Codonopsis lanceolata (Siebold & Zucc.) Benth. & Hook.f. ex Trautv.,35,89.7,960,농진청('23)
831,F044000B090a,채소류,채소,"도라지, 뿌리, 생것","Balloon flower(Doraji), Root, Raw",Platycodon grandiflorum (Jacq.) A. DC.,65,82,6,농진청('19)
832,F044000B099c,채소류,채소,"도라지, 뿌리, 데친것","Balloon flower(Doraji), Root, Blanched",Platycodon grandiflorum (Jacq.) A. DC.,58,84.1,9,농진청('19)
833,F044000B091a,채소류,채소,"도라지, 뿌리, 말린것","Balloon flower(Doraji), Root, Dried",Platycodon grandiflorum (Jacq.) A. DC.,330,8.3,42,농진청('19)
834,F044000B095a,채소류,채소,"도라지, 뿌리, 가루","Balloon flower(Doraji), Root, Powder",Platycodon grandiflorum (Jacq.) A. DC.,339,5.5,29,농진청('14)
3478,F044000B110a,채소류,채소,"도라지, 순, 생것","Balloon flower(Doraji), Leaf bud, Raw",Platycodon grandiflorum (Jacq.) A. DC.,51,85,959,농진청('23)
3479,F044000B119c,채소류,채소,"도라지, 순, 데친것","Balloon flower(Doraji), Leaf bud, Blanched",Platycodon grandiflorum (Jacq.) A. DC.,41,87.8,747,농진청('23)
835,F0450000000a,채소류,채소,"돌나물, 생것","Stringy stonecrop(Dolnamul), Raw",Sedum sarmentosum Bunge,15,94.7,1084,농진청('13)
836,F0460000000a,채소류,채소,"동아, 생것","Wax gourd, Raw",Benincasa hispida Cogn.,15,95.2,(0),JAPAN('20)
837,F0460000009c,채소류,채소,"동아, 데친것","Wax gourd, Blanched",Benincasa hispida Cogn.,15,95.3,(0),JAPAN('20)
838,F0470010000a,채소류,채소,"두릅, 땅두릅, 생것","Manchurian angelica, Raw",Aralia cordata Thunb.,25,91.4,534,농진청('14)
839,F047001B140a,채소류,채소,"두릅, 땅두릅, 잎, 생것","Manchurian angelica, Leaf, Raw",Aralia cordata Thunb.,43,85.7,60,농진청('06)
840,F047001B160a,채소류,채소,"두릅, 땅두릅, 줄기, 생것","Manchurian angelica, Stem, Raw",Aralia cordata Thunb.,17,94.4,4,농진청('06)
841,F0470010009c,채소류,채소,"두릅, 땅두릅, 데친것","Manchurian angelica, Blanched",Aralia cordata Thunb.,24,92,659,농진청('14)
842,F047001B149c,채소류,채소,"두릅, 땅두릅, 잎, 데친것","Manchurian angelica, Leaf, Blanched",Aralia cordata Thunb.,61,81,141,농진청('06)
843,F047001B169c,채소류,채소,"두릅, 땅두릅, 줄기, 데친것","Manchurian angelica, Stem, Blanched",Aralia cordata Thunb.,16,94.4,7,농진청('06)
844,F0470000000a,채소류,채소,"두릅, 참두릅, 생것","Dureup, Leaf bud, Raw",Aralia elata,33,88.2,2222,농진청('13)
845,F047000B140a,채소류,채소,"두릅, 참두릅, 잎, 생것","Dureup, Leaf, Raw",Aralia elata,46,84.1,1427,농진청('15)
846,F047000B160a,채소류,채소,"두릅, 참두릅, 줄기, 생것","Dureup, Stem, Raw",Aralia elata,33,88.8,367,농진청('15)
847,F0470000009c,채소류,채소,"두릅, 참두릅, 데친것","Dureup, Leaf bud, Blanched",Aralia elata,32,89.4,2375,농진청('13)
848,F047000B149c,채소류,채소,"두릅, 참두릅, 잎, 데친것","Dureup, Leaf, Blanched",Aralia elata,41,86.5,1264,농진청('15)
849,F047000B169c,채소류,채소,"두릅, 참두릅, 줄기, 데친것","Dureup, Stem, Blanched",Aralia elata,28,90.6,374,농진청('15)
850,F048000B140a,채소류,채소,"둥굴레, 잎, 생것","Solomon´s seal, Leaf, Raw",Polygonatum odoratum var. pluriflorum Ohwi,52,84,110,농진청('92)
851,F048000B141a,채소류,채소,"둥굴레, 잎, 말린것","Solomon´s seal, Leaf, Dried",Polygonatum odoratum var. pluriflorum Ohwi,289,10.3,10,농진청('95)
852,F207000B120a,채소류,채소,"들깨, 싹, 생것","Perilla, Sprout, Raw",Perilla frutescens var. japonica (Hassk.) H. Hara,17,95.1,47,농진청('84)
853,F049000B140a,채소류,채소,"들깻잎, 생것","Perilla leaf(Deulkkaennip), Raw",Perilla frutescens var. japonica (Hassk.) H. Hara,38,87.2,6949,농진청('21)
854,F049000B149c,채소류,채소,"들깻잎, 데친것","Perilla leaf(Deulkkaennip), Blanched",Perilla frutescens var. japonica (Hassk.) H. Hara,30,90.5,6206,농진청('21)
855,F049000B149e,채소류,채소,"들깻잎, 찐것","Perilla leaf(Deulkkaennip), Steamed",Perilla frutescens var. japonica (Hassk.) H. Hara,34,88.9,6486,농진청('21)
856,F0500000009a,채소류,채소,들깻잎장아찌,"Perilla leaf, Pickled, Deulkkaennip-Jangajji",,124,63.6,4167,농진청('16)
857,F049000B14Ra,채소류,채소,"들깻잎장아찌, 통조림","Perilla leaf, Pickled, Deulkkaennip-Jangajji, Canned",,85,77.6,2246,농진청('24)
858,F2320000000a,채소류,채소,"루꼴라, 생것","Arugula, Raw",Eruca vesicaria (L.) Cav.,26,90.8,4615,농진청('20)
859,F0520000000a,채소류,채소,"리크, 생것","Leek, Raw",Allium porrum L.,54,84,277,농진청('88)
860,F0520000009c,채소류,채소,"리크, 데친것","Leek, Blanched",Allium porrum L.,28,91.3,37,JAPAN('20)
861,F053000B060a,채소류,채소,"마늘, 생것","Garlic(Maneul), Raw",Allium sativum L.,128,64.8,0,농진청('15)
862,F053000B069c,채소류,채소,"마늘, 데친것","Garlic(Maneul), Blanched",Allium sativum L.,135,62.9,1,농진청('15)
863,F053000B069f,채소류,채소,"마늘, 통마늘, 구운것","Garlic(Maneul), Roasted",Allium sativum L.,169,53.5,3,농진청('15)
864,F053000B061a,채소류,채소,"마늘, 말린것","Garlic(Maneul), Dried",Allium sativum L.,333,6,0,농진청('95)
865,F053000B068a,채소류,채소,"마늘, 동결건조","Garlic(Maneul), Freeze-dried",Allium sativum L.,330,7.3,0,농진청('95)
866,F053001B060a,채소류,채소,"마늘, 난지형, 생것","Garlic(Maneul), Early-maturing cultivar, Raw",Allium sativum L.,128,65.3,0,농진청('14)
867,F053001B069c,채소류,채소,"마늘, 난지형, 데친것","Garlic(Maneul), Early-maturing cultivar, Blanched",Allium sativum L.,138,62.5,0,농진청('14)
868,F053001B069f,채소류,채소,"마늘, 난지형, 통마늘, 구운것","Garlic(Maneul), Early-maturing cultivar, Roasted",Allium sativum L.,147,60.1,0,농진청('14)
869,F053001B067a,채소류,채소,"마늘, 난지형, 냉동","Garlic(Maneul), Early-maturing cultivar, Frozen",Allium sativum L.,131,64.3,0,농진청('14)
870,F053003B060a,채소류,채소,"마늘, 한지형, 생것","Garlic(Maneul), Late-maturing cultivar, Raw",Allium sativum L.,129,64.2,0,농진청('15)
871,F053003B069c,채소류,채소,"마늘, 한지형, 데친것","Garlic(Maneul), Late-maturing cultivar, Blanched",Allium sativum L.,132,63.3,2,농진청('15)
872,F053003B069f,채소류,채소,"마늘, 한지형, 통마늘, 구운것","Garlic(Maneul), Late-maturing cultivar, Baked",Allium sativum L.,184,46.9,5,농진청('15)
873,F053003B069n,채소류,채소,"마늘, 한지형, 볶은것","Garlic(Maneul), Late-maturing cultivar, Roasted",Allium sativum L.,165,55.8,3,농진청('15)
874,F053002B060a,채소류,채소,"마늘, 깐마늘, 수입산, 생것","Garlic(Maneul), Imported, Raw",Allium sativum L.,120,67.8,2,농진청('19)
875,F053002B069c,채소류,채소,"마늘, 깐마늘, 수입산, 데친것","Garlic(Maneul), Imported, Blanched",Allium sativum L.,127,66.3,0,농진청('19)
3298,F053000B066a,채소류,채소,"마늘, 다진것","Garlic(Maneul), Minced",Allium sativum L.,99,72.8,0,농진청('20)
876,F0570000009a,채소류,채소,마늘 장아찌,"Garlic, Pickled, Maneul-jangajji",,113,68.8,0,농진청('15)
877,F055000B080a,채소류,채소,"마늘종, 꽃줄기, 생것","Garlic scape(Maneuljong), Raw",Allium sativum L.,53,84.1,426,농진청('13)
878,F055000B089c,채소류,채소,"마늘종, 꽃줄기, 데친것","Garlic scape(Maneuljong), Blanched",Allium sativum L.,59,82.4,919,농진청('13)
879,F2060000009a,채소류,채소,마늘종 장아찌,"Garlic scape, Pickled, Maneuljong-jangajji",,118,66.5,135,농진청('15)
880,F054000B150a,채소류,채소,"풋마늘, 잎줄기, 생것","Green garlic(Putmaneul), Shoot, Raw",Allium sativum L.,29,89.9,1074,농진청('14)
881,F054000B159c,채소류,채소,"풋마늘, 잎줄기, 데친것","Green garlic(Putmaneul), Shoot, Blanched",Allium sativum L.,30,90,1098,농진청('14)
882,F0610000000a,채소류,채소,"마타리, 생것","Golden lace patrinia, Raw",Patrinia scabiosaefolia Fisch. ex Link,45,85.4,3942,농진청('85)
883,F0620000000a,채소류,채소,"머위, 생것","Butterbur(Meowi), Petiole, Raw",Petasites japonicus (Siebold & Zucc.) Maxim.,17,93.5,2904,농진청('14)
884,F0620000009c,채소류,채소,"머위, 데친것","Butterbur(Meowi), Petiole, Blanched",Petasites japonicus (Siebold & Zucc.) Maxim.,25,91.9,2828,농진청('14)
885,F0620000009b,채소류,채소,"머위, 삶은것","Butterbur(Meowi), Petiole, Boiled",Petasites japonicus (Siebold & Zucc.) Maxim.,28,91,3678,농진청('14)
886,F0620000001a,채소류,채소,"머위, 말린것","Butterbur, Petiole, Dried",Petasites japonicus (Siebold & Zucc.) Maxim.,281,7.2,191,농진청('95)
887,F0620000003a,채소류,채소,"머위, 삶아서 말린것","Butterbur, Petiole, Boiled and dried",Petasites japonicus (Siebold & Zucc.) Maxim.,278,8.3,32600,농진청('14)
888,F211000B120a,채소류,채소,"메밀, 싹, 생것","Buckwheat, Sprout, Raw",Fagopyrum esculentum Moench,18,94.5,277,농진청('21)
889,F225000B140a,채소류,채소,"모링가(드럼스틱), 생것","Moringa(Drumstick), Leaf, Raw",Moringa oleifera Lam.,66,80.1,1778,농진청('15)
890,F2190000000a,채소류,채소,"모시풀, 잎, 생것","Ramie, Leaf, Raw",Boehmeria nivea (L.) Gaudich.,64,77.5,9383,농진청('14)
891,F219000B149b,채소류,채소,"모시풀, 잎, 삶은것","Ramie, Leaf, Boiled",Boehmeria nivea (L.) Gaudich.,49,83.7,7883,농진청('14)
892,F219001B140a,채소류,채소,"모시풀, 잎, 서방종, 생것","Ramie, Leaf, Seobangjong, Raw",Boehmeria nivea (L.) Gaudich.,51,83.4,3136,농진청('15)
894,F065002B090a,채소류,채소,"무, 조선무, 생것","Radish(Mu), Korean radish, Root, Raw",Raphanus sativus L.,21,93.8,1,농진청('21)
895,F065002B099c,채소류,채소,"무, 조선무, 삶은것","Radish(Mu), Korean radish, Root, Boiled",Raphanus sativus L.,21,94.2,0,농진청('21)
897,F067002B140a,채소류,채소,"무청, 조선무, 생것","Radish(Mu), Korean radish, Leaf, Raw",Raphanus sativus L.,23,92.1,1455,농진청('21)
3480,F068000B141a,채소류,채소,"무청, 시래기, 말린것","Radish leaf, Dried",Raphanus sativus L.,249,18.2,2392,농진청('23)
898,F068000B141b,채소류,채소,"무청, 시래기, 말린것, 삶은것","Radish leaf, Dried, Boiled",Raphanus sativus L.,27,92,1365,농진청('23)
899,F066000B120a,채소류,채소,"무순, 싹, 생것","Radish, Sprout, Raw",Raphanus sativus L.,20,94.8,633,농진청('18)
900,F060000B09Ia,채소류,채소,"무 절임, 단무지","Radish, Pickled, Yellow, Danmuji",,12,95.4,0,농진청('14)
901,F222000000Ja,채소류,채소,"무 절임, 쌈무","Radish, Pickled, Sliced, Ssammu",,15,95,0,농진청('16)
902,F069000B09Ia,채소류,채소,"무 절임, 치킨무","Radish, Pickled, Cubed",,22,93.7,0,농진청('17)
903,F071000B091a,채소류,채소,"무말랭이, 말린것","Radish, Dried, Mu-mallaengi",Raphanus sativus L.,282,14.5,17,농진청('21)
3481,F071000B091x,채소류,채소,"무말랭이, 말린것, 불린것","Radish, Dried, Mu-mallaengi, Soaked in water",Raphanus sativus L.,49,86,3,농진청('21)
904,F0720000009a,채소류,채소,무말랭이 무침,"Mu-mallaengimuchim, Seasoned dried radish",,131,63.9,1234,농진청('15)
905,F0700000009a,채소류,채소,무국물,"Radish, Broth",,3,99.2,0,농진청('20)
906,F0750000000a,채소류,채소,"물냉이, 생것","Watercress, Raw",Nasturtium officinale R. Br.,23,91.5,2061,농진청('99)
907,F0760000000a,채소류,채소,"물쑥, 생것","Selenge wormwood, Raw",Artemisia selengensis Turcz. ex Besser,36,87,3411,국('86)
908,F0760000009c,채소류,채소,"물쑥, 데친것","Selenge wormwood, Blanched",Artemisia selengensis Turcz. ex Besser,47,85.7,135,국('86)
909,F0770020000a,채소류,채소,"미나리, 돌미나리, 생것","Water dropwort(Minari), Wild, Raw",Oenanthe javanica (Blume) DC.,16,94.2,1662,농진청('22)
910,F0770020009c,채소류,채소,"미나리, 돌미나리, 데친것","Water dropwort(Minari), Wild, Blanched",Oenanthe javanica (Blume) DC.,18,94.1,1575,농진청('22)
911,F0770030000a,채소류,채소,"미나리, 물미나리, 생것","Water dropwort(Minari), Whole, Raw",Oenanthe javanica (Blume) DC.,18,93.9,963,농진청('23)
912,F0770030009c,채소류,채소,"미나리, 물미나리, 데친것","Water dropwort(Minari), Whole, Blanched",Oenanthe javanica (Blume) DC.,20,93.4,986,농진청('23)
3482,F0770030009e,채소류,채소,"미나리, 물미나리, 찐것","Water dropwort(Minari), Whole, Steamed",Oenanthe javanica (Blume) DC.,19,93.7,992,농진청('23)
913,F077003B140a,채소류,채소,"미나리, 물미나리, 잎, 생것","Water dropwort(Minari), Leaf, Raw",Oenanthe javanica (Blume) DC.,30,90.1,2538,농진청('15)
914,F077003B160a,채소류,채소,"미나리, 물미나리, 줄기, 생것","Water dropwort(Minari), Stem, Raw",Oenanthe javanica (Blume) DC.,22,93.1,308,농진청('15)
915,F077000000Ma,채소류,채소,미나리청,"Water dropwort, Preserved with sugar, Liquid",,120,65.8,0,농진청('15)
916,F0780000000a,채소류,채소,"민들레, 생것","Dandelion(Mindeulle), Raw",Taraxacum platycarpum H. Dahlstedt,29,90.2,2406,농진청('15)
917,F0780000009c,채소류,채소,"민들레, 데친것","Dandelion(Mindeulle), Blanched",Taraxacum platycarpum H. Dahlstedt,30,90.5,2314,농진청('15)
918,F0790000000a,채소류,채소,"바젤라, 생것","Malabar spinach, Raw",Basella alba L.,11,95.1,2900,JAPAN('20)
919,F0790000009c,채소류,채소,"바젤라, 데친것","Malabar spinach, Blanched",Basella alba L.,12,94.5,3200,JAPAN('20)
920,F080000B140a,채소류,채소,"바질, 잎, 생것","Basil, Leaf, Raw",Ocimum basilicum L.,32,90.1,1077,농진청('18)
921,F080000B149c,채소류,채소,"바질, 잎, 데친것","Basil, Leaf, Blanched",Ocimum basilicum L.,34,89.4,934,농진청('18)
922,F0810000590a,채소류,채소,"박, 과육, 생것","Gourd, Flesh, Raw",Lagenaria leucantha Rusby,21,93.8,0,농진청('04)
923,F081000B040a,채소류,채소,"박, 생것, 씨 포함","Gourd, Flesh, With seed, Raw",Lagenaria leucantha Rusby,32,90.4,0,농진청('04)
924,F0820000001a,채소류,채소,"박고지, 말린것","Gourd, Dried",Lagenaria leucantha Rusby,268,18.1,0,국('81)
925,F083000B140a,채소류,채소,"박쥐나무, 잎, 생것","Trilobed-leaf alangium, Leaf, Raw",Alangium platanifolium var. trilobum (Miq.) Ohwi,100,68,10812,농진청('04)
926,F0850000000a,채소류,채소,"방가지똥, 생것","Sow thistle, Raw",Sonchus oleraceus L.,46,85.2,245,농진청('92)
927,F0860000000a,채소류,채소,"방울다다기양배추, 생것","Brussels sprouts, Raw",Brassica oleracea L. var. gemmifera (DC.) Zenker,46,85.1,561,농진청('21)
928,F0860000009c,채소류,채소,"방울다다기양배추, 데친것","Brussels sprouts, Blanched",Brassica oleracea L. var. gemmifera (DC.) Zenker,41,87.1,541,농진청('21)
3483,F0860000009e,채소류,채소,"방울다다기양배추, 찐것","Brussels sprouts, Steamed",Brassica oleracea L. var. gemmifera (DC.) Zenker,44,85.9,530,농진청('21)
929,F229000B140a,채소류,채소,"배암차즈기(곰보배추), 잎, 생것","Plebeian sage, Leaf, Raw",Salvia plebeia R. Br.,25,92.2,261,농진청('17)
930,F221000B140a,채소류,채소,"배초향(방아), 잎, 생것","Korean-mint(Baechohyang), Leaf, Raw",Agastache rugosa O. Kuntze,55,81.7,4941,농진청('16)
931,F087000B120a,채소류,채소,"배추, 싹, 생것","Kimchi cabbage(Baechu), Sprout, Raw",Brassica rapa subsp. pekinensis (Lour.) Hanelt,63,86.3,817,농진청('11)
932,F0870000000a,채소류,채소,"배추, 생것","Kimchi cabbage(Baechu), Raw",Brassica rapa subsp. pekinensis (Lour.) Hanelt,15,94.7,171,농진청('21)
933,F0870002260a,채소류,채소,"배추, 봄 재배, 생것","Kimchi cabbage(Baechu), Spring, Raw",Brassica rapa subsp. pekinensis (Lour.) Hanelt,13,95.2,266,농진청('15)
934,F0870002270a,채소류,채소,"배추, 여름 재배, 생것","Kimchi cabbage(Baechu), Summer, Raw",Brassica rapa subsp. pekinensis (Lour.) Hanelt,17,94.5,144,농진청('15)
935,F0870002280a,채소류,채소,"배추, 가을 재배, 생것","Kimchi cabbage(Baechu), Autumn, Raw",Brassica rapa subsp. pekinensis (Lour.) Hanelt,17,94.4,104,농진청('21)
936,F0870000009c,채소류,채소,"배추, 데친것","Kimchi cabbage(Baechu), Blanched",Brassica rapa subsp. pekinensis (Lour.) Hanelt,17,94.3,2,농진청('06)
937,F0870000009b,채소류,채소,"배추, 삶은것","Kimchi cabbage(Baechu), Boiled",Brassica rapa subsp. pekinensis (Lour.) Hanelt,15,95,135,농진청('21)
938,F0870002269b,채소류,채소,"배추, 봄 재배, 삶은것","Kimchi cabbage(Baechu), Spring, Boiled",Brassica rapa subsp. pekinensis (Lour.) Hanelt,14,95.3,199,농진청('15)
939,F0870002279b,채소류,채소,"배추, 여름 재배, 삶은것","Kimchi cabbage(Baechu), Summer, Boiled",Brassica rapa subsp. pekinensis (Lour.) Hanelt,17,94.9,134,농진청('15)
940,F0870002289b,채소류,채소,"배추, 가을 재배, 삶은것","Kimchi cabbage(Baechu), Autumn, Boiled",Brassica rapa subsp. pekinensis (Lour.) Hanelt,16,94.9,71,농진청('21)
941,F087000000Ia,채소류,채소,"배추, 염절임","Kimchi cabbage(Baechu), Salted",,17,92.9,86,농진청('21)
942,F087000226Ia,채소류,채소,"배추, 봄 재배, 염절임","Kimchi cabbage(Baechu), Spring, Salted",,15,93,132,농진청('15)
943,F087000227Ia,채소류,채소,"배추, 여름 재배, 염절임","Kimchi cabbage(Baechu), Summer, Salted",,17,92.6,81,농진청('15)
944,F087000228Ia,채소류,채소,"배추, 가을 재배, 염절임","Kimchi cabbage(Baechu), Autumn, Salted",,19,93,45,농진청('21)
957,F087000B141a,채소류,채소,"배추, 시래기, 말린것","Kimchi cabbage(Baechu), Dried",,278,12.8,4810,농진청('17)
958,F087000B141b,채소류,채소,"배추, 시래기, 말린것, 삶은것","Kimchi cabbage(Baechu), Dried, Boiled",,23,93.2,848,농진청('17)
3484,F0870002930a,채소류,채소,"배추, 알배기, 생것","Kimchi cabbage(Baechu), Inner part of baechu(Albaegi), Raw",Brassica rapa subsp. pekinensis (Lour.) Hanelt,15,95,8,농진청('23)
3485,F0870002939b,채소류,채소,"배추, 알배기, 삶은것","Kimchi cabbage(Baechu), Inner part of baechu(Albaegi), Boiled",Brassica rapa subsp. pekinensis (Lour.) Hanelt,17,94.5,10,농진청('23)
3486,F0870002939e,채소류,채소,"배추, 알배기, 찐것","Kimchi cabbage(Baechu), Inner part of baechu(Albaegi), Steamed",Brassica rapa subsp. pekinensis (Lour.) Hanelt,18,93.8,14,농진청('23)
3487,F0870002940a,채소류,채소,"배추, 우거지, 생것","Kimchi cabbage(Baechu), Outer leaves(Ugeoji), Raw",Brassica rapa subsp. pekinensis (Lour.) Hanelt,18,93.9,1433,농진청('22)
3488,F0870002949b,채소류,채소,"배추, 우거지, 삶은것","Kimchi cabbage(Baechu), Outer leaves(Ugeoji), Boiled",Brassica rapa subsp. pekinensis (Lour.) Hanelt,18,94.4,1337,농진청('22)
959,F0870070000a,채소류,채소,"배추, 유기재배, 생것","Kimchi cabbage(Baechu), Organic cultivated, Raw",Brassica rapa subsp. pekinensis (Lour.) Hanelt,14,95.1,7.8,농진청('07)
960,F0870030000a,채소류,채소,"배추, 봄동, 생것","Kimchi cabbage, Spring green, Raw",Brassica rapa subsp. pekinensis (Lour.) Hanelt,23,92.4,1015,농진청('23)
961,F0870030009c,채소류,채소,"배추, 봄동, 데친것","Kimchi cabbage, Spring green, Blanched",Brassica rapa subsp. pekinensis (Lour.) Hanelt,22,92.7,945,농진청('23)
962,F1360000000a,채소류,채소,"배추, 얼갈이배추, 생것","Kimchi cabbage, Winter grown, Raw",Brassica rapa subsp. pekinensis (Lour.) Hanelt,14,95.1,1077,농진청('21)
963,F1360000009c,채소류,채소,"배추, 얼갈이배추, 데친것","Kimchi cabbage, Winter grown, Blanched",Brassica rapa subsp. pekinensis (Lour.) Hanelt,13,95.5,1062,농진청('21)
964,F136000000Ia,채소류,채소,"배추, 얼갈이배추, 염절임","Kimchi cabbage, Winter grown, Salted",,15,93.6,1662,농진청('15)
965,F088000B091a,채소류,채소,"백모근, 뿌리, 말린것","Blady grass, Root, Dried",Imperata cylindrica Beauvois,337,7,0,농진청('03)
966,F230000B090a,채소류,채소,"백합, 뿌리, 생것","Edible lily bulb, Root, Raw",Lilium longiflorum Thunb.,118,68.9,24,농진청('15)
967,F213000B115a,채소류,채소,"보리, 순, 가루","Barley, Young barley, Powder",Hordeum vulgare L.,314,4.4,1310,농진청('06)
968,F213001B110a,채소류,채소,"보리, 쌀보리, 순, 생것","Barley, Naked, Young barley, Raw",Hordeum vulgare var. nudum Spenn.,24,92.6,78,농진청('06)
969,F213002B110a,채소류,채소,"보리, 올보리, 순, 생것","Barley, Barsoy, Young barley, Raw",Hordeum vulgare L.,66,80,5511,농진청('83)
970,F213003B110a,채소류,채소,"보리, 큰알보리, 순, 생것","Barley, Keunalbori, Young barley, Raw",Hordeum vulgare L.,24,92,2297,농진청('16)
971,F213003B118a,채소류,채소,"보리, 큰알보리, 순, 동결건조","Barley, Keunalbori, Young barley, Freeze-dried",Hordeum vulgare L.,283,3.2,21810,농진청('16)
972,F2350000000a,채소류,채소,"뽕잎, 생것","Mulberry, Leaf, Raw",Morus alba L.,65,78.3,5143,농진청('15)
973,F2350000009b,채소류,채소,"뽕잎, 삶은것","Mulberry, Leaf, Boiled",Morus alba L.,48,84.5,4617,농진청('15)
974,F2350000003a,채소류,채소,"뽕잎, 삶아서 말린것","Mulberry, Leaf, Boiled and dried",Morus alba L.,279,10.3,11125,농진청('15)
975,F2350000003b,채소류,채소,"뽕잎, 삶아서 말린것, 삶은것","Mulberry, Leaf, Boiled and dried, Boiled",Morus alba L.,51,83.8,3064,농진청('15)
976,F0900000000a,채소류,채소,"부지깽이(섬쑥부쟁이), 생것","Ulleungdo aster, Raw",Aster glehni F.Schmidt,30,90,3516,농진청('15)
977,F0900000009c,채소류,채소,"부지깽이(섬쑥부쟁이), 데친것","Ulleungdo aster, Blanched",Aster glehni F.Schmidt,33,89.5,2813,농진청('15)
978,F0900000001a,채소류,채소,"부지깽이(섬쑥부쟁이), 말린것","Ulleungdo aster, Dried",Aster glehni F.Schmidt,258,14.2,479,농진청('86)
979,F0900000003a,채소류,채소,"부지깽이(섬쑥부쟁이), 삶아서 말린것","Ulleungdo aster, Boiled and dried",Aster glehni F.Schmidt,296,7.8,9562,농진청('15)
980,F0900000003b,채소류,채소,"부지깽이(섬쑥부쟁이), 삶아서 말린것, 삶은것","Ulleungdo aster, Boiled and dried, Boiled",Aster glehni F.Schmidt,48,85.4,2516,농진청('15)
981,F0910010000a,채소류,채소,"부추, 두메부추, 생것","Chinese chive, Aging chive, Raw",Allium senescens L.,46,86.1,78,농진청('09)
982,F0910020000a,채소류,채소,"부추, 산부추, 생것","Chinese chive, Thunberg’s chive, Raw",Allium thunbergii G. DON,41,86.2,3010,농진청('85)
3299,F0910060000a,채소류,채소,"부추, 솔부추, 생것","Chinese chive(Solbuchu), Raw",Allium minus,21,93.3,1351,농진청('20)
3300,F0910060009c,채소류,채소,"부추, 솔부추, 데친것","Chinese chive(Solbuchu), Blanched",Allium minus,24,92.8,1096,농진청('20)
983,F0910040000a,채소류,채소,"부추, 재래종, 생것","Chinese chive, Native, Raw",Allium tuberosum,22,93,87,농진청('09)
984,F0910040009c,채소류,채소,"부추, 재래종, 데친것","Chinese chive, Native, Blanched",Allium tuberosum,20,93.1,2242,농진청('00)
985,F0910050000a,채소류,채소,"부추, 호부추, 생것","Chinese chive(Hobuchu), Raw",Allium ramosum L.,30,90.5,2131,농진청('15)
986,F0910050009c,채소류,채소,"부추, 호부추, 데친것","Chinese chive(Hobuchu), Blanched",Allium ramosum L.,32,90,1644,농진청('15)
987,F0920000000a,채소류,채소,"브로콜리, 생것","Broccoli, Raw",Brassica oleracea L. var. italica Plenck,28,90.5,253,농진청('21)
988,F0920000009c,채소류,채소,"브로콜리, 데친것","Broccoli, Blanched",Brassica oleracea L. var. italica Plenck,26,91.3,232,농진청('21)
3570,F0920000009e,채소류,채소,"브로콜리, 찐것","Broccoli, Steamed",Brassica oleracea L. var. italica Plenck,25,91.5,226,농진청('21)
3571,F2400000009a,채소류,채소,브로콜리 착즙,"Broccoli, Directly expressed juice",,15,94.8,109,농진청('24)
990,F092000B120a,채소류,채소,"브로콜리, 싹, 생것","Broccoli, Sprout, Raw",Brassica oleracea L. var. italica Plenck,31,90.9,295,농진청('15)
991,F092000B140a,채소류,채소,"브로콜리, 잎, 생것","Broccoli, Leaf, Raw",Brassica oleracea L. var. italica Plenck,38,88.1,650,농진청('07)
992,F092000B141a,채소류,채소,"브로콜리, 잎, 말린것","Broccoli, Leaf, Dried",Brassica oleracea L. var. italica Plenck,258,11.2,420,농진청('07)
993,F092000B143a,채소류,채소,"브로콜리, 잎, 삶아서 말린것","Broccoli, Leaf, Boiled and dried",Brassica oleracea L. var. italica Plenck,271,13.4,630,농진청('07)
994,F0920000005a,채소류,채소,"브로콜리, 가루","Broccoli, Powder",Brassica oleracea L. var. italica Plenck,284,4.6,700,농진청('07)
995,F1590000000a,채소류,채소,"비비추(이밥추), 생것","Purple bracted plantain lily, Raw",Hosta longipes (Franch. & Sav.) Matsum.,48,84.4,979,농진청('09)
996,F0940000000a,채소류,채소,"비타민채(다채), 생것","Tah Tsai(Daechae), Raw",Brassica campestris L. var. narinosa,16,94,2486,농진청('24)
997,F0940002660a,채소류,채소,"비타민채(다채), 어린잎, 생것","Tah Tsai(Daechae), Young leaf, Raw",Brassica campestris L. var. narinosa,15,94.5,2876,농진청('20)
998,F095000B090a,채소류,채소,"비트, 뿌리, 생것","Beet, Root, Raw",Beta vulgaris L.,27,92.1,1,농진청('18)
999,F095000B099c,채소류,채소,"비트, 뿌리, 데친것","Beet, Root, Blanched",Beta vulgaris L.,23,93.3,1,농진청('18)
3572,F241000B099a,채소류,채소,"비트 착즙, 뿌리","Beet, Root, Directly expressed juice",,31,90.8,1,농진청('24)
1000,F096000B09Ra,채소류,채소,"비트 피클, 통조림","Beet, Pickled, Canned",,65,81.88,29,USDA('18)
1001,F095000B140a,채소류,채소,"비트, 잎, 생것","Beet, Leaf, Raw",Beta vulgaris L.,16,93.9,2356,농진청('24)
1002,F095000B149c,채소류,채소,"비트, 잎, 데친것","Beet, Leaf, Blanched",Beta vulgaris L.,18,93.2,2653,농진청('24)
1003,F0950002660a,채소류,채소,"비트, 어린잎, 생것","Beet, Young leaf, Raw",Beta vulgaris L.,21,91.9,2885,농진청('20)
1004,F2090000000a,채소류,채소,"사탕무, 생것","Sugar beet, Raw",Beta vulgaris var. saccharifera Alef.,77,78.5,0,농진청('98)
1005,F0970000000a,채소류,채소,"사탕수수, 생것","Sugar cane, Raw",Saccharum officinarum L.,77,77.3,0,농진청('04)
1006,F098000B150a,채소류,채소,"산마늘(명이나물), 생것","Alpine leek, Raw",Allium victorialis L.,36,89,2522,농진청('14)
1007,F098000B159c,채소류,채소,"산마늘(명이나물), 데친것","Alpine leek, Blanched",Allium victorialis L.,37,88.5,1874,농진청('14)
1008,F098000B15Ja,채소류,채소,산마늘(명이나물)장아찌,"Alpine leek, Pickled, Sanmaneul-jangajji",Allium victorialis L.,55,82.1,1354,농진청('18)
1009,F0990000001a,채소류,채소,"삼나물, 말린것","Goat's-beard, Dried",Aruncus dioicus (Walter) Fernald,293,7.5,88,농진청('86)
1010,F2270000000a,채소류,채소,"삼붕냐와, 생것","Sambungnyawa, Leaf, Raw",Gynura procumbens Merr.,27,92.1,224,농진청('16)
1011,F217000B090a,채소류,채소,"삼채, 뿌리, 생것","Hooker chives, Root, Raw",Allium hookeri Thwaites,49,86.2,5,농진청('16)
1012,F217000B140a,채소류,채소,"삼채, 잎, 생것","Hooker chives, Leaf, Raw",Allium hookeri Thwaites,24,91.9,2571,농진청('15)
1013,F217000B160a,채소류,채소,"삼채, 줄기, 생것","Hooker chives, Stem, Raw",Allium hookeri Thwaites,19,93.7,384,농진청('16)
1014,F2170000000a,채소류,채소,"삼채, 잎줄기, 생것","Hooker chives, Raw",Allium hookeri Thwaites,23,92.4,2005,농진청('13)
1015,F2170000009c,채소류,채소,"삼채, 잎줄기, 데친것","Hooker chives, Blanched",Allium hookeri Thwaites,28,91,2700,농진청('13)
1016,F1010162490a,채소류,채소,"상추, 잎상추, 치마상추, 녹색, 생것","Lettuce(Sangchu), Leaf type, Cheongchima, Green, Raw",Lactuca sativa L.,20,92.9,2872,농진청('15)
1017,F1010172500a,채소류,채소,"상추, 잎상추, 적색, 생것","Lettuce(Sangchu), Leaf type, Red, Raw",Lactuca sativa L.,19,93.6,1938,농진청('15)
1018,F1010020000a,채소류,채소,"상추, 잎상추, 뚝섬적축면, 적색, 생것","Lettuce(Sangchu), Leaf type, Ttuksumjeokchulmyeon, Green, Raw",Lactuca sativa L.,14,95.5,1034,농진청('05)
1019,F1010040000a,채소류,채소,"상추, 잎상추, 롤로로사, 적색, 생것","Lettuce(Sangchu), Leaf type, Rollo rossa, Red, Raw",Lactuca sativa L. var. crispa,20,92.9,505,농진청('05)
1020,F1010100000a,채소류,채소,"상추, 잎상추, 적하계, 적색, 생것","Lettuce(Sangchu), Leaf type, Jeokhakye, Red, Raw",Lactuca sativa L.,19,93.5,482,농진청('05)
1021,F1010152500a,채소류,채소,"상추, 잎상추, 축면상추, 적색, 생것","Lettuce(Sangchu), Leaf type, Jeokchukmyeon, Red, Raw",Lactuca sativa L.,15,95.1,1414,농진청('15)
1022,F1010162500a,채소류,채소,"상추, 잎상추, 치마상추, 적색, 생것","Lettuce(Sangchu), Leaf type, Jeokchima, Red, Raw",Lactuca sativa L.,23,92.1,2463,농진청('15)
1023,F1010032490a,채소류,채소,"상추, 반결구, 로메인, 녹색, 생것","Lettuce(Sangchu), Loose-head type, Romaine, Green, Raw",Lactuca sativa L. var. longifolia,18,94.1,2331,농진청('20)
3301,F1010182490a,채소류,채소,"상추, 반결구, 로메인, 모스트청쌈, 녹색, 생것","Lettuce(Sangchu), Loose-head type, Romaine, Most cheongssam, Green, Raw",Lactuca sativa L. var. longifolia,15,94.9,1284,농진청('20)
3302,F1010192490a,채소류,채소,"상추, 반결구, 버터헤드, 녹색, 생것","Lettuce(Sangchu), Loose-head type, Butterhead, Green, Raw",Lactuca sativa L.,11,96.2,1715,농진청('20)
1024,F1010060000a,채소류,채소,"상추, 반결구, 아시아아이스, 녹색, 생것","Lettuce(Sangchu), Loose-head type, BlueCoSeu, Green, Raw",Lactuca sativa L.,24,92.3,652,농진청('05)
1025,F1010110000a,채소류,채소,"상추, 반결구, 천상, 녹색, 생것","Lettuce(Sangchu), Loose-head type, Chunsang, Green, Raw",Lactuca sativa L.,17,94.6,298,농진청('05)
1026,F1010032500a,채소류,채소,"상추, 반결구, 로메인, 적색, 생것","Lettuce(Sangchu), Loose-head type, Romaine, Red, Raw",Lactuca sativa L. var. longifolia,17,93.4,2662,농진청('15)
1027,F1010142490a,채소류,채소,"상추, 결구(양상추), 녹색, 생것","Lettuce(Sangchu), Head type, Green, Raw",Lactuca sativa L.,14,95.6,241,농진청('23)
3489,F1010142499e,채소류,채소,"상추, 결구(양상추), 녹색, 찐것","Lettuce(Sangchu), Head type, Green, Steamed",Lactuca sativa L.,15,95.3,106,농진청('23)
1028,F1010050000a,채소류,채소,"상추, 결구, 아담, 녹색, 생것","Lettuce(Sangchu), Head type, Adam, Green, Raw",Lactuca sativa L.,9,97.3,234,농진청('05)
1029,F1010070000a,채소류,채소,"상추, 결구, 유레이크, 녹색, 생것","Lettuce(Sangchu), Head type, Urekeu, Green, Raw",Lactuca sativa L.,16,94.8,249,농진청('05)
1030,F1010120000a,채소류,채소,"상추, 결구, 풍성, 녹색, 생것","Lettuce(Sangchu), Head type, Pungsung, Green, Raw",Lactuca sativa L.,10,96.7,1148,농진청('05)
3573,F101020B160a,채소류,채소,"상추, 줄기상추(궁채), 줄기, 생것","Celtuce, Stem, raw",Lactuca sativa L.,16,94.9,54,농진청('24)
3574,F101020B169c,채소류,채소,"상추, 줄기상추(궁채), 줄기, 데친것","Celtuce, Stem, Blanched",Lactuca sativa L.,15,95.3,49,농진청('24)
3575,F101020B161a,채소류,채소,"상추, 줄기상추(궁채), 줄기, 말린것","Celtuce, Stem, Dried",Lactuca sativa L.,226,25.8,118,농진청('24)
3576,F101020B161b,채소류,채소,"상추, 줄기상추(궁채), 줄기, 말린것, 삶은것","Celtuce, Stem, Dried, Boiled",Lactuca sativa L.,25,92.5,44,농진청('24)
1031,F102000B100a,채소류,채소,"생강, 뿌리줄기, 생것","Ginger(Saenggang), Tuber, Raw",Zingiber officinale Roscoe,42,88.2,19,농진청('15)
1032,F102001B100a,채소류,채소,"생강, 뿌리줄기, 수입산, 생것","Ginger, Tuber, Imported, Raw",Zingiber officinale Roscoe,38,89,23,농진청('95)
1033,F1950000009q,채소류,채소,"생강, 편강, 당조림","Ginger slice, Preserved with sugar",,364,9.8,0,농진청('19)
1034,F104000000Ja,채소류,채소,생강 피클,"Ginger, Pickled",,15,89.2,5,JAPAN('20)
1035,F212001B130a,채소류,채소,"선인장, 보검선인장, 열매, 생것","Bogeomseon-injang, Fruit, Raw",Opuntia ficus-indica (L.) Mill.,83,78.4,60,농진청('15)
1036,F212001B160a,채소류,채소,"선인장, 보검선인장, 줄기, 생것","Bogeomseon-injang, Stem, Raw",Opuntia ficus-indica (L.) Mill.,34,89.8,313,농진청('15)
1037,F212003B130a,채소류,채소,"선인장, 저단선인장, 열매, 생것","Eastern prickly-pear, Fruit, Raw",Opuntia humifusa (Ref.) Ref.,91,76.6,65,농진청('15)
1038,F212003B160a,채소류,채소,"선인장, 저단선인장, 줄기, 생것","Eastern prickly-pear, Stem, Raw",Opuntia humifusa (Ref.) Ref.,75,79.9,184,농진청('15)
1039,F1050000000a,채소류,채소,"섬초롱, 생것","Korean bellflower, Raw",Campanula takesimana Nakai,41,86.8,2331,농진청('10)
1040,F1050000009c,채소류,채소,"섬초롱, 데친것","Korean bellflower, Blanched",Campanula takesimana Nakai,34,89.5,3444,농진청('96)
1041,F1070000000a,채소류,채소,"셀러리, 생것","Celery, Raw",Apium graveolens var. dulce Pers,17,93.9,721,농진청('14)
1042,F1070000009c,채소류,채소,"셀러리, 데친것","Celery, Blanched",Apium graveolens var. dulce Pers,17,94,713,농진청('14)
3577,F2420000009a,채소류,채소,셀러리 착즙,"Celery, Directly expressed juice",,12,95.5,460,농진청('24)
1043,F108000B140a,채소류,채소,"소리쟁이, 잎, 말린것","Curled dock, Leaf, Dried",Rumex crispus L.,259,10.2,1663,농진청('04)
1044,F110000B090a,채소류,채소,"쇠귀나물, 뿌리, 생것","Arrowhead, Root, Raw",Sagittaria sagittifola subsp. leucopetala var. edulis (Schltr.) Rataj,128,65.5,0,JAPAN('20)
1045,F110000B099c,채소류,채소,"쇠귀나물, 뿌리, 데친것","Arrowhead, Root, Blanched",Sagittaria sagittifola subsp. leucopetala var. edulis (Schltr.) Rataj,129,,0,JAPAN('20)
1046,F1110000000a,채소류,채소,"수리취(떡취), 생것","Deltoid synurus, Raw",Synurus deltoides (Aiton) Nakai,64,79.1,587,농진청('89)
1047,F1120000000a,채소류,채소,"숙주나물, 생것","Mungbean sprout(Sukjunamul), Raw",Vigna radiata (L.) R.Wilczek,13,95.6,5,농진청('14)
1048,F1120000009c,채소류,채소,"숙주나물, 데친것","Mungbean sprout(Sukjunamul), Blanched",Vigna radiata (L.) R.Wilczek,12,95.9,25,농진청('93)
1049,F1120000009e,채소류,채소,"숙주나물, 찐것","Mungbean sprout(Sukjunamul), Steamed",Vigna radiata (L.) R.Wilczek,16,94.8,24,농진청('14)
1050,F1130000000a,채소류,채소,"순무, 전체, 생것","Radish, Turnip, Whole, Raw",Brassica rapa var. rapa,27,91.6,671,농진청('14)
1051,F113000B019c,채소류,채소,"순무, 전체, 데친것","Radish, Turnip, Whole, Blanched",Brassica rapa var. rapa,28,91.7,296,농진청('14)
1052,F113000B090a,채소류,채소,"순무, 뿌리, 생것","Radish, Turnip, Root, Raw",Brassica rapa var. rapa,32,90.8,0,농진청('23)
1053,F113000B099c,채소류,채소,"순무, 뿌리, 데친것","Radish, Turnip, Root, Blanched",Brassica rapa var. rapa,33,90.3,0,농진청('14)
1055,F113000B140a,채소류,채소,"순무, 잎, 생것","Radish, Turnip, Leaf, Raw",Brassica rapa var. rapa,21,91.9,1895,농진청('14)
1056,F113000B149c,채소류,채소,"순무, 잎, 데친것","Radish, Turnip, Leaf, Blanched",Brassica rapa var. rapa,20,93,1633,농진청('14)
1058,F1140000000a,채소류,채소,"스테비아, 생것","Stevia, Raw",Stevia rebaudiana Hemsl.,40,87,3189,농진청('14)
1059,F1140000001a,채소류,채소,"스테비아, 말린것","Stevia, Dried",Stevia rebaudiana Hemsl.,303,5.6,-,농진청('10)
1060,F1150000000a,채소류,채소,"시금치, 생것","Spinach(Sigeumchi), Raw",Spinacia oleracea L.,29,89.6,5164,농진청('14)
1061,F1150010000a,채소류,채소,"시금치, 노지, 생것","Spinach(Sigeumchi), Outdoor, Raw",Spinacia oleracea L.,29,89.1,7051,농진청('14)
1062,F1150030000a,채소류,채소,"시금치, 하우스, 생것","Spinach(Sigeumchi), Cultivated in green house, Raw",Spinacia oleracea L.,27,90.1,4979,농진청('14)
1063,F1150040000a,채소류,채소,"시금치, 섬초, 생것","Spinach(Sigeumchi), Seomcho, Raw",Spinacia oleracea L.,24,91.5,3585,농진청('14)
1064,F1150020000a,채소류,채소,"시금치, 포항초, 생것","Spinach(Sigeumchi), Pohangcho, Raw",Spinacia oleracea L.,35,87.8,5042,농진청('14)
1065,F1150000009c,채소류,채소,"시금치, 데친것","Spinach(Sigeumchi), Blanched",Spinacia oleracea L.,34,88.6,5886,농진청('14)
1066,F1150010009c,채소류,채소,"시금치, 노지, 데친것","Spinach(Sigeumchi), Outdoor, Blanched",Spinacia oleracea L.,37,87.8,7670,농진청('14)
1067,F1150030009c,채소류,채소,"시금치, 하우스, 데친것","Spinach(Sigeumchi), Cultivated in green house, Blanched",Spinacia oleracea L.,32,89.2,6206,농진청('14)
1068,F1150040009c,채소류,채소,"시금치, 섬초, 데친것","Spinach(Sigeumchi), Seomcho, Blanched",Spinacia oleracea L.,32,89.1,4161,농진청('14)
1069,F1150020009c,채소류,채소,"시금치, 포항초, 데친것","Spinach(Sigeumchi), Pohangcho, Blanched",Spinacia oleracea L.,34,88.4,5506,농진청('14)
1070,F1160000000a,채소류,채소,"신선초(명일엽), 생것","Ashitaba, Raw",Angelica keiskei (Miq.) Koidzumi,24,92,1353,농진청('14)
1071,F1170000000a,채소류,채소,"쌈추, 생것","Korean cabbage, Raw",,25,91.1,3238,농진청('14)
1072,F1170010000a,채소류,채소,"쌈추, 싸미나, 생것","Korean cabbage, Ssamina, Raw",,20,92.5,3460,농진청('00)
1073,F1180000000a,채소류,채소,"쑥, 생것","Mugwort(Ssuk), Raw",Artemisia princeps Pamp.,37,87.3,4153,농진청('14)
1074,F1180000009c,채소류,채소,"쑥, 데친것","Mugwort(Ssuk), Blanched",Artemisia princeps Pamp.,39,87.9,4144,농진청('14)
1075,F1180000001a,채소류,채소,"쑥, 말린것","Mugwort(Ssuk), Dried",,272,5.2,3512,농진청('14)
1076,F1180010000a,채소류,채소,"쑥, 사자발쑥, 생것","Mugwort, Sajabalssuk, Raw",Artemisia princeps Pamp.,56,83,220,농진청('09)
1077,F1180010009c,채소류,채소,"쑥, 사자발쑥, 데친것","Mugwort, Sajabalssuk, Blanched",Artemisia princeps Pamp.,55,83.4,327,농진청('09)
1078,F1190000000a,채소류,채소,"쑥갓, 생것","Crown daisy(Ssukgat), Raw",Chryssanthemum coronarium L.,15,94.6,2472,농진청('14)
1079,F1190000009c,채소류,채소,"쑥갓, 데친것","Crown daisy(Ssukgat), Blanched",Chryssanthemum coronarium L.,21,92.8,3251,농진청('14)
1080,F120000B150a,채소류,채소,"쑥부쟁이, 생것","Field aster, Raw",Aster yomena (Kitam.) Honda,26,91.6,1718,농진청('15)
1081,F1210000000a,채소류,채소,"씀바귀, 생것","Sseumbagwi, Raw",Ixeridium dentatum (Thunb.) Tzvelev,43,85.8,1832,농진청('97)
1082,F1210000009c,채소류,채소,"씀바귀, 데친것","Sseumbagwi, Blanched",Ixeridium dentatum (Thunb.) Tzvelev,31,90,1593,농진청('97)
1083,F121000B090a,채소류,채소,"씀바귀, 뿌리, 생것","Sseumbagwi, Root, Raw",Ixeridium dentatum (Thunb.) Tzvelev,71,80.5,8,농진청('14)
1084,F1220000000a,채소류,채소,"아스파라거스, 생것","Asparagus, Raw",Asparagus officinalis L.,17,94.5,207,농진청('18)
1085,F1220000009c,채소류,채소,"아스파라거스, 데친것","Asparagus, Blanched",Asparagus officinalis L.,17,94.3,231,농진청('18)
1086,F122000000Ra,채소류,채소,"아스파라거스, 통조림","Asparagus, Canned",,14,94.4,-,농진청('01)
1087,F122000C070a,채소류,채소,"아스파라거스, 하얀색, 생것","Asparagus, White, Raw",Asparagus officinalis L.,21,93.6,0,농진청('16)
1088,F1230000000a,채소류,채소,"아욱, 생것","Curled mallow(Auk), Raw",Malva verticillata L.,37,87.4,3900,농진청('14)
1089,F1230000009c,채소류,채소,"아욱, 데친것","Curled mallow(Auk), Blanched",Malva verticillata L.,31,89.7,4252,농진청('14)
1090,F1240000000a,채소류,채소,"아이비카, 닥풀, 말린것","Aibika, Dried",Abelmoschus manihot L.,260,11.1,671,농진청('86)
1091,F125000B110a,채소류,채소,"아주까리, 순, 말린것","Castor bean, Bud, Dried",Ricinus communis L.,287,8.1,1868,농진청('07)
1092,F125000B140a,채소류,채소,"아주까리, 잎, 생것","Castor bean, Leaf, Raw",Ricinus communis L.,82,73.3,49,농진청('95)
1093,F2340000000a,채소류,채소,"아티초크, 생것","Artichoke, Raw",Cynara cardunculus L.,47,84.94,8,USDA('18)
1094,F2340000000b,채소류,채소,"아티초크, 삶은것","Artichoke, Boiled",Cynara cardunculus L.,53,84.08,8,USDA('18)
1095,F2340000007a,채소류,채소,"아티초크, 냉동","Artichoke, Frozen",Cynara cardunculus L.,38,88.59,-,USDA('18)
1096,F2340000007b,채소류,채소,"아티초크, 냉동, 삶은것","Artichoke, Frozen, Boiled",Cynara cardunculus L.,45,86.5,7,USDA('18)
1097,F1260000590a,채소류,채소,"알로에, 과육, 생것","Aloe, Flesh, Raw",Aloe vera (L.) Burm. f.,3,99.1,2,농진청('09)
1098,F2160000009a,채소류,채소,알로에 음료,Aloe beverage,,40,88.8,0,농진청('16)
1099,F127000B120a,채소류,채소,"알팔파, 싹, 생것","Alfalfa, Sprout, Raw",Medicago sativa L.,21,92.8,30,농진청('15)
1100,F1290000000a,채소류,채소,"양배추, 생것","Cabbage(Yangbaechu), Raw",Brassica oleracea var. capitata L.,29,91,25,농진청('21)
1101,F1290000009c,채소류,채소,"양배추, 데친것","Cabbage(Yangbaechu), Blanched",Brassica oleracea var. capitata L.,32,90,23,농진청('14)
3490,F1290000009b,채소류,채소,"양배추, 삶은것","Cabbage(Yangbaechu), Boiled",Brassica oleracea var. capitata L.,19,94.3,16,농진청('21)
1102,F1290000009e,채소류,채소,"양배추, 찐것","Cabbage(Yangbaechu), Steamed",Brassica oleracea var. capitata L.,28,91.3,24,농진청('21)
3578,F2430000009a,채소류,채소,양배추 착즙,"Cabbage, Directly expressed juice",,15,95.3,31,농진청('24)
1103,F1290010000a,채소류,채소,"양배추, 적색, 생것","Cabbage(Yangbaechu), Red, Raw",Brassica oleracea var. capitata L.,35,89,8,농진청('23)
3491,F1290010009b,채소류,채소,"양배추, 적색, 삶은것","Cabbage(Yangbaechu), Red, Boiled",Brassica oleracea var. capitata L.,26,91.4,7,농진청('23)
3492,F1290010009e,채소류,채소,"양배추, 적색, 찐것","Cabbage(Yangbaechu), Red, Steamed",Brassica oleracea var. capitata L.,32,89.8,8,농진청('23)
1104,F129001B120a,채소류,채소,"양배추, 적색, 싹, 생것","Cabbage, Red, Sprout, Raw",Brassica oleracea var. capitata L.,39,89.7,198,농진청('15)
1105,F1300010009a,채소류,채소,"양배추 샐러드, 코울슬로","Cabbage salad, Coleslaw",,143,75,266,농진청('24)
1106,F1320000000a,채소류,채소,"양파, 생것","Onion(Yangpa), Raw",Allium cepa L.,29,92,1,농진청('23)
1107,F1320000009c,채소류,채소,"양파, 데친것","Onion(Yangpa), Blanched",Allium cepa L.,28,92.3,2,농진청('23)
3493,F1320000009e,채소류,채소,"양파, 찐것","Onion(Yangpa), Steamed",Allium cepa L.,31,91.4,1,농진청('23)
1108,F1320000001a,채소류,채소,"양파, 말린것","Onion(Yangpa), Dried",Allium cepa L.,340,5.9,0,농진청('95)
3579,F2440000009a,채소류,채소,양파즙,"Onion juice, Retort pouched",,24,93.4,0,농진청('25)
1110,F1320020000a,채소류,채소,"양파, 적색, 생것","Onion(Yangpa), Red, Raw",Allium cepa L.,29,91.9,0,농진청('21)
3494,F1320020009c,채소류,채소,"양파, 적색, 데친것","Onion(Yangpa), Red, Blanched",Allium cepa L.,27,92.5,0,농진청('21)
1111,F1320030000a,채소류,채소,"양파, 레드프라임, 생것","Onion(Yangpa), Redprime, Raw",Allium cepa L.,37,90,0,농진청('16)
1112,F1320040000a,채소류,채소,"양파, 썬파워, 생것","Onion(Yangpa), Sunpower, Raw",Allium cepa L.,32,91.3,0,농진청('16)
1113,F1320050000a,채소류,채소,"양파, 샬롯, 생것","Onion, Shallot, Raw",Allium cepa L.,80,79.6,0,농진청('16)
1114,F1330000007a,채소류,채소,"양파링, 튀김옷, 냉동","Onion ring, Breaded, Frozen",,258,51.22,-,USDA('18)
1115,F1330000009k,채소류,채소,"양파링, 튀긴것(튀김옷)","Onion ring, Breaded, Fried",,411,24.52,2,USDA('18)
1116,F2180000009a,채소류,채소,양파 장아찌,"Onion, Pickled, Yangpa-Jangajji",,85,73,0,농진청('16)
1117,F1340000000a,채소류,채소,"양하, 생것","Mioga ginger, Raw",Zingiber mioga (Thunb.) Roscoe,13,95.6,170,농진청('86)
1118,F1350000000a,채소류,채소,"어수리, 생것","East Asian hogweed, Raw",Heracleum moellendorffii Hance,31,88.5,58,농진청('91)
1119,F135000B140a,채소류,채소,"어수리, 잎, 생것","East Asian hogweed, Leaf, Raw",Heracleum moellendorffii Hance,45,84.9,193,농진청('09)
1120,F138000B140a,채소류,채소,"음나무(엄나무), 잎, 생것","Eumnamu, Leaf, Raw",Kalopanax septemlobus (Thunb.) Koidz,41,86,2027,농진청('15)
1121,F138000B149c,채소류,채소,"음나무(엄나무), 잎, 데친것","Eumnamu, Leaf, Blanched",Kalopanax septemlobus (Thunb.) Koidz,37,87.3,1809,농진청('15)
1122,F1390000001a,채소류,채소,"엉겅퀴, 말린것","Ussuri thistle, Dried",Cirsium japonicum var. maackii (Maxim.) Matsum.,267,8.6,226,농진청('95)
1123,F1390000003a,채소류,채소,"엉겅퀴, 삶아서 말린것","Ussuri thistle, Boiled and dried",Cirsium japonicum var. maackii (Maxim.) Matsum.,279,8,207,농진청('95)
1124,F1400000000a,채소류,채소,"여주(고야), 생것","Balsam pear, Raw",Momordica charantia L.,22,93.3,158,농진청('16)
1125,F1410000000a,채소류,채소,"연근, 생것","Lotus root(Yeongeun), Raw",Nelumbo nucifera Gaertner,75,80,0,농진청('15)
1126,F1410000009c,채소류,채소,"연근, 데친것","Lotus root(Yeongeun), Blanched",Nelumbo nucifera Gaertner,62,84,0,농진청('15)
1127,F1420000009a,채소류,채소,연근 조림,"Yeongeunjorim, Simmered Lotus root in soy sauce and sugar",,261,34.3,13,식약('11)
1128,F1430000000a,채소류,채소,"열대비름(아마란스), 잎, 생것","Amaranth, Leaf, Raw",Amaranthus hypochondriacus,45,84.2,1859,농진청('86)
1129,F1430002660a,채소류,채소,"열대비름(아마란스), 어린잎, 생것","Amaranth, Young leaf, Raw",Amaranthus hypochondriacus,21,91.4,4681,농진청('20)
1130,F1440000000a,채소류,채소,"열무, 생것","Radish, Young, Raw",Raphanus sativus L.,14,94.8,2698,농진청('21)
1131,F1440000009c,채소류,채소,"열무, 데친것","Radish, Young, Blanched",Raphanus sativus L.,17,94.3,2336,농진청('21)
1132,F145000B100a,채소류,채소,"염교(락교), 뿌리줄기, 생것","Scallion, Tuber, Raw",Allium chinense G. Don,83,68.3,0,JAPAN('20)
1133,F146000000Ja,채소류,채소,염교(락교),"Scallion, Pickled",,93,74.3,0,농진청('18)
1134,F1470000000a,채소류,채소,"영아자, 생것","East Asian harebell, Raw",Asyneuma japonicum (Miq.) Briq.,34,88.1,1260,농진청('96)
1135,F1470000009c,채소류,채소,"영아자, 데친것","East Asian harebell, Blanched",Asyneuma japonicum (Miq.) Briq.,36,88.6,948,농진청('96)
1136,F1470000001a,채소류,채소,"영아자, 말린것","East Asian harebell, Dried",Asyneuma japonicum (Miq.) Briq.,278,7.2,630,농진청('95)
1137,F1480020000a,채소류,채소,"오이, 겨울살이청장, 생것","Cucumber(Oi), Gyeoulsaricheongjang, Raw",Cucumis sativus L.,13,95.7,9,농진청('06)
1138,F1480030000a,채소류,채소,"오이, 늙은오이, 생것","Cucumber(Oi), Ripe, Raw",Cucumis sativus L.,9,96.6,0,농진청('15)
1139,F1480010000a,채소류,채소,"오이, 다다기, 생것","Cucumber(Oi), Dadagi, Raw",Cucumis sativus L.,13,95.7,61,농진청('19)
1140,F1480050000a,채소류,채소,"오이, 취청, 생것","Cucumber(Oi), Chwicheong, Raw",Cucumis sativus L.,12,96.1,184,농진청('19)
1141,F149000000Ja,채소류,채소,오이 피클,"Cucumber, Pickled",,91,71.6,141,농진청('15)
1142,F150000000Ia,채소류,채소,"오이지, 염절임","Cucumber, Salted",,11,92.6,7,농진청('19)
1143,F1510000000a,채소류,채소,"오크라, 생것","Okra, Raw",Abelmoschus esculentus (L.) Moench.,26,90.2,670,JAPAN('20)
1144,F1510000009c,채소류,채소,"오크라, 데친것","Okra, Blanched",Abelmoschus esculentus (L.) Moench.,29,89.4,720,JAPAN('20)
1145,F210000B110a,채소류,채소,"옥수수, 순, 생것","Corn, Sprout, Raw",Zea mays L.,40,89.2,0,농진청('84)
1146,F1540000000a,채소류,채소,"우엉, 생것","Burdock(Ueong), Raw",Arctium lappa L.,69,81,0,농진청('15)
1147,F1540000009c,채소류,채소,"우엉, 데친것","Burdock(Ueong), Blanched",Arctium lappa L.,52,86.1,0,농진청('15)
1148,F2140000009r,채소류,채소,"우엉, 장조림","Ueongjorim, Simmered in soybean sauce",,149,60.3,4,농진청('16)
1149,F228000B100a,채소류,채소,"울금, 생것","Ulgeum, Raw",Curcuma longa L.,87,78.5,0,농진청('17)
1150,F155000000Ia,채소류,채소,울외장아찌,"Oriental pickling melon, Narazuke, Pickled with Sake lee",,67,74.2,0,농진청('96)
1151,F1560000000a,채소류,채소,"원추리, 생것","Fulvous day-lily, Raw",Hemerocallis fulva L.,35,88.7,1494,농진청('15)
1152,F1560000009c,채소류,채소,"원추리, 데친것","Fulvous day-lily, Blanched",Hemerocallis fulva L.,28,90.7,1035,농진청('15)
1153,F157000B120a,채소류,채소,"유채, 싹, 생것","Yuchae, Sprout, Raw",Brassica napus L.,78,84.5,419,농진청('11)
1154,F157000B140a,채소류,채소,"유채, 잎, 생것","Yuchae, Leaf, Raw",Brassica napus L.,30,89.5,2807,농진청('15)
1155,F157000B149c,채소류,채소,"유채, 잎, 데친것","Yuchae, Leaf, Blanched",Brassica napus L.,29,90.1,2656,농진청('15)
1156,F1570010000a,채소류,채소,"유채, 동채, 생것","Yuchae, Young leaf, Raw",Brassica napus L.,29,89.7,2840,농진청('15)
1157,F1570010009c,채소류,채소,"유채, 동채, 데친것","Yuchae, Young leaf, Blanched",Brassica napus L.,31,89.6,2857,농진청('15)
1158,F157004B150a,채소류,채소,"유채, 잎줄기, 생것","Yuchae, Stalk and leaf, Raw",Brassica napus L.,36,88.3,2600,JAPAN('20)
1159,F157004B159c,채소류,채소,"유채, 잎줄기, 데친것","Yuchae, Stalk and leaf, Blanched",Brassica napus L.,30,,2700,JAPAN('20)
1160,F158000B140a,채소류,채소,"잇꽃(홍화), 잎, 생것","Safflower, Leaf, Raw",Carthamus tinctorius L.,45,85.7,340,농진청('06)
1161,F1600000000a,채소류,채소,"자운영, 생것","Chinese milk-vetch, Raw",Astragalus sinicus L.,40,87.2,337,농진청('91)
1162,F161000B090a,채소류,채소,"잔대, 뿌리, 생것","Three-leaf ladybell, Root, Raw",Adenophora triphylla var. japonica (regel) H. Hara,79,78.2,0,농진청('11)
1163,F161000B110a,채소류,채소,"잔대, 순, 생것","Three-leaf ladybell, Sprout, Raw",Adenophora triphylla var. japonica (regel) H. Hara,55,84.2,19566,농진청('11)
1164,F2370002660a,채소류,채소,"적양무, 어린잎, 생것","Jeokyangmu, Young leaf, Raw",,19,92.9,2551,농진청('20)
1165,F1630000000a,채소류,채소,"전호, 생것","Wild chervil, Raw",Anthriscus sylvestris (L.) Hoffm.,23,90.8,2957,농진청('99)
1166,F1640000000a,채소류,채소,"제비쑥, 생것","Oriental wormwood, Raw",Artemisia japonica Thunb.,35,88.2,7095,국('85)
1167,F1650000000a,채소류,채소,"조뱅이, 생것","Creeping thistle, Raw",Breea segeta (Bunge) Kitam.,47,84.5,2365,농진청('85)
1168,F1680000001a,채소류,채소,"줄나물, 말린것","Nettle-leaf mint, Dried",Meehania urticifolia (Miq.) Makino,236,18.7,37,농진청('86)
1169,F1690000000a,채소류,채소,"진달래꽃, 생것","Korean rhododendron flower, Raw",Rhododendron mucronulatum Turcz.,26,92.2,480,농진청('97)
1170,F1700000000a,채소류,채소,"질경이, 생것","Asian plantain, Raw",Plantago asiatica L.,48,83.8,2030,농진청('97)
1171,F1700000009c,채소류,채소,"질경이, 데친것","Asian plantain, Blanched",Plantago asiatica L.,45,85.8,1665,농진청('97)
1172,F1710010000a,채소류,채소,"참나물, 야생, 생것","Chamnamul, Wild, Raw",Pimpinella brachycarpa (Kom.) Nakai,39,86.7,5778,농진청('98)
1173,F1710010001a,채소류,채소,"참나물, 야생, 말린것","Chamnamul, Wild, Dried",Pimpinella brachycarpa (Kom.) Nakai,309,6.1,67,농진청('91)
1174,F1710020000a,채소류,채소,"참나물, 재배, 생것","Chamnamul, Cultivated, Raw",Pimpinella brachycarpa (Kom.) Nakai,20,92.8,1626,농진청('14)
1175,F1710020009c,채소류,채소,"참나물, 재배, 데친것","Chamnamul, Cultivated, Blanched",Pimpinella brachycarpa (Kom.) Nakai,22,92.8,1418,농진청('14)
1176,F1710020001a,채소류,채소,"참나물, 재배, 말린것","Chamnamul, Cultivated, Dried",Pimpinella brachycarpa (Kom.) Nakai,308,5.2,551,농진청('91)
1177,F1720000001a,채소류,채소,"참반디, 말린것","Chinese sanicle, Dried",Sanicula chinensis Bunge,288,8,94,농진청('95)
1178,F173000B140a,채소류,채소,"참빗살나무, 잎, 생것","Hamilton's spindletree, Leaf, Raw",Euonymus hamiltonianus Wall.,61,80.1,632,농진청('10)
1179,F1740000000a,채소류,채소,"참죽나물, 순, 생것","Chinese cedar(Chamjuknamul), Leaf bud, Raw",Cedrela sinensis A. Juss.,47,84.2,2040,농진청('23)
1180,F1740000009c,채소류,채소,"참죽나물, 순, 데친것","Chinese cedar(Chamjuknamul), Leaf bud, Blanched",Cedrela sinensis A. Juss.,43,86.1,1795,농진청('23)
1182,F1740000003a,채소류,채소,"참죽나물, 순, 삶아서 말린것","Chinese cedar(Chamjuknamul), Leaf bud, Blanched and dried",Cedrela sinensis A. Juss.,269,11.3,11207,농진청('16)
1183,F1740000003b,채소류,채소,"참죽나물, 순, 삶아서 말린것, 삶은것","Chinese cedar(Chamjuknamul), Leaf bud, Blanched and dried, Boiled",Cedrela sinensis A. Juss.,52,83.2,2131,농진청('16)
1184,F1750000000a,채소류,채소,"청경채, 생것","Bok choy(Cheonggyeongchae), Raw",Brassica rapa subsp. chinensis,10,95.9,753,농진청('14)
1185,F1750000009c,채소류,채소,"청경채, 데친것","Bok choy(Cheonggyeongchae), Blanched",Brassica rapa subsp. chinensis,11,95.6,839,농진청('14)
1186,F1750002660a,채소류,채소,"청경채, 어린잎, 생것","Bok choy(Cheonggyeongchae), Young leaf, Raw",Brassica rapa subsp. chinensis,16,94,2824,농진청('20)
1187,F226000B090a,채소류,채소,"초석잠, 뿌리, 생것","Crosne, Root, Raw",Stachys sieboldii Miq.,76,79.2,0,농진청('15)
1188,F1760000000a,채소류,채소,"총각무, 전체, 생것","Radish, Small, Raw",Raphanus sativus L.,23,92.5,488,농진청('14)
1189,F176000B090a,채소류,채소,"총각무, 뿌리, 생것","Radish, Small, Root, Raw",Raphanus sativus L.,25,92.7,0,농진청('21)
1190,F176000B140a,채소류,채소,"총각무, 잎, 생것","Radish, Small, Leaf, Raw",Raphanus sativus L.,23,92.2,2877,농진청('21)
1191,F1770010000a,채소류,채소,"취나물, 개미취, 생것","Tartarian aster, Raw",Aster tataricus Linne Fil.,53,82.7,1483,농진청('10)
1192,F0230000000a,채소류,채소,"취나물, 곰취, 생것","Fischer’s ragwort(Gomchwi), Leaf, Raw",Ligularia fischeri (Ledeb.) Turcz.,32,89.6,3092,농진청('23)
1193,F0230000009c,채소류,채소,"취나물, 곰취, 데친것","Fischer’s ragwort(Gomchwi), Leaf, Blanched",Ligularia fischeri (Ledeb.) Turcz.,32,89.7,2256,농진청('23)
1194,F0230010001a,채소류,채소,"취나물, 곰취, 야생, 말린것","Fischer’s ragwort(Gomchwi), Leaf, Wild, Dried",Ligularia fischeri (Ledeb.) Turcz.,307,6.8,500,농진청('91)
1195,F0230020001a,채소류,채소,"취나물, 곰취, 재배, 말린것","Fischer’s ragwort(Gomchwi), Leaf, Cultivated, Dried",Ligularia fischeri (Ledeb.) Turcz.,306,5.7,551,농진청('91)
1196,F1770020000a,채소류,채소,"취나물, 미역취, 생것","Asian goldenrod(Miyeokchwi), Raw",Solidago virgaurea subsp. asiatica Kitam. ex Hara,48,84.6,699,농진청('10)
3495,F1770020003a,채소류,채소,"취나물, 미역취, 삶아서 말린것","Asian goldenrod(Miyeokchwi), Boiled and dried",Solidago virgaurea subsp. asiatica Kitam. ex Hara,271,15.1,2333,농진청('23)
3496,F1770020003b,채소류,채소,"취나물, 미역취, 삶아서 말린것, 삶은것","Asian goldenrod(Miyeokchwi), Boiled and dried, Boiled",Solidago virgaurea subsp. asiatica Kitam. ex Hara,39,88.7,459,농진청('23)
1197,F1770030000a,채소류,채소,"취나물, 참취, 생것","Rough aster(Chamchwi), Raw",Aster scaber Thunberg,51,83.9,2302,농진청('15)
1198,F1770030009c,채소류,채소,"취나물, 참취, 데친것","Rough aster(Chamchwi), Blanched",Aster scaber Thunberg,49,85.1,2091,농진청('15)
1199,F1770030001a,채소류,채소,"취나물, 참취, 말린것","Rough aster(Chamchwi), Dried",Aster scaber Thunberg,265,11.7,197,농진청('91)
1200,F1770030001b,채소류,채소,"취나물, 참취, 말린것, 삶은것","Rough aster(Chamchwi), Dried, Boiled",Aster scaber Thunberg,55,83.2,6650,농진청('11)
1201,F1770030003a,채소류,채소,"취나물, 참취, 삶아서 말린것","Rough aster(Chamchwi), Boiled and dried",Aster scaber Thunberg,299,5.4,20815,농진청('15)
1202,F1770030003c,채소류,채소,"취나물, 참취, 삶아서 말린것, 데친것","Rough aster(Chamchwi), Boiled and dried, Blanched",Aster scaber Thunberg,49,85.3,3163,농진청('15)
1203,F178000B090a,채소류,채소,"치커리, 뿌리, 생것","Common chicory, Root, Raw",Cichorium intybus L.,72,80,-,USDA('18)
1204,F178000B140a,채소류,채소,"치커리, 잎, 생것","Common chicory, Leaf, Raw",Cichorium intybus L.,19,93.4,2147,농진청('23)
1205,F178001B140a,채소류,채소,"치커리, 잎, 적색, 생것","Common chicory, Leaf, Red, Raw",Cichorium intybus L.,20,92.8,2236,농진청('22)
1206,F1780020000a,채소류,채소,"치커리, 치콘, 생것","Common chicory, Chicon(Belgian endive), Raw",Cichorium intybus L. var. Foliosum,15,95,12,농진청('22)
3497,F1780030000a,채소류,채소,"치커리, 치콘, 적색, 생것","Common chicory, Chicon(Belgian endive), Red, Raw",Cichorium intybus L. var. Foliosum,13,95.5,11,농진청('22)
1207,F1800000000a,채소류,채소,"케일, 생것","Kale, Raw",Brassia oleracea L. var. acephala D,28,89.3,3443,농진청('21)
3580,F1800000009c,채소류,채소,"케일, 데친것","Kale, Blanched",Brassia oleracea L. var. acephala D,27,90.5,2937,농진청('21)
3581,F2450000009a,채소류,채소,케일 착즙,"Kale, Directly expressed juice",,16,93.8,2026,농진청('24)
1212,F1810000000a,채소류,채소,"콜라비, 생것","Kohlrabi, Raw",Brassica oleracea var. gongyloides,22,92.8,12,농진청('13)
1213,F1810000009c,채소류,채소,"콜라비, 데친것","Kohlrabi, Blanched",Brassica oleracea var. gongyloides,20,93.1,15,JAPAN('20)
1214,F1820000000a,채소류,채소,"콩나물, 생것","Soybean sprout(Kongnamul), Raw",Glycine max (L.) Merr.,43,90.1,30,농진청('23)
1215,F1820000009b,채소류,채소,"콩나물, 삶은것","Soybean sprout(Kongnamul), Boiled",Glycine max (L.) Merr.,42,90.7,28,농진청('23)
1217,F1820000005a,채소류,채소,"콩나물, 가루","Soybean sprout, Powder",Glycine max (L.) Merr.,409,5.5,0,농진청('05)
1219,F183000B140a,채소류,채소,"콩잎, 잎, 생것","Soybean, Leaf, Raw",Glycine max (L.) Merr.,94,69.9,37,농진청('89)
1220,F185000B160a,채소류,채소,"토란대, 줄기, 생것","Taro stem(Torandae), Raw",Colocasia esculenta (L.) Schott,16,94.6,122,농진청('16)
1221,F185000B169c,채소류,채소,"토란대, 줄기, 데친것","Taro stem(Torandae), Blanched",Colocasia esculenta (L.) Schott,20,93.6,60,농진청('96)
1222,F185000B161a,채소류,채소,"토란대, 줄기, 말린것","Taro stem(Torandae), Dried",Colocasia esculenta (L.) Schott,261,14.6,27,농진청('96)
1223,F185000B161b,채소류,채소,"토란대, 줄기, 말린것, 데친것","Taro stem(Torandae), Dried, Blanched",Colocasia esculenta (L.) Schott,20,94,-,농진청('96)
1224,F1860000000a,채소류,채소,"토마토, 생것","Tomato, Raw",Solanum lycopersicum L.,19,94.2,321,농진청('21)
1225,F1860000009c,채소류,채소,"토마토, 데친것","Tomato, Blanched",Solanum lycopersicum L.,18,94.4,302,농진청('21)
1226,F1860040000a,채소류,채소,"토마토, 대저, 생것","Tomato, Daejeo, Raw",Solanum lycopersicum L.,23,92.9,390,농진청('21)
1227,F1860040009c,채소류,채소,"토마토, 대저, 데친것","Tomato, Daejeo, Blanched",Solanum lycopersicum L.,26,92,406,농진청('21)
3582,F1860050000a,채소류,채소,"토마토, 대추 방울토마토, 생것","Tomato, Grape tomato, Raw",Solanum lycopersicum var. cerasiforme,28,91.5,459,농진청('21)
3583,F1860050009c,채소류,채소,"토마토, 대추 방울토마토, 데친것","Tomato, Grape tomato, Blanched",Solanum lycopersicum var. cerasiforme,29,91.2,478,농진청('21)
1228,F1860010000a,채소류,채소,"토마토, 방울토마토, 생것","Tomato, Cherry tomato, Raw",Solanum lycopersicum var. cerasiforme,25,92.4,419,농진청('21)
3584,F1860010009c,채소류,채소,"토마토, 방울토마토, 데친것","Tomato, Cherry tomato, Blanched",Solanum lycopersicum var. cerasiforme,27,91.8,456,농진청('21)
1229,F1860020000a,채소류,채소,"토마토, 유기재배, 생것","Tomato, Organic cultivated, Raw",Solanum lycopersicum L.,17,94.6,-,농진청('07)
1230,F1860030000a,채소류,채소,"토마토, 흑토마토, 생것","Tomato, Black tomato, Raw",Solanum lycopersicum L.,22,93.3,508,농진청('21)
1231,F1860030009c,채소류,채소,"토마토, 흑토마토, 데친것","Tomato, Black tomato, Blanched",Solanum lycopersicum L.,21,93.5,493,농진청('21)
1232,F1870002299a,채소류,채소,토마토 음료,Tomato beverage,,40,88.4,148,농진청('15)
3585,F2460000009a,채소류,채소,토마토 주스,Tomato juice,,37,88.8,244,농진청('22)
3586,F2470000009a,채소류,채소,토마토 착즙,"Tomato, Directly expressed juice",,13,95.8,214,농진청('24)
1233,F186000000Ra,채소류,채소,"토마토, 통조림","Tomato, Canned",,21,93.3,570,JAPAN('20)
1234,F1880000009a,채소류,채소,"토마토, 통조림, 페이스트","Tomato, Canned, Paste",,98,73.5,1124,농진청('15)
1235,F189000000Ra,채소류,채소,"토마토, 통조림, 퓌레","Tomato, Canned, Puree",,44,86.9,630,JAPAN('20)
1236,F1900000000a,채소류,채소,"토스카노(잎브로콜리), 생것","Toscano leaf, Raw",Brassica oleracea var. botrytis aut italiana L.,29,90.4,3088,농진청('22)
1237,F1910000000a,채소류,채소,"파, 생것","Welsh onion, Raw",,29,91.4,8,농진청('07)
1238,F1910010000a,채소류,채소,"파, 골파, 생것","Welsh onion, Chive, Raw",Allium schoenoprasum L.,29,91,12,농진청('10)
1240,F1910030000a,채소류,채소,"파, 쪽파, 생것","Welsh onion, Shallot, Raw",Allium ascalonicum L.,26,91.6,1176,농진청('23)
3498,F1910030009b,채소류,채소,"파, 쪽파, 삶은것","Welsh onion, Shallot, Boiled",Allium ascalonicum L.,31,90.2,1166,농진청('23)
1241,F1910040000a,채소류,채소,"파, 대파, 생것","Welsh onion, Spring onion, Raw",Allium fistulosum L.,23,92.8,277,농진청('16)
1242,F1920000000a,채소류,채소,"파드득나물(삼엽채), 생것","East Asian wildparsley, Raw",Cryptotaenia japonica Hassk,25,90.8,1458,농진청('99)
1243,F1930000000a,채소류,채소,"파슬리, 생것","Parsley, Raw",Petroselinum crispum (Mill.) Nyman,20,92.6,933,농진청('21)
1244,F194000C010a,채소류,채소,"파프리카, 노란색, 생것","Paprika, Yellow, Raw",Capsicum annuum L.,22,93.5,161,농진청('21)
1245,F194000C010b,채소류,채소,"파프리카, 노란색, 데친것","Paprika, Yellow, Blanched",Capsicum annuum L.,21,93.7,156,농진청('21)
3587,F194000C010e,채소류,채소,"파프리카, 노란색, 찐것","Paprika, Yellow, Steamed",Capsicum annuum L.,18,94.6,134,농진청('21)
1246,F194000C020a,채소류,채소,"파프리카, 빨간색, 생것","Paprika, Red, Raw",Capsicum annuum L.,23,93,338,농진청('21)
1247,F194000C020b,채소류,채소,"파프리카, 빨간색, 데친것","Paprika, Red, Blanched",Capsicum annuum L.,24,92.7,311,농진청('21)
3588,F194000C020e,채소류,채소,"파프리카, 빨간색, 찐것","Paprika, Red, Steamed",Capsicum annuum L.,20,93.8,297,농진청('21)
3589,F248000C029a,채소류,채소,"파프리카 착즙, 빨간색","Paprika, Red, Directly expressed juice",,18,94.3,275,농진청('24)
1248,F194000C040a,채소류,채소,"파프리카, 주황색, 생것","Paprika, Orange, Raw",Capsicum annuum L.,21,93.5,301,농진청('21)
1249,F194000C040b,채소류,채소,"파프리카, 주황색, 데친것","Paprika, Orange, Blanched",Capsicum annuum L.,23,93,327,농진청('21)
3590,F194000C040e,채소류,채소,"파프리카, 주황색, 찐것","Paprika, Orange, Steamed",Capsicum annuum L.,20,93.8,290,농진청('21)
3591,F194000C050a,채소류,채소,"파프리카, 초록색, 생것","Paprika, Green, Raw",Capsicum annuum L.,20,94,149,농진청('24)
3592,F194000C050b,채소류,채소,"파프리카, 초록색, 데친것","Paprika, Green, Blanched",Capsicum annuum L.,21,93.7,154,농진청('24)
1250,F194002C010a,채소류,채소,"미니파프리카, 노란색, 생것","Paprika, Small sized, Raon yellow, Raw",Capsicum annuum L.,37,89.1,271,농진청('21)
1251,F194003C020a,채소류,채소,"미니파프리카, 빨간색, 생것","Paprika, Small sized, Raon red, Raw",Capsicum annuum L.,37,89,532,농진청('21)
1252,F194004C040a,채소류,채소,"미니파프리카, 주황색, 생것","Paprika, Small sized, Raon orange, Raw",Capsicum annuum L.,35,89.5,486,농진청('21)
1253,F196000C020a,채소류,채소,"피망, 빨간색, 생것","Sweet pepper(Pimang), Red, Raw",Capsicum annuum L.,28,91.2,918,농진청('13)
1254,F196000C029c,채소류,채소,"피망, 빨간색, 데친것","Sweet pepper(Pimang), Red, Blanched",Capsicum annuum L.,33,89.8,1329,농진청('13)
1255,F196000C050a,채소류,채소,"피망, 초록색, 생것","Sweet pepper(Pimang), Green, Raw",Capsicum annuum L.,22,93.2,198,농진청('13)
1256,F196000C059c,채소류,채소,"피망, 초록색, 데친것","Sweet pepper(Pimang), Green, Blanched",Capsicum annuum L.,23,92.9,351,농진청('13)
1257,F233000000Ra,채소류,채소,"할라페뇨, 통조림","Pepper, Jalapeno, Canned, Solid and liquid",,27,88.89,968,USDA('18)
1260,F198000B140a,채소류,채소,"호박, 잎, 생것","Pumpkin(Hobak), Young leaf, Raw",Cucurbita moschata Duchesne,45,84.1,5053,농진청('15)
1261,F198000B149c,채소류,채소,"호박, 잎, 데친것","Pumpkin(Hobak), Young leaf, Blanched",Cucurbita moschata Duchesne,32,89.1,3630,농진청('15)
1262,F198000B149e,채소류,채소,"호박, 잎, 찐것","Pumpkin(Hobak), Young leaf, Steamed",Cucurbita moschata Duchesne,49,83.2,5589,농진청('15)
1263,F1980020000a,채소류,채소,"호박, 국수호박, 생것","Pumpkin, Spaghetti squash, Raw",Cucurbita pepo L.,18,94.2,-,농진청('10)
1264,F1980020009c,채소류,채소,"호박, 국수호박, 데친것","Pumpkin, Spaghetti squash, Blanched",Cucurbita pepo L.,16,95.1,2,농진청('10)
1265,F1980030000a,채소류,채소,"호박, 늙은호박, 생것","Pumpkin, Ripe, Raw",Cucurbita moschata Duchesne,38,89.7,853,농진청('19)
1266,F1980030009c,채소류,채소,"호박, 늙은호박, 데친것","Pumpkin, Ripe, Blanched",Cucurbita moschata Duchesne,30,90.3,7077,농진청('02)
1267,F1980030009b,채소류,채소,"호박, 늙은호박, 삶은것","Pumpkin, Ripe, Boiled",Cucurbita moschata Duchesne,24,93.7,1654,농진청('19)
1268,F1980030009e,채소류,채소,"호박, 늙은호박, 찐것","Pumpkin, Ripe, Steamed",Cucurbita moschata Duchesne,40,89.1,1289,농진청('19)
1269,F1990010001a,채소류,채소,"호박, 늙은호박, 말린것","Pumpkin, Ripe, Dried",Cucurbita moschata Duchesne,333,10.7,6170,농진청('19)
1270,F1980040000a,채소류,채소,"호박, 단호박, 생것","Pumpkin, Kabocha squash, Raw",Cucurbita maxima Duchesne,57,83.6,3670,농진청('15)
1271,F1980040009c,채소류,채소,"호박, 단호박, 데친것","Pumpkin, Kabocha squash, Blanched",Cucurbita maxima Duchesne,30,90.3,7077,농진청('02)
1272,F1980040009e,채소류,채소,"호박, 단호박, 찐것","Pumpkin, Kabocha squash, Steamed",Cucurbita maxima Duchesne,66,81,4783,농진청('15)
1273,F1980050000a,채소류,채소,"호박, 애호박, 생것","Pumpkin, Young, Raw",Cucurbita moschata,22,93.1,270,농진청('15)
1274,F1980050009c,채소류,채소,"호박, 애호박, 데친것","Pumpkin, Young, Blanched",Cucurbita moschata,21,93.4,320,농진청('15)
1275,F1980050001a,채소류,채소,"호박, 애호박, 말린것","Pumpkin, Young, Dried",Cucurbita moschata,284,9.2,3287,농진청('15)
1276,F1980050001c,채소류,채소,"호박, 애호박, 말린것, 데친것","Pumpkin, Young, Dried, Blanched",Cucurbita moschata,31,90.5,616,농진청('15)
1277,F1980060000a,채소류,채소,"호박, 쥬키니, 생것","Pumpkin, Zucchini, Raw",Cucurbita pepo L.,23,92.9,433,농진청('20)
1278,F1980060009c,채소류,채소,"호박, 쥬키니, 데친것","Pumpkin, Zucchini, Blanched",Cucurbita pepo L.,11,96.1,-,농진청('10)
3303,F1980060009b,채소류,채소,"호박, 쥬키니, 삶은것","Pumpkin, Zucchini, Boiled",Cucurbita pepo L.,12,96.2,229,농진청('20)
1279,F198007C050a,채소류,채소,"호박, 차요테, 초록색, 생것","Chayote, Green, Raw",Sechium edule (Jacq.) Swartz.,21,94.3,3,농진청('15)
1280,F198007C070a,채소류,채소,"호박, 차요테, 하얀색, 생것","Chayote, White, Raw",Sechium edule (Jacq.) Swartz.,19,94.4,0,농진청('15)
1281,F2150000759a,채소류,채소,호박즙,"Pumpkin juice, Retort pouched",,21,93.9,8,농진청('16)
1282,F2030000000a,채소류,채소,"화살나무(홑잎), 순, 생것","Burning bush spindletree(Hotnimnamul), Leaf bud, Raw",Euonymus alatus (Thunb.) Siebold,96,71.3,6305,농진청('15)
1283,F2030000009c,채소류,채소,"화살나무(홑잎), 순, 데친것","Burning bush spindletree(Hotnimnamul), Leaf bud, Blanched",Euonymus alatus (Thunb.) Siebold,78,76.9,4567,농진청('15)
1284,G0010000000a,버섯류,버섯,"검은비늘버섯, 생것","Mushroom, Geomeunbineul-beoseot, Raw",Pholiota adiposa (Batsch) P. Kumm.,13,93.2,8,농진청('06)
1285,G0010000001a,버섯류,버섯,"검은비늘버섯, 말린것","Mushroom, Geomeunbineul-beoseot, Dried",Pholiota adiposa (Batsch) P. Kumm.,177,10.6,0,농진청('88)
1286,G0310000000a,버섯류,버섯,"꽃송이버섯, 생것","Cauliflower Mushroom, Raw",Sparassis crispa,19,90.9,0,농진청('19)
1287,G0310000009c,버섯류,버섯,"꽃송이버섯, 데친것","Cauliflower Mushroom, Blanched",Sparassis crispa,22,89.5,0,농진청('19)
1288,G0310000001a,버섯류,버섯,"꽃송이버섯, 말린것","Cauliflower Mushroom, Dried",Sparassis crispa,182,8.6,0,농진청('19)
3304,G031000000Xa,버섯류,버섯,"꽃송이버섯, 말린것(자연건조)","Cauliflower Mushroom, Sun-dried",Sparassis crispa,173,10.7,0,농진청('22)
1289,G0020000000a,버섯류,버섯,"나도팽나무버섯, 생것","Mushroom, Nadopangnamu-beoseot, Raw",Pholiota nameko,16,91.2,0,농진청('08)
1290,G0020000001a,버섯류,버섯,"나도팽나무버섯, 말린것","Mushroom, Nadopangnamu-beoseot, Dried",Pholiota nameko,182,3.4,0,농진청('08)
1291,G0030000000a,버섯류,버섯,"노루궁뎅이버섯, 생것","Mushroom, Norugungdengi-beoseot, Raw",Hericium erinaceum,13,93.3,0,농진청('18)
1292,G0030000009c,버섯류,버섯,"노루궁뎅이버섯, 데친것","Mushroom, Norugungdengi-beoseot, Blanched",Hericium erinaceum,18,90.9,0,농진청('18)
1293,G0030000001a,버섯류,버섯,"노루궁뎅이버섯, 말린것","Mushroom, Norugungdengi-beoseot, Dried",Hericium erinaceum,179,3.9,25,농진청('08)
1294,G0040000000a,버섯류,버섯,"느타리버섯, 생것","Oyster mushroom(Neutari-beouseot), Raw",Pleurotus ostreatus,15,91.9,0,농진청('19)
1295,G0040000009c,버섯류,버섯,"느타리버섯, 데친것","Oyster mushroom(Neutari-beouseot), Blanched",Pleurotus ostreatus,21,89.4,0,농진청('19)
1296,G0040000001a,버섯류,버섯,"느타리버섯, 말린것","Oyster mushroom(Neutari-beouseot), Dried",Pleurotus ostreatus,189,4.1,0,농진청('18)
1297,G004000000Xa,버섯류,버섯,"느타리버섯, 말린것(자연건조)","Oyster mushroom(Neutari-beouseot), Sun-dried",Pleurotus ostreatus,182,6.3,0,농진청('18)
1298,G0040010000a,버섯류,버섯,"느타리버섯, 노랑느타리버섯, 생것","Gold oyster mushroom, Raw",Pleurotus cornucopiae var. citrinopileatus,16,91.5,0,농진청('07)
1299,G0040020000a,버섯류,버섯,"느타리버섯, 분홍느타리버섯, 생것","Pink oyster mushroom, Raw",Pleurotus salmoneostramineus,24,87,0,농진청('07)
1300,G0040030000a,버섯류,버섯,"느타리버섯, 여름느타리버섯, 생것","Oyster mushroom, Yeoreumneutari-beoseot, Raw",Pleurotus sajor-caju,21,88.8,0,농진청('07)
1301,G0200000000a,버섯류,버섯,"느타리버섯, 율무느타리버섯, 생것","Oyster mushroom, Yulmuneutari-beoseot, Cultivated in cotton wastes and job's tears straw, Raw",Pleurotus ostreatus,21,89,0,농진청('04)
1302,G0040040000a,버섯류,버섯,"느타리버섯, 참타리버섯, 생것","Oyster mushroom, Chamtari-beoseot, Raw",Pleurotus ostreatus,16,91.4,0,농진청('06)
1303,G0040040009c,버섯류,버섯,"느타리버섯, 참타리버섯, 데친것","Oyster mushroom, Chamtari-beoseot, Blanched",Pleurotus ostreatus,20,89.5,3,농진청('06)
1304,G0040050000a,버섯류,버섯,"느타리버섯, 청느타리버섯, 생것","Oyster mushroom, Cheongneutari-beoseot, Raw",Pleurotus ostreatus,18,90.2,0,농진청('07)
1305,G0050000000a,버섯류,버섯,"능이버섯(향버섯), 생것","Mushroom, Imbricated hydnum, Raw",Sarcodon asparatus,17,91,23,농진청('11)
1306,G0060010000a,버섯류,버섯,"동충하초, 누에동충하초, 생것","Mushroom, Nuedongchunghacho, Raw",Paecilomyces japonica,27,86.3,0,농진청('18)
1307,G0060010001a,버섯류,버섯,"동충하초, 누에동충하초, 말린것","Mushroom, Nuedongchunghacho, Dried",Paecilomyces japonica,133,7,-,농진청('00)
1308,G0070000000a,버섯류,버섯,"만가닥버섯, 생것","Beech mushroom(Mangadak-beoseot), Raw",Lyopyllum ulmarium,19,89.9,0,농진청('19)
1309,G0070000009c,버섯류,버섯,"만가닥버섯, 데친것","Beech mushroom(Mangadak-beoseot), Blanched",Lyopyllum ulmarium,19,90.1,0,농진청('19)
1310,G0080000000a,버섯류,버섯,"목이버섯, 생것","Wood ear mushroom(Moki-beoseot), Raw",Auricularia auricula-judae (Bull.) Wettst,13,93.6,0,농진청('19)
1311,G0080000009c,버섯류,버섯,"목이버섯, 데친것","Wood ear mushroom(Moki-beoseot), Blanched",Auricularia auricula-judae (Bull.) Wettst,13,93.5,0,농진청('19)
1312,G0080000001a,버섯류,버섯,"목이버섯, 말린것","Wood ear mushroom(Moki-beoseot), Dried",Auricularia auricula-judae (Bull.) Wettst,169,12.9,0,농진청('19)
1313,G008000000Xa,버섯류,버섯,"목이버섯, 말린것(자연건조)","Wood ear mushroom(Moki-beoseot), Sun-dried",Auricularia auricula-judae (Bull.) Wettst,183,6.7,0,농진청('19)
1314,G0080010000a,버섯류,버섯,"목이버섯, 흰백목이, 생것","Wood ear mushroom(Moki-beoseot), White, Raw",Tremella fuciformis,28,85.6,0,농진청('19)
1315,G0080010009c,버섯류,버섯,"목이버섯, 흰백목이, 데친것","Wood ear mushroom(Moki-beoseot), White, Blanched",Tremella fuciformis,18,91.2,0,농진청('19)
1316,G0090000000a,버섯류,버섯,"밤버섯, 생것","Mushroom, Bam-beoseot, Raw",Calocybe gambosa (Fr.) Sing,17,91.7,0,국('77)
1317,G0100000000a,버섯류,버섯,"버들송이버섯, 생것","Mushroom, Beodeulsongi-beoseot, Raw",Agrocybe cylindracea (DC. ex Fr.) Maire,20,88.4,0,농진청('00)
1318,G0100000641a,버섯류,버섯,"버들송이버섯, 갓, 말린것","Mushroom, Beodeulsongi-beoseot, Cap, Dried",Agrocybe cylindracea (DC. ex Fr.) Maire,191,3.9,0,농진청('88)
1319,G010000B161a,버섯류,버섯,"버들송이버섯, 줄기, 말린것","Mushroom, Beodeulsongi-beoseot, Stem, Dried",Agrocybe cylindracea (DC. ex Fr.) Maire,183,7.6,0,농진청('88)
1320,G0110010641a,버섯류,버섯,"뽕나무버섯, 야생, 갓, 말린것","Mulberry tree mushroom, Wild, Cap, Dried",Armillariella mellea,195,3.3,0,농진청('92)
1321,G011001B161a,버섯류,버섯,"뽕나무버섯, 야생, 줄기, 말린것","Mulberry tree mushroom, Wild, Stem, Dried",Armillariella mellea,180,3.3,0,농진청('92)
1322,G0110020641a,버섯류,버섯,"뽕나무버섯, 재배, 갓, 말린것","Mulberry tree mushroom, Cultivated, Cap, Dried",Armillariella mellea,192,2.8,0,농진청('92)
1323,G011002B161a,버섯류,버섯,"뽕나무버섯, 재배, 줄기, 말린것","Mulberry tree mushroom, Cultivated, Stem, Dried",Armillariella mellea,182,4.4,0,농진청('92)
1324,G0120000001a,버섯류,버섯,"상황버섯, 말린것","Mushroom, Sanghwang-beoseot, Dried",Phellinus linteus,179,9.4,31,농진청('13)
1325,G012000000Na,버섯류,버섯,"상황버섯, 추출","Mushroom, Sanghwang-beoseot, Brewed",,3,99.4,0,농진청('19)
1326,G0130000001a,버섯류,버섯,"석이버섯, 말린것","Stone ear mushroom, Dried",Umbilicaria esculenta (Miyoshi) Minks,165,12.9,1185,농진청('15)
1327,G0140000000a,버섯류,버섯,"송이버섯, 생것","Pine mushroom(Songi-beoseot), Raw",Tricholoma matsutake (S.Ito & S. Imai) Singer,21,89,0,농진청('16)
1328,G0140000009c,버섯류,버섯,"송이버섯, 데친것","Pine mushroom(Songi-beoseot), Blanched",Tricholoma matsutake (S.Ito & S. Imai) Singer,22,88.4,0,농진청('16)
1329,G0150000000a,버섯류,버섯,"싸리버섯, 생것","Cauliflower coral mushroom, Raw",Ramaria botrytis (Fr.) Rick,20,90.1,0,국('88)
1330,G0150000001a,버섯류,버섯,"싸리버섯, 말린것","Cauliflower coral mushroom, Dried",Ramaria botrytis (Fr.) Rick,179,10.3,0,식약('96)
1331,G0160000000a,버섯류,버섯,"아위버섯, 생것","Mushroom, Awi-beoseot, Raw",Pleurotus ferulae,26,86.8,4,농진청('18)
1332,G0160000009c,버섯류,버섯,"아위버섯, 데친것","Mushroom, Awi-beoseot, Blanched",Pleurotus ferulae,27,86.7,4,농진청('18)
1333,G0170000000a,버섯류,버섯,"애느타리버섯, 생것","Ae-neutari-beoseot, Raw",Pleuropus ostreatus,16,91.4,0,농진청('93)
1334,G0180000000a,버섯류,버섯,"양송이버섯, 생것","Button mushroom(Yangsongi-beoseot), White, Raw",Agaricus bisporus (Lge.) Sing.,15,91.9,0,농진청('19)
1335,G0180000009c,버섯류,버섯,"양송이버섯, 데친것","Button mushroom(Yangsongi-beoseot), White, Blanched",Agaricus bisporus (Lge.) Sing.,15,92.1,0,농진청('19)
3305,G0180000001a,버섯류,버섯,"양송이버섯, 말린것","Button mushroom(Yangsongi-beoseot), White, Dried",Agaricus bisporus (Lge.) Sing.,180,5.1,0,농진청('22)
1336,G018000000Xa,버섯류,버섯,"양송이버섯, 말린것(자연건조)","Button mushroom(Yangsongi-beoseot), White, Sun-dried",Agaricus bisporus (Lge.) Sing.,166,9.7,0,농진청('19)
1337,G0180000005a,버섯류,버섯,"양송이버섯, 가루","Button mushroom(Yangsongi-beoseot), Powder",Agaricus bisporus (Lge.) Sing.,176,6,14,농진청('15)
1338,G018000000Ra,버섯류,버섯,"양송이버섯, 통조림","Button mushroom(Yangsongi-beoseot), Canned",,17,90.9,2,농진청('15)
1339,G0180010000a,버섯류,버섯,"양송이버섯, 갈색양송이, 생것","Button mushroom(Yangsongi-beoseot), Brown, Raw",Agaricus bisporus (Lge.) Sing.,15,91.9,0,농진청('19)
1340,G0180010009c,버섯류,버섯,"양송이버섯, 갈색양송이, 데친것","Button mushroom(Yangsongi-beoseot), Brown, Blanched",Agaricus bisporus (Lge.) Sing.,14,92.4,0,농진청('19)
1341,G0190000001a,버섯류,버섯,"영지버섯, 말린것","Mushroom, Yeongji-beoseot, Dried",Ganoderma lucidum,187,7.1,25,농진청('15)
1342,G019000000Na,버섯류,버섯,"영지버섯, 추출","Mushroom, Yeongji-beoseot, Brewed",,0,99.9,0,농진청('19)
1343,G0210000000a,버섯류,버섯,"잎새버섯, 생것","Mushroom, Ipsae-beoseot, Raw",Grifola frondosa,13,93.3,0,농진청('19)
1344,G0210000009c,버섯류,버섯,"잎새버섯, 데친것","Mushroom, Ipsae-beoseot, Blanched",Grifola frondosa,16,92.1,0,농진청('19)
1345,G0230000000a,버섯류,버섯,"큰느타리버섯(새송이버섯), 생것","King oyster mushroom(Keunneutari-beoseot), Raw",Pleurotus eryngii,20,89.6,0,농진청('23)
1346,G0230000009c,버섯류,버섯,"큰느타리버섯(새송이버섯), 데친것","King oyster mushroom(Keunneutari-beoseot), Blanched",Pleurotus eryngii,21,89.1,0,농진청('23)
3499,G0230000009g,버섯류,버섯,"큰느타리버섯(새송이버섯), 구운것(팬)","King oyster mushroom(Keunneutari-beoseot), Pan-broiled",Pleurotus eryngii,28,85.2,0,농진청('23)
1347,G0230000001a,버섯류,버섯,"큰느타리버섯(새송이버섯), 말린것","King oyster mushroom(Keunneutari-beoseot), Dried",Pleurotus eryngii,179,6.1,0,농진청('19)
1348,G023000000Xa,버섯류,버섯,"큰느타리버섯(새송이버섯), 말린것(자연건조)","King oyster mushroom(Keunneutari-beoseot), Sun-dried",Pleurotus eryngii,171,9.6,0,농진청('19)
1349,G0230000005a,버섯류,버섯,"큰느타리버섯(새송이버섯), 가루","King oyster mushroom(Keunneutari-beoseot), Powder",Pleurotus eryngii,184,4.8,0,농진청('15)
1350,G0250040000a,버섯류,버섯,"팽이버섯, 생것","Winter mushroom(Paengi-beoseot), Raw",Flammulina velutipes Sing.,21,89,0,농진청('23)
1351,G0250040009c,버섯류,버섯,"팽이버섯, 데친것","Winter mushroom(Paengi-beoseot), Blanched",Flammulina velutipes Sing.,21,89.7,0,농진청('23)
3500,G0250040009g,버섯류,버섯,"팽이버섯, 구운것(팬)","Winter mushroom(Paengi-beoseot), Pan-broiled",Flammulina velutipes Sing.,29,85.5,0,농진청('23)
1355,G0250050000a,버섯류,버섯,"팽이버섯, 갈색팽이, 생것","Winter mushroom(Paengi-beoseot), Brown, Raw",Flammulina velutipes Sing.,21,89.2,0,농진청('19)
1356,G0250050009c,버섯류,버섯,"팽이버섯, 갈색팽이, 데친것","Winter mushroom(Paengi-beoseot), Brown, Blanched",Flammulina velutipes Sing.,21,89.1,0,농진청('19)
1357,G0260000000a,버섯류,버섯,"포타벨라, 생것","Portabella, Raw",Agaricus bisporus (Lge.) Sing.,16,91.1,0,농진청('09)
1358,G027000B010a,버섯류,버섯,"표고버섯, 배지재배, 생것","Oak mushroom(Pyogo-beoseot), On the growing medium, Raw",Lentinus edodes (Berk.) Sing.,22,88.8,0,농진청('23)
1359,G027000B019c,버섯류,버섯,"표고버섯, 배지재배, 데친것","Oak mushroom(Pyogo-beoseot), On the growing medium, Blanched",Lentinus edodes (Berk.) Sing.,20,89.6,0,농진청('23)
3501,G027000B019g,버섯류,버섯,"표고버섯, 배지재배, 구운것(팬)","Oak mushroom(Pyogo-beoseot), On the growing medium, Pan-broiled",Lentinus edodes (Berk.) Sing.,25,87.6,0,농진청('23)
1360,G027000B011a,버섯류,버섯,"표고버섯, 배지재배, 말린것","Oak mushroom(Pyogo-beoseot), On the growing medium, Dried",Lentinus edodes (Berk.) Sing.,180,8.3,0,농진청('23)
1361,G027000B01Xa,버섯류,버섯,"표고버섯, 배지재배, 말린것(자연건조)","Oak mushroom(Pyogo-beoseot), On the growing medium, Sun-dried",Lentinus edodes (Berk.) Sing.,174,9.7,0,농진청('19)
1362,G027000B011b,버섯류,버섯,"표고버섯, 배지재배, 말린것, 삶은것","Oak mushroom(Pyogo-beoseot), On the growing medium, Dried, Boiled",Lentinus edodes (Berk.) Sing.,27,86.7,0,농진청('23)
1363,G0270000640a,버섯류,버섯,"표고버섯, 배지재배, 갓, 생것","Oak mushroom(Pyogo-beoseot), On the growing medium, Cap, Raw",Lentinus edodes (Berk.) Sing.,26,86.2,0,농진청('15)
1364,G0270000649c,버섯류,버섯,"표고버섯, 배지재배, 갓, 데친것","Oak mushroom(Pyogo-beoseot), On the growing medium, Cap, Blanched",Lentinus edodes (Berk.) Sing.,21,89.4,0,농진청('15)
1365,G0270000641a,버섯류,버섯,"표고버섯, 배지재배, 갓, 말린것","Oak mushroom(Pyogo-beoseot), On the growing medium, Cap, Dried",Lentinus edodes (Berk.) Sing.,183,6.4,21,농진청('15)
1366,G0270000641b,버섯류,버섯,"표고버섯, 배지재배, 갓, 말린것, 삶은것","Oak mushroom(Pyogo-beoseot), On the growing medium, Cap, Dried, Boiled",Lentinus edodes (Berk.) Sing.,24,88.2,2,농진청('15)
1367,G0270000700a,버섯류,버섯,"표고버섯, 배지재배, 대, 생것","Oak mushroom(Pyogo-beoseot), On the growing medium, Stem, Raw",Lentinus edodes (Berk.) Sing.,39,80,0,농진청('15)
1368,G0270000709c,버섯류,버섯,"표고버섯, 배지재배, 대, 데친것","Oak mushroom(Pyogo-beoseot), On the growing medium, Stem, Blanched",Lentinus edodes (Berk.) Sing.,32,83.4,0,농진청('15)
1369,G0270000701a,버섯류,버섯,"표고버섯, 배지재배, 대, 말린것","Oak mushroom(Pyogo-beoseot), On the growing medium, Stem, Dried",Lentinus edodes (Berk.) Sing.,180,7.3,10,농진청('15)
1370,G0270000701b,버섯류,버섯,"표고버섯, 배지재배, 대, 말린것, 삶은것","Oak mushroom(Pyogo-beoseot), On the growing medium, Stem, Dried, Boiled",Lentinus edodes (Berk.) Sing.,31,84.7,2,농진청('15)
1371,G0270020000a,버섯류,버섯,"표고버섯, 참나무재배, 생것","Oak mushroom(Pyogo-beoseot), On tree logs, Raw",Lentinus edodes (Berk.) Sing.,18,90.8,0,농진청('96)
1372,G0270020009c,버섯류,버섯,"표고버섯, 참나무재배, 데친것","Oak mushroom(Pyogo-beoseot), On tree logs, Blanched",Lentinus edodes (Berk.) Sing.,18,90.5,0,농진청('96)
1373,G0270020001a,버섯류,버섯,"표고버섯, 참나무재배, 말린것","Oak mushroom(Pyogo-beoseot), On tree logs, Dried",Lentinus edodes (Berk.) Sing.,178,10.6,0,농진청('96)
1374,G0270000001b,버섯류,버섯,"표고버섯, 참나무재배, 말린것, 삶은것","Oak mushroom(Pyogo-beoseot), On tree logs, Dried, Boiled",Lentinus edodes (Berk.) Sing.,35,82.4,0,농진청('96)
1375,G0270000005a,버섯류,버섯,"표고버섯, 가루","Oak mushroom(Pyogo-beoseot), Powder",Lentinus edodes (Berk.) Sing.,186,5.5,20,농진청('15)
1376,G0280000000a,버섯류,버섯,"풀버섯, 생것","Straw mushroom, Raw",Volvariella volvacea,15,91.9,0,농진청('09)
1378,H0010010000a,과일류,과일,"감, 단감, 생것","Persimmon(Gam), Hard, Raw",Diospyros kaki Thunb.,57,84.1,72,농진청('23)
3502,H0010050000a,과일류,과일,"감, 단감, 부유, 생것","Persimmon(Gam), Hard, Buyu, Raw",Diospyros kaki Thunb.,56,84.2,88,농진청('23)
3503,H0010060000a,과일류,과일,"감, 단감, 서촌조생, 생것","Persimmon(Gam), Hard, Seochonjosaeng, Raw",Diospyros kaki Thunb.,62,82.5,125,농진청('22)
3504,H0010070000a,과일류,과일,"감, 단감, 차랑, 생것","Persimmon(Gam), Hard, Charang, Raw",Diospyros kaki Thunb.,57,84,41,농진청('22)
3505,H0010080000a,과일류,과일,"감, 단감, 태추, 생것","Persimmon(Gam), Hard, Taichu, Raw",Diospyros kaki Thunb.,52,85.5,36,농진청('22)
1379,H0020010009a,과일류,과일,"감, 단감, 잼","Persimmon, Hard, Jam",Diospyros kaki Thunb.,225,42.8,-,농진청('02)
1383,H0010040000a,과일류,과일,"감, 떫은감, 연시, 생것","Persimmon(Gam), Soft, Raw",Diospyros kaki Thunb.,69,80.6,284,농진청('23)
1380,H0010020000a,과일류,과일,"감, 떫은감, 연시, 갑주백목(대봉), 생것","Persimmon(Gam), Soft, Gapjubaekmok, Raw",Diospyros kaki Thunb.,68,80.8,330,농진청('23)
3506,H0010090000a,과일류,과일,"감, 떫은감, 연시, 월하시, 생것","Persimmon(Gam), Soft, Wolhasi, Raw",Diospyros kaki Thunb.,76,78.5,183,농진청('23)
3507,H0010100000a,과일류,과일,"감, 떫은감, 연시, 청도반시, 생것","Persimmon(Gam), Soft, Cheongdobansi, Raw",Diospyros kaki Thunb.,62,82.5,338,농진청('21)
1384,H0010040007a,과일류,과일,"감, 떫은감, 연시, 냉동","Persimmon(Gam), Soft, Frozen",Diospyros kaki Thunb.,66,81.2,269,농진청('16)
1385,H0050000001a,과일류,과일,"감, 떫은감, 감말랭이","Persimmon, Semi-dried, Sliced",Diospyros kaki Thunb.,236,33.2,396,농진청('22)
3508,H0050010001a,과일류,과일,"감, 떫은감, 감말랭이, 갑주백목","Persimmon, Semi-dried, Sliced, Gapjubaekmok",Diospyros kaki Thunb.,255,27.9,407,농진청('15)
3509,H0050020001a,과일류,과일,"감, 떫은감, 감말랭이, 청도반시","Persimmon, Semi-dried, Sliced, Cheongdobansi",Diospyros kaki Thunb.,217,38.5,385,농진청('22)
1386,H0060000001a,과일류,과일,"감, 떫은감, 곶감, 반건시","Persimmon, Dried",Diospyros kaki Thunb.,219,38.1,232,농진청('15)
1387,H0040000009a,과일류,과일,감 주스,Persimmon juice,,51,85.6,57,농진청('23)
1388,H1200010000a,과일류,과일,"구기자, 열매, 재래종, 생것","Goji berry, Fruit, Native, Raw",Lycium chinense Mill.,69,82.2,99,농진청('15)
1389,H0070000000a,과일류,과일,"구아바, 생것","Guava, Raw",Psidium guajava L.,33,88.9,580,JAPAN('20)
1390,H0080000729a,과일류,과일,"구아바, 넥타, 과육 20%","Guava, Nectar, With 20% fruit flesh",,49,87.4,24,JAPAN('20)
1391,H0090000739a,과일류,과일,"구아바 주스, 과즙 음료(10%)","Guava juice, Fruit juice drink(10%)",,50,87.4,10,JAPAN('20)
1392,H1170000000a,과일류,과일,"구스베리, 생것","Gooseberry, Raw",Ribes grossularia L.,51,85.2,120,JAPAN('20)
1393,H0100140000a,과일류,과일,"귤, 만감류, 레드향, 생것","Tangor, Redhyang, Raw",Citrus hybrid,48,86.7,20,농진청('19)
1394,H0100160000a,과일류,과일,"귤, 만감류, 신예감, 생것","Tangor, Sinyegam, Raw",Citrus hybrid,34,90.9,13,농진청('19)
1395,H0100060000a,과일류,과일,"귤, 만감류, 천혜향, 생것","Tangor, Cheonhyehyang, Raw",Citrus reticulata,41,88.3,203,농진청('19)
1396,H0100010000a,과일류,과일,"귤, 만감류, 한라봉, 생것","Tangor, Hallabong, Raw",Citrus reticulata,50,85.9,38,농진청('19)
1397,H0100150000a,과일류,과일,"귤, 만감류, 황금향, 생것","Tangor, Hwanggeumhyang, Raw",Citrus hybrid,40,88.8,8,농진청('19)
1398,H0100020000a,과일류,과일,"귤, 온주밀감, 생것","Mandarin(Gyul), Raw",Citrus unshiu,39,89.1,52,농진청('19)
1399,H0100070000a,과일류,과일,"귤, 온주밀감, 궁천조생, 노지, 생것","Mandarin(Gyul), Gungcheonjosaeng, Cultivated in open field, Raw",Citrus unshiu,39,89.2,55,농진청('19)
1400,H0100080000a,과일류,과일,"귤, 온주밀감, 궁천조생, 하우스, 생것","Mandarin(Gyul), Gungcheonjosaeng, Cultivated in green house, Raw",Citrus unshiu,42,88.2,51,농진청('18)
1401,H0100090000a,과일류,과일,"귤, 온주밀감, 유라조생, 하우스, 생것","Mandarin(Gyul), Yurajosaeng, Cultivated in green house, Raw",Citrus unshiu,39,89,34,농진청('18)
1402,H0100100000a,과일류,과일,"귤, 온주밀감, 일남1호, 생것","Mandarin(Gyul), Ilnam1ho, Raw",Citrus unshiu,33,90.8,35,농진청('18)
1403,H0100110000a,과일류,과일,"귤, 온주밀감, 하례조생, 노지, 생것","Mandarin(Gyul), Haryejosaeng, Cultivated in open field, Raw",Citrus unshiu,37,89.7,55,농진청('19)
1404,H0100120000a,과일류,과일,"귤, 온주밀감, 하례조생, 하우스, 생것","Mandarin(Gyul), Haryejosaeng, Cultivated in green house, Raw",Citrus unshiu,44,87.7,57,농진청('18)
1405,H0100130000a,과일류,과일,"귤, 온주밀감, 흥진조생, 생것","Mandarin(Gyul), Gungcheonjosaeng, Raw",Citrus unshiu,40,88.8,74,농진청('19)
1406,H0100030000a,과일류,과일,"귤, 임온주, 생것","Mandarin, Medium-maturing cultivar, Raw",,43,87.8,-,농진청('03)
3306,H1270000009a,과일류,과일,귤 음료,Mandarin beverage,,37,90.8,15,농진청('20)
1407,H0130000759a,과일류,과일,귤 주스,Mandarin juice,,37,89.7,48,농진청('20)
3510,H1290000009a,과일류,과일,귤 착즙,"Mandarin, Directly expressed juice",,35,90.2,53,농진청('24)
1408,H0120000009a,과일류,과일,"귤, 잼","Mandarin, Jam",,289,27.5,88,농진청('22)
1409,H010000E03Ra,과일류,과일,"귤, 통조림","Mandarin, Canned",,58,85.5,101,농진청('22)
1410,H0140000000a,과일류,과일,"금귤, 생것","Kumquat(Geumgyul), Raw",Fortunella japonica var. margarita,73,79.4,35,농진청('14)
1411,H114000B130a,과일류,과일,"꾸지뽕, 열매, 생것","Silkworm thorn, Fruit, Raw",Cudrania tricuspidata (Carr.) Bur. ex Lav.,74,81.3,287,농진청('16)
3593,H114000B137a,과일류,과일,"꾸지뽕, 열매, 냉동","Silkworm thorn, Fruit, Frozen",Cudrania tricuspidata (Carr.) Bur. ex Lav.,78,80.1,235,농진청('24)
1412,H0150000000a,과일류,과일,"다래, 생것","Vine-pear, Raw",Actinidia arguta (Siebold & Zucc.) Planch. ex Miq.,60,84.1,155,농진청('24)
1413,H0160000000a,과일류,과일,"대추, 생것","Jujube(Daechu), Raw",Ziziphus jujuba Mill,105,70.2,25,농진청('14)
1414,H0160000001a,과일류,과일,"대추, 말린것","Jujube(Daechu), Dried",Ziziphus jujuba Mill,276,20.9,42,농진청('14)
1415,H0170000001a,과일류,과일,"대추야자, 말린것","Date, Dried",Phoenix dactylifera L.,277,21.3,89,농진청('22)
1416,H0180000000a,과일류,과일,"두리안, 생것","Durian, Raw",Durio zibethinus L.,140,66.4,36,JAPAN('20)
1417,H0190010000a,과일류,과일,"딸기, 생것","Strawberry(Ttalgi), Raw",Fragaria ananassa,33,90.6,8,농진청('23)
1418,H0190020000a,과일류,과일,"딸기, 설향, 생것","Strawberry(Ttalgi), Seolhyang, Raw",Fragaria ananassa,34,90.4,8,농진청('23)
3511,H0190040000a,과일류,과일,"딸기, 죽향, 생것","Strawberry(Ttalgi), Jukhyang, Raw",Fragaria ananassa,34,90.1,9,농진청('23)
3512,H0190050000a,과일류,과일,"딸기, 킹스베리, 생것","Strawberry(Ttalgi), Kingsberry, Raw",Fragaria ananassa,31,91.1,6,농진청('23)
1420,H0190010001a,과일류,과일,"딸기, 말린것","Strawberry(Ttalgi), Dried",,306,12.5,13,농진청('22)
3594,H1340000009a,과일류,과일,딸기 음료,Strawberry beverage,,47,88.3,0,농진청('25)
3595,H1350000009a,과일류,과일,딸기 주스,Strawberry juice,,42,88.2,3,농진청('25)
1421,H0210000009a,과일류,과일,"딸기, 잼","Strawberry, Jam",,285,28.7,3,농진청('20)
1422,H0220000000a,과일류,과일,"라임, 생것","Lime, Raw",Citrus aurantifolia (Christm) Swingle,30,88.26,30,USDA('18)
1423,H0230000759a,과일류,과일,"라임 주스, 천연과즙","Lime juice, Natural fruit juice",,25,90.79,30,USDA('18)
1424,H023000000Qa,과일류,과일,"라임 주스, 캔","Lime juice, Canned",,21,92.52,10,USDA('18)
1425,H1150000000a,과일류,과일,"라즈베리, 생것","Raspberry, Raw",Rubus strigosus,52,85.75,12,USDA('18)
1426,H1150000007a,과일류,과일,"라즈베리, 냉동","Raspberry, Frozen, Unsweetened",Rubus strigosus,56,85.01,10,USDA('18)
1427,H123000E01Ra,과일류,과일,"람부탄, 통조림","Rambutan, Canned",,88,78.1,0,농진청('24)
1428,H0240000000a,과일류,과일,"레몬, 생것","Lemon, Raw",Citrus limon,36,89.6,3,농진청('14)
3513,H1300000009a,과일류,과일,"레몬, 농축환원과즙","Lemon, Reconstituted juice",,19,92.9,1,농진청('23)
1429,H0250000009a,과일류,과일,레몬 착즙,"Lemon, Directly expressed juice",,18,93.1,0,농진청('23)
1430,H0260000000a,과일류,과일,"롱안, 생것","Longan, Raw",Dimocarpus longan Loureiro,60,82.75,-,USDA('18)
1431,H0260000001a,과일류,과일,"롱안, 말린것","Longan, Dried",Dimocarpus longan Loureiro,286,17.6,-,USDA('18)
1432,H0270000000a,과일류,과일,"리치, 생것","Lychee, Raw",Litchi chinensis Sonn.,61,82.1,0,JAPAN('20)
1433,H0270000007a,과일류,과일,"리치, 냉동","Lychee, Frozen",Litchi chinensis Sonn.,56,84.3,0,농진청('15)
3596,H027000000Ra,과일류,과일,"리치, 통조림","Lychee, Canned",,81,79.7,0,농진청('22)
1434,H1250000000a,과일류,과일,"마가목 열매, 생것","Mountain ash, Fruit, Raw",Sorbus commixta Hedl.,115,70.1,0,농진청('87)
1435,H0280000000a,과일류,과일,"망고, 생것","Mango, Raw",Mangifera indica L.,59,83.5,560,농진청('20)
3597,H028000E011a,과일류,과일,"망고, 말린것, 가당","Mango, Dried, Sweetened",,293,18,2314,농진청('24)
1436,H108000E019a,과일류,과일,망고 음료,Mango beverage,,28,92.2,129,농진청('16)
1437,H0280010000a,과일류,과일,"망고, 애플망고, 생것","Mango, Apple mango, Raw",Mangifera indica 'irwin',52,85.6,278,농진청('20)
1438,H1160000000a,과일류,과일,"망고스틴, 생것","Mangosteen, Raw",Garcinia mangostana L.,71,81.5,0,JAPAN('20)
1439,H0290000000a,과일류,과일,"매실, 생것","Japanese apricot(Maesil), Raw",Prunus mume (Siebold) Siebold & Zucc.,41,89.4,14,농진청('08)
1440,H0290030000a,과일류,과일,"매실, 남고, 생것","Japanese apricot(Maesil), Namgo, Raw",Prunus mume (Siebold) Siebold & Zucc.,26,91,468,농진청('19)
1441,H0290010000a,과일류,과일,"매실, 선암매, 생것","Japanese apricot(Maesil), Seonammae, Raw",Prunus mume (Siebold) Siebold & Zucc.,39,89.4,234,농진청('10)
1442,H0290020000a,과일류,과일,"매실, 천매, 생것","Japanese apricot(Maesil), Cheonmae, Raw",Prunus mume (Siebold) Siebold & Zucc.,37,90.2,262,농진청('08)
1443,H030000000Ha,과일류,과일,매실청,"Japanese apricot, Preserved with sugar, Liquid",,213,46.7,0,농진청('20)
1444,H031000000Ha,과일류,과일,"매실 절임, 당절임, 고형물","Japanese apricot, Preserved with sugar, Solid",,216,46.2,687,농진청('20)
1445,H031000000Ia,과일류,과일,"매실 절임, 염절임, 고형물","Japanese apricot, Salted, Solid",,29,72.2,5,JAPAN('20)
1446,H032000B220a,과일류,과일,"머루, 생것, 껍질과 씨 포함","Wild grape(Meoru), With skin and seed, Raw",Vitis coignetiae,79,78.5,88,농진청('18)
1447,H0320010000a,과일류,과일,"머루, 개량머루, 생것, 껍질과 씨 포함","Wild grape(Meoru), Improved, With skin and seed, Raw",,83,78.5,101,농진청('18)
1448,H0320030000a,과일류,과일,"머루, 머스켓베일리에이, 생것","Wild grape(Meoru), Muscat Bailey A, Raw",Vitis vinifera L.,76,79.6,6,농진청('18)
1449,H032004B220a,과일류,과일,"머루, 왕머루, 생것, 껍질과 씨 포함","Wild grape, Wangmeru(Large), With skin and seed, Raw",Vitis amurensis,87,76.5,74,농진청('18)
1451,H0340010000a,과일류,과일,"멜론, 감로, 생것","Melon, Honeydew, Raw",Cucumis melo L. var. inodorus H. Jacq.,36,89.7,31,농진청('22)
1452,H0340020000a,과일류,과일,"멜론, 머스크, 생것","Melon, Musk, Raw",Cucumis melo L. var. reticulatus Naudin,37,89,29,농진청('16)
1454,H0350000000a,과일류,과일,"모과, 생것","Chinese quince, Raw",Chaenoleles sinensis Koehne,78,78.3,6,식약('96)
1456,H0360010000a,과일류,과일,"무화과, 승정도후인, 생것","Fig, Masui dauphine, Raw",Ficus carica L.,47,86.5,24,농진청('19)
1457,H0360020000a,과일류,과일,"무화과, 봉래시, 생것","Fig, Horaish, Raw",Ficus carica L.,45,87.1,24,농진청('14)
1458,H0360000001a,과일류,과일,"무화과, 수입산, 말린것","Fig, Imported, Dried",Ficus carica L.,319,11.9,43,농진청('14)
1459,H0360010001a,과일류,과일,"무화과, 승정도후인, 말린것","Fig, Masui dauphine, Dried",Ficus carica L.,254,27.4,14,농진청('09)
1460,H036000000Ra,과일류,과일,"무화과, 통조림","Fig, Canned",,78,79.7,-,JAPAN('20)
1461,H0370000000a,과일류,과일,"바나나, 생것","Banana, Raw",Musa paradisiaca L.,77,78,21,농진청('20)
3598,H0370000008a,과일류,과일,"바나나, 동결건조","Banana, Freeze-dried",Musa paradisiaca L.,332,5,255,농진청('22)
1463,H0370000001j,과일류,과일,"바나나칩, 튀긴것","Banana chip, Deep-fried",,516,1.6,263,농진청('14)
1464,H0380000000a,과일류,과일,"배, 생것","Pear(Bae), Raw",Pyrus pyrifolia var. culta (Makino) Nakai,45,86.9,0,농진청('14)
1465,H0380010000a,과일류,과일,"배, 돌배, 생것","Pear(Bae), Wild pear, Raw",Pyrus pyrifolia var. culta (Makino) Nakai,45,87.5,0,농진청('23)
1467,H0380090000a,과일류,과일,"배, 만풍, 생것","Pear(Bae), Manpung, Raw",Pyrus pyrifolia var. culta (Makino) Nakai,44,87.3,0,농진청('14)
1469,H0380040000a,과일류,과일,"배, 신고, 생것","Pear(Bae), Singo, Raw",Pyrus pyrifolia var. culta (Makino) Nakai,46,87,0,농진청('14)
1470,H0380100000a,과일류,과일,"배, 원황, 생것","Pear(Bae), Wonwhang, Raw",Pyrus pyrifolia var. culta (Makino) Nakai,46,86.5,0,농진청('14)
1474,H1070000619a,과일류,과일,"배 음료, 캔","Pear beverage, Canned",,42,88.2,0,농진청('16)
3599,H1360000009a,과일류,과일,배 착즙,"Pear, Directly expressed juice",,32,90.7,0,농진청('24)
1473,H0390000009a,과일류,과일,배즙,"Pear juice, Retort pouched",,38,89.2,0,농진청('20)
1475,H0960000000a,과일류,과일,"백향과(패션프루트), 생것, 씨 포함","Passion fruit, With seed, Raw",Passiflora edulis Sims,100,73.6,698,농진청('13)
1476,H0970000759a,과일류,과일,"백향과(패션프루트) 주스, 천연과즙","Passion fruit juice, Natural fruit juice",,67,,1100,JAPAN('20)
1477,H0970000849a,과일류,과일,"백향과(패션프루트) 주스, 황색과육","Passion fruit juice, Yellow pulp",,60,84.21,525,USDA('18)
1478,H0970000879a,과일류,과일,"백향과(패션프루트) 주스, 자색과육","Passion fruit juice, Purple pulp",,51,85.62,419,USDA('18)
1479,H0410000000a,과일류,과일,"버찌, 생것","Sweet cherry, Raw",Prunus avium L.,60,82.6,22,농진청('10)
1483,H1260000001a,과일류,과일,"보리밥 열매, 말린것","Cherrysilverberry, Fruit, Dried",Elaeagnus macrophylla Thunb.,354,9.8,27,농진청('86)
1484,H0420000000a,과일류,과일,"복분자, 생것","Korean blackberry(Bokbunja), Raw",Rubus coreanus Miquel,63,82.8,8,농진청('22)
1486,H0430020000a,과일류,과일,"복숭아, 백도, 생것","Peach(Boksung-a), White, Raw",Prunus persica f. alba (Lindl.) C. K. Schneid,49,85.8,3,농진청('15)
1487,H043003000Ra,과일류,과일,"복숭아, 백도, 통조림","Peach, White, Canned",,66,83.5,4,농진청('15)
1488,H043002251Ra,과일류,과일,"복숭아, 백도, 통조림, 고형물","Peach, White, Canned, Solid",,68,82.9,8,농진청('15)
1489,H043002252Ra,과일류,과일,"복숭아, 백도, 통조림, 액즙","Peach, White, Canned, Liquid",,63,84.1,0,농진청('15)
1490,H0430070000a,과일류,과일,"복숭아, 천도, 생것","Peach(Boksung-a), Nectarine, Raw",Prunus persica,39,89.1,54,농진청('23)
1491,H0430090000a,과일류,과일,"복숭아, 천중도, 생것","Peach(Boksung-a), Cheonjungdo, Raw",,49,86.8,0,농진청('16)
1492,H0430080000a,과일류,과일,"복숭아, 황도, 생것","Peach(Boksung-a), Yellow, Raw",Prunus persica,49,86.1,105,농진청('15)
1493,H043008000Ra,과일류,과일,"복숭아, 황도, 통조림","Peach, Yellow, Canned",,81,79.6,34,농진청('15)
1494,H043008251Ra,과일류,과일,"복숭아, 황도, 통조림, 고형물","Peach, Yellow, Canned, Solid",,83,79.1,72,농진청('15)
1495,H043008252Ra,과일류,과일,"복숭아, 황도, 통조림, 액즙","Peach, Yellow, Canned, Liquid",,79,80,0,농진청('15)
1497,H0440000009a,과일류,과일,"복숭아, 넥타","Peach, Nectar",,54,86.5,81,농진청('15)
1498,H0450000009a,과일류,과일,"복숭아, 잼","Peach, Jam",,211,47,183,농진청('15)
1499,H0460000000a,과일류,과일,"블랙베리, 생것","Blackberry, Raw",Rubus fruticosus. L,46,87.9,174,농진청('21)
3600,H0460000007a,과일류,과일,"블랙베리, 냉동","Blackberry, Frozen",Rubus fruticosus. L,48,87.2,184,농진청('22)
1500,H1180000000a,과일류,과일,"블랙커런트, 생것","Blackcurrant, Raw",Ribes nigrum L.,63,81.96,-,USDA('18)
1501,H0470000000a,과일류,과일,"블루베리, 생것","Blueberry, Raw",Vaccinium spp.,43,88.1,26,농진청('20)
1502,H0470000001a,과일류,과일,"블루베리, 말린것","Blueberry, Dried",Vaccinium spp.,325,9.5,138,농진청('16)
1503,H0470000007a,과일류,과일,"블루베리, 냉동","Blueberry, Frozen",Vaccinium spp.,41,88.7,48,농진청('15)
1504,H0480000009a,과일류,과일,"블루베리, 잼","Blueberry, Jam",,283,29.4,2,농진청('15)
1505,H047000000Ra,과일류,과일,"블루베리, 통조림","Blueberry, Canned, Heavy syrup",,88,76.78,22,USDA('18)
1506,H0490000000a,과일류,과일,"비파, 생것","Loquat, Raw",Eriobotrya japonica (Thunb.) Lindl.,45,87.2,129,농진청('16)
1507,H049000000Ra,과일류,과일,"비파, 통조림","Loquat, Canned",,80,79.6,320,JAPAN('20)
1508,H0500000000a,과일류,과일,"사과, 생것","Apple(Sagwa), Raw",Malus pumila Mill.,52,85.5,10,농진청('20)
3307,H0500080000a,과일류,과일,"사과, 감홍, 생것","Apple(Sagwa), Gamhong, Raw",Malus pumila Mill.,51,85.6,10,농진청('20)
1509,H0500020000a,과일류,과일,"사과, 부사, 생것","Apple(Sagwa), Busa, Raw",Malus pumila Mill.,53,85.2,9,농진청('16)
3308,H0500090000a,과일류,과일,"사과, 양광, 생것","Apple(Sagwa), Yang-gwang, Raw",Malus pumila Mill.,47,86.7,10,농진청('20)
1510,H0500070000a,과일류,과일,"사과, 홍옥, 생것","Apple(Sagwa), Hongok, Raw",Malus pumila Mill.,58,84.4,11,농진청('16)
1511,H050003B020a,과일류,과일,"사과, 아오리, 생것","Apple(Sagwa), Aorie, Without skin, Raw",Malus pumila Mill.,52,85.2,10,농진청('13)
1512,H050003B030a,과일류,과일,"사과, 아오리, 생것, 껍질 포함","Apple(Sagwa), Aorie, With skin, Raw",Malus pumila Mill.,49,86,32,농진청('13)
3309,H0500000008a,과일류,과일,"사과, 동결건조","Apple, Freeze-dried",Malus pumila Mill.,332,8.1,0,농진청('19)
1515,H0520000009a,과일류,과일,"사과, 잼","Apple, Jam",,249,37.7,0,농진청('19)
1516,H050000000Ra,과일류,과일,"사과, 통조림","Apple, Canned",,112,72.1,19,농진청('24)
1517,H053000000Qa,과일류,과일,사과 음료,Apple beverage,,38,90.6,0,농진청('16)
1518,H0530000749a,과일류,과일,사과 주스,Apple juice,,42,88.2,0,농진청('18)
3601,H1370000009a,과일류,과일,사과 착즙,"Apple, Directly expressed juice",,49,86,29,농진청('24)
1519,H0540000000a,과일류,과일,"산딸기, 생것","Korean raspberry, Raw",Rubus crataegifolius Bunge,55,84.5,52,농진청('15)
1520,H055000B130a,과일류,과일,"산수유, 열매, 생것","Japanese cornel, Fruit, Raw",Cornus officinalis Siebold & Zucc.,112,71.2,20,농진청('15)
1521,H0550000590a,과일류,과일,"산수유, 과육, 말린것","Japanese cornel, Flesh, Dried",Cornus officinalis Siebold & Zucc.,292,14.8,0,농진청('05)
1522,H0560000000a,과일류,과일,"살구, 생것","Apricot(Salgu), Raw",Prunus armeniaca L.,41,87.9,2035,농진청('24)
1523,H0560000001a,과일류,과일,"살구, 말린것","Apricot(Salgu), Dried",Prunus armeniaca L.,258,25.7,1669,농진청('19)
1524,H056000000Ra,과일류,과일,"살구, 통조림","Apricot, Canned, With skin, Solid and liquid",,48,86.62,1010,USDA('18)
1526,H0580000009a,과일류,과일,"살구, 잼","Apricot, Jam",,304,24,340,농진청('15)
1527,H0590000000a,과일류,과일,"석류, 생것","Pomegranate(Seokryu), Raw",Punica granatum L.,77,78.3,3,농진청('15)
1528,H0600000000a,과일류,과일,"소귀나무 열매, 생것","Yumberry, Fruit, Raw",Myrica rubra (Lour.) Siebold & Zucc.,24,93.7,10,농진청('95)
1529,H0610030000a,과일류,과일,"수박, 적육질, 생것","Watermelon(Subak), Red pulp, Raw",Citrullus vulgaris Schrad.,30,91.4,731,농진청('21)
1530,H0610040000a,과일류,과일,"수박, 황육질, 생것","Watermelon(Subak), Yellow pulp, Raw",Citrullus vulgaris Schrad.,36,89.8,100,농진청('14)
1531,H1190010000a,과일류,과일,"미니수박, 적육질, 생것","Watermelon, Small sized, Red pulp, Raw",Citrullus vulgaris Schrad.,39,88.9,874,농진청('16)
3602,H1380000009a,과일류,과일,"수박 착즙, 적육질","Watermelon, Red pulp, Directly expressed juice",,29,91.9,572,농진청('24)
1532,H0620000000a,과일류,과일,"산자나무 열매(씨벅톤), 생것","Sea-buckthorn, Fruit, Raw",Hippophae rhamnoides L.,70,85,-,농진청('96)
1533,H0630000000a,과일류,과일,"아떼모야, 생것","Atemoya, Raw",Annona cherimola Mill. x Annona squamosa L.,73,79.4,2,농진청('09)
1534,H1100010000a,과일류,과일,"아로니아, 네로, 생것","Black chokeberry, Nero, Raw",Aronia melanocarpa (Michx.) Elliott,60,83.1,712,농진청('15)
1535,H1100020007a,과일류,과일,"아로니아, 바이킹, 냉동","Black chokeberry, Viking, Frozen",Aronia melanocarpa (Michx.) Elliott,68,80.6,1183,농진청('15)
1536,H0640000000a,과일류,과일,"아보카도, 생것","Avocado, Raw",Persea americana Mill.,160,73.23,62,USDA('18)
1537,H0650010000a,과일류,과일,"아세로라, 감미종, 생것","Acerola, Sweet cultivar, Raw",Malpighia glabra L.,36,89.9,370,JAPAN('20)
1538,H1240000739a,과일류,과일,"아세로라 주스, 과즙 음료(10%)","Acerola, Fruit juice drink(10%)",,42,89.4,35,JAPAN('20)
1539,H0660000000a,과일류,과일,"앵두, 생것","Korean cherry(Aengdu), Raw",Prunus tomentosa Thunb.,61,82.9,4,농진청('08)
1540,H0670000000a,과일류,과일,"엘더베리, 생것","Elderberry, Raw",Sambucus nigra L.,73,79.8,-,USDA('18)
1541,H0680000009a,과일류,과일,"오디, 생것","Mulberry(Odi), Raw",Morus alba L.,50,86,41,농진청('22)
1543,H0690000000a,과일류,과일,"오렌지, 생것","Orange, Raw",Citrus sinensis (L.) Osbeck,47,86.5,36,농진청('20)
3310,H0690010000a,과일류,과일,"오렌지, 네블, 생것","Orange, Navel, Raw",Citrus sinensis,47,86.8,12,농진청('19)
1544,H0690020000a,과일류,과일,"오렌지, 발렌시아, 생것","Orange, Valencia, Raw",Citrus sinensis,48,86.2,61,농진청('20)
1545,H0710000009a,과일류,과일,오렌지 마멀레이드,"Orange, Marmalade",,219,45.3,12,농진청('21)
1547,H072000000Qa,과일류,과일,"오렌지 음료, 캔","Orange beverage, Canned",,41,88.5,138,농진청('16)
1546,H0720000009a,과일류,과일,오렌지 주스,Orange juice,,36,89.6,9,농진청('15)
3514,H1310000009a,과일류,과일,오렌지 착즙,"Orange, Directly expressed juice",,32,90.7,67,농진청('24)
1548,H1220000000a,과일류,과일,"오렴자(카람볼라), 생것","Carambola, Raw",,30,91.4,64,JAPAN('20)
1549,H0730000000a,과일류,과일,"오미자, 생것","Five-flavor magnolia vine(Omija), Raw",,81,80.4,4,농진청('15)
1550,H0730000001a,과일류,과일,"오미자, 말린것","Five-flavor magnolia vine(Omija), Dried",Schisandra chinensis (Turcz.) Baillon,356,13.5,16,농진청('24)
3603,H073000000Na,과일류,과일,"오미자, 추출","Five-flavor magnolia vine(Omija), Brewed",,3,99.4,0,농진청('22)
1551,H074000000Ha,과일류,과일,오미자청,"Five-flavor magnolia vine(Omija), Preserved with sugar, Liquid",,226,43.5,0,농진청('18)
1552,H076000C059a,과일류,과일,"올리브 절임, 미숙, 초록색","Olive, Pickle, Immature, Green",,137,76.7,246,농진청('16)
1553,H0760000799a,과일류,과일,"올리브 절임, 완숙, 검은색","Olive, Pickle, Ripe olive",,121,81.6,-,JAPAN('20)
1554,H0770010000a,과일류,과일,"용과, 백육종, 생것","Dragon fruit, White, Raw",Hylocereus undatus (Haw.) Britt. & Rose,57,84.5,1,농진청('24)
1555,H0770020000a,과일류,과일,"용과, 적육종, 생것","Dragon fruit, Red, Raw",Hylocereus undatus (Haw.) Britt. & Rose,51,86,1,농진청('24)
1557,H078000B010a,과일류,과일,"유자, 전체, 생것","Yuzu, Whole, Raw",Citrus junos Siebold ex Tanaka,49,86,8,농진청('15)
1558,H0780000590a,과일류,과일,"유자, 과육, 생것","Yuzu, Pulp, Raw",Citrus junos Siebold ex Tanaka,41,88.3,3,농진청('15)
1559,H078000B050a,과일류,과일,"유자, 껍질, 생것","Yuzu, Skin, Raw",Citrus junos Siebold ex Tanaka,55,84.3,14,농진청('15)
1560,H0810000000a,과일류,과일,"으름, 생것","Five-leaf chocolate vine, Raw",Akebia quinata (Houtt.) Dence.,158,72.2,39,농진청('87)
1561,H0820000000a,과일류,과일,"자두, 생것","Plum(Jadu), Raw",Prunus salicina L.,26,93.2,-,농진청('03)
1562,H0820010000a,과일류,과일,"자두, 대석, 생것","Plum(Jadu), Daeseok, Raw",Prunus salicina L.,32,90.3,24,농진청('07)
3604,H0820020000a,과일류,과일,"자두, 솔담, 피자두, 생것","Plum(Jadu), Soldam, Blood plum, Raw",Prunus salicina L.,40,88.5,35,농진청('24)
1563,H0820040000a,과일류,과일,"자두, 포모사, 생것","Plum(Jadu), Pomosa, Raw",Prunus salicina L.,43,87.8,89,농진청('21)
1564,H0820000001a,과일류,과일,"자두, 말린것, 프룬","Plum(Jadu), European plum, Dried(Prune)",Prunus domestica L.,235,32.5,385,농진청('22)
1565,H0840000000a,과일류,과일,"자몽, 생것","Grapefruit(Jamong), Raw",Citrus paradisi Macf.,32,90.8,551,농진청('16)
3515,H1320000009a,과일류,과일,자몽 주스,Grapefruit juice,,35,90,160,농진청('23)
3516,H1330000009a,과일류,과일,자몽 착즙,"Grapefruit, Directly expressed juice",,31,91,146,농진청('24)
1568,H1210000000a,과일류,과일,"잭프루트, 생것","Jackfruit, Raw",Artocarpus heterophyllus Lam.,95,73.46,61,USDA('18)
1569,H121000E01Ra,과일류,과일,"잭프루트, 통조림","Jackfruit, Canned, Syrup",,92,75.28,-,USDA('18)
1570,H086000B200a,과일류,과일,"참외, 생것, 씨 제거","Oriental melon(Cham-oe), Without seed, Raw",Cucumis melo L. var. makuwa Makino.,40,88.1,1,농진청('23)
1571,H086000B040a,과일류,과일,"참외, 생것, 씨 포함","Oriental melon(Cham-oe), With seed, Raw",Cucumis melo L. var. makuwa Makino.,43,87.6,4,농진청('23)
3605,H1390000009a,과일류,과일,참외 착즙,"Oriental melon, Directly expressed juice",,37,89.1,4,농진청('24)
1573,H1110000000a,과일류,과일,"체리, 생것","Cherry, Raw",Prunus pauciflora Bunge,57,83.6,113,농진청('20)
1574,H112000251Ra,과일류,과일,"체리, 통조림, 고형물, 빨간색","Cherry, Canned, Solid, Red",,128,68,25,농진청('22)
3606,H112001251Ra,과일류,과일,"체리, 통조림, 고형물, 검은색","Cherry, Canned, Solid, Dark",,209,47.7,80,농진청('22)
1576,H0880000000a,과일류,과일,"크랜베리, 생것","Cranberry, Raw",Vaccinium macrocarpon Aiton,46,87.32,38,USDA('18)
1577,H0880000001a,과일류,과일,"크랜베리, 말린것, 가당","Cranberry, Dried, Sweetened",,314,13.3,24,농진청('16)
1578,H0880000009a,과일류,과일,크랜베리 주스,Cranberry juice,,46,87.13,27,USDA('18)
1579,H0890000869a,과일류,과일,"크랜베리 주스, 칵테일","Cranberry juice, Cocktail",,54,86.17,5,USDA('18)
1580,H0900010000a,과일류,과일,"키위, 골드, 생것","Kiwifruit, Gold, Raw",Actinidia chinensis,55,84.3,46,농진청('21)
1581,H0900020000a,과일류,과일,"키위, 그린, 생것","Kiwifruit, Green, Raw",Actinidia deliciosa,61,83.2,84,농진청('21)
1582,H1090002449a,과일류,과일,키위 주스,"Kiwifruit juice, Puree 40%",,180,49.7,3,농진청('15)
1583,H0910000000a,과일류,과일,"탱자, 생것","Trifoliate orange, Raw",Poncirus trifoliata (L.) Raf.,84,77.9,14,농진청('92)
1584,H0920000000a,과일류,과일,"파인애플, 생것","Pineapple, Raw",Ananas comosus (L.) Merr.,53,85.1,59,농진청('23)
3517,H0920000009e,과일류,과일,"파인애플, 찐것","Pineapple, Steamed",Ananas comosus (L.) Merr.,51,85.6,74,농진청('23)
3518,H0920000009g,과일류,과일,"파인애플, 구운것(팬)","Pineapple, Pan-broiled",Ananas comosus (L.) Merr.,62,82.6,79,농진청('23)
1585,H092000251Ra,과일류,과일,"파인애플, 통조림, 고형물","Pineapple, Canned, Solid",,78,80.3,0,농진청('14)
1586,H092000252Ra,과일류,과일,"파인애플, 통조림, 액즙","Pineapple, Canned, Liquid",,76,80.9,0,농진청('14)
1587,H0930000009a,과일류,과일,"파인애플, 넥타","Pineapple, Nectar",,71,82.2,0,농진청('09)
1588,H0940000749a,과일류,과일,파인애플 주스,Pineapple juice,,43,87.7,10,농진청('14)
3607,H1400000009a,과일류,과일,파인애플 착즙,"Pineapple, Directly expressed juice",,42,87.9,16,농진청('24)
1590,H0950000580a,과일류,과일,"파파야, 미숙, 생것","Papaya, Immature, Raw",Carica papaya L.,23,93.1,9,농진청('13)
1591,H0950002540a,과일류,과일,"파파야, 완숙, 생것","Papaya, Full ripening, Raw",Carica papaya L.,40,88.5,203,농진청('13)
1592,H0980010000a,과일류,과일,"포도, 거봉, 생것","Grape(Podo), Kyoho(Large), Raw",Vitis vinifera X Vitis labrusca,57,83.8,25,농진청('24)
1593,H098001B030a,과일류,과일,"포도, 거봉, 생것, 껍질 포함","Grape(Podo), Kyoho(Large), With skin, Raw",Vitis vinifera X Vitis labrusca,59,83.3,55,농진청('24)
1594,H098010B030a,과일류,과일,"포도, 나르샤, 생것, 껍질 포함","Grape(Podo), Narsha, With skin, Raw",Vitis labrusca X Vitis coignetia,58,83.4,63,농진청('18)
1595,H0980030000a,과일류,과일,"포도, 델라웨어, 생것","Grape(Podo), Delaware, Raw",,67,81.1,1,농진청('10)
1596,H0980110000a,과일류,과일,"포도, 두누리, 생것","Grape(Podo), Dunuri, Raw",Vitis vinifera X Vitis labrusca,57,84.2,50,농진청('18)
1597,H098012B030a,과일류,과일,"포도, 레드글로브, 생것, 껍질 포함","Grape(Podo), Red globe, With skin, Raw",Vitis vinifera,57,84.2,12,농진청('18)
1598,H0980040000a,과일류,과일,"포도, 마스캇함브르그, 생것","Grape(Podo), Muscat Hamburg, Raw",,66,81.5,3,농진청('10)
1599,H0980130000a,과일류,과일,"포도, 새마루, 생것","Grape(Podo), Saemaru, Raw",Vitis vinifera X Vitis labrusca,54,84.6,34,농진청('18)
1600,H0980250000a,과일류,과일,"포도, 샤이니스타, 생것","Grape(Podo), Shineestar, Raw",Vitis vinifera X Vitis labrusca,76,78.6,89,농진청('18)
1601,H098009B030a,과일류,과일,"포도, 샤인머스캣, 생것, 껍질 포함","Grape(Podo), Shine muskat, With skin, Raw",Vitis vinifera X Vitis labrusca,66,81.4,34,농진청('18)
1603,H0980140000a,과일류,과일,"포도, 수옥, 생것","Grape(Podo), Suok, Raw",Vitis vinifera X Vitis labrusca,69,80.7,23,농진청('18)
1604,H098015B030a,과일류,과일,"포도, 스텔라, 생것, 껍질 포함","Grape(Podo), Stellar, With skin, Raw",Vitis vinifera,50,86,16,농진청('18)
1605,H0980160000a,과일류,과일,"포도, 진옥, 생것","Grape(Podo), Jinok, Raw",Vitis vinifera X Vitis labrusca,52,85.2,18,농진청('18)
1606,H0980260000a,과일류,과일,"포도, 청수, 생것","Grape(Podo), Chengsu, Raw",Vitis vinifera X Vitis labrusca,65,81.9,7,농진청('18)
1607,H0980070000a,과일류,과일,"포도, 캠벨얼리, 생것","Grape(Podo), Campbell early, Raw",Vitis vinifera X Vitis labrusca,57,83.9,29,농진청('18)
1608,H098007B030a,과일류,과일,"포도, 캠벨얼리, 생것, 껍질 포함","Grape(Podo), Campbell early, With skin, Raw",Vitis vinifera X Vitis labrusca,51,83.6,72,농진청('13)
1609,H098007B220a,과일류,과일,"포도, 캠벨얼리, 생것, 껍질과 씨 포함","Grape(Podo), Campbell early, With skin and seed, Raw",Vitis vinifera X Vitis labrusca,58,83.5,67,농진청('13)
1610,H0980170000a,과일류,과일,"포도, 탄금추, 생것","Grape(Podo), Tangeumchu, Raw",Vitis vinifera X Vitis labrusca,50,86,29,농진청('18)
1611,H0980180000a,과일류,과일,"포도, 탐나라, 생것","Grape(Podo), Tamnara, Raw",Vitis vinifera X Vitis labrusca,49,86.2,25,농진청('18)
1612,H0980190000a,과일류,과일,"포도, 홍단, 생것","Grape(Podo), Hongdan, Raw",Vitis vinifera X Vitis labrusca,59,83.4,7,농진청('18)
1613,H0980200000a,과일류,과일,"포도, 홍아람, 생것","Grape(Podo), Hongaram, Raw",Vitis vinifera X Vitis labrusca,57,83.7,30,농진청('18)
1614,H0980210000a,과일류,과일,"포도, 홍이슬, 생것","Grape(Podo), Hongiseul, Raw",Vitis vinifera X Vitis labrusca,53,85.1,22,농진청('18)
1615,H098022B030a,과일류,과일,"포도, 홍주씨들레스, 생것, 껍질 포함","Grape(Podo), Hongju seedless, With skin, Raw",Vitis vinifera,68,81,12,농진청('18)
1616,H0980230000a,과일류,과일,"포도, 흑구슬, 생것","Grape(Podo), Heukguseul, Raw",Vitis vinifera X Vitis labrusca,62,83,31,농진청('18)
1617,H0980240000a,과일류,과일,"포도, 흑보석, 생것","Grape(Podo), Heukboseok, Raw",Vitis vinifera X Vitis labrusca,52,85.3,31,농진청('18)
1618,H0980080000a,과일류,과일,"포도, 힘로드시드레스, 생것","Grape(Podo), Himrod seedless, Raw",,47,86.8,19,농진청('13)
1619,H098008B030a,과일류,과일,"포도, 힘로드시드레스, 생것, 껍질 포함","Grape(Podo), Himrod seedless, With skin, Raw",,45,86.6,46,농진청('13)
1620,H0980000001a,과일류,과일,"포도, 건포도",Raisin(Geonpodo),,297,16.3,4,농진청('13)
1621,H0990000009a,과일류,과일,"포도, 넥타","Grape, Nectar",,66,83.6,10,농진청('09)
1622,H1010000009a,과일류,과일,"포도, 잼","Grape, Jam",,292,26.9,49,농진청('13)
1623,H098000000Ra,과일류,과일,"포도, 통조림","Grape, Canned",,69,82.6,21,농진청('13)
3311,H1280000009a,과일류,과일,포도 음료,Grape beverage,,29,92.6,0,농진청('20)
1624,H1020000009a,과일류,과일,포도 주스,Grape juice,,49,86.1,6,농진청('16)
3608,H1410000009a,과일류,과일,포도 착즙,"Grape, Directly expressed juice",,47,86.4,44,농진청('24)
3609,H141000C059a,과일류,과일,"포도 착즙, 초록색","Grape, Green, Directly expressed juice",,56,84,14,농진청('24)
1625,H1060000759a,과일류,과일,포도즙,"Grape juice, Retort pouched",,48,85.8,9,농진청('14)
1626,H1130000000a,과일류,과일,"플럼코트, 생것","Plumcot, Raw",Prunus salicina L. X P. armeniaca L.,47,88,937,농진청('16)
1627,H103000000Ra,과일류,과일,"프루트샐러드, 통조림","Fruit salad, Canned",,82,79.9,40,식약('96)
1628,H104000000Ra,과일류,과일,"프루트칵테일, 통조림","Fruit cocktail, Canned",,75,81.1,34,농진청('13)
1629,H105000000Ra,과일류,과일,"프루트펀치, 통조림","Fruit punch, Canned",,48,87.97,0,USDA('18)
2764,L0010000000a,해조류,해조,"갈래곰보, 생것","Seaweed papulosa, Raw",Meristotheca papulosa,12,93.5,0,수('09)
2765,L0020000001a,해조류,해조,"곰피, 말린것","Seaweed, Dried",Ecklonia stolonifera,141,15.8,18,수('82)
2766,L0020000005a,해조류,해조,"곰피, 가루","Seaweed, Powder",Ecklonia stolonifera,129,7.9,-,수('82)
2767,L0030010001a,해조류,해조,"김, 김밥용김, 말린것","Laver product, For Gimbap, Dried",,182,2.4,15492,농진청('19)
2768,L0030030001a,해조류,해조,"김, 둥근돌김, 말린것","Laver product, Grown on underwater rocks, Dried",Porphyra suborbiculata,165,10.4,25200,수('95)
2769,L0030040009f,해조류,해조,"김, 조미김, 구운것","Laver product, Seasoned, Roasted",,307,0.7,11891,농진청('15)
2770,L0030090000a,해조류,해조,"김, 참김, 생것","Laver product, Raw",Porphyra tenera,12,90.5,-,수('95)
2771,L0030090009f,해조류,해조,"김, 참김, 구운것","Laver product, Roasted",Porphyra tenera,174,4,12126,농진청('01)
2772,L0030090001a,해조류,해조,"김, 참김, 말린것","Laver product, Dried",Porphyra tenera,165,11.4,22500,수('09)
2773,L0030100001a,해조류,해조,"김, 초밥김, 말린것","Laver product, For sushi, Dried",,151,12.9,20249,국('88)
2774,L0040000000a,해조류,해조,"꼬시래기, 생것","Sea string, Raw",Gracilaria verrucosa,17,89.1,234,수('09)
2775,L0050000000a,해조류,해조,"다시마, 생것","Brown Kelp, Raw",Laminaria japonica,12,91,774,수('09)
2776,L0050000001a,해조류,해조,"다시마, 말린것","Brown Kelp, Dried",Laminaria japonica,110,12.3,576,수('09)
2777,L005000000Ka,해조류,해조,"다시마, 염장","Brown Kelp, Salted",,16,64.1,125,식약('96)
2778,L0070000009a,해조류,해조,다시마 육수,"Brown Kelp, Broth",,1,99.4,0,농진청('11)
2779,L0080000009a,해조류,해조,다시마 튀각,"Brown Kelp, Twi-gak, Fried",,228,1.6,512,식약('96)
2780,L0090000001a,해조류,해조,"대황, 말린것","Sea oak, Dried",Eisenia bicyclis,145,11.3,450,수('09)
2781,L0100000001a,해조류,해조,"뜸부기, 말린것","Seaweed wrightii, Dried",Pelvetia siliquosa,128,18.1,324,수('09)
2782,L0110000000a,해조류,해조,"매생이, 생것","Seaweed fulvescens, Raw",Capsosiphon fulvescens,39,84.3,-,수('16)
2783,L0110000001a,해조류,해조,"매생이, 말린것","Seaweed fulvescens, Dried",Capsosiphon fulvescens,125,15.6,-,수('09)
2784,L0120000000a,해조류,해조,"모자반, 생것","Gulf weed, Raw",Sargassum fulvellum,18,86.2,-,수('09)
2785,L0120000001a,해조류,해조,"모자반, 말린것","Gulf weed, Dried",Sargassum fulvellum,129,10.2,4410,국('78)
2786,L0120000005a,해조류,해조,"모자반, 가루","Gulf weed, Powder",Sargassum fulvellum,127,11.1,-,수('82)
2787,L012000000Ka,해조류,해조,"모자반, 염장","Gulf weed, Salted",,18,62.9,270,수('09)
2788,L0130000000a,해조류,해조,"미역, 생것","Sea mustard, Wild, Raw",Undaria pinnatifida,12,91.2,-,수('16)
2789,L0130020000a,해조류,해조,"미역, 양식, 생것","Sea mustard, Farm-raised, Raw",Undaria pinnatifida,15,88.8,1845,수('09)
2790,L0130000001a,해조류,해조,"미역, 말린것","Sea mustard, Dried",Undaria pinnatifida,150,6.3,6185,농진청('17)
2791,L0130000005a,해조류,해조,"미역, 가루","Sea mustard, Powder",Undaria pinnatifida,134,11.1,-,수('82)
2792,L013000000Ka,해조류,해조,"미역, 염장","Sea mustard, Salted",,34,61.8,972,수('09)
2793,L013000000Kc,해조류,해조,"미역, 염장, 데친것","Sea mustard, Salted, Blanched",,35,61.8,972,수('95)
2794,L013000B160a,해조류,해조,"미역, 줄기, 생것","Sea mustard, Stem, Raw",Undaria pinnatifida,14,88.1,360,수('09)
2795,L013000B16Lb,해조류,해조,"미역, 줄기, 염장 후 탈염, 삶은것","Sea mustard, Stem, Desalted, Boiled",,18,84.9,56,JAPAN('20)
2796,L0140000009j,해조류,해조,미역 튀각,"Sea mustard, Dried, Fried",,283,1.3,320,농진청('15)
2797,L0150000001a,해조류,해조,"불등풀가사리, 말린것","Seaweed furcata, Dried",Gloiopeltis furcata,147,11.7,-,수('09)
2798,L0170000001a,해조류,해조,"석묵, 말린것","Seaweed hypnaeoides, Dried",Campylaephora hypnaeoides,38,15.3,18,수('09)
2799,L0180000000a,해조류,해조,"순채, 생것","Water shield, Raw",Brasenia schreberi J.F.Gmelin,22,87.4,6390,수('09)
2800,L0190000000a,해조류,해조,"우뭇가사리, 생것","Ceylon moss, Raw",Gelidium amansii,46,70.3,2160,수('09)
2801,L0200000009a,해조류,해조,우뭇가사리묵(우무),Ceylon moss jelly,,2,99,-,수('09)
2802,L0210000009a,해조류,해조,한천,"Japanese isinglass, Agar-agar",,154,20.1,-,수('09)
2803,L0220000001a,해조류,해조,"진두발, 말린것","Carragheen, Dried",Chondrus ocellatus,119,3.7,-,수('82)
2804,L0230000000a,해조류,해조,"청각, 생것","Sea staghom, Raw",Codium fragile Hariot,8,92.1,270,수('09)
2805,L0230000001a,해조류,해조,"청각, 말린것","Sea staghom, Dried",Codium fragile Hariot,137,10,-,수('09)
2806,L0250000001a,해조류,해조,"클로렐라, 말린것","Chlorella, Dried",Chlorella spp,174,10.3,-,수('82)
2807,L0260000000a,해조류,해조,"톳, 생것","Seaweed fusiforme, Raw",Hizikia fusiforme,16,88.1,378,수('09)
2808,L0260000001a,해조류,해조,"톳, 말린것","Seaweed fusiforme, Dried",Hizikia fusiforme,81,32.7,-,수('82)
2809,L0260000003a,해조류,해조,"톳, 삶아서 말린것","Seaweed fusiforme, Boiled and dried",Hizikia fusiforme,135,15.8,450,수('09)
2810,L0270000000a,해조류,해조,"파래, 생것","Sea lettuce, Raw",Enteromorpha prolifera,11,93.8,-,수('16)
2811,L0270000001a,해조류,해조,"파래, 말린것","Sea lettuce, Dried",Enteromorpha prolifera,201,16.9,2500,JAPAN('20)
2812,L0270010001a,해조류,해조,"파래, 가시파래, 말린것","Sea lettuce, Green laver, Dried",Enteromorpha prolifera,136,12.8,2070,수('95)
2813,L0270020001a,해조류,해조,"파래, 갈파래, 말린것","Sea lettuce, Galpalae, Dried",Ulva lactuca,129,13.7,774,수('09)
2814,L0270030000a,해조류,해조,"파래, 납작파래, 생것","Sea lettuce, Green confertii, Dried",Enteromorpha compressa,17,87.6,630,수('09)
2815,L0270040001a,해조류,해조,"파래, 창자파래, 말린것","Sea lettuce, Link confertii, Dried",Enteromorpha intestinalis,142,10.4,17244,수('09)
2816,L0270050001a,해조류,해조,"파래, 홑파래, 말린것","Sea lettuce, Hotpalae, Dried",Monostroma nitidium,146,15.5,3780,수('95)
3337,O001000000Na,차류,음료(차),감잎차,"Persimmon leaf tea, Brewed",,0,99.9,0,농진청('19)
2903,O0020000001a,차류,음료(차),"결명자차, 말린것","Sickle senna(Senna tora) tea, Dried",,390,6,-,농진청('19)
3338,O002000000Na,차류,음료(차),결명자차,"Sickle senna(Senna tora) tea, Brewed",,0,99.9,0,농진청('19)
2904,O0030000005a,차류,음료(차),"계피차, 가루","Cinnamon tea, Powder",,357,9.1,-,국('77)
2905,O0040000001a,차류,음료(차),"구기자차, 말린것","Goji berry tea, Dried",,384,12.5,-,국('78)
3339,O004000000Na,차류,음료(차),구기자차,"Goji berry tea, Brewed",,1,99.9,0,농진청('19)
2906,O0050000001a,차류,음료(차),"구절초차, 말린것","Gujeolcho tea, Dried",,345,7.7,69,농진청('09)
2907,O0060000001a,차류,음료(차),"국화차, 말린것","Chrysanthemum tea, Dried",,358,5.5,250,농진청('09)
3340,O006000000Na,차류,음료(차),국화차,"Chrysanthemum tea, Brewed",,0,100,0,농진청('19)
2908,O0070000005a,차류,음료(차),"녹차, 가루","Green tea, Powder",,379,2.8,7579,농진청('13)
2909,O007000B141a,차류,음료(차),"녹차, 말린것","Green tea, Dried",,388,0.9,13672,농진청('13)
2910,O0070010001a,차류,음료(차),"녹차, 인동녹차, 말린것","Green tea, Indong, Dried",,329,11.9,13176,농진청('98)
2911,O0070020001a,차류,음료(차),"녹차, 장군차, 말린것","Green tea, Janggun, Dried",,361,5.7,19264,농진청('10)
2912,O007000000Na,차류,음료(차),녹차,"Green tea, Brewed",,2,99.5,0,농진청('13)
2913,O007003000Na,차류,음료(차),"녹차, 현미","Green tea, With roasted brown rice, Teabag, Brewed",,1,99.8,0,농진청('14)
2914,O0070040005a,차류,음료(차),"녹차라테, 가루","Green tea latte, Powder",,466,2.9,483,농진청('18)
3418,O007004000Pa,차류,음료(차),"녹차라테, 가루, 물에 탄것","Green tea latte, Powder, Prepared with water",,81,83.4,82,농진청('22)
2915,O008000000Na,차류,음료(차),다래나무순차,"Vine-pear leaf tea, Brewed",,1,99.8,2,농진청('09)
2916,O010000000Na,차류,음료(차),대추차,"Jujube tea, Prepared with water",,75,81.6,0,농진청('16)
2917,O011000000Na,차류,음료(차),도라지차,"Balloon flower(Doraji) Tea, Brewed",,22,94.5,-,농진청('00)
2918,O0120000005a,차류,음료(차),"두충차, 가루","Eucommia bark tea, Powder",,354,7.7,-,농진청('03)
2919,O013000000Na,차류,음료(차),둥굴레차,"Solomon´s seal tea, Teabag, Brewed",,1,99.7,0,농진청('14)
2920,O0350000009a,차류,음료(차),민들레차,Dandelion tea,,0,99.9,0,농진청('16)
2921,O014000000Na,차류,음료(차),보리차,"Barley tea, Teabag, Brewed",,0,99.9,0,농진청('16)
2922,O0340000009a,차류,음료(차),보이차,"Puer tea, Teabag, Brewed",,0,99.9,0,농진청('16)
2923,O015000000Na,차류,음료(차),사과차,"Apple tea, Brewed",,167,54.1,29,농진청('09)
2924,O0160000001a,차류,음료(차),"상지차, 말린것","Mulberry branch tea, Dried",,360,9.6,0,농진청('97)
2925,O0170000005a,차류,음료(차),"생강차, 가루","Ginger tea, Powder",,353,8.8,0,식약('96)
2926,O017000000Ha,차류,음료(차),생강청,"Ginger tea, Preserved with sugar",,246,39.1,0,농진청('19)
2927,O0180000005a,차류,음료(차),"쌍화차, 가루","Ssanghwa tea, Powder",,411,1.2,0,농진청('19)
2928,O0190000001a,차류,음료(차),"쑥차, 말린것","Mugwort tea, Dried",,338,8.2,3079,농진청('08)
2929,O020000000Na,차류,음료(차),야콘차,"Yacon tea, Brewed",,98,74.2,11,농진청('08)
3341,O0370000009a,차류,음료(차),옥수수수염차,"Corn silk tea, Brewed",,1,99.6,0,농진청('20)
2931,O022000000Na,차류,음료(차),우롱차,"Oolong tea, Brewed",,0,99.9,0,농진청('19)
2932,O022000000Qa,차류,음료(차),"우롱차, 캔","Oolong tea, Canned",,0,99.8,0,농진청('03)
2933,O023000000Ha,차류,음료(차),유자청,"Yuzu tea, Preserved with sugar",,251,37.2,5,농진청('19)
3342,O023000000Pa,차류,음료(차),유자차,"Yuzu tea, Prepared with water",,30,92.4,0,농진청('19)
2934,O023000235Pa,차류,음료(차),"유자차, 고형물 포함","Yuzu tea, Prepared with water, With solid",,73,81.8,0,농진청('16)
2935,O0240000005a,차류,음료(차),"율무차, 가루","Job's tears tea, Powder",,463,2.8,0,농진청('19)
2936,O0250001545a,차류,음료(차),"인삼차, 과립차, 가루","Korean ginseng, Granular tea, Powder",,397,1.4,0,농진청('19)
3419,O025000154Pa,차류,음료(차),"인삼차, 과립차, 가루, 물에 탄것","Korean ginseng, Granular tea, Powder, Prepared with water",,17,95.7,0,농진청('22)
2937,O0260000001a,차류,음료(차),"치커리차, 말린것","Common chicory tea, Dried",,369,3.8,-,농진청('95)
2938,O036000000Na,차류,음료(차),카모마일차,"Chamomile, Tea, Brewed",,1,99.7,12,USDA('18)
2939,O027001158Pa,차류,음료(차),"커피, 아메리카노(2샷)","Coffee, Americano, Double shot",,2,99.4,0,농진청('17)
2940,O027001157Pa,차류,음료(차),"커피, 에스프레소","Coffee, Espresso",,22,93.9,0,농진청('17)
2941,O027000157Na,차류,음료(차),"커피, 원두","Coffee, Roasted bean, Infusion",Coffea arabica L.,4,98.6,0,JAPAN('20)
2942,O027002155Qa,차류,음료(차),"커피, 캔","Coffee, Canned",,38,90.5,0,농진청('15)
2943,O0270021565a,차류,음료(차),"커피, 커피가루, 디카페인","Coffee, Decaffeinated, Powder",,351,3.2,0,USDA('18)
2944,O0270021585a,차류,음료(차),"커피, 커피가루, 인스턴트","Coffee, Instant, Powder",,348,3.6,0,농진청('17)
2945,O027002158Pa,차류,음료(차),"커피, 커피가루, 물에 탄것(중량 1g)","Coffee, Instant, Powder, Prepared with water",,4,99,0,농진청('17)
2946,O0270022625a,차류,음료(차),"커피, 커피가루, 설탕, 인스턴트","Coffee, Instant, Powder, Sweetened",,374,1.2,0,농진청('17)
2947,O027002262Pa,차류,음료(차),"커피, 커피가루, 설탕, 물에 탄것(중량 2.7g)","Coffee, Instant, Powder, Sweetened, Prepared with water",,17,95.8,0,농진청('17)
2948,O0270021555a,차류,음료(차),"커피, 커피가루, 설탕, 크림, 인스턴트","Coffee, Instant, Powder, Sweetened, With non-dairy creamer",,426,1.7,0,농진청('14)
2949,O027002155Pa,차류,음료(차),"커피, 커피가루, 설탕, 크림, 물에 탄것(중량 12g)","Coffee, Instant, Powder, Sweetened, With non-dairy creamer, Prepared with water",,51,88.2,0,농진청('14)
3343,O0270022795a,차류,음료(차),"카페라테, 가루, 인스턴트","Cafe latte, Instant, Powder",,497,2.6,0,농진청('19)
3344,O027002279Pa,차류,음료(차),"카페라테, 가루, 물에 탄것(중량 14.2g)","Cafe latte, Instant, Powder, Prepared with water",,84,82.6,0,농진청('19)
2950,O0290000005a,차류,음료(차),"코코아, 가루","Cocoa, Powder",,268,1.7,0,농진청('19)
2951,O0290010005a,차류,음료(차),"코코아, 밀크코코아, 가루","Cocoa, Milk cocoa, Powder",,423,1.6,0,농진청('17)
3420,O029001000Pa,차류,음료(차),"코코아, 밀크코코아, 가루, 물에 탄것","Cocoa, Milk cocoa, Powder, Prepared with water",,83,80.6,0,농진청('22)
2952,O0330000009a,차류,음료(차),헛개 음료,Hutgae beverage,,1,99.7,0,농진청('16)
2953,O0310000005a,차류,음료(차),"홍삼차, 가루","Red ginseng tea, Powder",,382,1.7,0,식약('96)
2954,O0310010009a,차류,음료(차),홍삼 음료,Red ginseng beverage,,40,90.1,0,농진청('19)
2955,O032000000Na,차류,음료(차),홍차,"Black tea, Teabag, Brewed",,2,99.4,0,농진청('17)
3345,O0320010005a,차류,음료(차),"홍차, 레몬, 가루","Black tea, Lemon, Powder",,398,0.2,0,농진청('19)
2956,O032001000Na,차류,음료(차),"홍차, 레몬","Black tea, Lemon, Brewed",,33,91.7,0,농진청('01)
2957,O0320020005a,차류,음료(차),"홍차, 복숭아, 가루","Black tea, Peach, Powder",,397,0.9,0,농진청('19)
2958,O032002000Qa,차류,음료(차),"홍차, 복숭아, 캔","Black tea, Peach, Beverage, Canned",,30,92.4,0,농진청('16)
3346,O032003000Qa,차류,음료(차),"홍차, 밀크티, 캔","Black tea, With milk, Sweetened, Canned",,35,91.7,0,농진청('20)
3610,P0160000009a,음료류,음료,귀리 음료,Oat beverage,,48,89.5,0,농진청('25)
3611,P0170000009a,음료류,음료,단백질 음료,Protein beverage,,70,84.4,1,농진청('25)
2959,P0030000009a,음료류,음료,레모네이드,"Lemonade, Beverage",,38,90.4,0,농진청('16)
2960,P0040000009a,음료류,음료,매실 음료,Japanese apricot beverage,,44,88.9,1,농진청('19)
3421,P0130000009a,음료류,음료,생수,"Water, Bottled",,0,100,0,농진청('22)
2961,P0050001389a,음료류,음료,"셰이크, 딸기맛","Shake, Strawberry flavored",,113,74.1,-,USDA('18)
2962,P0050001399a,음료류,음료,"셰이크, 바닐라맛","Shake, Vanilla flavored",,148,69.65,0,USDA('18)
2963,P0050001409a,음료류,음료,"셰이크, 초콜릿맛","Shake, Chocolate flavored",,119,72.2,4,USDA('18)
3347,P014000000Qa,음료류,음료,"수정과, 캔","Sujung-gwa, Korean traditional beverage made with cinnamon, Canned",,33,91.9,0,농진청('22)
3348,P0150010009a,음료류,음료,"식초 음료, 석류","Vinegar beverage, Red, Pomegranate flavored",,93,76.7,0,농진청('22)
3349,P0150020009a,음료류,음료,"식초 음료, 흑초","Vinegar beverage, Black",,25,93.5,0,농진청('22)
2964,P006000000Qa,음료류,음료,"식혜, 캔","Sikhye, Sweet rice beverage made from malt, Canned",,32,92,0,농진청('16)
2965,P0070000009a,음료류,음료,쌀 음료,Rice beverage,,55,87.4,0,농진청('22)
3612,P0180000009a,음료류,음료,아몬드 음료,Almond beverage,,27,94.5,0,농진청('25)
3613,P018000E039a,음료류,음료,"아몬드 음료, 무가당","Almond beverage, Unsweetened",,13,97.5,0,농진청('25)
2966,P0080002379a,음료류,음료,"이온 음료, 레몬향","Isotonic beverage, Lemon flavored",,37,90.7,0,농진청('16)
2967,P0110002459a,음료류,음료,"젖산 음료, 복숭아맛","Lactic fermented beverage, Peach flavored",,36,90.8,6,농진청('16)
2968,P0010000009a,음료류,음료,채소 주스,Vegetable juice,,39,89.5,2627,농진청('16)
2969,P0010042369a,음료류,음료,"채소 주스, 녹즙","Vegetable juice, Mixed vegetables",,28,92.5,1278,농진청('16)
2970,P0090020009a,음료류,음료,"탄산 음료, 레몬소다","Carbonated beverage, Lemon-lime soda",,44,89.1,0,농진청('16)
2971,P0090130009a,음료류,음료,"탄산 음료, 보리소다","Carbonated beverage, Barley flavored",,47,88.2,0,농진청('16)
3350,P0090150009a,음료류,음료,"탄산 음료, 비타민 함유","Carbonated beverage, Vitamin contained",,37,90.7,0,농진청('22)
2972,P0090030009a,음료류,음료,"탄산 음료, 사이다","Carbonated beverage, Sprite",,40,90,0,농진청('16)
2973,P0090040009a,음료류,음료,"탄산 음료, 소다수","Carbonated beverage, Club soda",,0,99.9,0,USDA('18)
2974,P0090050009a,음료류,음료,"탄산 음료, 오렌지소다","Carbonated beverage, Orange soda",,48,87.9,0,농진청('16)
2975,P0090140009a,음료류,음료,"탄산 음료, 요구르트소다","Carbonated beverage, Yoghurt soda",,47,88.2,0,농진청('16)
2976,P0090060009a,음료류,음료,"탄산 음료, 저칼로리콜라","Carbonated beverage, Low-calorie coke",,2,99.54,0,USDA('18)
2977,P0090070009a,음료류,음료,"탄산 음료, 진저에일","Carbonated beverage, Ginger ale",,34,91.23,0,USDA('18)
3351,P0090160009a,음료류,음료,"탄산 음료, 카페인 함유","Carbonated beverage, Energy drink, Caffeine contained",,38,90.4,0,농진청('22)
2978,P0090090009a,음료류,음료,"탄산 음료, 콜라","Carbonated beverage, Coke",,38,90.5,0,농진청('16)
2979,P0090110009a,음료류,음료,"탄산 음료, 파인애플소다","Carbonated beverage, Pineapple soda",,45,88.5,0,농진청('03)
2980,P0090120009a,음료류,음료,"탄산 음료, 포도소다","Carbonated beverage, Grape soda",,52,86.9,0,농진청('16)
3352,P0130022689a,음료류,음료,탄산수,Carbonated water,,0,100,0,농진청('20)
3353,P0120010009a,음료류,음료,"혼합 음료, 꿀 함유","Mixed beverage, Honey based",,42,89.5,0,농진청('20)
2981,P0120002469a,음료류,음료,"혼합 음료, 비타민C 함유","Mixed beverage, Vitamin C contained",,56,86,0,농진청('15)
3354,P0120020009a,음료류,음료,"혼합 음료, 타우린 함유","Mixed beverage, Taurine and Caffeine contained",,41,89.8,0,농진청('22)
2982,P0100000009a,음료류,음료,토닉워터,Tonic water,,34,91.1,0,USDA('18)
3011,R0010010009a,조미료류,향신료·조미료,"간장, 개량, 양조","Soy sauce, Fermented type",,103,60.1,0,농진청('13)
3012,R0010020009a,조미료류,향신료·조미료,"간장, 개량, 산분해","Soy sauce, Acid hydrolyzed type",,54,72,0,농진청('17)
3013,R0010030009a,조미료류,향신료·조미료,"간장, 재래","Soy sauce, Korean traditional type",,34,70.6,0,농진청('20)
3422,R001004000Ha,조미료류,향신료·조미료,"간장, 절임소스",Vegetable marinade sauce,,125,63.5,0,농진청('23)
3423,R0720000005a,조미료류,향신료·조미료,"강황, 가루","Turmeric, Powder",Curcuma aromatica,331,10.3,0,농진청('22)
3014,R0500000009a,조미료류,향신료·조미료,겨자 페이스트,Mustard paste,,296,37,7,농진청('14)
3015,R0520000005a,조미료류,향신료·조미료,"겨자, 가루","Mustard, Powder",Brassica juncea,413,3.8,45,농진청('13)
3016,R0030000005a,조미료류,향신료·조미료,"계피, 가루","Cinnamon, Powder",Cinnamomum cassia (L.) Presl,349,10.3,33,농진청('22)
3017,R004000000Ra,조미료류,향신료·조미료,"고기 소스, 통조림","Meat sauce, Canned",,96,78.8,-,JAPAN('20)
3018,R0510000005a,조미료류,향신료·조미료,"고추냉이, 가루","Japanese horseradish(Gochunaeng-i), Powder",Eutrema japonica,299,7.1,127,농진청('13)
3019,R0510010009a,조미료류,향신료·조미료,"고추냉이, 페이스트","Japanese horseradish(Gochunaeng-i), Paste",,148,56.4,11,농진청('13)
3020,R0050010009a,조미료류,향신료·조미료,"고추장, 개량",Gochujang,,205,35.7,3495,농진청('16)
3021,R0050020009a,조미료류,향신료·조미료,"고추장, 재래","Gochujang, Korean traditional type",,163,47.1,2035,농진청('20)
3022,R0070000005a,조미료류,향신료·조미료,고춧가루,"Red pepper, Powder",Capsicum annuum L.,319,12.5,7363,농진청('14)
3023,R0440000001a,조미료류,향신료·조미료,"골든세이지, 말린것","Golden sage, Dried",,385,4.8,17770,농진청('02)
3024,R0080000009a,조미료류,향신료·조미료,굴 소스,Oyster sauce,,117,58.3,0,농진청('20)
3026,R0100000009a,조미료류,향신료·조미료,낫토,Natto,,181,62.2,16,농진청('22)
3027,R0640000009a,조미료류,향신료·조미료,데리야끼 소스,"Sauce, Teriyaki",,152,56.4,0,농진청('22)
3424,R0040020009a,조미료류,향신료·조미료,돼지불고기 양념,"Bulgogi marinade, Pork",,180,50.1,1241,농진청('21)
3028,R0120020009a,조미료류,향신료·조미료,"된장, 개량",Doenjang,,193,47.8,0,농진청('14)
3029,R0120052419a,조미료류,향신료·조미료,"된장, 개량, 찌개용","Doenjang, Seasoned for stew",,173,52.5,195,농진청('16)
3030,R0120010009a,조미료류,향신료·조미료,"된장, 보리","Doenjang, With barley",,164,54.5,0,농진청('93)
3031,R0120040009a,조미료류,향신료·조미료,"된장, 재래","Doenjang, Korean traditional type",,142,58.2,7,농진청('20)
3425,R0730000009a,조미료류,향신료·조미료,두반장,Doubanjiang,,94,67.7,516,농진청('23)
3355,R0680000009a,조미료류,향신료·조미료,라면 건더기 스프,"Ramyeon, Flake",,327,9.7,4715,농진청('21)
3356,R0680010009a,조미료류,향신료·조미료,"라면 건더기 스프, 용기라면","Ramyeon, Flake, Cup noodle",,335,10.1,3001,농진청('21)
3357,R0680020009a,조미료류,향신료·조미료,"라면 건더기 스프, 짜장라면","Ramyeon, Flake, Jajangramyeon",,360,10,1109,농진청('21)
3032,R0130000009a,조미료류,향신료·조미료,라면 스프,"Ramyeon, Seasoning",,255,3.7,2360,농진청('21)
3358,R0130010009a,조미료류,향신료·조미료,"라면 스프, 용기라면","Ramyeon, Seasoning, Cup noodle",,273,4.1,2194,농진청('21)
3359,R0130020009a,조미료류,향신료·조미료,"라면 스프, 짜장라면","Ramyeon, Seasoning, Jajangramyeon",,350,3.5,44,농진청('21)
3360,R0130022809a,조미료류,향신료·조미료,"라면 스프, 짜장라면, 조미유","Ramyeon, Seasoning oil, Jajangramyeon",,899,0,5,농진청('21)
3033,R0450000001a,조미료류,향신료·조미료,"라벤더, 말린것","Lavender, Dried",,330,7.4,13267,농진청('01)
3034,R0650000000a,조미료류,향신료·조미료,"레몬그라스(시트로넬라), 생것","Lemon Grass(Citronella), Raw",,99,70.58,3,USDA('18)
3035,R0460000001a,조미료류,향신료·조미료,"로즈메리, 말린것","Rosemary, Dried",,331,9.31,-,USDA('18)
3037,R0530000005a,조미료류,향신료·조미료,"마늘, 가루","Garlic, Powder",Allium sativum L.,349,9.7,6,농진청('19)
3426,R074000000Ma,조미료류,향신료·조미료,"마라 육수, 농축","Spicy hot pot, Stock",,415,33.9,705,농진청('23)
3427,R0740000009a,조미료류,향신료·조미료,마라 육수,"Spicy hot pot, Broth",,65,91,56,농진청('23)
3038,R0150020009a,조미료류,향신료·조미료,마요네즈,"Mayonnaise, Regular",,682,18.6,3,농진청('19)
3039,R0150030009a,조미료류,향신료·조미료,"마요네즈, 저칼로리","Mayonnaise, Low calorie",,341,53.1,32,농진청('19)
3040,R0160000009a,조미료류,향신료·조미료,맛술,"Cooking alcohol, Matsul",,146,63.8,0,농진청('02)
3428,R0750000009a,조미료류,향신료·조미료,머스타드 소스,Mustard sauce,,69,83.1,40,농진청('22)
3429,R075000B019a,조미료류,향신료·조미료,"머스타드 소스, 씨겨자","Mustard sauce, Whole grain",,138,68.2,33,농진청('23)
3041,R0120030009a,조미료류,향신료·조미료,미소,Miso,,187,46.8,0,농진청('14)
3042,R0470000001a,조미료류,향신료·조미료,"민트, 말린것","Mint, Dried",Mentha arvensis Linné var. piperascens Malinvaud ex Holmes,294,9.7,27677,농진청('01)
3430,R047001B140a,조미료류,향신료·조미료,"애플민트, 생것","Apple mint, Raw",,27,90.8,2390,농진청('23)
3043,R0630000009a,조미료류,향신료·조미료,바비큐 소스,Barbecue sauce,,143,61.3,329,농진청('19)
3361,R0690000009a,조미료류,향신료·조미료,발사믹 소스,Balsamic sauce,,182,53.8,0,농진청('22)
3044,R0670000005a,조미료류,향신료·조미료,"뽕잎, 가루","Mulberry leaf, Powder",Morus alba L.,299,3.4,22110,농진청('23)
3045,R0660000001a,조미료류,향신료·조미료,사프란,Saffron,,310,11.9,-,USDA('18)
3046,R0170000005a,조미료류,향신료·조미료,"산초, 가루","Chinese black pepper(Sancho), Powder",Zanthoxylum schinifolium,302,12,80,농진청('13)
3047,R0180020009a,조미료류,향신료·조미료,"샐러드 드레싱, 사우전드아일랜드","Salad dressing, Thousand island",,287,55.8,106,농진청('19)
3431,R0180060009a,조미료류,향신료·조미료,"샐러드 드레싱, 오리엔탈","Salad dressing, Oriental",,189,60.2,0,농진청('23)
3048,R0180040009a,조미료류,향신료·조미료,"샐러드 드레싱, 이탈리안","Salad dressing, Italian",,155,70.7,13,농진청('19)
3432,R0180070009a,조미료류,향신료·조미료,"샐러드 드레싱, 코울슬로","Salad dressing, Coleslaw",,486,35.9,4,농진청('22)
3049,R0180050009a,조미료류,향신료·조미료,"샐러드 드레싱, 프렌치","Salad dressing, French",,419,39.34,232,USDA('18)
3050,R0190000009a,조미료류,향신료·조미료,생강 페이스트,Ginger paste,,41,88.2,6,JAPAN('20)
3051,R0550000005a,조미료류,향신료·조미료,"생강, 가루","Ginger(Saenggang), Powder",Zingiber officinale Roscoe,367,6.8,20,농진청('19)
3362,R0200012819a,조미료류,향신료·조미료,"소금, 가공염, 맛소금","Salt(Sogeum), Monosodium glutamate contained, Less than 10%",,27,0.1,0,농진청('22)
3053,R0200011869a,조미료류,향신료·조미료,"소금, 가공염, 죽염","Salt(Sogeum), Roasted in bamboo",,0,0.3,0,농진청('16)
3054,R0200012429a,조미료류,향신료·조미료,"소금, 가공염, 퉁퉁마디(함초)","Salt(Sogeum), Roasted with marshfire glasswort",,21,1.9,0,농진청('16)
3056,R0200020009a,조미료류,향신료·조미료,"소금, 정제염","Salt(Sogeum), Refined salt",,2,0.1,0,농진청('15)
3057,R0200030009a,조미료류,향신료·조미료,"소금, 천일염","Salt(Sogeum), Sun-dried salt",,20,3.2,0,농진청('15)
3058,R0200032439a,조미료류,향신료·조미료,"소금, 천일염, 가는소금","Salt(Sogeum), Sun-dried salt, Fine salt",,24,1.6,0,농진청('15)
3059,R0200031859a,조미료류,향신료·조미료,"소금, 천일염, 굵은소금","Salt(Sogeum), Sun-dried salt, Coarse salt",,16,4.9,0,농진청('15)
3433,R0200050009a,조미료류,향신료·조미료,"소금, 구운소금","Salt(Sogeum), Roasted",,0,0.1,0,농진청('22)
3060,R0200031879a,조미료류,향신료·조미료,"소금, 천일염, 소금꽃","Salt(Sogeum), Sun-dried salt, Flower salt",,21,3.7,-,농진청('11)
3061,R0200031889a,조미료류,향신료·조미료,"소금, 천일염, 토판염","Salt(Sogeum), Sun-dried salt, Gray salt",,16,4.8,-,농진청('11)
3062,R0200041879a,조미료류,향신료·조미료,"소금, 프랑스, 소금꽃","Salt(Sogeum), France, Gray salt, Flower salt",,11,4.2,-,농진청('11)
3063,R0200041889a,조미료류,향신료·조미료,"소금, 프랑스, 토판염","Salt(Sogeum), France, Gray salt",,16,5.7,-,농진청('11)
3064,R0040010009a,조미료류,향신료·조미료,소불고기 양념,"Bulgogi marinade, Beef",,181,49.4,0,농진청('13)
3363,R0700000009a,조미료류,향신료·조미료,수끼 소스,Suki sauce,,109,68.7,309,농진청('22)
3364,R0700010009a,조미료류,향신료·조미료,"수끼 소스, 된장","Suki sauce, Doenjang",,190,51.5,98,농진청('22)
3365,R0700020009a,조미료류,향신료·조미료,"수끼 소스, 토마토","Suki sauce, Tomato",,117,66.2,283,농진청('22)
3434,R0760000009a,조미료류,향신료·조미료,스리라차 소스,Sriracha sauce,,77,77.2,234,농진청('23)
3366,R021001000Va,조미료류,향신료·조미료,"스파게티 소스, 크림, 병조림","Spaghetti sauce, Cream, Bottled",,188,72.8,6,농진청('22)
3065,R021000000Va,조미료류,향신료·조미료,"스파게티 소스, 토마토, 병조림","Spaghetti sauce, Tomato, Bottled",,73,82.6,468,농진청('22)
3066,R0220010009a,조미료류,향신료·조미료,"식초, 감식초","Vinegar(Sikcho), Persimmon",,10,97.1,0,농진청('19)
3067,R0220090009a,조미료류,향신료·조미료,"식초, 발사믹","Vinegar(Sikcho), Balsamic",,165,58.6,0,농진청('22)
3068,R0220020009a,조미료류,향신료·조미료,"식초, 배식초","Vinegar(Sikcho), Pear",,29,92.4,0,농진청('19)
3069,R0220030009a,조미료류,향신료·조미료,"식초, 사과식초","Vinegar(Sikcho), Apple flavored",,19,95,0,농진청('19)
3070,R0220040009a,조미료류,향신료·조미료,"식초, 쌀식초","Vinegar(Sikcho), Rice",,46,87.9,-,JAPAN('20)
3072,R0220060009a,조미료류,향신료·조미료,"식초, 양조","Vinegar(Sikcho), Brewing",,1,99.6,0,농진청('16)
3073,R0220070009a,조미료류,향신료·조미료,"식초, 포도식초","Vinegar(Sikcho), Grape",,22,93.7,Tr,JAPAN('20)
3074,R0220080009a,조미료류,향신료·조미료,"식초, 현미식초","Vinegar(Sikcho), Brown rice",,22,94.3,0,농진청('19)
3075,R0230000009a,조미료류,향신료·조미료,쌈장,"Ssamjang, Mixed soybean paste with red pepper paste",,240,38.4,615,농진청('15)
3367,R0240000009a,조미료류,향신료·조미료,양념닭 소스,"Sauce, Korean fried chicken(Yangnyeom chicken)",,200,48.1,511,농진청('22)
3076,R0560000005a,조미료류,향신료·조미료,"양파, 가루","Onion, Powder",Allium cepa L.,354,8.8,5,농진청('23)
3435,R0310002895a,조미료류,향신료·조미료,양파시즈닝,"Seasoning, Onion flavored, Powder",,372,2.6,71,농진청('23)
3077,R0610000001a,조미료류,향신료·조미료,"오레가노, 말린것","Oregano, Dried",Origanum vulgare L.,265,9.93,1007,USDA('18)
3078,R0250000005a,조미료류,향신료·조미료,"올스파이스, 가루","Allspice, Powder",Pimenta dioica,364,9.2,31,JAPAN('20)
3436,R0770000009a,조미료류,향신료·조미료,우동 건더기 스프,"Udong, Flake",,514,4,1906,농진청('22)
3437,R0770000009b,조미료류,향신료·조미료,"우동 건더기 스프, 삶은것","Udong, Flake, Boiled",,195,63.4,1000,농진청('22)
3079,R0260000009a,조미료류,향신료·조미료,우스터 소스,Worcester sauce,,62,78.9,31,농진청('22)
3438,R078000B105a,조미료류,향신료·조미료,"울금, 가루","Ulgeum, Powder",Curcuma longa L.,328,8.5,0,농진청('23)
3080,R048000B141a,조미료류,향신료·조미료,"월계수, 잎, 말린것","Bay leaf, Dried",Laurus nobilis L.,313,5.44,-,USDA('18)
3081,R0270000009a,조미료류,향신료·조미료,"육두구, 가루","Nutmeg, Powder",Myristica fragrans Houtt,520,6.3,-,JAPAN('20)
3082,R0290000005a,조미료류,향신료·조미료,"정향, 가루","Clove, Powder",Syzygium aromaticum Merrill et Perry,398,7.5,120,JAPAN('20)
3083,R0310001895a,조미료류,향신료·조미료,"조미료, 멸치맛, 가루","Seasoning, Anchovy flavored, Powder",,211,4.1,2,농진청('19)
3439,R0310002905a,조미료류,향신료·조미료,"조미료, 사골맛, 가루","Seasoning, Beef bone broth flavored, Powder",,331,1.5,0,농진청('22)
3084,R0310001905a,조미료류,향신료·조미료,"조미료, 쇠고기맛, 가루","Seasoning, Beef flavored, Powder",,242,2.6,4,농진청('22)
3440,R0310002915a,조미료류,향신료·조미료,"조미료, 조개맛, 가루","Seasoning, Clam flavored, Powder",,191,3.7,4,농진청('23)
3368,R0310002825a,조미료류,향신료·조미료,"조미료, 화학조미료, 가루","Seasoning, Monosodium glutamate contained",,277,4.1,0,농진청('21)
3085,R0310010009a,조미료류,향신료·조미료,"조미료, 액상","Seasoning, Liquid",,66,68.2,0,농진청('22)
3086,R0280000005a,조미료류,향신료·조미료,"짜장 소스, 가루","Black bean sauce, Powder",,351,4,3,농진청('19)
3087,R028000000Wa,조미료류,향신료·조미료,"짜장 소스, 레토르트","Black bean sauce, Retort pouched",,93,79.1,0,농진청('14)
3088,R0580000009a,조미료류,향신료·조미료,"짜장 소스, 춘장","Black bean sauce, Chunjang, Black bean paste",,206,44,0,농진청('14)
3089,R0320000009a,조미료류,향신료·조미료,청국장,"Cheonggukjang, Fermented soybean paste",,217,51.6,87,농진청('22)
3090,R0320000005a,조미료류,향신료·조미료,"청국장, 가루","Cheonggukjang, Powder",,459,5,9,농진청('22)
3091,R0320002419a,조미료류,향신료·조미료,"청국장, 찌개용","Cheonggukjang, Seasoned for stew",,136,64,87,농진청('16)
3092,R0060000009a,조미료류,향신료·조미료,초고추장,"Chogochujang, Gochujang with vinegar and sugar",,211,35.5,2017,농진청('16)
3441,R0310002155a,조미료류,향신료·조미료,치즈시즈닝,"Seasoning, Cheese flavored, Powder",,386,1.7,606,농진청('23)
3442,R0790000005a,조미료류,향신료·조미료,"치킨 스톡, 가루","Chicken stock, Powder",,195,1,0,농진청('22)
3443,R0790010009a,조미료류,향신료·조미료,"치킨 스톡, 액상","Chicken stock, Liquid",,108,56.9,0,농진청('22)
3093,R0620000009a,조미료류,향신료·조미료,칠리 소스,Chili sauce,,112,67.3,500,JAPAN('20)
3369,R0620002699a,조미료류,향신료·조미료,"칠리 소스, 단맛","Chili sauce, Sweet",,181,51.5,283,농진청('19)
3094,R0330000005a,조미료류,향신료·조미료,"칠리, 가루","Chili, Powder",,374,3.8,7600,JAPAN('20)
3095,R0340000005a,조미료류,향신료·조미료,"카레 소스, 가루","Curry sauce, Powder",,425,5.2,38,농진청('19)
3096,R034000000Wa,조미료류,향신료·조미료,"카레 소스, 레토르트","Curry sauce, Retort pouched",,72,82.7,81,농진청('16)
3098,R0600000001a,조미료류,향신료·조미료,"타라곤, 말린것","Tarragon, Dried",,295,7.74,-,USDA('18)
3099,R0360000005a,조미료류,향신료·조미료,"타임, 가루","Thyme, Powder",,342,9.8,980,JAPAN('20)
3444,R0800000009a,조미료류,향신료·조미료,탕수육 소스,Sweet and sour sauce,,130,66.5,0,농진청('23)
3100,R0370000009a,조미료류,향신료·조미료,템페,Tempeh,,192,59.65,-,USDA('18)
3101,R0380000009a,조미료류,향신료·조미료,토마토 소스,Tomato sauce,,41,87.1,480,JAPAN('20)
3102,R0380010009a,조미료류,향신료·조미료,토마토 케첩,Tomato ketchup,,125,65.2,591,농진청('19)
3103,R0570000001a,조미료류,향신료·조미료,"파슬리, 말린것","Parsley, Dried",Petroselinum crispum (Mill.) Nyman,298,3.6,12082,농진청('21)
3104,R0390000005a,조미료류,향신료·조미료,"파프리카, 가루","Paprika, Powder",Capsicum annuum L.,385,,5000,JAPAN('20)
3445,R0810000009a,조미료류,향신료·조미료,팟타이 소스,Pad thai sauce,,87,74.3,134,농진청('23)
3105,R0590000000a,조미료류,향신료·조미료,"페퍼민트, 생것","Peppermint, Raw",Mentha piperita L.,70,78.65,-,USDA('18)
3106,R0110000009a,조미료류,향신료·조미료,포크커틀릿 소스,Pork cutlet sauce,,133,62.1,165,농진청('16)
3446,R0820000005a,조미료류,향신료·조미료,"하이라이스, 가루","Hayashi rice sauce, Powder",,379,3,14,농진청('21)
3107,R0400000009a,조미료류,향신료·조미료,핫 소스,Hot sauce,,47,86.3,849,농진청('19)
3447,R0830000009a,조미료류,향신료·조미료,해선장,Hoisin sauce,,230,39,9,농진청('23)
3370,R0710000009a,조미료류,향신료·조미료,허니머스타드 소스,Honey mustard sauce,,338,45.1,600,농진청('22)
3108,R0410010005a,조미료류,향신료·조미료,"후추, 검은색, 가루","Pepper, Black, Powder",Piper nigrum L.,362,11.5,377,농진청('19)
3109,R0410020005a,조미료류,향신료·조미료,"후추, 흰색, 가루","Pepper, White, Powder",Piper nigrum L.,376,12.3,-,JAPAN('20)
