db,db_food_id,n_quant_compounds
phenol_explorer,531,22
phenol_explorer,492,22
phenol_explorer,494,28
phenol_explorer,539,72
phenol_explorer,28,18
phenol_explorer,720,11
phenol_explorer,193,6
phenol_explorer,194,6
phenol_explorer,192,8
phenol_explorer,150,6
phenol_explorer,148,7
phenol_explorer,233,2
phenol_explorer,234,2
phenol_explorer,145,1
phenol_explorer,147,30
phenol_explorer,135,110
phenol_explorer,137,41
phenol_explorer,136,74
phenol_explorer,139,17
phenol_explorer,229,16
phenol_explorer,226,10
phenol_explorer,293,25
phenol_explorer,219,12
phenol_explorer,976,3
phenol_explorer,301,9
phenol_explorer,975,3
phenol_explorer,227,8
phenol_explorer,299,7
phenol_explorer,300,18
phenol_explorer,529,2
phenol_explorer,317,6
phenol_explorer,321,10
phenol_explorer,315,11
phenol_explorer,225,37
phenol_explorer,224,27
phenol_explorer,218,12
phenol_explorer,216,8
phenol_explorer,210,13
phenol_explorer,326,16
phenol_explorer,304,24
phenol_explorer,325,10
phenol_explorer,338,12
phenol_explorer,305,21
phenol_explorer,522,12
phenol_explorer,324,9
phenol_explorer,354,12
phenol_explorer,316,16
phenol_explorer,292,27
phenol_explorer,308,7
phenol_explorer,439,20
phenol_explorer,440,12
phenol_explorer,536,37
phenol_explorer,146,23
phenol_explorer,558,4
phenol_explorer,51,17
phenol_explorer,913,20
phenol_explorer,920,8
phenol_explorer,62,35
phenol_explorer,74,42
phenol_explorer,98,4
phenol_explorer,94,29
phenol_explorer,106,56
phenol_explorer,107,3
phenol_explorer,124,34
phenol_explorer,109,10
phenol_explorer,101,16
phenol_explorer,79,105
phenol_explorer,77,93
phenol_explorer,92,11
phenol_explorer,126,2
phenol_explorer,125,2
phenol_explorer,114,10
phenol_explorer,99,40
phenol_explorer,93,19
phenol_explorer,111,10
phenol_explorer,158,7
phenol_explorer,91,67
phenol_explorer,141,77
phenol_explorer,143,51
phenol_explorer,89,18
phenol_explorer,113,10
phenol_explorer,95,88
phenol_explorer,104,22
phenol_explorer,83,59
phenol_explorer,81,39
phenol_explorer,110,10
phenol_explorer,100,11
phenol_explorer,112,10
phenol_explorer,67,57
phenol_explorer,86,87
phenol_explorer,108,3
phenol_explorer,115,3
phenol_explorer,127,2
phenol_explorer,69,96
phenol_explorer,116,3
phenol_explorer,90,22
phenol_explorer,11,22
phenol_explorer,16,15
phenol_explorer,205,7
phenol_explorer,8,23
phenol_explorer,22,10
phenol_explorer,54,50
phenol_explorer,60,12
phenol_explorer,55,17
phenol_explorer,45,29
phenol_explorer,44,32
phenol_explorer,50,59
phenol_explorer,47,27
phenol_explorer,46,45
phenol_explorer,3,5
phenol_explorer,449,1
phenol_explorer,160,10
phenol_explorer,182,5
phenol_explorer,181,10
phenol_explorer,914,18
phenol_explorer,916,17
phenol_explorer,915,3
phenol_explorer,34,22
phenol_explorer,33,6
phenol_explorer,24,41
phenol_explorer,23,67
phenol_explorer,187,15
phenol_explorer,40,23
phenol_explorer,39,52
phenol_explorer,41,28
phenol_explorer,157,8
phenol_explorer,159,33
phenol_explorer,185,15
phenol_explorer,168,1
phenol_explorer,155,34
phenol_explorer,167,3
phenol_explorer,909,1
phenol_explorer,912,6
phenol_explorer,156,14
phenol_explorer,201,3
phenol_explorer,910,3
phenol_explorer,918,17
phenol_explorer,161,29
phenol_explorer,180,22
phenol_explorer,200,1
phenol_explorer,80,20
phenol_explorer,78,20
phenol_explorer,82,20
phenol_explorer,68,28
phenol_explorer,88,27
phenol_explorer,58,9
phenol_explorer,123,2
phenol_explorer,122,6
phenol_explorer,120,20
phenol_explorer,933,2
phenol_explorer,27,2
phenol_explorer,932,2
phenol_explorer,43,11
phenol_explorer,42,7
phenol_explorer,1465,8
phenol_explorer,688,18
phenol_explorer,662,12
phenol_explorer,666,8
phenol_explorer,552,45
phenol_explorer,553,21
phenol_explorer,204,7
phenol_explorer,246,1
phenol_explorer,243,28
phenol_explorer,162,1
phenol_explorer,163,1
phenol_explorer,103,10
phenol_explorer,71,4
phenol_explorer,133,22
phenol_explorer,12,16
phenol_explorer,15,21
phenol_explorer,18,14
phenol_explorer,195,3
phenol_explorer,17,16
phenol_explorer,206,7
phenol_explorer,9,17
phenol_explorer,6,32
phenol_explorer,7,11
phenol_explorer,10,21
phenol_explorer,13,10
phenol_explorer,21,3
phenol_explorer,20,4
phenol_explorer,65,6
phenol_explorer,64,6
phenol_explorer,36,10
phenol_explorer,35,24
phenol_explorer,26,17
phenol_explorer,25,33
phenol_explorer,38,5
phenol_explorer,922,10
phenol_explorer,921,10
phenol_explorer,164,1
phenol_explorer,917,9
phenol_explorer,191,21
phenol_explorer,4,1
phenol_explorer,857,1
phenol_explorer,865,1
phenol_explorer,866,5
phenol_explorer,863,12
phenol_explorer,867,1
phenol_explorer,864,1
phenol_explorer,877,1
phenol_explorer,872,3
phenol_explorer,870,1
phenol_explorer,869,12
phenol_explorer,873,3
phenol_explorer,862,1
phenol_explorer,876,1
phenol_explorer,868,1
phenol_explorer,874,1
phenol_explorer,871,1
phenol_explorer,878,1
phenol_explorer,875,1
phenol_explorer,938,18
phenol_explorer,207,25
phenol_explorer,30,62
phenol_explorer,208,8
phenol_explorer,29,49
phenol_explorer,209,8
phenol_explorer,31,15
phenol_explorer,903,14
phenol_explorer,822,30
phenol_explorer,823,18
phenol_explorer,808,42
phenol_explorer,714,12
phenol_explorer,842,18
phenol_explorer,848,5
phenol_explorer,851,11
phenol_explorer,937,12
phenol_explorer,825,5
phenol_explorer,833,5
phenol_explorer,791,14
phenol_explorer,348,17
phenol_explorer,476,3
phenol_explorer,762,8
phenol_explorer,743,17
phenol_explorer,735,18
phenol_explorer,763,16
phenol_explorer,736,18
phenol_explorer,829,3
phenol_explorer,790,14
phenol_explorer,771,14
phenol_explorer,784,14
phenol_explorer,761,8
phenol_explorer,792,13
phenol_explorer,748,13
phenol_explorer,844,1
phenol_explorer,767,10
phenol_explorer,329,5
phenol_explorer,788,14
phenol_explorer,741,14
phenol_explorer,777,1
phenol_explorer,753,14
phenol_explorer,733,14
phenol_explorer,730,7
phenol_explorer,745,1
phenol_explorer,754,1
phenol_explorer,787,7
phenol_explorer,746,1
phenol_explorer,751,7
phenol_explorer,742,16
phenol_explorer,778,1
phenol_explorer,796,17
phenol_explorer,752,1
phenol_explorer,731,11
phenol_explorer,728,7
phenol_explorer,465,25
phenol_explorer,755,15
phenol_explorer,732,12
phenol_explorer,729,1
phenol_explorer,756,1
phenol_explorer,737,1
phenol_explorer,453,5
phenol_explorer,850,1
phenol_explorer,744,18
phenol_explorer,734,19
phenol_explorer,789,14
phenol_explorer,794,1
phenol_explorer,764,16
phenol_explorer,757,1
phenol_explorer,738,1
phenol_explorer,776,1
phenol_explorer,740,18
phenol_explorer,759,7
phenol_explorer,839,20
phenol_explorer,758,1
phenol_explorer,774,7
phenol_explorer,466,8
phenol_explorer,477,10
phenol_explorer,451,13
phenol_explorer,739,1
phenol_explorer,760,1
phenol_explorer,941,18
phenol_explorer,140,28
phenol_explorer,786,8
phenol_explorer,804,20
phenol_explorer,780,6
phenol_explorer,807,10
phenol_explorer,830,22
phenol_explorer,879,2
phenol_explorer,797,22
phenol_explorer,490,1
phenol_explorer,779,29
phenol_explorer,769,10
phenol_explorer,785,20
phenol_explorer,775,3
phenol_explorer,793,3
phenol_explorer,845,5
phenol_explorer,831,22
phenol_explorer,832,5
phenol_explorer,798,20
phenol_explorer,838,20
phenol_explorer,837,20
phenol_explorer,805,3
phenol_explorer,835,20
phenol_explorer,799,4
phenol_explorer,834,2
phenol_explorer,712,38
phenol_explorer,722,3
phenol_explorer,708,16
phenol_explorer,709,23
phenol_explorer,467,21
phenol_explorer,710,23
phenol_explorer,727,2
phenol_explorer,723,14
phenol_explorer,475,22
phenol_explorer,716,3
phenol_explorer,717,7
phenol_explorer,713,8
phenol_explorer,707,23
phenol_explorer,724,16
phenol_explorer,711,23
phenol_explorer,721,9
phenol_explorer,184,25
phenol_explorer,719,9
phenol_explorer,809,10
phenol_explorer,815,4
phenol_explorer,847,23
phenol_explorer,812,11
phenol_explorer,544,4
phenol_explorer,542,32
phenol_explorer,583,4
phenol_explorer,585,42
phenol_explorer,545,7
phenol_explorer,543,37
phenol_explorer,563,1
phenol_explorer,573,5
phenol_explorer,564,9
phenol_explorer,602,1
phenol_explorer,576,4
phenol_explorer,669,1
phenol_explorer,571,4
phenol_explorer,580,2
phenol_explorer,566,18
phenol_explorer,470,33
phenol_explorer,578,4
phenol_explorer,581,17
phenol_explorer,577,4
phenol_explorer,561,5
phenol_explorer,572,5
phenol_explorer,650,1
phenol_explorer,574,4
phenol_explorer,568,1
phenol_explorer,945,8
phenol_explorer,944,8
phenol_explorer,942,18
phenol_explorer,943,12
phenol_explorer,961,18
phenol_explorer,954,18
phenol_explorer,962,12
phenol_explorer,949,6
phenol_explorer,955,3
phenol_explorer,947,17
phenol_explorer,939,11
phenol_explorer,950,12
phenol_explorer,957,10
phenol_explorer,951,12
phenol_explorer,952,18
phenol_explorer,826,20
phenol_explorer,963,12
phenol_explorer,959,18
phenol_explorer,948,12
phenol_explorer,953,18
phenol_explorer,472,27
phenol_explorer,362,1
phenol_explorer,263,37
phenol_explorer,333,18
phenol_explorer,264,25
phenol_explorer,363,4
phenol_explorer,282,10
phenol_explorer,271,5
phenol_explorer,283,16
phenol_explorer,265,10
phenol_explorer,491,1
phenol_explorer,273,5
phenol_explorer,287,4
phenol_explorer,276,8
phenol_explorer,291,1
phenol_explorer,461,13
phenol_explorer,285,10
phenol_explorer,284,10
phenol_explorer,323,6
phenol_explorer,322,6
phenol_explorer,154,30
phenol_explorer,360,3
phenol_explorer,361,3
phenol_explorer,540,3
phenol_explorer,359,28
phenol_explorer,750,44
phenol_explorer,749,39
phenol_explorer,701,31
phenol_explorer,702,31
phenol_explorer,703,10
phenol_explorer,260,12
phenol_explorer,258,47
phenol_explorer,270,18
phenol_explorer,183,10
phenol_explorer,331,3
phenol_explorer,502,21
phenol_explorer,435,3
phenol_explorer,500,1
phenol_explorer,310,9
phenol_explorer,309,6
phenol_explorer,747,1
phenol_explorer,311,14
phenol_explorer,312,14
phenol_explorer,773,6
phenol_explorer,313,43
phenol_explorer,314,21
phenol_explorer,272,19
phenol_explorer,319,13
phenol_explorer,393,15
phenol_explorer,255,23
phenol_explorer,256,12
phenol_explorer,257,20
phenol_explorer,382,1
phenol_explorer,380,6
phenol_explorer,570,34
phenol_explorer,334,34
phenol_explorer,649,22
phenol_explorer,446,6
phenol_explorer,507,2
phenol_explorer,269,48
phenol_explorer,351,8
phenol_explorer,352,6
phenol_explorer,350,7
phenol_explorer,349,5
phenol_explorer,353,12
phenol_explorer,499,14
phenol_explorer,408,7
phenol_explorer,471,3
phenol_explorer,328,10
phenol_explorer,977,3
phenol_explorer,368,8
phenol_explorer,407,15
phenol_explorer,320,13
phenol_explorer,392,13
phenol_explorer,254,18
phenol_explorer,332,3
usda_flavonoid,01103,4
usda_flavonoid,02007,2
usda_flavonoid,02023,1
usda_flavonoid,02029,3
usda_flavonoid,02037,1
usda_flavonoid,02045,4
usda_flavonoid,02049,2
usda_flavonoid,02054,2
usda_flavonoid,02063,3
usda_flavonoid,02064,4
usda_flavonoid,04053,2
usda_flavonoid,06159,1
usda_flavonoid,06931,2
usda_flavonoid,09001,4
usda_flavonoid,09003,10
usda_flavonoid,09004,11
usda_flavonoid,09016,5
usda_flavonoid,09019,3
usda_flavonoid,09021,4
usda_flavonoid,09037,3
usda_flavonoid,09040,5
usda_flavonoid,09042,10
usda_flavonoid,09050,13
usda_flavonoid,09054,11
usda_flavonoid,09063,7
usda_flavonoid,09068,5
usda_flavonoid,09070,11
usda_flavonoid,09081,8
usda_flavonoid,09083,11
usda_flavonoid,09086,3
usda_flavonoid,09087,2
usda_flavonoid,09088,5
usda_flavonoid,09089,5
usda_flavonoid,09107,7
usda_flavonoid,09112,6
usda_flavonoid,09116,2
usda_flavonoid,09123,4
usda_flavonoid,09126,1
usda_flavonoid,09128,5
usda_flavonoid,09135,13
usda_flavonoid,09146,3
usda_flavonoid,09148,6
usda_flavonoid,09149,2
usda_flavonoid,09150,7
usda_flavonoid,09152,5
usda_flavonoid,09153,3
usda_flavonoid,09159,3
usda_flavonoid,09160,4
usda_flavonoid,09176,8
usda_flavonoid,09181,3
usda_flavonoid,09184,2
usda_flavonoid,09190,1
usda_flavonoid,09191,4
usda_flavonoid,09193,1
usda_flavonoid,09195,1
usda_flavonoid,09200,6
usda_flavonoid,09202,6
usda_flavonoid,09206,5
usda_flavonoid,09209,4
usda_flavonoid,09215,2
usda_flavonoid,09218,2
usda_flavonoid,09221,4
usda_flavonoid,09225,3
usda_flavonoid,09226,4
usda_flavonoid,09236,7
usda_flavonoid,09252,8
usda_flavonoid,09266,3
usda_flavonoid,09276,3
usda_flavonoid,09279,9
usda_flavonoid,09286,4
usda_flavonoid,09287,3
usda_flavonoid,09291,6
usda_flavonoid,09295,2
usda_flavonoid,09296,2
usda_flavonoid,09297,2
usda_flavonoid,09298,9
usda_flavonoid,09302,12
usda_flavonoid,09307,3
usda_flavonoid,09316,16
usda_flavonoid,09318,8
usda_flavonoid,09326,2
usda_flavonoid,09370,1
usda_flavonoid,09404,2
usda_flavonoid,09442,4
usda_flavonoid,09445,1
usda_flavonoid,09500,11
usda_flavonoid,09501,5
usda_flavonoid,09502,6
usda_flavonoid,09503,6
usda_flavonoid,09504,10
usda_flavonoid,11001,1
usda_flavonoid,11004,2
usda_flavonoid,11007,3
usda_flavonoid,11011,3
usda_flavonoid,11012,1
usda_flavonoid,11043,2
usda_flavonoid,11052,4
usda_flavonoid,11053,5
usda_flavonoid,11056,2
usda_flavonoid,11060,2
usda_flavonoid,11061,2
usda_flavonoid,11080,2
usda_flavonoid,11088,6
usda_flavonoid,11089,3
usda_flavonoid,11090,4
usda_flavonoid,11091,2
usda_flavonoid,11092,2
usda_flavonoid,11096,1
usda_flavonoid,11097,1
usda_flavonoid,11098,4
usda_flavonoid,11099,4
usda_flavonoid,11109,4
usda_flavonoid,11110,5
usda_flavonoid,11112,7
usda_flavonoid,11113,2
usda_flavonoid,11114,5
usda_flavonoid,11116,5
usda_flavonoid,11117,9
usda_flavonoid,11119,5
usda_flavonoid,11124,4
usda_flavonoid,11135,4
usda_flavonoid,11136,3
usda_flavonoid,11137,3
usda_flavonoid,11138,3
usda_flavonoid,11141,2
usda_flavonoid,11143,4
usda_flavonoid,11147,4
usda_flavonoid,11152,4
usda_flavonoid,11156,4
usda_flavonoid,11161,3
usda_flavonoid,11165,1
usda_flavonoid,11191,1
usda_flavonoid,11200,8
usda_flavonoid,11203,2
usda_flavonoid,11205,2
usda_flavonoid,11209,2
usda_flavonoid,11213,1
usda_flavonoid,11215,3
usda_flavonoid,11220,3
usda_flavonoid,11222,3
usda_flavonoid,11233,3
usda_flavonoid,11241,3
usda_flavonoid,11246,3
usda_flavonoid,11250,2
usda_flavonoid,11251,3
usda_flavonoid,11252,5
usda_flavonoid,11253,5
usda_flavonoid,11254,4
usda_flavonoid,11257,4
usda_flavonoid,11270,3
usda_flavonoid,11276,2
usda_flavonoid,11278,1
usda_flavonoid,11282,6
usda_flavonoid,11283,2
usda_flavonoid,11291,2
usda_flavonoid,11292,4
usda_flavonoid,11293,1
usda_flavonoid,11294,5
usda_flavonoid,11297,5
usda_flavonoid,11298,1
usda_flavonoid,11304,2
usda_flavonoid,11308,1
usda_flavonoid,11312,1
usda_flavonoid,11313,8
usda_flavonoid,11333,3
usda_flavonoid,11352,2
usda_flavonoid,11354,1
usda_flavonoid,11355,1
usda_flavonoid,11356,1
usda_flavonoid,11357,1
usda_flavonoid,11358,1
usda_flavonoid,11422,1
usda_flavonoid,11427,3
usda_flavonoid,11429,2
usda_flavonoid,11430,1
usda_flavonoid,11435,4
usda_flavonoid,11439,4
usda_flavonoid,11450,2
usda_flavonoid,11457,4
usda_flavonoid,11477,1
usda_flavonoid,11478,1
usda_flavonoid,11505,5
usda_flavonoid,11506,4
usda_flavonoid,11507,5
usda_flavonoid,11518,1
usda_flavonoid,11519,2
usda_flavonoid,11520,5
usda_flavonoid,11521,6
usda_flavonoid,11529,4
usda_flavonoid,11530,4
usda_flavonoid,11531,5
usda_flavonoid,11547,2
usda_flavonoid,11568,2
usda_flavonoid,11587,1
usda_flavonoid,11591,5
usda_flavonoid,11602,1
usda_flavonoid,11616,3
usda_flavonoid,11670,4
usda_flavonoid,11676,1
usda_flavonoid,11696,2
usda_flavonoid,11722,2
usda_flavonoid,11724,1
usda_flavonoid,11821,3
usda_flavonoid,11886,3
usda_flavonoid,11935,2
usda_flavonoid,11951,4
usda_flavonoid,11952,4
usda_flavonoid,11957,2
usda_flavonoid,11959,3
usda_flavonoid,11977,2
usda_flavonoid,11979,2
usda_flavonoid,12061,9
usda_flavonoid,12086,3
usda_flavonoid,12098,2
usda_flavonoid,12120,5
usda_flavonoid,12142,6
usda_flavonoid,12149,1
usda_flavonoid,12151,6
usda_flavonoid,12155,1
usda_flavonoid,14003,6
usda_flavonoid,14057,7
usda_flavonoid,14096,18
usda_flavonoid,14097,11
usda_flavonoid,14098,11
usda_flavonoid,14100,7
usda_flavonoid,14106,8
usda_flavonoid,14192,3
usda_flavonoid,14194,2
usda_flavonoid,14209,4
usda_flavonoid,14352,11
usda_flavonoid,14355,13
usda_flavonoid,14367,10
usda_flavonoid,14653,15
usda_flavonoid,16014,3
usda_flavonoid,16029,2
usda_flavonoid,16032,2
usda_flavonoid,16033,3
usda_flavonoid,16042,5
usda_flavonoid,16049,3
usda_flavonoid,16054,2
usda_flavonoid,16055,6
usda_flavonoid,16069,2
usda_flavonoid,16089,1
usda_flavonoid,16126,1
usda_flavonoid,19078,2
usda_flavonoid,19120,2
usda_flavonoid,19165,3
usda_flavonoid,19166,3
usda_flavonoid,19719,4
usda_flavonoid,20004,1
usda_flavonoid,20008,1
usda_flavonoid,20009,2
usda_flavonoid,20011,3
usda_flavonoid,43201,4
usda_flavonoid,97003,2
usda_flavonoid,97005,4
usda_flavonoid,97007,7
usda_flavonoid,97034,4
usda_flavonoid,97043,9
usda_flavonoid,97046,5
usda_flavonoid,97049,4
usda_flavonoid,97054,4
usda_flavonoid,97068,4
usda_flavonoid,97071,10
usda_flavonoid,97074,13
usda_flavonoid,97077,11
usda_flavonoid,97085,6
usda_flavonoid,97088,4
usda_flavonoid,99001,6
usda_flavonoid,99002,4
usda_flavonoid,99007,4
usda_flavonoid,99009,2
usda_flavonoid,99011,3
usda_flavonoid,99012,8
usda_flavonoid,99014,6
usda_flavonoid,99016,5
usda_flavonoid,99019,5
usda_flavonoid,99021,3
usda_flavonoid,99022,2
usda_flavonoid,99027,2
usda_flavonoid,99029,2
usda_flavonoid,99031,1
usda_flavonoid,99032,5
usda_flavonoid,99035,6
usda_flavonoid,99037,6
usda_flavonoid,99038,3
usda_flavonoid,99041,2
usda_flavonoid,99042,2
usda_flavonoid,99043,7
usda_flavonoid,99044,10
usda_flavonoid,99045,5
usda_flavonoid,99047,8
usda_flavonoid,99048,6
usda_flavonoid,99049,1
usda_flavonoid,99050,2
usda_flavonoid,99051,1
usda_flavonoid,99052,3
usda_flavonoid,99053,2
usda_flavonoid,99054,2
usda_flavonoid,99055,10
usda_flavonoid,99056,2
usda_flavonoid,99058,5
usda_flavonoid,99064,4
usda_flavonoid,99065,1
usda_flavonoid,99066,2
usda_flavonoid,99067,1
usda_flavonoid,99068,9
usda_flavonoid,99069,11
usda_flavonoid,99071,8
usda_flavonoid,99074,1
usda_flavonoid,99075,3
usda_flavonoid,99079,3
usda_flavonoid,99080,2
usda_flavonoid,99081,1
usda_flavonoid,99082,1
usda_flavonoid,99083,3
usda_flavonoid,99086,1
usda_flavonoid,99088,2
usda_flavonoid,99098,3
usda_flavonoid,99102,3
usda_flavonoid,99105,4
usda_flavonoid,99107,5
usda_flavonoid,99108,2
usda_flavonoid,99109,5
usda_flavonoid,99110,3
usda_flavonoid,99111,2
usda_flavonoid,99113,2
usda_flavonoid,99114,2
usda_flavonoid,99115,4
usda_flavonoid,99116,2
usda_flavonoid,99117,4
usda_flavonoid,99118,2
usda_flavonoid,99304,3
usda_flavonoid,99305,3
usda_flavonoid,99306,3
usda_flavonoid,99311,4
usda_flavonoid,99313,5
usda_flavonoid,99316,2
usda_flavonoid,99321,2
usda_flavonoid,99323,3
usda_flavonoid,99324,1
usda_flavonoid,99326,2
usda_flavonoid,99327,8
usda_flavonoid,99335,1
usda_flavonoid,99337,4
usda_flavonoid,99339,2
usda_flavonoid,99341,11
usda_flavonoid,99342,9
usda_flavonoid,99343,8
usda_flavonoid,99344,10
usda_flavonoid,99347,4
usda_flavonoid,99349,8
usda_flavonoid,99350,8
usda_flavonoid,99351,3
usda_flavonoid,99354,5
usda_flavonoid,99356,1
usda_flavonoid,99357,7
usda_flavonoid,99359,1
usda_flavonoid,99360,2
usda_flavonoid,99361,2
usda_flavonoid,99364,2
usda_flavonoid,99365,4
usda_flavonoid,99367,3
usda_flavonoid,99368,5
usda_flavonoid,99369,2
usda_flavonoid,99370,2
usda_flavonoid,99371,2
usda_flavonoid,99372,2
usda_flavonoid,99373,3
usda_flavonoid,99374,3
usda_flavonoid,99376,2
usda_flavonoid,99377,5
usda_flavonoid,99378,1
usda_flavonoid,99379,1
usda_flavonoid,99380,1
usda_flavonoid,99382,6
usda_flavonoid,99383,2
usda_flavonoid,99384,2
usda_flavonoid,99385,3
usda_flavonoid,99386,2
usda_flavonoid,99387,8
usda_flavonoid,99394,6
usda_flavonoid,99396,4
usda_flavonoid,99397,4
usda_flavonoid,99398,2
usda_flavonoid,99399,3
usda_flavonoid,99400,3
usda_flavonoid,99402,2
usda_flavonoid,99403,2
usda_flavonoid,99404,2
usda_flavonoid,99406,3
usda_flavonoid,99411,3
usda_flavonoid,99412,2
usda_flavonoid,99428,1
usda_flavonoid,99429,1
usda_flavonoid,99436,7
usda_flavonoid,99437,2
usda_flavonoid,99439,4
usda_flavonoid,99460,2
usda_flavonoid,99461,4
usda_flavonoid,99577,2
usda_flavonoid,99582,3
usda_flavonoid,99594,1
usda_flavonoid,99595,1
usda_flavonoid,99596,1
usda_flavonoid,99598,2
usda_flavonoid,99599,2
usda_flavonoid,99600,4
usda_flavonoid,99601,1
usda_flavonoid,99602,2
usda_flavonoid,99603,6
usda_flavonoid,99604,6
usda_flavonoid,99605,5
usda_flavonoid,99606,5
usda_flavonoid,99607,3
usda_flavonoid,99608,1
usda_flavonoid,99609,3
usda_flavonoid,99610,5
usda_flavonoid,99611,3
usda_flavonoid,99613,5
usda_flavonoid,99614,3
usda_flavonoid,99615,3
usda_flavonoid,99616,6
usda_flavonoid,99617,2
usda_flavonoid,99618,3
usda_flavonoid,99621,4
usda_flavonoid,99623,1
usda_flavonoid,99625,3
usda_flavonoid,99626,2
usda_flavonoid,99629,1
usda_flavonoid,99631,4
usda_flavonoid,99632,2
usda_flavonoid,99633,4
usda_flavonoid,99634,3
usda_flavonoid,99635,1
usda_flavonoid,99636,2
usda_flavonoid,99639,2
usda_flavonoid,99641,2
usda_flavonoid,99642,2
usda_flavonoid,99644,1
usda_flavonoid,99645,1
usda_flavonoid,99646,5
usda_flavonoid,99647,2
usda_flavonoid,99649,2
usda_flavonoid,99650,7
usda_flavonoid,99651,2
usda_flavonoid,99653,10
usda_flavonoid,99654,3
usda_flavonoid,99655,2
usda_flavonoid,99656,2
usda_flavonoid,99657,8
usda_flavonoid,99658,4
usda_flavonoid,99659,4
usda_flavonoid,99660,1
usda_flavonoid,99661,7
usda_flavonoid,99662,1
usda_flavonoid,99686,1
usda_flavonoid,09078,11
usda_flavonoid,09079,9
usda_flavonoid,09518,8
usda_flavonoid,09525,4
usda_flavonoid,09526,4
usda_flavonoid,09552,2
usda_flavonoid,09553,2
usda_flavonoid,09554,2
usda_flavonoid,14242,10
usda_isoflavone,01079,1
usda_isoflavone,01123,5
usda_isoflavone,02019,5
usda_isoflavone,03841,4
usda_isoflavone,03843,4
usda_isoflavone,03890,4
usda_isoflavone,03891,4
usda_isoflavone,03893,4
usda_isoflavone,03931,4
usda_isoflavone,05323,3
usda_isoflavone,05327,3
usda_isoflavone,06016,2
usda_isoflavone,06075,1
usda_isoflavone,06125,4
usda_isoflavone,06175,4
usda_isoflavone,06419,1
usda_isoflavone,06971,2
usda_isoflavone,06982,4
usda_isoflavone,06983,2
usda_isoflavone,07022,4
usda_isoflavone,07023,5
usda_isoflavone,07029,2
usda_isoflavone,07075,3
usda_isoflavone,07905,1
usda_isoflavone,07956,2
usda_isoflavone,08013,2
usda_isoflavone,08060,2
usda_isoflavone,08234,1
usda_isoflavone,08385,4
usda_isoflavone,08393,4
usda_isoflavone,09003,1
usda_isoflavone,09032,6
usda_isoflavone,09040,1
usda_isoflavone,09050,2
usda_isoflavone,09083,4
usda_isoflavone,09087,4
usda_isoflavone,09094,1
usda_isoflavone,09112,2
usda_isoflavone,09116,6
usda_isoflavone,09176,1
usda_isoflavone,09181,1
usda_isoflavone,09194,3
usda_isoflavone,09202,2
usda_isoflavone,09209,6
usda_isoflavone,09231,3
usda_isoflavone,09236,2
usda_isoflavone,09279,2
usda_isoflavone,09291,4
usda_isoflavone,09292,2
usda_isoflavone,09298,5
usda_isoflavone,09302,3
usda_isoflavone,09316,2
usda_isoflavone,11001,6
usda_isoflavone,11011,3
usda_isoflavone,11038,1
usda_isoflavone,11043,6
usda_isoflavone,11052,5
usda_isoflavone,11053,5
usda_isoflavone,11060,2
usda_isoflavone,11061,3
usda_isoflavone,11091,1
usda_isoflavone,11109,1
usda_isoflavone,11124,1
usda_isoflavone,11125,1
usda_isoflavone,11162,1
usda_isoflavone,11168,2
usda_isoflavone,11215,6
usda_isoflavone,11251,2
usda_isoflavone,11278,1
usda_isoflavone,11304,2
usda_isoflavone,11312,2
usda_isoflavone,11360,2
usda_isoflavone,11367,1
usda_isoflavone,11450,4
usda_isoflavone,11451,4
usda_isoflavone,11452,6
usda_isoflavone,11453,4
usda_isoflavone,11457,1
usda_isoflavone,11458,1
usda_isoflavone,11468,1
usda_isoflavone,11507,2
usda_isoflavone,11510,1
usda_isoflavone,11529,1
usda_isoflavone,11578,4
usda_isoflavone,11667,2
usda_isoflavone,11697,1
usda_isoflavone,12023,3
usda_isoflavone,12036,6
usda_isoflavone,12038,2
usda_isoflavone,12061,4
usda_isoflavone,12087,4
usda_isoflavone,12097,1
usda_isoflavone,12101,4
usda_isoflavone,12104,3
usda_isoflavone,12120,5
usda_isoflavone,12142,2
usda_isoflavone,12151,5
usda_isoflavone,12155,5
usda_isoflavone,12220,6
usda_isoflavone,14006,1
usda_isoflavone,14106,2
usda_isoflavone,14201,1
usda_isoflavone,14209,5
usda_isoflavone,14242,1
usda_isoflavone,14355,2
usda_isoflavone,14602,2
usda_isoflavone,15138,3
usda_isoflavone,15184,4
usda_isoflavone,15185,4
usda_isoflavone,16001,3
usda_isoflavone,16006,2
usda_isoflavone,16009,1
usda_isoflavone,16014,2
usda_isoflavone,16018,1
usda_isoflavone,16019,2
usda_isoflavone,16024,1
usda_isoflavone,16027,3
usda_isoflavone,16028,1
usda_isoflavone,16032,4
usda_isoflavone,16033,3
usda_isoflavone,16034,1
usda_isoflavone,16037,4
usda_isoflavone,16040,1
usda_isoflavone,16042,6
usda_isoflavone,16045,3
usda_isoflavone,16047,3
usda_isoflavone,16049,4
usda_isoflavone,16050,5
usda_isoflavone,16052,6
usda_isoflavone,16054,1
usda_isoflavone,16056,7
usda_isoflavone,16057,2
usda_isoflavone,16058,2
usda_isoflavone,16062,6
usda_isoflavone,16069,6
usda_isoflavone,16070,3
usda_isoflavone,16071,3
usda_isoflavone,16072,4
usda_isoflavone,16074,2
usda_isoflavone,16076,3
usda_isoflavone,16080,6
usda_isoflavone,16081,4
usda_isoflavone,16083,6
usda_isoflavone,16085,6
usda_isoflavone,16086,2
usda_isoflavone,16087,6
usda_isoflavone,16089,3
usda_isoflavone,16090,2
usda_isoflavone,16098,2
usda_isoflavone,16101,6
usda_isoflavone,16104,5
usda_isoflavone,16107,4
usda_isoflavone,16108,7
usda_isoflavone,16109,6
usda_isoflavone,16111,6
usda_isoflavone,16112,5
usda_isoflavone,16113,4
usda_isoflavone,16114,4
usda_isoflavone,16115,6
usda_isoflavone,16116,4
usda_isoflavone,16117,4
usda_isoflavone,16119,4
usda_isoflavone,16120,1
usda_isoflavone,16121,4
usda_isoflavone,16122,4
usda_isoflavone,16123,6
usda_isoflavone,16125,2
usda_isoflavone,16126,5
usda_isoflavone,16127,4
usda_isoflavone,16128,4
usda_isoflavone,16129,4
usda_isoflavone,16130,4
usda_isoflavone,16132,4
usda_isoflavone,16139,2
usda_isoflavone,16147,3
usda_isoflavone,16150,6
usda_isoflavone,16158,3
usda_isoflavone,16159,4
usda_isoflavone,16162,4
usda_isoflavone,16168,4
usda_isoflavone,16173,4
usda_isoflavone,16174,6
usda_isoflavone,16229,4
usda_isoflavone,16230,3
usda_isoflavone,16427,4
usda_isoflavone,16513,4
usda_isoflavone,16546,4
usda_isoflavone,16557,4
usda_isoflavone,18035,5
usda_isoflavone,18037,2
usda_isoflavone,18060,1
usda_isoflavone,18068,3
usda_isoflavone,18069,5
usda_isoflavone,18075,2
usda_isoflavone,18079,3
usda_isoflavone,18081,3
usda_isoflavone,18101,2
usda_isoflavone,18127,3
usda_isoflavone,18133,3
usda_isoflavone,18150,3
usda_isoflavone,18159,2
usda_isoflavone,18216,6
usda_isoflavone,18217,2
usda_isoflavone,18248,6
usda_isoflavone,18249,4
usda_isoflavone,18250,4
usda_isoflavone,18255,3
usda_isoflavone,18290,2
usda_isoflavone,18326,2
usda_isoflavone,18356,4
usda_isoflavone,19015,6
usda_isoflavone,19016,2
usda_isoflavone,20005,2
usda_isoflavone,20016,3
usda_isoflavone,20020,3
usda_isoflavone,20029,4
usda_isoflavone,20036,3
usda_isoflavone,20037,1
usda_isoflavone,20045,1
usda_isoflavone,20047,1
usda_isoflavone,20066,3
usda_isoflavone,20080,2
usda_isoflavone,20095,2
usda_isoflavone,20109,3
usda_isoflavone,20110,1
usda_isoflavone,20120,3
usda_isoflavone,20121,2
usda_isoflavone,20124,3
usda_isoflavone,21322,4
usda_isoflavone,22116,4
usda_isoflavone,22122,4
usda_isoflavone,22126,4
usda_isoflavone,22720,4
usda_isoflavone,22903,5
usda_isoflavone,22904,4
usda_isoflavone,22910,1
usda_isoflavone,22911,4
usda_isoflavone,22932,3
usda_isoflavone,23501,4
usda_isoflavone,23506,4
usda_isoflavone,25013,2
usda_isoflavone,25017,4
usda_isoflavone,42178,3
usda_isoflavone,43130,4
usda_isoflavone,43212,4
usda_isoflavone,43476,4
usda_isoflavone,43528,3
usda_isoflavone,99001,4
usda_isoflavone,99002,3
usda_isoflavone,99008,3
usda_isoflavone,99009,6
usda_isoflavone,99010,4
usda_isoflavone,99014,3
usda_isoflavone,99018,4
usda_isoflavone,99019,4
usda_isoflavone,99020,5
usda_isoflavone,99026,3
usda_isoflavone,99030,4
usda_isoflavone,99034,4
usda_isoflavone,99035,4
usda_isoflavone,99036,4
usda_isoflavone,99038,4
usda_isoflavone,99040,3
usda_isoflavone,99041,4
usda_isoflavone,99042,3
usda_isoflavone,99043,3
usda_isoflavone,99045,4
usda_isoflavone,99047,2
usda_isoflavone,99049,4
usda_isoflavone,99053,4
usda_isoflavone,99054,4
usda_isoflavone,99056,4
usda_isoflavone,99060,4
usda_isoflavone,99063,3
usda_isoflavone,99064,4
usda_isoflavone,99065,3
usda_isoflavone,99070,2
usda_isoflavone,99072,3
usda_isoflavone,99073,4
usda_isoflavone,99080,4
usda_isoflavone,99081,4
usda_isoflavone,99084,4
usda_isoflavone,99085,4
usda_isoflavone,99086,3
usda_isoflavone,99092,4
usda_isoflavone,99093,4
usda_isoflavone,99096,4
usda_isoflavone,99097,4
usda_isoflavone,99100,4
usda_isoflavone,99105,4
usda_isoflavone,99106,4
usda_isoflavone,99107,4
usda_isoflavone,99111,3
usda_isoflavone,99423,5
usda_isoflavone,99468,4
usda_isoflavone,99471,4
usda_isoflavone,99472,4
usda_isoflavone,99474,5
usda_isoflavone,99476,4
usda_isoflavone,99478,2
usda_isoflavone,99479,3
usda_isoflavone,99483,3
usda_isoflavone,99485,4
usda_isoflavone,99486,5
usda_isoflavone,99488,4
usda_isoflavone,99489,2
usda_isoflavone,99491,4
usda_isoflavone,99492,3
usda_isoflavone,99493,3
usda_isoflavone,99494,6
usda_isoflavone,99495,4
usda_isoflavone,99497,4
usda_isoflavone,99498,3
usda_isoflavone,99499,3
usda_isoflavone,99500,3
usda_isoflavone,99502,1
usda_isoflavone,99503,6
usda_isoflavone,99504,3
usda_isoflavone,99506,4
usda_isoflavone,99507,2
usda_isoflavone,99508,3
usda_isoflavone,99509,5
usda_isoflavone,99510,6
usda_isoflavone,99511,3
usda_isoflavone,99512,2
usda_isoflavone,99515,5
usda_isoflavone,99516,4
usda_isoflavone,99517,3
usda_isoflavone,99518,5
usda_isoflavone,99519,1
usda_isoflavone,99520,4
usda_isoflavone,99521,3
usda_isoflavone,99523,3
usda_isoflavone,99524,3
usda_isoflavone,99528,4
usda_isoflavone,99529,6
usda_isoflavone,99531,3
usda_isoflavone,99532,3
usda_isoflavone,99533,6
usda_isoflavone,99534,4
usda_isoflavone,99535,4
usda_isoflavone,99538,4
usda_isoflavone,99539,4
usda_isoflavone,99540,4
usda_isoflavone,99541,3
usda_isoflavone,99543,3
usda_isoflavone,99544,3
usda_isoflavone,99547,4
usda_isoflavone,99548,1
usda_isoflavone,99549,2
usda_isoflavone,99550,3
usda_isoflavone,99551,3
usda_isoflavone,99553,3
usda_isoflavone,99554,3
usda_isoflavone,99555,4
usda_isoflavone,99557,4
usda_isoflavone,99559,3
usda_isoflavone,99560,4
usda_isoflavone,99563,4
usda_isoflavone,99564,4
usda_isoflavone,99565,4
usda_isoflavone,99566,1
usda_isoflavone,99568,3
usda_isoflavone,99569,3
usda_isoflavone,99571,5
usda_isoflavone,99572,4
usda_isoflavone,99573,4
usda_isoflavone,99574,4
usda_isoflavone,99575,4
usda_isoflavone,99576,4
usda_isoflavone,01125,2
usda_proanthocyanidin,01102,1
usda_proanthocyanidin,02010,5
usda_proanthocyanidin,02015,3
usda_proanthocyanidin,03116,4
usda_proanthocyanidin,03130,4
usda_proanthocyanidin,03132,4
usda_proanthocyanidin,03165,5
usda_proanthocyanidin,03166,4
usda_proanthocyanidin,03181,3
usda_proanthocyanidin,03225,4
usda_proanthocyanidin,09003,5
usda_proanthocyanidin,09004,5
usda_proanthocyanidin,09016,4
usda_proanthocyanidin,09021,5
usda_proanthocyanidin,09037,4
usda_proanthocyanidin,09040,3
usda_proanthocyanidin,09042,5
usda_proanthocyanidin,09050,5
usda_proanthocyanidin,09052,4
usda_proanthocyanidin,09054,4
usda_proanthocyanidin,09070,4
usda_proanthocyanidin,09078,5
usda_proanthocyanidin,09079,1
usda_proanthocyanidin,09081,1
usda_proanthocyanidin,09083,5
usda_proanthocyanidin,09086,2
usda_proanthocyanidin,09087,3
usda_proanthocyanidin,09088,3
usda_proanthocyanidin,09089,1
usda_proanthocyanidin,09107,5
usda_proanthocyanidin,09135,5
usda_proanthocyanidin,09148,4
usda_proanthocyanidin,09176,3
usda_proanthocyanidin,09191,5
usda_proanthocyanidin,09236,5
usda_proanthocyanidin,09241,4
usda_proanthocyanidin,09252,5
usda_proanthocyanidin,09279,5
usda_proanthocyanidin,09286,1
usda_proanthocyanidin,09296,2
usda_proanthocyanidin,09302,4
usda_proanthocyanidin,09307,5
usda_proanthocyanidin,09316,5
usda_proanthocyanidin,09370,4
usda_proanthocyanidin,09413,5
usda_proanthocyanidin,09500,5
usda_proanthocyanidin,09501,5
usda_proanthocyanidin,09502,5
usda_proanthocyanidin,09503,5
usda_proanthocyanidin,09504,5
usda_proanthocyanidin,11088,2
usda_proanthocyanidin,11248,2
usda_proanthocyanidin,12061,5
usda_proanthocyanidin,12087,1
usda_proanthocyanidin,12099,2
usda_proanthocyanidin,12120,5
usda_proanthocyanidin,12142,5
usda_proanthocyanidin,12151,5
usda_proanthocyanidin,12155,5
usda_proanthocyanidin,14003,3
usda_proanthocyanidin,14096,5
usda_proanthocyanidin,14097,2
usda_proanthocyanidin,14099,1
usda_proanthocyanidin,14100,1
usda_proanthocyanidin,14106,3
usda_proanthocyanidin,14108,1
usda_proanthocyanidin,14242,5
usda_proanthocyanidin,14278,3
usda_proanthocyanidin,14317,4
usda_proanthocyanidin,14355,3
usda_proanthocyanidin,14431,1
usda_proanthocyanidin,14602,1
usda_proanthocyanidin,16001,5
usda_proanthocyanidin,16014,1
usda_proanthocyanidin,16032,5
usda_proanthocyanidin,16042,5
usda_proanthocyanidin,16043,5
usda_proanthocyanidin,16049,1
usda_proanthocyanidin,16062,5
usda_proanthocyanidin,16069,3
usda_proanthocyanidin,16087,3
usda_proanthocyanidin,16089,3
usda_proanthocyanidin,16098,2
usda_proanthocyanidin,19078,5
usda_proanthocyanidin,19081,2
usda_proanthocyanidin,19120,5
usda_proanthocyanidin,19165,5
usda_proanthocyanidin,19166,5
usda_proanthocyanidin,19905,5
usda_proanthocyanidin,20004,3
usda_proanthocyanidin,20008,2
usda_proanthocyanidin,20011,1
usda_proanthocyanidin,20067,5
usda_proanthocyanidin,20088,3
usda_proanthocyanidin,20130,3
usda_proanthocyanidin,35138,5
usda_proanthocyanidin,43408,2
usda_proanthocyanidin,44074,3
usda_proanthocyanidin,97002,1
usda_proanthocyanidin,97003,5
usda_proanthocyanidin,97004,2
usda_proanthocyanidin,97005,2
usda_proanthocyanidin,97007,2
usda_proanthocyanidin,97011,3
usda_proanthocyanidin,97014,2
usda_proanthocyanidin,97018,5
usda_proanthocyanidin,97020,5
usda_proanthocyanidin,97021,4
usda_proanthocyanidin,97022,5
usda_proanthocyanidin,97023,5
usda_proanthocyanidin,97024,5
usda_proanthocyanidin,97025,5
usda_proanthocyanidin,97030,5
usda_proanthocyanidin,97031,1
usda_proanthocyanidin,97034,5
usda_proanthocyanidin,97046,1
usda_proanthocyanidin,97049,1
usda_proanthocyanidin,97054,1
usda_proanthocyanidin,97063,5
usda_proanthocyanidin,97068,5
usda_proanthocyanidin,97071,5
usda_proanthocyanidin,97074,5
usda_proanthocyanidin,97075,5
usda_proanthocyanidin,97077,5
usda_proanthocyanidin,97085,5
usda_proanthocyanidin,97088,2
usda_proanthocyanidin,99002,1
usda_proanthocyanidin,99007,4
usda_proanthocyanidin,99012,5
usda_proanthocyanidin,99021,5
usda_proanthocyanidin,99037,4
usda_proanthocyanidin,99043,1
usda_proanthocyanidin,99044,5
usda_proanthocyanidin,99047,5
usda_proanthocyanidin,99050,1
usda_proanthocyanidin,99064,2
usda_proanthocyanidin,99065,5
usda_proanthocyanidin,99083,3
usda_proanthocyanidin,99110,1
usda_proanthocyanidin,99326,4
usda_proanthocyanidin,99335,5
usda_proanthocyanidin,99337,3
usda_proanthocyanidin,99339,5
usda_proanthocyanidin,99357,5
usda_proanthocyanidin,99399,2
usda_proanthocyanidin,99403,3
usda_proanthocyanidin,99436,2
usda_proanthocyanidin,99439,2
usda_proanthocyanidin,99616,5
usda_proanthocyanidin,99664,2
usda_proanthocyanidin,99667,4
usda_proanthocyanidin,99668,4
usda_proanthocyanidin,99672,1
usda_proanthocyanidin,99675,5
usda_proanthocyanidin,99682,5
usda_proanthocyanidin,99683,2
usda_proanthocyanidin,99684,1
usda_proanthocyanidin,99685,4
usda_sr_carotenoid,18932,3
usda_sr_carotenoid,18933,3
usda_sr_carotenoid,18942,1
usda_sr_carotenoid,18943,1
usda_sr_carotenoid,18944,4
usda_sr_carotenoid,18951,1
usda_sr_carotenoid,18953,3
usda_sr_carotenoid,18959,4
usda_sr_carotenoid,18967,2
usda_sr_carotenoid,18968,2
usda_sr_carotenoid,18969,3
usda_sr_carotenoid,18970,1
usda_sr_carotenoid,19003,4
usda_sr_carotenoid,19013,3
usda_sr_carotenoid,19014,3
usda_sr_carotenoid,19015,3
usda_sr_carotenoid,19026,2
usda_sr_carotenoid,19035,3
usda_sr_carotenoid,19036,3
usda_sr_carotenoid,19038,3
usda_sr_carotenoid,19039,1
usda_sr_carotenoid,19047,1
usda_sr_carotenoid,19048,1
usda_sr_carotenoid,19056,3
usda_sr_carotenoid,19057,5
usda_sr_carotenoid,19076,1
usda_sr_carotenoid,19078,1
usda_sr_carotenoid,19088,1
usda_sr_carotenoid,19089,4
usda_sr_carotenoid,19094,3
usda_sr_carotenoid,19095,1
usda_sr_carotenoid,19096,1
usda_sr_carotenoid,19097,3
usda_sr_carotenoid,19103,1
usda_sr_carotenoid,19104,2
usda_sr_carotenoid,19114,2
usda_sr_carotenoid,19120,1
usda_sr_carotenoid,19121,1
usda_sr_carotenoid,19122,1
usda_sr_carotenoid,31019,1
usda_sr_carotenoid,31020,1
usda_sr_carotenoid,31023,2
usda_sr_carotenoid,35155,1
usda_sr_carotenoid,35183,3
usda_sr_carotenoid,36060,3
usda_sr_carotenoid,36061,4
usda_sr_carotenoid,36403,4
usda_sr_carotenoid,36409,3
usda_sr_carotenoid,36410,3
usda_sr_carotenoid,36411,4
usda_sr_carotenoid,36417,4
usda_sr_carotenoid,36418,1
usda_sr_carotenoid,36602,4
usda_sr_carotenoid,36609,3
usda_sr_carotenoid,36617,3
usda_sr_carotenoid,36618,5
usda_sr_carotenoid,36619,4
usda_sr_carotenoid,36625,4
usda_sr_carotenoid,36626,3
usda_sr_carotenoid,36629,4
usda_sr_carotenoid,36630,5
usda_sr_carotenoid,42074,1
usda_sr_carotenoid,42116,5
usda_sr_carotenoid,42131,1
usda_sr_carotenoid,42135,1
usda_sr_carotenoid,42136,1
usda_sr_carotenoid,42150,3
usda_sr_carotenoid,42151,1
usda_sr_carotenoid,42153,4
usda_sr_carotenoid,42171,3
usda_sr_carotenoid,42178,3
usda_sr_carotenoid,42189,1
usda_sr_carotenoid,42192,1
usda_sr_carotenoid,42196,2
usda_sr_carotenoid,42235,1
usda_sr_carotenoid,43331,4
usda_sr_carotenoid,43340,1
usda_sr_carotenoid,43344,2
usda_sr_carotenoid,43345,3
usda_sr_carotenoid,43365,4
usda_sr_carotenoid,43369,1
usda_sr_carotenoid,43392,1
usda_sr_carotenoid,43393,1
usda_sr_carotenoid,43396,2
usda_sr_carotenoid,43417,4
usda_sr_carotenoid,43450,2
usda_sr_carotenoid,43476,1
usda_sr_carotenoid,43495,1
usda_sr_carotenoid,43523,4
usda_sr_carotenoid,43529,3
usda_sr_carotenoid,43535,2
usda_sr_carotenoid,43544,1
usda_sr_carotenoid,43546,3
usda_sr_carotenoid,43550,4
usda_sr_carotenoid,43595,1
usda_sr_carotenoid,43597,1
usda_sr_carotenoid,44158,2
usda_sr_carotenoid,44203,3
usda_sr_carotenoid,44258,1
usda_sr_carotenoid,9150,4
usda_sr_carotenoid,9152,3
usda_sr_carotenoid,9153,2
usda_sr_carotenoid,9156,4
usda_sr_carotenoid,9287,2
usda_sr_carotenoid,9292,4
usda_sr_carotenoid,9294,2
usda_sr_carotenoid,9295,1
usda_sr_carotenoid,9302,3
usda_sr_carotenoid,9304,3
usda_sr_carotenoid,9306,3
usda_sr_carotenoid,9307,2
usda_sr_carotenoid,9314,4
usda_sr_carotenoid,9315,1
usda_sr_carotenoid,9316,2
usda_sr_carotenoid,9322,1
usda_sr_carotenoid,9326,4
usda_sr_carotenoid,9328,2
usda_sr_carotenoid,9354,1
usda_sr_carotenoid,9357,3
usda_sr_carotenoid,9367,2
usda_sr_carotenoid,9400,1
usda_sr_carotenoid,9412,4
usda_sr_carotenoid,9413,3
usda_sr_carotenoid,9414,2
usda_sr_carotenoid,9415,3
usda_sr_carotenoid,9426,3
usda_sr_carotenoid,9427,1
usda_sr_carotenoid,9428,1
usda_sr_carotenoid,9435,1
usda_sr_carotenoid,9436,2
usda_sr_carotenoid,9449,4
usda_sr_carotenoid,9450,4
usda_sr_carotenoid,9451,1
usda_sr_carotenoid,9452,4
usda_sr_carotenoid,9504,3
usda_sr_carotenoid,9506,4
usda_sr_carotenoid,9508,4
usda_sr_carotenoid,9515,4
usda_sr_carotenoid,9516,4
usda_sr_carotenoid,9517,1
usda_sr_carotenoid,9524,2
usda_sr_carotenoid,9525,1
usda_sr_carotenoid,9526,1
usda_sr_carotenoid,9528,2
usda_sr_carotenoid,9552,3
usda_sr_carotenoid,9553,3
usda_sr_carotenoid,18927,2
usda_sr_carotenoid,18938,1
usda_sr_carotenoid,18939,4
usda_sr_carotenoid,18940,3
usda_sr_carotenoid,18949,1
usda_sr_carotenoid,18950,1
usda_sr_carotenoid,18955,4
usda_sr_carotenoid,18963,1
usda_sr_carotenoid,18964,2
usda_sr_carotenoid,18965,3
usda_sr_carotenoid,18966,2
usda_sr_carotenoid,18971,2
usda_sr_carotenoid,18972,3
usda_sr_carotenoid,18973,2
usda_sr_carotenoid,19001,1
usda_sr_carotenoid,19007,3
usda_sr_carotenoid,19008,3
usda_sr_carotenoid,19018,2
usda_sr_carotenoid,19029,2
usda_sr_carotenoid,19034,3
usda_sr_carotenoid,19040,3
usda_sr_carotenoid,19042,5
usda_sr_carotenoid,19043,1
usda_sr_carotenoid,19049,2
usda_sr_carotenoid,19062,2
usda_sr_carotenoid,19070,1
usda_sr_carotenoid,19071,1
usda_sr_carotenoid,19074,1
usda_sr_carotenoid,19080,1
usda_sr_carotenoid,19081,1
usda_sr_carotenoid,19083,1
usda_sr_carotenoid,19090,4
usda_sr_carotenoid,19098,1
usda_sr_carotenoid,19100,2
usda_sr_carotenoid,19101,2
usda_sr_carotenoid,19109,1
usda_sr_carotenoid,19115,1
usda_sr_carotenoid,19123,1
usda_sr_carotenoid,19124,1
usda_sr_carotenoid,19125,2
usda_sr_carotenoid,19126,1
usda_sr_carotenoid,28397,2
usda_sr_carotenoid,28399,1
usda_sr_carotenoid,35154,2
usda_sr_carotenoid,35179,1
usda_sr_carotenoid,36059,3
usda_sr_carotenoid,36412,4
usda_sr_carotenoid,36415,2
usda_sr_carotenoid,36603,5
usda_sr_carotenoid,36604,3
usda_sr_carotenoid,36611,3
usda_sr_carotenoid,36613,3
usda_sr_carotenoid,36614,1
usda_sr_carotenoid,36620,4
usda_sr_carotenoid,36621,4
usda_sr_carotenoid,36622,4
usda_sr_carotenoid,36623,4
usda_sr_carotenoid,36624,3
usda_sr_carotenoid,36631,5
usda_sr_carotenoid,36632,5
usda_sr_carotenoid,36633,4
usda_sr_carotenoid,42117,1
usda_sr_carotenoid,42119,3
usda_sr_carotenoid,42120,3
usda_sr_carotenoid,42137,4
usda_sr_carotenoid,42139,1
usda_sr_carotenoid,42141,1
usda_sr_carotenoid,42155,1
usda_sr_carotenoid,42157,1
usda_sr_carotenoid,42158,4
usda_sr_carotenoid,42183,1
usda_sr_carotenoid,42185,1
usda_sr_carotenoid,42186,1
usda_sr_carotenoid,42187,1
usda_sr_carotenoid,42200,2
usda_sr_carotenoid,42227,1
usda_sr_carotenoid,42230,1
usda_sr_carotenoid,43329,4
usda_sr_carotenoid,43346,2
usda_sr_carotenoid,43352,1
usda_sr_carotenoid,43364,3
usda_sr_carotenoid,43382,2
usda_sr_carotenoid,43387,2
usda_sr_carotenoid,43398,1
usda_sr_carotenoid,43401,1
usda_sr_carotenoid,43404,2
usda_sr_carotenoid,43405,1
usda_sr_carotenoid,43432,3
usda_sr_carotenoid,43441,3
usda_sr_carotenoid,43447,2
usda_sr_carotenoid,43449,3
usda_sr_carotenoid,43506,1
usda_sr_carotenoid,43537,2
usda_sr_carotenoid,43539,3
usda_sr_carotenoid,43541,2
usda_sr_carotenoid,43566,3
usda_sr_carotenoid,43570,4
usda_sr_carotenoid,43572,3
usda_sr_carotenoid,43585,3
usda_sr_carotenoid,43589,1
usda_sr_carotenoid,44061,1
usda_sr_carotenoid,44074,3
usda_sr_carotenoid,44110,2
usda_sr_carotenoid,9148,2
usda_sr_carotenoid,9149,3
usda_sr_carotenoid,9159,1
usda_sr_carotenoid,9160,1
usda_sr_carotenoid,9161,1
usda_sr_carotenoid,9163,2
usda_sr_carotenoid,9291,4
usda_sr_carotenoid,9301,1
usda_sr_carotenoid,9309,2
usda_sr_carotenoid,9310,2
usda_sr_carotenoid,9317,2
usda_sr_carotenoid,9318,2
usda_sr_carotenoid,9320,2
usda_sr_carotenoid,9334,4
usda_sr_carotenoid,9340,1
usda_sr_carotenoid,9351,3
usda_sr_carotenoid,9352,2
usda_sr_carotenoid,9370,3
usda_sr_carotenoid,9374,3
usda_sr_carotenoid,9379,3
usda_sr_carotenoid,9383,4
usda_sr_carotenoid,9407,3
usda_sr_carotenoid,9409,1
usda_sr_carotenoid,9416,1
usda_sr_carotenoid,9421,2
usda_sr_carotenoid,9422,2
usda_sr_carotenoid,9429,1
usda_sr_carotenoid,9430,1
usda_sr_carotenoid,9443,2
usda_sr_carotenoid,9444,1
usda_sr_carotenoid,9446,3
usda_sr_carotenoid,9447,4
usda_sr_carotenoid,9500,3
usda_sr_carotenoid,9501,3
usda_sr_carotenoid,9502,3
usda_sr_carotenoid,9503,3
usda_sr_carotenoid,9512,2
usda_sr_carotenoid,9513,5
usda_sr_carotenoid,9518,3
usda_sr_carotenoid,9519,2
usda_sr_carotenoid,9520,2
usda_sr_carotenoid,9522,2
usda_sr_carotenoid,9530,4
usda_sr_carotenoid,9531,4
usda_sr_carotenoid,11001,3
usda_sr_carotenoid,11008,2
usda_sr_carotenoid,11010,2
usda_sr_carotenoid,11011,3
usda_sr_carotenoid,11012,3
usda_sr_carotenoid,11023,2
usda_sr_carotenoid,11024,3
usda_sr_carotenoid,11025,2
usda_sr_carotenoid,11031,1
usda_sr_carotenoid,11178,4
usda_sr_carotenoid,11179,4
usda_sr_carotenoid,11180,4
usda_sr_carotenoid,11181,4
usda_sr_carotenoid,11192,1
usda_sr_carotenoid,11196,1
usda_sr_carotenoid,11197,3
usda_sr_carotenoid,11203,2
usda_sr_carotenoid,11204,2
usda_sr_carotenoid,11205,4
usda_sr_carotenoid,11212,3
usda_sr_carotenoid,11213,1
usda_sr_carotenoid,11214,1
usda_sr_carotenoid,11223,2
usda_sr_carotenoid,11232,2
usda_sr_carotenoid,11233,3
usda_sr_carotenoid,11241,1
usda_sr_carotenoid,11242,1
usda_sr_carotenoid,11247,2
usda_sr_carotenoid,11250,2
usda_sr_carotenoid,11257,2
usda_sr_carotenoid,11402,2
usda_sr_carotenoid,11411,2
usda_sr_carotenoid,11419,2
usda_sr_carotenoid,11422,3
usda_sr_carotenoid,11423,3
usda_sr_carotenoid,11424,2
usda_sr_carotenoid,11435,4
usda_sr_carotenoid,11436,3
usda_sr_carotenoid,11444,1
usda_sr_carotenoid,11445,1
usda_sr_carotenoid,11446,1
usda_sr_carotenoid,11453,3
usda_sr_carotenoid,11457,2
usda_sr_carotenoid,11458,2
usda_sr_carotenoid,11467,2
usda_sr_carotenoid,11468,2
usda_sr_carotenoid,11471,2
usda_sr_carotenoid,11474,2
usda_sr_carotenoid,11479,2
usda_sr_carotenoid,11480,2
usda_sr_carotenoid,11482,2
usda_sr_carotenoid,11487,3
usda_sr_carotenoid,11489,1
usda_sr_carotenoid,11490,2
usda_sr_carotenoid,11502,4
usda_sr_carotenoid,11507,2
usda_sr_carotenoid,11508,2
usda_sr_carotenoid,11510,1
usda_sr_carotenoid,11512,1
usda_sr_carotenoid,11519,2
usda_sr_carotenoid,11520,2
usda_sr_carotenoid,11697,1
usda_sr_carotenoid,11709,3
usda_sr_carotenoid,11710,2
usda_sr_carotenoid,11711,2
usda_sr_carotenoid,11717,1
usda_sr_carotenoid,11718,3
usda_sr_carotenoid,11727,2
usda_sr_carotenoid,11728,2
usda_sr_carotenoid,11729,4
usda_sr_carotenoid,11734,1
usda_sr_carotenoid,11735,1
usda_sr_carotenoid,11736,3
usda_sr_carotenoid,11742,2
usda_sr_carotenoid,11743,4
usda_sr_carotenoid,11744,4
usda_sr_carotenoid,11745,2
usda_sr_carotenoid,11751,2
usda_sr_carotenoid,11752,2
usda_sr_carotenoid,11754,3
usda_sr_carotenoid,11759,2
usda_sr_carotenoid,11760,4
usda_sr_carotenoid,11761,2
usda_sr_carotenoid,11762,2
usda_sr_carotenoid,11767,2
usda_sr_carotenoid,11768,4
usda_sr_carotenoid,11769,4
usda_sr_carotenoid,11770,4
usda_sr_carotenoid,11777,1
usda_sr_carotenoid,11778,1
usda_sr_carotenoid,11786,2
usda_sr_carotenoid,11794,3
usda_sr_carotenoid,11795,2
usda_sr_carotenoid,11900,2
usda_sr_carotenoid,11901,2
usda_sr_carotenoid,11902,2
usda_sr_carotenoid,11908,3
usda_sr_carotenoid,11909,3
usda_sr_carotenoid,11910,2
usda_sr_carotenoid,11911,3
usda_sr_carotenoid,11917,4
usda_sr_carotenoid,11918,4
usda_sr_carotenoid,11919,4
usda_sr_carotenoid,11921,5
usda_sr_carotenoid,11929,1
usda_sr_carotenoid,11934,2
usda_sr_carotenoid,11935,3
usda_sr_carotenoid,11937,4
usda_sr_carotenoid,11943,3
usda_sr_carotenoid,11945,4
usda_sr_carotenoid,11946,4
usda_sr_carotenoid,11947,4
usda_sr_carotenoid,11952,2
usda_sr_carotenoid,11954,3
usda_sr_carotenoid,11955,3
usda_sr_carotenoid,11960,3
usda_sr_carotenoid,11962,4
usda_sr_carotenoid,11963,2
usda_sr_carotenoid,11970,2
usda_sr_carotenoid,11972,1
usda_sr_carotenoid,11973,3
usda_sr_carotenoid,11974,4
usda_sr_carotenoid,11979,4
usda_sr_carotenoid,11981,4
usda_sr_carotenoid,11987,1
usda_sr_carotenoid,11990,1
usda_sr_carotenoid,11996,2
usda_sr_carotenoid,12195,2
usda_sr_carotenoid,12538,1
usda_sr_carotenoid,12563,2
usda_sr_carotenoid,12588,1
usda_sr_carotenoid,12635,2
usda_sr_carotenoid,12637,2
usda_sr_carotenoid,12665,2
usda_sr_carotenoid,12695,2
usda_sr_carotenoid,13318,1
usda_sr_carotenoid,13320,1
usda_sr_carotenoid,13321,1
usda_sr_carotenoid,13326,3
usda_sr_carotenoid,13327,3
usda_sr_carotenoid,14017,1
usda_sr_carotenoid,19132,1
usda_sr_carotenoid,19134,1
usda_sr_carotenoid,19135,2
usda_sr_carotenoid,19136,2
usda_sr_carotenoid,19137,2
usda_sr_carotenoid,19142,1
usda_sr_carotenoid,19143,1
usda_sr_carotenoid,19144,2
usda_sr_carotenoid,19150,1
usda_sr_carotenoid,19159,1
usda_sr_carotenoid,19160,1
usda_sr_carotenoid,19161,2
usda_sr_carotenoid,19162,1
usda_sr_carotenoid,19170,1
usda_sr_carotenoid,19182,4
usda_sr_carotenoid,19183,1
usda_sr_carotenoid,19184,1
usda_sr_carotenoid,19190,2
usda_sr_carotenoid,19193,2
usda_sr_carotenoid,19203,1
usda_sr_carotenoid,19204,1
usda_sr_carotenoid,19205,1
usda_sr_carotenoid,19212,1
usda_sr_carotenoid,19213,1
usda_sr_carotenoid,19216,3
usda_sr_carotenoid,19223,1
usda_sr_carotenoid,19232,1
usda_sr_carotenoid,19233,1
usda_sr_carotenoid,19235,1
usda_sr_carotenoid,19241,1
usda_sr_carotenoid,19270,1
usda_sr_carotenoid,19293,1
usda_sr_carotenoid,19294,3
usda_sr_carotenoid,19301,1
usda_sr_carotenoid,19303,4
usda_sr_carotenoid,19312,3
usda_sr_carotenoid,19321,1
usda_sr_carotenoid,19323,1
usda_sr_carotenoid,19325,1
usda_sr_carotenoid,19331,1
usda_sr_carotenoid,19333,4
usda_sr_carotenoid,19345,1
usda_sr_carotenoid,19348,1
usda_sr_carotenoid,19370,1
usda_sr_carotenoid,19371,1
usda_sr_carotenoid,19372,1
usda_sr_carotenoid,19393,1
usda_sr_carotenoid,19400,3
usda_sr_carotenoid,19407,1
usda_sr_carotenoid,19408,1
usda_sr_carotenoid,19409,2
usda_sr_carotenoid,19418,2
usda_sr_carotenoid,19419,2
usda_sr_carotenoid,19433,4
usda_sr_carotenoid,19434,3
usda_sr_carotenoid,19435,3
usda_sr_carotenoid,19441,4
usda_sr_carotenoid,19444,3
usda_sr_carotenoid,19524,2
usda_sr_carotenoid,20022,3
usda_sr_carotenoid,20032,2
usda_sr_carotenoid,20033,1
usda_sr_carotenoid,20035,3
usda_sr_carotenoid,20062,2
usda_sr_carotenoid,20063,2
usda_sr_carotenoid,20064,1
usda_sr_carotenoid,20065,1
usda_sr_carotenoid,20071,2
usda_sr_carotenoid,20072,2
usda_sr_carotenoid,20080,2
usda_sr_carotenoid,20081,1
usda_sr_carotenoid,20082,1
usda_sr_carotenoid,20083,2
usda_sr_carotenoid,20089,2
usda_sr_carotenoid,20106,3
usda_sr_carotenoid,20113,1
usda_sr_carotenoid,20125,2
usda_sr_carotenoid,20126,2
usda_sr_carotenoid,20129,2
usda_sr_carotenoid,20137,2
usda_sr_carotenoid,20310,2
usda_sr_carotenoid,20322,3
usda_sr_carotenoid,20410,2
usda_sr_carotenoid,20421,1
usda_sr_carotenoid,20422,3
usda_sr_carotenoid,20581,2
usda_sr_carotenoid,20630,1
usda_sr_carotenoid,20634,1
usda_sr_carotenoid,20635,1
usda_sr_carotenoid,20636,1
usda_sr_carotenoid,20640,1
usda_sr_carotenoid,20649,2
usda_sr_carotenoid,32000,3
usda_sr_carotenoid,32002,2
usda_sr_carotenoid,32008,3
usda_sr_carotenoid,32009,1
usda_sr_carotenoid,32010,4
usda_sr_carotenoid,32011,1
usda_sr_carotenoid,32012,4
usda_sr_carotenoid,32018,5
usda_sr_carotenoid,32019,4
usda_sr_carotenoid,32027,4
usda_sr_carotenoid,32028,2
usda_sr_carotenoid,32029,2
usda_sr_carotenoid,35015,1
usda_sr_carotenoid,35193,1
usda_sr_carotenoid,35194,1
usda_sr_carotenoid,35195,2
usda_sr_carotenoid,35196,2
usda_sr_carotenoid,35202,4
usda_sr_carotenoid,35203,5
usda_sr_carotenoid,35204,4
usda_sr_carotenoid,35234,3
usda_sr_carotenoid,35236,1
usda_sr_carotenoid,35237,4
usda_sr_carotenoid,36003,2
usda_sr_carotenoid,36004,3
usda_sr_carotenoid,36005,4
usda_sr_carotenoid,36010,2
usda_sr_carotenoid,36012,3
usda_sr_carotenoid,36018,4
usda_sr_carotenoid,36019,4
usda_sr_carotenoid,36020,3
usda_sr_carotenoid,36021,5
usda_sr_carotenoid,36026,4
usda_sr_carotenoid,36027,3
usda_sr_carotenoid,36028,5
usda_sr_carotenoid,36029,4
usda_sr_carotenoid,36035,5
usda_sr_carotenoid,36036,4
usda_sr_carotenoid,36037,4
usda_sr_carotenoid,36038,3
usda_sr_carotenoid,36043,4
usda_sr_carotenoid,36044,3
usda_sr_carotenoid,36046,4
usda_sr_carotenoid,36053,3
usda_sr_carotenoid,36054,3
usda_sr_carotenoid,36055,3
usda_sr_carotenoid,42236,1
usda_sr_carotenoid,42237,2
usda_sr_carotenoid,42265,3
usda_sr_carotenoid,42266,2
usda_sr_carotenoid,42267,4
usda_sr_carotenoid,42270,4
usda_sr_carotenoid,42284,1
usda_sr_carotenoid,42286,2
usda_sr_carotenoid,42303,1
usda_sr_carotenoid,42304,1
usda_sr_carotenoid,42307,1
usda_sr_carotenoid,42309,1
usda_sr_carotenoid,43008,3
usda_sr_carotenoid,43015,4
usda_sr_carotenoid,43016,4
usda_sr_carotenoid,43017,4
usda_sr_carotenoid,43031,1
usda_sr_carotenoid,43046,2
usda_sr_carotenoid,43098,2
usda_sr_carotenoid,43100,2
usda_sr_carotenoid,43109,1
usda_sr_carotenoid,43112,3
usda_sr_carotenoid,43217,4
usda_sr_carotenoid,43241,3
usda_sr_carotenoid,43273,2
usda_sr_carotenoid,43274,1
usda_sr_carotenoid,43275,1
usda_sr_carotenoid,43276,1
usda_sr_carotenoid,43299,1
usda_sr_carotenoid,43311,2
usda_sr_carotenoid,43312,4
usda_sr_carotenoid,9167,2
usda_sr_carotenoid,9177,3
usda_sr_carotenoid,9178,4
usda_sr_carotenoid,9181,4
usda_sr_carotenoid,9183,1
usda_sr_carotenoid,9193,2
usda_sr_carotenoid,9194,3
usda_sr_carotenoid,9195,3
usda_sr_carotenoid,9200,4
usda_sr_carotenoid,9206,4
usda_sr_carotenoid,9207,4
usda_sr_carotenoid,9209,4
usda_sr_carotenoid,9210,4
usda_sr_carotenoid,9215,4
usda_sr_carotenoid,9217,4
usda_sr_carotenoid,9218,4
usda_sr_carotenoid,9219,4
usda_sr_carotenoid,9229,3
usda_sr_carotenoid,9231,2
usda_sr_carotenoid,9232,2
usda_sr_carotenoid,9233,3
usda_sr_carotenoid,9240,4
usda_sr_carotenoid,9241,3
usda_sr_carotenoid,9243,3
usda_sr_carotenoid,9250,3
usda_sr_carotenoid,9251,3
usda_sr_carotenoid,9252,4
usda_sr_carotenoid,9253,1
usda_sr_carotenoid,9259,2
usda_sr_carotenoid,9260,4
usda_sr_carotenoid,9266,1
usda_sr_carotenoid,9267,1
usda_sr_carotenoid,9268,1
usda_sr_carotenoid,9269,1
usda_sr_carotenoid,9275,1
usda_sr_carotenoid,9277,3
usda_sr_carotenoid,9278,3
usda_sr_carotenoid,9284,3
usda_sr_carotenoid,11032,1
usda_sr_carotenoid,11044,3
usda_sr_carotenoid,11053,2
usda_sr_carotenoid,11054,4
usda_sr_carotenoid,11056,4
usda_sr_carotenoid,11080,1
usda_sr_carotenoid,11081,1
usda_sr_carotenoid,11082,1
usda_sr_carotenoid,11007,2
usda_sr_carotenoid,11015,3
usda_sr_carotenoid,11019,3
usda_sr_carotenoid,11026,1
usda_sr_carotenoid,11028,1
usda_sr_carotenoid,11172,4
usda_sr_carotenoid,11174,4
usda_sr_carotenoid,11176,4
usda_sr_carotenoid,11182,4
usda_sr_carotenoid,11206,4
usda_sr_carotenoid,11207,4
usda_sr_carotenoid,11208,4
usda_sr_carotenoid,11209,2
usda_sr_carotenoid,11210,1
usda_sr_carotenoid,11215,2
usda_sr_carotenoid,11224,3
usda_sr_carotenoid,11226,1
usda_sr_carotenoid,11234,4
usda_sr_carotenoid,11235,3
usda_sr_carotenoid,11236,4
usda_sr_carotenoid,11245,3
usda_sr_carotenoid,11246,2
usda_sr_carotenoid,11251,2
usda_sr_carotenoid,11252,3
usda_sr_carotenoid,11253,2
usda_sr_carotenoid,11270,4
usda_sr_carotenoid,11271,4
usda_sr_carotenoid,11273,2
usda_sr_carotenoid,11278,3
usda_sr_carotenoid,11279,2
usda_sr_carotenoid,11280,2
usda_sr_carotenoid,11281,2
usda_sr_carotenoid,11403,2
usda_sr_carotenoid,11414,1
usda_sr_carotenoid,11417,1
usda_sr_carotenoid,11429,2
usda_sr_carotenoid,11439,3
usda_sr_carotenoid,11459,2
usda_sr_carotenoid,11461,2
usda_sr_carotenoid,11463,2
usda_sr_carotenoid,11464,2
usda_sr_carotenoid,11475,2
usda_sr_carotenoid,11476,2
usda_sr_carotenoid,11477,2
usda_sr_carotenoid,11478,2
usda_sr_carotenoid,11484,2
usda_sr_carotenoid,11485,3
usda_sr_carotenoid,11486,3
usda_sr_carotenoid,11491,3
usda_sr_carotenoid,11492,2
usda_sr_carotenoid,11493,2
usda_sr_carotenoid,11505,4
usda_sr_carotenoid,11506,4
usda_sr_carotenoid,11514,1
usda_sr_carotenoid,11516,1
usda_sr_carotenoid,11517,2
usda_sr_carotenoid,11518,2
usda_sr_carotenoid,11702,2
usda_sr_carotenoid,11703,2
usda_sr_carotenoid,11705,3
usda_sr_carotenoid,11707,3
usda_sr_carotenoid,11714,1
usda_sr_carotenoid,11715,1
usda_sr_carotenoid,11716,1
usda_sr_carotenoid,11723,3
usda_sr_carotenoid,11724,2
usda_sr_carotenoid,11725,2
usda_sr_carotenoid,11730,3
usda_sr_carotenoid,11731,3
usda_sr_carotenoid,11732,3
usda_sr_carotenoid,11733,3
usda_sr_carotenoid,11746,2
usda_sr_carotenoid,11757,3
usda_sr_carotenoid,11758,2
usda_sr_carotenoid,11764,2
usda_sr_carotenoid,11765,3
usda_sr_carotenoid,11771,4
usda_sr_carotenoid,11772,4
usda_sr_carotenoid,11773,4
usda_sr_carotenoid,11774,4
usda_sr_carotenoid,11775,4
usda_sr_carotenoid,11781,2
usda_sr_carotenoid,11782,2
usda_sr_carotenoid,11783,1
usda_sr_carotenoid,11789,2
usda_sr_carotenoid,11790,4
usda_sr_carotenoid,11791,4
usda_sr_carotenoid,11793,1
usda_sr_carotenoid,11904,1
usda_sr_carotenoid,11905,3
usda_sr_carotenoid,11906,3
usda_sr_carotenoid,11907,2
usda_sr_carotenoid,11912,3
usda_sr_carotenoid,11913,3
usda_sr_carotenoid,11914,3
usda_sr_carotenoid,11915,3
usda_sr_carotenoid,11923,3
usda_sr_carotenoid,11930,1
usda_sr_carotenoid,11931,3
usda_sr_carotenoid,11932,2
usda_sr_carotenoid,11933,4
usda_sr_carotenoid,11940,4
usda_sr_carotenoid,11941,4
usda_sr_carotenoid,11948,4
usda_sr_carotenoid,11949,3
usda_sr_carotenoid,11951,1
usda_sr_carotenoid,11957,2
usda_sr_carotenoid,11959,2
usda_sr_carotenoid,11964,2
usda_sr_carotenoid,11965,2
usda_sr_carotenoid,11967,2
usda_sr_carotenoid,11969,2
usda_sr_carotenoid,11975,3
usda_sr_carotenoid,11976,2
usda_sr_carotenoid,11977,4
usda_sr_carotenoid,11983,4
usda_sr_carotenoid,11984,1
usda_sr_carotenoid,11991,1
usda_sr_carotenoid,11994,2
usda_sr_carotenoid,11995,2
usda_sr_carotenoid,12201,1
usda_sr_carotenoid,12220,1
usda_sr_carotenoid,12516,3
usda_sr_carotenoid,12529,1
usda_sr_carotenoid,12536,1
usda_sr_carotenoid,12537,1
usda_sr_carotenoid,12565,2
usda_sr_carotenoid,12585,1
usda_sr_carotenoid,12586,1
usda_sr_carotenoid,12638,3
usda_sr_carotenoid,12643,1
usda_sr_carotenoid,12644,1
usda_sr_carotenoid,12652,2
usda_sr_carotenoid,12737,2
usda_sr_carotenoid,12738,1
usda_sr_carotenoid,13323,1
usda_sr_carotenoid,13324,1
usda_sr_carotenoid,13325,3
usda_sr_carotenoid,14010,1
usda_sr_carotenoid,19127,1
usda_sr_carotenoid,19138,1
usda_sr_carotenoid,19148,1
usda_sr_carotenoid,19154,1
usda_sr_carotenoid,19155,2
usda_sr_carotenoid,19156,1
usda_sr_carotenoid,19165,1
usda_sr_carotenoid,19166,1
usda_sr_carotenoid,19168,3
usda_sr_carotenoid,19185,1
usda_sr_carotenoid,19186,3
usda_sr_carotenoid,19188,1
usda_sr_carotenoid,19189,2
usda_sr_carotenoid,19195,1
usda_sr_carotenoid,19199,1
usda_sr_carotenoid,19207,1
usda_sr_carotenoid,19208,1
usda_sr_carotenoid,19209,1
usda_sr_carotenoid,19219,1
usda_sr_carotenoid,19221,1
usda_sr_carotenoid,19227,3
usda_sr_carotenoid,19231,1
usda_sr_carotenoid,19249,2
usda_sr_carotenoid,19260,1
usda_sr_carotenoid,19263,2
usda_sr_carotenoid,19265,1
usda_sr_carotenoid,19268,1
usda_sr_carotenoid,19279,1
usda_sr_carotenoid,19300,2
usda_sr_carotenoid,19319,1
usda_sr_carotenoid,19366,1
usda_sr_carotenoid,19367,2
usda_sr_carotenoid,19375,1
usda_sr_carotenoid,19379,2
usda_sr_carotenoid,19382,1
usda_sr_carotenoid,19383,1
usda_sr_carotenoid,19436,3
usda_sr_carotenoid,19437,2
usda_sr_carotenoid,19440,1
usda_sr_carotenoid,20017,3
usda_sr_carotenoid,20018,3
usda_sr_carotenoid,20019,3
usda_sr_carotenoid,20020,3
usda_sr_carotenoid,20029,1
usda_sr_carotenoid,20030,1
usda_sr_carotenoid,20060,1
usda_sr_carotenoid,20074,2
usda_sr_carotenoid,20075,2
usda_sr_carotenoid,20077,2
usda_sr_carotenoid,20084,1
usda_sr_carotenoid,20088,2
usda_sr_carotenoid,20109,3
usda_sr_carotenoid,20110,2
usda_sr_carotenoid,20112,2
usda_sr_carotenoid,20118,2
usda_sr_carotenoid,20120,1
usda_sr_carotenoid,20121,1
usda_sr_carotenoid,20130,1
usda_sr_carotenoid,20131,2
usda_sr_carotenoid,20132,1
usda_sr_carotenoid,20138,4
usda_sr_carotenoid,20140,2
usda_sr_carotenoid,20142,2
usda_sr_carotenoid,20316,3
usda_sr_carotenoid,20317,3
usda_sr_carotenoid,20320,3
usda_sr_carotenoid,20321,1
usda_sr_carotenoid,20409,3
usda_sr_carotenoid,20481,1
usda_sr_carotenoid,20510,2
usda_sr_carotenoid,31034,4
usda_sr_carotenoid,31035,3
usda_sr_carotenoid,31036,1
usda_sr_carotenoid,32004,3
usda_sr_carotenoid,32006,5
usda_sr_carotenoid,32007,5
usda_sr_carotenoid,32013,2
usda_sr_carotenoid,32014,3
usda_sr_carotenoid,32015,4
usda_sr_carotenoid,32016,2
usda_sr_carotenoid,32021,4
usda_sr_carotenoid,32024,2
usda_sr_carotenoid,32025,2
usda_sr_carotenoid,32026,4
usda_sr_carotenoid,32032,3
usda_sr_carotenoid,33878,5
usda_sr_carotenoid,35192,1
usda_sr_carotenoid,35197,2
usda_sr_carotenoid,35205,3
usda_sr_carotenoid,35206,4
usda_sr_carotenoid,35239,2
usda_sr_carotenoid,35240,3
usda_sr_carotenoid,36008,3
usda_sr_carotenoid,36009,3
usda_sr_carotenoid,36015,4
usda_sr_carotenoid,36016,1
usda_sr_carotenoid,36017,3
usda_sr_carotenoid,36022,3
usda_sr_carotenoid,36023,5
usda_sr_carotenoid,36024,3
usda_sr_carotenoid,36025,4
usda_sr_carotenoid,36031,3
usda_sr_carotenoid,36032,3
usda_sr_carotenoid,36033,4
usda_sr_carotenoid,36034,4
usda_sr_carotenoid,36040,2
usda_sr_carotenoid,36041,4
usda_sr_carotenoid,36042,3
usda_sr_carotenoid,36047,3
usda_sr_carotenoid,36048,4
usda_sr_carotenoid,36049,4
usda_sr_carotenoid,36050,4
usda_sr_carotenoid,36056,5
usda_sr_carotenoid,36057,3
usda_sr_carotenoid,36058,3
usda_sr_carotenoid,42240,3
usda_sr_carotenoid,42256,1
usda_sr_carotenoid,42259,3
usda_sr_carotenoid,42261,3
usda_sr_carotenoid,42272,1
usda_sr_carotenoid,42278,4
usda_sr_carotenoid,42279,3
usda_sr_carotenoid,42297,3
usda_sr_carotenoid,42316,4
usda_sr_carotenoid,43004,3
usda_sr_carotenoid,43006,4
usda_sr_carotenoid,43007,4
usda_sr_carotenoid,43020,1
usda_sr_carotenoid,43021,1
usda_sr_carotenoid,43027,4
usda_sr_carotenoid,43059,2
usda_sr_carotenoid,43114,1
usda_sr_carotenoid,43143,3
usda_sr_carotenoid,43144,3
usda_sr_carotenoid,43146,1
usda_sr_carotenoid,43215,4
usda_sr_carotenoid,43260,1
usda_sr_carotenoid,43261,2
usda_sr_carotenoid,43269,1
usda_sr_carotenoid,43278,1
usda_sr_carotenoid,43285,1
usda_sr_carotenoid,9176,5
usda_sr_carotenoid,9184,2
usda_sr_carotenoid,9190,3
usda_sr_carotenoid,9191,3
usda_sr_carotenoid,9202,4
usda_sr_carotenoid,9203,4
usda_sr_carotenoid,9211,4
usda_sr_carotenoid,9212,4
usda_sr_carotenoid,9213,5
usda_sr_carotenoid,9214,5
usda_sr_carotenoid,9220,4
usda_sr_carotenoid,9221,4
usda_sr_carotenoid,9226,5
usda_sr_carotenoid,9228,5
usda_sr_carotenoid,9236,3
usda_sr_carotenoid,9237,4
usda_sr_carotenoid,9238,4
usda_sr_carotenoid,9246,4
usda_sr_carotenoid,9247,3
usda_sr_carotenoid,9254,2
usda_sr_carotenoid,9256,1
usda_sr_carotenoid,9257,1
usda_sr_carotenoid,9262,2
usda_sr_carotenoid,9263,4
usda_sr_carotenoid,9264,3
usda_sr_carotenoid,9270,1
usda_sr_carotenoid,9272,1
usda_sr_carotenoid,9273,1
usda_sr_carotenoid,9274,1
usda_sr_carotenoid,9279,3
usda_sr_carotenoid,9281,3
usda_sr_carotenoid,9282,3
usda_sr_carotenoid,9283,3
usda_sr_carotenoid,11037,1
usda_sr_carotenoid,11038,1
usda_sr_carotenoid,11040,1
usda_sr_carotenoid,11043,3
usda_sr_carotenoid,11050,2
usda_sr_carotenoid,11052,3
usda_sr_carotenoid,11060,3
usda_sr_carotenoid,11061,3
usda_sr_carotenoid,11062,3
usda_sr_carotenoid,11084,1
usda_sr_carotenoid,11091,2
usda_sr_carotenoid,11092,4
usda_sr_carotenoid,11093,4
usda_sr_carotenoid,11094,4
usda_sr_carotenoid,11099,2
usda_sr_carotenoid,11100,1
usda_sr_carotenoid,11101,2
usda_sr_carotenoid,11109,3
usda_sr_carotenoid,11110,2
usda_sr_carotenoid,11112,3
usda_sr_carotenoid,11113,2
usda_sr_carotenoid,11119,3
usda_sr_carotenoid,11130,4
usda_sr_carotenoid,11131,4
usda_sr_carotenoid,11134,1
usda_sr_carotenoid,11135,1
usda_sr_carotenoid,11143,2
usda_sr_carotenoid,11144,2
usda_sr_carotenoid,11147,3
usda_sr_carotenoid,11152,2
usda_sr_carotenoid,11156,2
usda_sr_carotenoid,11157,3
usda_sr_carotenoid,11164,4
usda_sr_carotenoid,11165,4
usda_sr_carotenoid,11167,4
usda_sr_carotenoid,11168,4
usda_sr_carotenoid,11282,2
usda_sr_carotenoid,11283,2
usda_sr_carotenoid,11284,2
usda_sr_carotenoid,11285,2
usda_sr_carotenoid,11291,2
usda_sr_carotenoid,11292,2
usda_sr_carotenoid,11294,2
usda_sr_carotenoid,11300,3
usda_sr_carotenoid,11301,3
usda_sr_carotenoid,11308,3
usda_sr_carotenoid,11312,3
usda_sr_carotenoid,11313,3
usda_sr_carotenoid,11323,4
usda_sr_carotenoid,11327,3
usda_sr_carotenoid,11339,3
usda_sr_carotenoid,11344,2
usda_sr_carotenoid,11352,2
usda_sr_carotenoid,11353,1
usda_sr_carotenoid,11354,2
usda_sr_carotenoid,11355,2
usda_sr_carotenoid,11356,2
usda_sr_carotenoid,11364,2
usda_sr_carotenoid,11370,2
usda_sr_carotenoid,11371,2
usda_sr_carotenoid,11380,2
usda_sr_carotenoid,11381,1
usda_sr_carotenoid,11382,2
usda_sr_carotenoid,11383,2
usda_sr_carotenoid,11398,2
usda_sr_carotenoid,11399,2
usda_sr_carotenoid,11530,3
usda_sr_carotenoid,11531,3
usda_sr_carotenoid,11533,3
usda_sr_carotenoid,11549,4
usda_sr_carotenoid,11551,4
usda_sr_carotenoid,11568,2
usda_sr_carotenoid,11577,2
usda_sr_carotenoid,11578,4
usda_sr_carotenoid,11581,4
usda_sr_carotenoid,11591,2
usda_sr_carotenoid,11601,1
usda_sr_carotenoid,11602,1
usda_sr_carotenoid,11603,1
usda_sr_carotenoid,11626,3
usda_sr_carotenoid,11632,4
usda_sr_carotenoid,11640,2
usda_sr_carotenoid,11645,1
usda_sr_carotenoid,11647,1
usda_sr_carotenoid,11659,1
usda_sr_carotenoid,11666,1
usda_sr_carotenoid,11672,3
usda_sr_carotenoid,11674,2
usda_sr_carotenoid,11803,2
usda_sr_carotenoid,11804,2
usda_sr_carotenoid,11805,2
usda_sr_carotenoid,11806,2
usda_sr_carotenoid,11811,3
usda_sr_carotenoid,11812,3
usda_sr_carotenoid,11813,2
usda_sr_carotenoid,11814,3
usda_sr_carotenoid,11819,4
usda_sr_carotenoid,11820,4
usda_sr_carotenoid,11821,4
usda_sr_carotenoid,11822,4
usda_sr_carotenoid,11823,4
usda_sr_carotenoid,11828,2
usda_sr_carotenoid,11830,2
usda_sr_carotenoid,11831,2
usda_sr_carotenoid,11847,1
usda_sr_carotenoid,11848,2
usda_sr_carotenoid,11855,2
usda_sr_carotenoid,11856,2
usda_sr_carotenoid,11857,2
usda_sr_carotenoid,11858,2
usda_sr_carotenoid,11863,3
usda_sr_carotenoid,11866,3
usda_sr_carotenoid,11872,4
usda_sr_carotenoid,11874,4
usda_sr_carotenoid,11884,3
usda_sr_carotenoid,11885,3
usda_sr_carotenoid,11891,2
usda_sr_carotenoid,11892,2
usda_sr_carotenoid,11893,2
usda_sr_carotenoid,11894,3
usda_sr_carotenoid,12012,1
usda_sr_carotenoid,12023,1
usda_sr_carotenoid,12029,1
usda_sr_carotenoid,12063,2
usda_sr_carotenoid,12065,2
usda_sr_carotenoid,12071,1
usda_sr_carotenoid,12087,1
usda_sr_carotenoid,12142,3
usda_sr_carotenoid,12143,1
usda_sr_carotenoid,12151,3
usda_sr_carotenoid,12152,2
usda_sr_carotenoid,12154,2
usda_sr_carotenoid,12155,2
usda_sr_carotenoid,12166,1
usda_sr_carotenoid,12167,2
usda_sr_carotenoid,13355,3
usda_sr_carotenoid,19833,3
usda_sr_carotenoid,19871,1
usda_sr_carotenoid,19899,1
usda_sr_carotenoid,19902,4
usda_sr_carotenoid,19903,4
usda_sr_carotenoid,19904,4
usda_sr_carotenoid,19905,4
usda_sr_carotenoid,19910,2
usda_sr_carotenoid,19912,1
usda_sr_carotenoid,19913,2
usda_sr_carotenoid,19919,3
usda_sr_carotenoid,19920,2
usda_sr_carotenoid,19921,1
usda_sr_carotenoid,20004,2
usda_sr_carotenoid,20005,2
usda_sr_carotenoid,20006,2
usda_sr_carotenoid,20013,2
usda_sr_carotenoid,20014,3
usda_sr_carotenoid,20015,3
usda_sr_carotenoid,20016,3
usda_sr_carotenoid,21078,4
usda_sr_carotenoid,21080,5
usda_sr_carotenoid,21094,5
usda_sr_carotenoid,21096,3
usda_sr_carotenoid,21102,4
usda_sr_carotenoid,21105,4
usda_sr_carotenoid,21106,4
usda_sr_carotenoid,21125,4
usda_sr_carotenoid,21126,4
usda_sr_carotenoid,21129,2
usda_sr_carotenoid,21144,2
usda_sr_carotenoid,21145,1
usda_sr_carotenoid,21151,3
usda_sr_carotenoid,21152,3
usda_sr_carotenoid,21153,3
usda_sr_carotenoid,21154,3
usda_sr_carotenoid,21159,3
usda_sr_carotenoid,21160,3
usda_sr_carotenoid,21161,3
usda_sr_carotenoid,21162,3
usda_sr_carotenoid,21211,3
usda_sr_carotenoid,21213,5
usda_sr_carotenoid,21214,4
usda_sr_carotenoid,21224,3
usda_sr_carotenoid,21230,3
usda_sr_carotenoid,21260,1
usda_sr_carotenoid,21261,1
usda_sr_carotenoid,21266,1
usda_sr_carotenoid,21267,1
usda_sr_carotenoid,21268,4
usda_sr_carotenoid,21269,5
usda_sr_carotenoid,21463,2
usda_sr_carotenoid,21482,3
usda_sr_carotenoid,21483,3
usda_sr_carotenoid,21484,3
usda_sr_carotenoid,21490,4
usda_sr_carotenoid,21505,3
usda_sr_carotenoid,11086,3
usda_sr_carotenoid,11087,3
usda_sr_carotenoid,11090,4
usda_sr_carotenoid,11095,4
usda_sr_carotenoid,11096,2
usda_sr_carotenoid,11097,2
usda_sr_carotenoid,11098,3
usda_sr_carotenoid,11114,2
usda_sr_carotenoid,11116,3
usda_sr_carotenoid,11117,3
usda_sr_carotenoid,11118,3
usda_sr_carotenoid,11124,4
usda_sr_carotenoid,11125,3
usda_sr_carotenoid,11126,4
usda_sr_carotenoid,11128,2
usda_sr_carotenoid,11136,2
usda_sr_carotenoid,11137,2
usda_sr_carotenoid,11138,2
usda_sr_carotenoid,11141,1
usda_sr_carotenoid,11148,3
usda_sr_carotenoid,11158,2
usda_sr_carotenoid,11161,4
usda_sr_carotenoid,11162,4
usda_sr_carotenoid,11163,1
usda_sr_carotenoid,11170,4
usda_sr_carotenoid,11288,2
usda_sr_carotenoid,11289,2
usda_sr_carotenoid,11290,2
usda_sr_carotenoid,11297,2
usda_sr_carotenoid,11303,3
usda_sr_carotenoid,11304,3
usda_sr_carotenoid,11305,3
usda_sr_carotenoid,11306,3
usda_sr_carotenoid,11329,4
usda_sr_carotenoid,11333,4
usda_sr_carotenoid,11334,4
usda_sr_carotenoid,11345,2
usda_sr_carotenoid,11349,2
usda_sr_carotenoid,11351,2
usda_sr_carotenoid,11357,2
usda_sr_carotenoid,11358,2
usda_sr_carotenoid,11359,2
usda_sr_carotenoid,11360,2
usda_sr_carotenoid,11365,2
usda_sr_carotenoid,11367,2
usda_sr_carotenoid,11378,2
usda_sr_carotenoid,11379,2
usda_sr_carotenoid,11384,1
usda_sr_carotenoid,11394,2
usda_sr_carotenoid,11395,2
usda_sr_carotenoid,11527,2
usda_sr_carotenoid,11529,4
usda_sr_carotenoid,11540,3
usda_sr_carotenoid,11546,3
usda_sr_carotenoid,11547,2
usda_sr_carotenoid,11548,3
usda_sr_carotenoid,11557,4
usda_sr_carotenoid,11569,2
usda_sr_carotenoid,11575,2
usda_sr_carotenoid,11584,3
usda_sr_carotenoid,11585,4
usda_sr_carotenoid,11594,1
usda_sr_carotenoid,11609,1
usda_sr_carotenoid,11641,2
usda_sr_carotenoid,11642,2
usda_sr_carotenoid,11643,2
usda_sr_carotenoid,11644,3
usda_sr_carotenoid,11655,4
usda_sr_carotenoid,11656,4
usda_sr_carotenoid,11657,2
usda_sr_carotenoid,11658,4
usda_sr_carotenoid,11667,1
usda_sr_carotenoid,11669,1
usda_sr_carotenoid,11670,4
usda_sr_carotenoid,11677,2
usda_sr_carotenoid,11683,4
usda_sr_carotenoid,11693,3
usda_sr_carotenoid,11799,4
usda_sr_carotenoid,11800,2
usda_sr_carotenoid,11807,2
usda_sr_carotenoid,11809,3
usda_sr_carotenoid,11810,3
usda_sr_carotenoid,11816,4
usda_sr_carotenoid,11817,4
usda_sr_carotenoid,11818,3
usda_sr_carotenoid,11824,4
usda_sr_carotenoid,11826,2
usda_sr_carotenoid,11827,2
usda_sr_carotenoid,11833,2
usda_sr_carotenoid,11843,1
usda_sr_carotenoid,11844,1
usda_sr_carotenoid,11845,3
usda_sr_carotenoid,11846,2
usda_sr_carotenoid,11851,3
usda_sr_carotenoid,11854,2
usda_sr_carotenoid,11859,2
usda_sr_carotenoid,11860,2
usda_sr_carotenoid,11861,2
usda_sr_carotenoid,11862,2
usda_sr_carotenoid,11868,2
usda_sr_carotenoid,11869,2
usda_sr_carotenoid,11870,2
usda_sr_carotenoid,11876,1
usda_sr_carotenoid,11878,2
usda_sr_carotenoid,11886,3
usda_sr_carotenoid,11888,2
usda_sr_carotenoid,11895,1
usda_sr_carotenoid,11897,1
usda_sr_carotenoid,12014,4
usda_sr_carotenoid,12016,3
usda_sr_carotenoid,12036,1
usda_sr_carotenoid,12037,1
usda_sr_carotenoid,12038,1
usda_sr_carotenoid,12061,2
usda_sr_carotenoid,12062,2
usda_sr_carotenoid,12085,1
usda_sr_carotenoid,12086,1
usda_sr_carotenoid,12120,3
usda_sr_carotenoid,12121,2
usda_sr_carotenoid,12122,2
usda_sr_carotenoid,12135,2
usda_sr_carotenoid,12136,2
usda_sr_carotenoid,12137,2
usda_sr_carotenoid,12144,1
usda_sr_carotenoid,12147,2
usda_sr_carotenoid,12157,2
usda_sr_carotenoid,19719,4
usda_sr_carotenoid,19858,2
usda_sr_carotenoid,19860,1
usda_sr_carotenoid,19866,2
usda_sr_carotenoid,19867,1
usda_sr_carotenoid,19898,1
usda_sr_carotenoid,19914,1
usda_sr_carotenoid,19916,1
usda_sr_carotenoid,19917,2
usda_sr_carotenoid,19924,1
usda_sr_carotenoid,20001,2
usda_sr_carotenoid,20010,1
usda_sr_carotenoid,20011,1
usda_sr_carotenoid,20012,2
usda_sr_carotenoid,21082,3
usda_sr_carotenoid,21089,3
usda_sr_carotenoid,21090,5
usda_sr_carotenoid,21091,5
usda_sr_carotenoid,21107,4
usda_sr_carotenoid,21108,3
usda_sr_carotenoid,21121,1
usda_sr_carotenoid,21124,5
usda_sr_carotenoid,21130,3
usda_sr_carotenoid,21138,1
usda_sr_carotenoid,21139,2
usda_sr_carotenoid,21146,1
usda_sr_carotenoid,21147,1
usda_sr_carotenoid,21148,1
usda_sr_carotenoid,21149,1
usda_sr_carotenoid,21150,3
usda_sr_carotenoid,21155,3
usda_sr_carotenoid,21156,3
usda_sr_carotenoid,21157,3
usda_sr_carotenoid,21158,3
usda_sr_carotenoid,21202,5
usda_sr_carotenoid,21207,3
usda_sr_carotenoid,21209,3
usda_sr_carotenoid,21210,4
usda_sr_carotenoid,21225,3
usda_sr_carotenoid,21226,3
usda_sr_carotenoid,21227,3
usda_sr_carotenoid,21229,1
usda_sr_carotenoid,21238,1
usda_sr_carotenoid,21256,2
usda_sr_carotenoid,21262,1
usda_sr_carotenoid,21263,1
usda_sr_carotenoid,21264,1
usda_sr_carotenoid,21265,5
usda_sr_carotenoid,21270,1
usda_sr_carotenoid,21461,4
usda_sr_carotenoid,21462,4
usda_sr_carotenoid,21485,3
usda_sr_carotenoid,21486,3
usda_sr_carotenoid,21487,3
usda_sr_carotenoid,21488,2
usda_sr_carotenoid,21509,3
usda_sr_carotenoid,21510,4
usda_sr_carotenoid,21511,4
usda_sr_carotenoid,21512,4
usda_sr_carotenoid,21521,3
usda_sr_carotenoid,21523,3
usda_sr_carotenoid,21601,3
usda_sr_carotenoid,21602,3
usda_sr_carotenoid,21603,3
usda_sr_carotenoid,21604,3
usda_sr_carotenoid,21517,3
usda_sr_carotenoid,21518,2
usda_sr_carotenoid,21519,5
usda_sr_carotenoid,21520,2
usda_sr_carotenoid,21600,3
usda_sr_carotenoid,21605,3
usda_sr_carotenoid,21610,1
usda_sr_carotenoid,1020,1
usda_sr_carotenoid,1025,1
usda_sr_carotenoid,1026,1
usda_sr_carotenoid,1027,1
usda_sr_carotenoid,1028,1
usda_sr_carotenoid,1033,1
usda_sr_carotenoid,1034,1
usda_sr_carotenoid,1035,1
usda_sr_carotenoid,1036,1
usda_sr_carotenoid,1042,3
usda_sr_carotenoid,1043,3
usda_sr_carotenoid,1044,1
usda_sr_carotenoid,1050,1
usda_sr_carotenoid,1052,1
usda_sr_carotenoid,1053,1
usda_sr_carotenoid,1054,1
usda_sr_carotenoid,1061,1
usda_sr_carotenoid,1064,1
usda_sr_carotenoid,1071,1
usda_sr_carotenoid,1072,1
usda_sr_carotenoid,1073,1
usda_sr_carotenoid,1081,1
usda_sr_carotenoid,1082,1
usda_sr_carotenoid,1088,1
usda_sr_carotenoid,1089,1
usda_sr_carotenoid,1090,1
usda_sr_carotenoid,1091,1
usda_sr_carotenoid,1102,1
usda_sr_carotenoid,1103,1
usda_sr_carotenoid,1104,1
usda_sr_carotenoid,1110,1
usda_sr_carotenoid,1111,1
usda_sr_carotenoid,1117,1
usda_sr_carotenoid,1119,1
usda_sr_carotenoid,1120,1
usda_sr_carotenoid,1244,2
usda_sr_carotenoid,1255,2
usda_sr_carotenoid,1258,1
usda_sr_carotenoid,1259,3
usda_sr_carotenoid,1266,1
usda_sr_carotenoid,1267,1
usda_sr_carotenoid,1270,1
usda_sr_carotenoid,1285,2
usda_sr_carotenoid,1287,2
usda_sr_carotenoid,1294,2
usda_sr_carotenoid,1297,1
usda_sr_carotenoid,1298,1
usda_sr_carotenoid,1305,1
usda_sr_carotenoid,1306,2
usda_sr_carotenoid,1319,1
usda_sr_carotenoid,1320,1
usda_sr_carotenoid,1321,1
usda_sr_carotenoid,1322,1
usda_sr_carotenoid,2005,5
usda_sr_carotenoid,2007,1
usda_sr_carotenoid,2012,4
usda_sr_carotenoid,2014,2
usda_sr_carotenoid,2015,1
usda_sr_carotenoid,2021,1
usda_sr_carotenoid,2023,3
usda_sr_carotenoid,2024,2
usda_sr_carotenoid,2029,4
usda_sr_carotenoid,2030,5
usda_sr_carotenoid,2031,3
usda_sr_carotenoid,2038,3
usda_sr_carotenoid,2042,3
usda_sr_carotenoid,3121,3
usda_sr_carotenoid,3122,3
usda_sr_carotenoid,3127,2
usda_sr_carotenoid,3128,4
usda_sr_carotenoid,3133,3
usda_sr_carotenoid,3134,3
usda_sr_carotenoid,3135,3
usda_sr_carotenoid,3136,4
usda_sr_carotenoid,3142,4
usda_sr_carotenoid,3143,3
usda_sr_carotenoid,3144,3
usda_sr_carotenoid,3145,3
usda_sr_carotenoid,3147,3
usda_sr_carotenoid,3154,3
usda_sr_carotenoid,3156,3
usda_sr_carotenoid,3157,3
usda_sr_carotenoid,3158,3
usda_sr_carotenoid,3163,4
usda_sr_carotenoid,3164,3
usda_sr_carotenoid,3165,3
usda_sr_carotenoid,3166,3
usda_sr_carotenoid,3174,4
usda_sr_carotenoid,3185,1
usda_sr_carotenoid,3186,3
usda_sr_carotenoid,3187,1
usda_sr_carotenoid,3188,1
usda_sr_carotenoid,3195,3
usda_sr_carotenoid,3209,4
usda_sr_carotenoid,3212,3
usda_sr_carotenoid,3213,2
usda_sr_carotenoid,3220,3
usda_sr_carotenoid,3221,3
usda_sr_carotenoid,3222,2
usda_sr_carotenoid,3224,2
usda_sr_carotenoid,3235,4
usda_sr_carotenoid,3267,2
usda_sr_carotenoid,3956,2
usda_sr_carotenoid,3959,3
usda_sr_carotenoid,3965,3
usda_sr_carotenoid,3994,3
usda_sr_carotenoid,3995,3
usda_sr_carotenoid,3996,1
usda_sr_carotenoid,4013,2
usda_sr_carotenoid,4015,5
usda_sr_carotenoid,4016,3
usda_sr_carotenoid,4022,3
usda_sr_carotenoid,4023,4
usda_sr_carotenoid,4025,3
usda_sr_carotenoid,4073,1
usda_sr_carotenoid,4114,3
usda_sr_carotenoid,4141,3
usda_sr_carotenoid,4142,4
usda_sr_carotenoid,4143,3
usda_sr_carotenoid,4144,1
usda_sr_carotenoid,4686,3
usda_sr_carotenoid,4694,1
usda_sr_carotenoid,4695,1
usda_sr_carotenoid,4696,1
usda_sr_carotenoid,4697,1
usda_sr_carotenoid,4703,4
usda_sr_carotenoid,4704,1
usda_sr_carotenoid,4706,2
usda_sr_carotenoid,5027,4
usda_sr_carotenoid,5028,5
usda_sr_carotenoid,5727,1
usda_sr_carotenoid,5736,1
usda_sr_carotenoid,5737,1
usda_sr_carotenoid,5743,1
usda_sr_carotenoid,6002,5
usda_sr_carotenoid,6004,4
usda_sr_carotenoid,6015,5
usda_sr_carotenoid,6016,2
usda_sr_carotenoid,6017,4
usda_sr_carotenoid,6018,4
usda_sr_carotenoid,6025,5
usda_sr_carotenoid,6026,5
usda_sr_carotenoid,6027,4
usda_sr_carotenoid,6028,5
usda_sr_carotenoid,6040,4
usda_sr_carotenoid,6043,1
usda_sr_carotenoid,6044,2
usda_sr_carotenoid,6053,2
usda_sr_carotenoid,6068,4
usda_sr_carotenoid,6070,4
usda_sr_carotenoid,6071,4
usda_sr_carotenoid,6072,4
usda_sr_carotenoid,6094,2
usda_sr_carotenoid,6101,5
usda_sr_carotenoid,6122,2
usda_sr_carotenoid,6124,2
usda_sr_carotenoid,6559,3
usda_sr_carotenoid,6583,3
usda_sr_carotenoid,6584,2
usda_sr_carotenoid,6615,3
usda_sr_carotenoid,6622,1
usda_sr_carotenoid,6623,1
usda_sr_carotenoid,6624,1
usda_sr_carotenoid,6625,1
usda_sr_carotenoid,6630,3
usda_sr_carotenoid,6631,4
usda_sr_carotenoid,6632,4
usda_sr_carotenoid,6633,4
usda_sr_carotenoid,6742,1
usda_sr_carotenoid,6749,4
usda_sr_carotenoid,6931,3
usda_sr_carotenoid,1022,1
usda_sr_carotenoid,1023,1
usda_sr_carotenoid,1024,1
usda_sr_carotenoid,1029,1
usda_sr_carotenoid,1030,1
usda_sr_carotenoid,1031,1
usda_sr_carotenoid,1032,1
usda_sr_carotenoid,1037,1
usda_sr_carotenoid,1038,1
usda_sr_carotenoid,1040,5
usda_sr_carotenoid,1046,1
usda_sr_carotenoid,1048,1
usda_sr_carotenoid,1049,1
usda_sr_carotenoid,1055,1
usda_sr_carotenoid,1056,3
usda_sr_carotenoid,1057,2
usda_sr_carotenoid,1067,1
usda_sr_carotenoid,1077,1
usda_sr_carotenoid,1079,1
usda_sr_carotenoid,1092,1
usda_sr_carotenoid,1094,1
usda_sr_carotenoid,1095,1
usda_sr_carotenoid,1096,1
usda_sr_carotenoid,1105,1
usda_sr_carotenoid,1106,1
usda_sr_carotenoid,1107,1
usda_sr_carotenoid,1113,1
usda_sr_carotenoid,1114,1
usda_sr_carotenoid,1115,1
usda_sr_carotenoid,1116,1
usda_sr_carotenoid,1121,1
usda_sr_carotenoid,1123,2
usda_sr_carotenoid,1251,1
usda_sr_carotenoid,1252,4
usda_sr_carotenoid,1253,1
usda_sr_carotenoid,1254,4
usda_sr_carotenoid,1260,3
usda_sr_carotenoid,1263,2
usda_sr_carotenoid,1264,1
usda_sr_carotenoid,1265,1
usda_sr_carotenoid,1276,2
usda_sr_carotenoid,1284,2
usda_sr_carotenoid,1290,1
usda_sr_carotenoid,1291,1
usda_sr_carotenoid,1292,1
usda_sr_carotenoid,1293,1
usda_sr_carotenoid,1300,1
usda_sr_carotenoid,1301,2
usda_sr_carotenoid,1302,3
usda_sr_carotenoid,1303,1
usda_sr_carotenoid,1313,1
usda_sr_carotenoid,2003,5
usda_sr_carotenoid,2009,5
usda_sr_carotenoid,2010,5
usda_sr_carotenoid,2011,2
usda_sr_carotenoid,2025,2
usda_sr_carotenoid,2027,4
usda_sr_carotenoid,2028,4
usda_sr_carotenoid,2034,4
usda_sr_carotenoid,2035,5
usda_sr_carotenoid,3120,4
usda_sr_carotenoid,3129,2
usda_sr_carotenoid,3130,3
usda_sr_carotenoid,3131,3
usda_sr_carotenoid,3132,3
usda_sr_carotenoid,3137,4
usda_sr_carotenoid,3139,4
usda_sr_carotenoid,3140,3
usda_sr_carotenoid,3141,3
usda_sr_carotenoid,3152,3
usda_sr_carotenoid,3153,4
usda_sr_carotenoid,3159,3
usda_sr_carotenoid,3161,3
usda_sr_carotenoid,3167,3
usda_sr_carotenoid,3168,3
usda_sr_carotenoid,3171,4
usda_sr_carotenoid,3172,4
usda_sr_carotenoid,3179,4
usda_sr_carotenoid,3181,1
usda_sr_carotenoid,3184,1
usda_sr_carotenoid,3189,1
usda_sr_carotenoid,3190,1
usda_sr_carotenoid,3191,1
usda_sr_carotenoid,3192,1
usda_sr_carotenoid,3205,4
usda_sr_carotenoid,3206,4
usda_sr_carotenoid,3215,4
usda_sr_carotenoid,3216,3
usda_sr_carotenoid,3217,3
usda_sr_carotenoid,3225,2
usda_sr_carotenoid,3227,3
usda_sr_carotenoid,3228,3
usda_sr_carotenoid,3236,4
usda_sr_carotenoid,3245,4
usda_sr_carotenoid,3246,4
usda_sr_carotenoid,3265,1
usda_sr_carotenoid,3964,2
usda_sr_carotenoid,3998,3
usda_sr_carotenoid,4017,5
usda_sr_carotenoid,4018,3
usda_sr_carotenoid,4020,4
usda_sr_carotenoid,4021,1
usda_sr_carotenoid,4030,4
usda_sr_carotenoid,4120,3
usda_sr_carotenoid,4128,1
usda_sr_carotenoid,4367,3
usda_sr_carotenoid,4691,1
usda_sr_carotenoid,4692,1
usda_sr_carotenoid,4693,1
usda_sr_carotenoid,4708,3
usda_sr_carotenoid,4709,3
usda_sr_carotenoid,5015,1
usda_sr_carotenoid,5022,5
usda_sr_carotenoid,5175,2
usda_sr_carotenoid,5177,1
usda_sr_carotenoid,5732,1
usda_sr_carotenoid,5733,1
usda_sr_carotenoid,5742,1
usda_sr_carotenoid,6001,3
usda_sr_carotenoid,6009,3
usda_sr_carotenoid,6010,2
usda_sr_carotenoid,6011,2
usda_sr_carotenoid,6019,2
usda_sr_carotenoid,6022,5
usda_sr_carotenoid,6023,3
usda_sr_carotenoid,6024,5
usda_sr_carotenoid,6030,1
usda_sr_carotenoid,6039,4
usda_sr_carotenoid,6045,2
usda_sr_carotenoid,6046,2
usda_sr_carotenoid,6049,1
usda_sr_carotenoid,6050,3
usda_sr_carotenoid,6063,3
usda_sr_carotenoid,6067,4
usda_sr_carotenoid,6116,1
usda_sr_carotenoid,6119,1
usda_sr_carotenoid,6125,1
usda_sr_carotenoid,6128,4
usda_sr_carotenoid,6619,1
usda_sr_carotenoid,6620,1
usda_sr_carotenoid,6621,1
usda_sr_carotenoid,6626,3
usda_sr_carotenoid,6627,3
usda_sr_carotenoid,6628,3
usda_sr_carotenoid,6629,3
usda_sr_carotenoid,6700,4
usda_sr_carotenoid,6725,1
usda_sr_carotenoid,6731,1
usda_sr_carotenoid,6956,3
usda_sr_carotenoid,6957,2
usda_sr_carotenoid,6958,1
usda_sr_carotenoid,6959,2
usda_sr_carotenoid,6964,3
usda_sr_carotenoid,6965,1
usda_sr_carotenoid,6966,2
usda_sr_carotenoid,6967,5
usda_sr_carotenoid,6972,4
usda_sr_carotenoid,6974,5
usda_sr_carotenoid,6976,3
usda_sr_carotenoid,6977,1
usda_sr_carotenoid,6955,3
usda_sr_carotenoid,6960,1
usda_sr_carotenoid,6961,4
usda_sr_carotenoid,6962,4
usda_sr_carotenoid,6968,1
usda_sr_carotenoid,6969,4
usda_sr_carotenoid,6971,4
usda_sr_carotenoid,6978,4
usda_sr_carotenoid,6980,5
usda_sr_carotenoid,6981,5
usda_sr_carotenoid,7006,3
usda_sr_carotenoid,7957,5
usda_sr_carotenoid,8002,3
usda_sr_carotenoid,8010,3
usda_sr_carotenoid,8011,2
usda_sr_carotenoid,8012,3
usda_sr_carotenoid,8037,2
usda_sr_carotenoid,8038,2
usda_sr_carotenoid,8039,2
usda_sr_carotenoid,8059,3
usda_sr_carotenoid,8061,2
usda_sr_carotenoid,8073,2
usda_sr_carotenoid,8085,2
usda_sr_carotenoid,8090,3
usda_sr_carotenoid,8091,1
usda_sr_carotenoid,8092,3
usda_sr_carotenoid,8103,1
usda_sr_carotenoid,8104,1
usda_sr_carotenoid,8106,1
usda_sr_carotenoid,8128,3
usda_sr_carotenoid,8142,2
usda_sr_carotenoid,8144,1
usda_sr_carotenoid,8145,1
usda_sr_carotenoid,8160,3
usda_sr_carotenoid,8161,1
usda_sr_carotenoid,8164,1
usda_sr_carotenoid,8165,1
usda_sr_carotenoid,8180,1
usda_sr_carotenoid,8182,2
usda_sr_carotenoid,8183,1
usda_sr_carotenoid,9002,2
usda_sr_carotenoid,9003,3
usda_sr_carotenoid,9004,3
usda_sr_carotenoid,9011,1
usda_sr_carotenoid,9012,3
usda_sr_carotenoid,9019,3
usda_sr_carotenoid,9020,3
usda_sr_carotenoid,9021,4
usda_sr_carotenoid,9022,3
usda_sr_carotenoid,9027,3
usda_sr_carotenoid,9036,5
usda_sr_carotenoid,9037,4
usda_sr_carotenoid,9038,4
usda_sr_carotenoid,9039,3
usda_sr_carotenoid,9044,2
usda_sr_carotenoid,9046,2
usda_sr_carotenoid,9048,2
usda_sr_carotenoid,9050,2
usda_sr_carotenoid,9057,2
usda_sr_carotenoid,9059,1
usda_sr_carotenoid,9060,3
usda_sr_carotenoid,9066,2
usda_sr_carotenoid,9068,2
usda_sr_carotenoid,9070,2
usda_sr_carotenoid,9078,2
usda_sr_carotenoid,9079,2
usda_sr_carotenoid,9085,3
usda_sr_carotenoid,9087,2
usda_sr_carotenoid,27002,2
usda_sr_carotenoid,27035,2
usda_sr_carotenoid,27046,2
usda_sr_carotenoid,27047,4
usda_sr_carotenoid,27048,2
usda_sr_carotenoid,27049,4
usda_sr_carotenoid,27055,3
usda_sr_carotenoid,27056,4
usda_sr_carotenoid,27057,4
usda_sr_carotenoid,27058,3
usda_sr_carotenoid,27064,2
usda_sr_carotenoid,27066,4
usda_sr_carotenoid,28289,2
usda_sr_carotenoid,28290,1
usda_sr_carotenoid,28291,1
usda_sr_carotenoid,28292,3
usda_sr_carotenoid,28297,1
usda_sr_carotenoid,28298,1
usda_sr_carotenoid,28299,1
usda_sr_carotenoid,28300,1
usda_sr_carotenoid,28301,1
usda_sr_carotenoid,28308,2
usda_sr_carotenoid,28314,1
usda_sr_carotenoid,28315,3
usda_sr_carotenoid,28316,2
usda_sr_carotenoid,28317,2
usda_sr_carotenoid,28322,2
usda_sr_carotenoid,28324,2
usda_sr_carotenoid,28325,2
usda_sr_carotenoid,28326,2
usda_sr_carotenoid,28327,1
usda_sr_carotenoid,28332,1
usda_sr_carotenoid,28349,2
usda_sr_carotenoid,28350,2
usda_sr_carotenoid,28351,1
usda_sr_carotenoid,28352,1
usda_sr_carotenoid,14163,1
usda_sr_carotenoid,14177,1
usda_sr_carotenoid,14187,3
usda_sr_carotenoid,14196,2
usda_sr_carotenoid,14220,2
usda_sr_carotenoid,14221,1
usda_sr_carotenoid,14233,2
usda_sr_carotenoid,14234,2
usda_sr_carotenoid,14235,1
usda_sr_carotenoid,14242,2
usda_sr_carotenoid,14243,2
usda_sr_carotenoid,14245,2
usda_sr_carotenoid,14255,1
usda_sr_carotenoid,14262,4
usda_sr_carotenoid,14263,4
usda_sr_carotenoid,14277,1
usda_sr_carotenoid,14647,2
usda_sr_carotenoid,14648,1
usda_sr_carotenoid,14651,1
usda_sr_carotenoid,7007,4
usda_sr_carotenoid,20522,3
usda_sr_carotenoid,20623,1
usda_sr_carotenoid,20624,1
usda_sr_carotenoid,20628,1
usda_sr_carotenoid,20629,1
usda_sr_carotenoid,20641,1
usda_sr_carotenoid,20645,1
usda_sr_carotenoid,20646,1
usda_sr_carotenoid,20655,3
usda_sr_carotenoid,21005,3
usda_sr_carotenoid,21007,3
usda_sr_carotenoid,21008,2
usda_sr_carotenoid,21009,2
usda_sr_carotenoid,21020,2
usda_sr_carotenoid,21021,3
usda_sr_carotenoid,21022,3
usda_sr_carotenoid,21024,2
usda_sr_carotenoid,21059,2
usda_sr_carotenoid,21061,3
usda_sr_carotenoid,21271,3
usda_sr_carotenoid,21304,3
usda_sr_carotenoid,21305,3
usda_sr_carotenoid,21306,1
usda_sr_carotenoid,21307,3
usda_sr_carotenoid,21340,5
usda_sr_carotenoid,21387,3
usda_sr_carotenoid,21389,5
usda_sr_carotenoid,21397,4
usda_sr_carotenoid,21398,5
usda_sr_carotenoid,21399,5
usda_sr_carotenoid,21400,4
usda_sr_carotenoid,21413,1
usda_sr_carotenoid,22401,3
usda_sr_carotenoid,22402,4
usda_sr_carotenoid,22522,4
usda_sr_carotenoid,22528,1
usda_sr_carotenoid,22901,3
usda_sr_carotenoid,22902,3
usda_sr_carotenoid,22903,2
usda_sr_carotenoid,22904,5
usda_sr_carotenoid,22911,5
usda_sr_carotenoid,22912,4
usda_sr_carotenoid,22914,4
usda_sr_carotenoid,22928,4
usda_sr_carotenoid,22953,3
usda_sr_carotenoid,22954,3
usda_sr_carotenoid,22955,4
usda_sr_carotenoid,22956,4
usda_sr_carotenoid,22961,4
usda_sr_carotenoid,22962,1
usda_sr_carotenoid,22963,4
usda_sr_carotenoid,22969,5
usda_sr_carotenoid,22974,3
usda_sr_carotenoid,22976,3
usda_sr_carotenoid,22977,5
usda_sr_carotenoid,1004,1
usda_sr_carotenoid,1005,1
usda_sr_carotenoid,1006,1
usda_sr_carotenoid,1007,1
usda_sr_carotenoid,1012,1
usda_sr_carotenoid,1013,1
usda_sr_carotenoid,1015,1
usda_sr_carotenoid,1125,4
usda_sr_carotenoid,1130,3
usda_sr_carotenoid,1131,2
usda_sr_carotenoid,1132,3
usda_sr_carotenoid,1133,2
usda_sr_carotenoid,1138,3
usda_sr_carotenoid,1139,3
usda_sr_carotenoid,1140,3
usda_sr_carotenoid,1154,1
usda_sr_carotenoid,1155,1
usda_sr_carotenoid,1156,1
usda_sr_carotenoid,1162,1
usda_sr_carotenoid,1164,1
usda_sr_carotenoid,1165,1
usda_sr_carotenoid,1171,2
usda_sr_carotenoid,1172,1
usda_sr_carotenoid,1174,1
usda_sr_carotenoid,1185,1
usda_sr_carotenoid,1186,1
usda_sr_carotenoid,1199,1
usda_sr_carotenoid,1200,1
usda_sr_carotenoid,1206,1
usda_sr_carotenoid,1208,1
usda_sr_carotenoid,1209,1
usda_sr_carotenoid,1211,1
usda_sr_carotenoid,1219,1
usda_sr_carotenoid,1220,1
usda_sr_carotenoid,1227,3
usda_sr_carotenoid,1228,3
usda_sr_carotenoid,1229,3
usda_sr_carotenoid,1230,1
usda_sr_carotenoid,1238,1
usda_sr_carotenoid,1239,1
usda_sr_carotenoid,1240,2
usda_sr_carotenoid,1241,1
usda_sr_carotenoid,1242,1
usda_sr_carotenoid,2044,3
usda_sr_carotenoid,2046,4
usda_sr_carotenoid,2054,1
usda_sr_carotenoid,3023,3
usda_sr_carotenoid,3025,5
usda_sr_carotenoid,3026,3
usda_sr_carotenoid,3046,5
usda_sr_carotenoid,3047,4
usda_sr_carotenoid,3048,2
usda_sr_carotenoid,3055,3
usda_sr_carotenoid,3068,3
usda_sr_carotenoid,3069,3
usda_sr_carotenoid,3077,4
usda_sr_carotenoid,3082,3
usda_sr_carotenoid,3090,2
usda_sr_carotenoid,3091,4
usda_sr_carotenoid,3092,2
usda_sr_carotenoid,3093,2
usda_sr_carotenoid,3104,4
usda_sr_carotenoid,3105,4
usda_sr_carotenoid,3108,1
usda_sr_carotenoid,3109,1
usda_sr_carotenoid,3117,3
usda_sr_carotenoid,3118,4
usda_sr_carotenoid,3119,4
usda_sr_carotenoid,3279,3
usda_sr_carotenoid,3280,3
usda_sr_carotenoid,3282,3
usda_sr_carotenoid,3283,3
usda_sr_carotenoid,3293,3
usda_sr_carotenoid,3296,4
usda_sr_carotenoid,3297,3
usda_sr_carotenoid,3298,3
usda_sr_carotenoid,3681,2
usda_sr_carotenoid,3690,3
usda_sr_carotenoid,3694,1
usda_sr_carotenoid,3696,1
usda_sr_carotenoid,3934,4
usda_sr_carotenoid,4585,1
usda_sr_carotenoid,4602,1
usda_sr_carotenoid,4610,1
usda_sr_carotenoid,4611,1
usda_sr_carotenoid,4612,1
usda_sr_carotenoid,4618,1
usda_sr_carotenoid,4620,1
usda_sr_carotenoid,4624,1
usda_sr_carotenoid,4626,1
usda_sr_carotenoid,4633,1
usda_sr_carotenoid,4634,1
usda_sr_carotenoid,4635,2
usda_sr_carotenoid,5066,1
usda_sr_carotenoid,5075,1
usda_sr_carotenoid,5091,1
usda_sr_carotenoid,5122,3
usda_sr_carotenoid,16069,1
usda_sr_carotenoid,16070,1
usda_sr_carotenoid,16084,1
usda_sr_carotenoid,16085,1
usda_sr_carotenoid,16086,1
usda_sr_carotenoid,16104,1
usda_sr_carotenoid,16110,1
usda_sr_carotenoid,16112,1
usda_sr_carotenoid,16118,1
usda_sr_carotenoid,16120,1
usda_sr_carotenoid,16127,1
usda_sr_carotenoid,16129,1
usda_sr_carotenoid,16137,3
usda_sr_carotenoid,16139,1
usda_sr_carotenoid,17202,3
usda_sr_carotenoid,17203,3
usda_sr_carotenoid,18005,3
usda_sr_carotenoid,18006,3
usda_sr_carotenoid,18007,2
usda_sr_carotenoid,18009,1
usda_sr_carotenoid,18014,1
usda_sr_carotenoid,18015,1
usda_sr_carotenoid,18027,1
usda_sr_carotenoid,18028,1
usda_sr_carotenoid,18029,1
usda_sr_carotenoid,18037,1
usda_sr_carotenoid,18038,1
usda_sr_carotenoid,18039,1
usda_sr_carotenoid,18040,1
usda_sr_carotenoid,18047,1
usda_sr_carotenoid,18048,1
usda_sr_carotenoid,18049,2
usda_sr_carotenoid,18050,2
usda_sr_carotenoid,18060,3
usda_sr_carotenoid,18061,3
usda_sr_carotenoid,18064,2
usda_sr_carotenoid,18065,1
usda_sr_carotenoid,18075,2
usda_sr_carotenoid,18076,2
usda_sr_carotenoid,18077,2
usda_sr_carotenoid,18078,2
usda_sr_carotenoid,18085,1
usda_sr_carotenoid,18088,1
usda_sr_carotenoid,18090,3
usda_sr_carotenoid,18102,2
usda_sr_carotenoid,18114,3
usda_sr_carotenoid,18120,3
usda_sr_carotenoid,18133,4
usda_sr_carotenoid,18135,1
usda_sr_carotenoid,18139,2
usda_sr_carotenoid,18147,3
usda_sr_carotenoid,18151,1
usda_sr_carotenoid,18157,1
usda_sr_carotenoid,18158,1
usda_sr_carotenoid,18159,1
usda_sr_carotenoid,18166,1
usda_sr_carotenoid,18167,1
usda_sr_carotenoid,18168,1
usda_sr_carotenoid,18170,2
usda_sr_carotenoid,18171,1
usda_sr_carotenoid,18176,1
usda_sr_carotenoid,18177,1
usda_sr_carotenoid,18178,1
usda_sr_carotenoid,18185,2
usda_sr_carotenoid,18198,1
usda_sr_carotenoid,18199,1
usda_sr_carotenoid,18200,4
usda_sr_carotenoid,18206,1
usda_sr_carotenoid,18209,1
usda_sr_carotenoid,18210,1
usda_sr_carotenoid,18211,1
usda_sr_carotenoid,18216,1
usda_sr_carotenoid,18217,1
usda_sr_carotenoid,18226,3
usda_sr_carotenoid,18228,1
usda_sr_carotenoid,18235,1
usda_sr_carotenoid,18236,1
usda_sr_carotenoid,18243,2
usda_sr_carotenoid,18244,3
usda_sr_carotenoid,18245,2
usda_sr_carotenoid,18246,3
usda_sr_carotenoid,18253,2
usda_sr_carotenoid,18254,3
usda_sr_carotenoid,18255,4
usda_sr_carotenoid,18256,4
usda_sr_carotenoid,18263,1
usda_sr_carotenoid,18264,2
usda_sr_carotenoid,18266,3
usda_sr_carotenoid,18274,3
usda_sr_carotenoid,18277,2
usda_sr_carotenoid,18283,1
usda_sr_carotenoid,18288,2
usda_sr_carotenoid,18295,2
usda_sr_carotenoid,18304,4
usda_sr_carotenoid,18305,2
usda_sr_carotenoid,18308,2
usda_sr_carotenoid,18317,3
usda_sr_carotenoid,18319,3
usda_sr_carotenoid,18320,3
usda_sr_carotenoid,18325,1
usda_sr_carotenoid,18326,4
usda_sr_carotenoid,18327,1
usda_sr_carotenoid,18328,4
usda_sr_carotenoid,18337,1
usda_sr_carotenoid,18338,1
usda_sr_carotenoid,18342,1
usda_sr_carotenoid,18348,1
usda_sr_carotenoid,18349,1
usda_sr_carotenoid,18350,2
usda_sr_carotenoid,18351,1
usda_sr_carotenoid,18360,5
usda_sr_carotenoid,18376,1
usda_sr_carotenoid,18377,1
usda_sr_carotenoid,18383,2
usda_sr_carotenoid,18399,2
usda_sr_carotenoid,18401,3
usda_sr_carotenoid,18402,1
usda_sr_carotenoid,18416,1
usda_sr_carotenoid,18429,1
usda_sr_carotenoid,5673,2
usda_sr_carotenoid,5674,2
usda_sr_carotenoid,5679,1
usda_sr_carotenoid,5682,1
usda_sr_carotenoid,5688,1
usda_sr_carotenoid,5689,1
usda_sr_carotenoid,5691,1
usda_sr_carotenoid,5714,1
usda_sr_carotenoid,5715,1
usda_sr_carotenoid,5716,1
usda_sr_carotenoid,5722,1
usda_sr_carotenoid,5723,1
usda_sr_carotenoid,6151,1
usda_sr_carotenoid,6159,3
usda_sr_carotenoid,6170,1
usda_sr_carotenoid,6172,1
usda_sr_carotenoid,6175,2
usda_sr_carotenoid,6208,4
usda_sr_carotenoid,6256,1
usda_sr_carotenoid,6338,2
usda_sr_carotenoid,6402,5
usda_sr_carotenoid,6404,4
usda_sr_carotenoid,6409,3
usda_sr_carotenoid,6417,4
usda_sr_carotenoid,6419,2
usda_sr_carotenoid,6423,3
usda_sr_carotenoid,6426,5
usda_sr_carotenoid,6434,4
usda_sr_carotenoid,6443,1
usda_sr_carotenoid,6461,5
usda_sr_carotenoid,6463,3
usda_sr_carotenoid,6472,4
usda_sr_carotenoid,6528,3
usda_sr_carotenoid,7052,1
usda_sr_carotenoid,7230,1
usda_sr_carotenoid,7952,4
usda_sr_carotenoid,8200,2
usda_sr_carotenoid,8216,3
usda_sr_carotenoid,8218,2
usda_sr_carotenoid,8220,3
usda_sr_carotenoid,8349,3
usda_sr_carotenoid,8402,1
usda_sr_carotenoid,8409,3
usda_sr_carotenoid,8436,1
usda_sr_carotenoid,8484,2
usda_sr_carotenoid,8500,1
usda_sr_carotenoid,8505,2
usda_sr_carotenoid,8544,2
usda_sr_carotenoid,8633,4
usda_sr_carotenoid,8656,1
usda_sr_carotenoid,8657,1
usda_sr_carotenoid,9089,2
usda_sr_carotenoid,9090,2
usda_sr_carotenoid,9091,2
usda_sr_carotenoid,9092,2
usda_sr_carotenoid,9099,3
usda_sr_carotenoid,9100,3
usda_sr_carotenoid,9111,5
usda_sr_carotenoid,9127,5
usda_sr_carotenoid,9128,4
usda_sr_carotenoid,9129,4
usda_sr_carotenoid,9130,2
usda_sr_carotenoid,9135,2
usda_sr_carotenoid,9139,2
usda_sr_carotenoid,25000,4
usda_sr_carotenoid,25026,4
usda_sr_carotenoid,25027,4
usda_sr_carotenoid,25028,4
usda_sr_carotenoid,25034,3
usda_sr_carotenoid,25035,2
usda_sr_carotenoid,25036,2
usda_sr_carotenoid,25037,1
usda_sr_carotenoid,25038,2
usda_sr_carotenoid,25045,1
usda_sr_carotenoid,25046,1
usda_sr_carotenoid,25048,2
usda_sr_carotenoid,25055,1
usda_sr_carotenoid,25056,2
usda_sr_carotenoid,25059,2
usda_sr_carotenoid,25060,1
usda_sr_carotenoid,25066,3
usda_sr_carotenoid,25067,2
usda_sr_carotenoid,25068,1
usda_sr_carotenoid,25070,1
usda_sr_carotenoid,14041,1
usda_sr_carotenoid,14047,1
usda_sr_carotenoid,14048,3
usda_sr_carotenoid,14055,1
usda_sr_carotenoid,14056,5
usda_sr_carotenoid,14058,1
usda_sr_carotenoid,14064,4
usda_sr_carotenoid,14096,2
usda_sr_carotenoid,14119,3
usda_sr_carotenoid,14282,2
usda_sr_carotenoid,14292,1
usda_sr_carotenoid,14293,2
usda_sr_carotenoid,14310,1
usda_sr_carotenoid,14311,2
usda_sr_carotenoid,14312,1
usda_sr_carotenoid,14327,4
usda_sr_carotenoid,14334,2
usda_sr_carotenoid,14341,3
usda_sr_carotenoid,14407,2
usda_sr_carotenoid,18451,1
usda_sr_carotenoid,20657,3
usda_sr_carotenoid,21003,3
usda_sr_carotenoid,21004,3
usda_sr_carotenoid,21010,2
usda_sr_carotenoid,21012,3
usda_sr_carotenoid,21013,3
usda_sr_carotenoid,21014,3
usda_sr_carotenoid,21018,3
usda_sr_carotenoid,21026,2
usda_sr_carotenoid,21028,2
usda_sr_carotenoid,21063,3
usda_sr_carotenoid,21064,5
usda_sr_carotenoid,21283,3
usda_sr_carotenoid,21299,3
usda_sr_carotenoid,21300,3
usda_sr_carotenoid,21301,3
usda_sr_carotenoid,21302,3
usda_sr_carotenoid,21303,3
usda_sr_carotenoid,21319,2
usda_sr_carotenoid,21321,1
usda_sr_carotenoid,21390,5
usda_sr_carotenoid,21395,5
usda_sr_carotenoid,21401,2
usda_sr_carotenoid,21410,1
usda_sr_carotenoid,21411,3
usda_sr_carotenoid,21412,1
usda_sr_carotenoid,22247,2
usda_sr_carotenoid,22535,2
usda_sr_carotenoid,22537,3
usda_sr_carotenoid,22899,3
usda_sr_carotenoid,22900,4
usda_sr_carotenoid,22905,5
usda_sr_carotenoid,22906,4
usda_sr_carotenoid,22908,1
usda_sr_carotenoid,22910,4
usda_sr_carotenoid,22916,5
usda_sr_carotenoid,22917,4
usda_sr_carotenoid,22918,4
usda_sr_carotenoid,22957,2
usda_sr_carotenoid,22958,5
usda_sr_carotenoid,22959,2
usda_sr_carotenoid,22970,2
usda_sr_carotenoid,22971,4
usda_sr_carotenoid,22972,5
usda_sr_carotenoid,22973,3
usda_sr_carotenoid,22978,3
usda_sr_carotenoid,22998,4
usda_sr_carotenoid,1001,1
usda_sr_carotenoid,1002,4
usda_sr_carotenoid,1003,1
usda_sr_carotenoid,1009,1
usda_sr_carotenoid,1011,1
usda_sr_carotenoid,1016,1
usda_sr_carotenoid,1017,4
usda_sr_carotenoid,1018,1
usda_sr_carotenoid,1019,1
usda_sr_carotenoid,1126,4
usda_sr_carotenoid,1127,3
usda_sr_carotenoid,1128,3
usda_sr_carotenoid,1129,3
usda_sr_carotenoid,1137,3
usda_sr_carotenoid,1145,1
usda_sr_carotenoid,1146,1
usda_sr_carotenoid,1151,1
usda_sr_carotenoid,1157,1
usda_sr_carotenoid,1159,1
usda_sr_carotenoid,1160,3
usda_sr_carotenoid,1166,1
usda_sr_carotenoid,1167,1
usda_sr_carotenoid,1168,1
usda_sr_carotenoid,1169,1
usda_sr_carotenoid,1175,1
usda_sr_carotenoid,1178,1
usda_sr_carotenoid,1179,1
usda_sr_carotenoid,1180,1
usda_sr_carotenoid,1202,1
usda_sr_carotenoid,1203,1
usda_sr_carotenoid,1204,1
usda_sr_carotenoid,1205,1
usda_sr_carotenoid,1212,1
usda_sr_carotenoid,1215,1
usda_sr_carotenoid,1216,1
usda_sr_carotenoid,1217,1
usda_sr_carotenoid,1218,2
usda_sr_carotenoid,1225,1
usda_sr_carotenoid,1226,1
usda_sr_carotenoid,1231,1
usda_sr_carotenoid,1235,1
usda_sr_carotenoid,1236,4
usda_sr_carotenoid,1237,1
usda_sr_carotenoid,1243,1
usda_sr_carotenoid,2049,1
usda_sr_carotenoid,2055,2
usda_sr_carotenoid,3000,2
usda_sr_carotenoid,3001,2
usda_sr_carotenoid,3019,3
usda_sr_carotenoid,3022,4
usda_sr_carotenoid,3044,3
usda_sr_carotenoid,3045,4
usda_sr_carotenoid,3050,3
usda_sr_carotenoid,3053,5
usda_sr_carotenoid,3054,5
usda_sr_carotenoid,3070,3
usda_sr_carotenoid,3072,3
usda_sr_carotenoid,3073,3
usda_sr_carotenoid,3083,4
usda_sr_carotenoid,3084,3
usda_sr_carotenoid,3085,3
usda_sr_carotenoid,3089,1
usda_sr_carotenoid,3096,2
usda_sr_carotenoid,3098,1
usda_sr_carotenoid,3099,2
usda_sr_carotenoid,3100,3
usda_sr_carotenoid,3113,1
usda_sr_carotenoid,3114,4
usda_sr_carotenoid,3115,3
usda_sr_carotenoid,3116,3
usda_sr_carotenoid,3274,3
usda_sr_carotenoid,3286,3
usda_sr_carotenoid,3287,4
usda_sr_carotenoid,3289,3
usda_sr_carotenoid,3290,4
usda_sr_carotenoid,3301,2
usda_sr_carotenoid,3302,3
usda_sr_carotenoid,3303,1
usda_sr_carotenoid,3685,3
usda_sr_carotenoid,3686,3
usda_sr_carotenoid,3712,3
usda_sr_carotenoid,3939,1
usda_sr_carotenoid,4539,4
usda_sr_carotenoid,4600,1
usda_sr_carotenoid,4601,1
usda_sr_carotenoid,4613,1
usda_sr_carotenoid,4614,1
usda_sr_carotenoid,4617,1
usda_sr_carotenoid,4627,1
usda_sr_carotenoid,4636,3
usda_sr_carotenoid,4638,1
usda_sr_carotenoid,4639,3
usda_sr_carotenoid,4640,4
usda_sr_carotenoid,4641,3
usda_sr_carotenoid,4665,1
usda_sr_carotenoid,5069,1
usda_sr_carotenoid,5071,1
usda_sr_carotenoid,5080,1
usda_sr_carotenoid,5094,1
usda_sr_carotenoid,5096,1
usda_sr_carotenoid,14422,2
usda_sr_carotenoid,14423,1
usda_sr_carotenoid,16010,4
usda_sr_carotenoid,16011,3
usda_sr_carotenoid,16053,1
usda_sr_carotenoid,16055,1
usda_sr_carotenoid,16056,1
usda_sr_carotenoid,16057,1
usda_sr_carotenoid,16062,1
usda_sr_carotenoid,16063,1
usda_sr_carotenoid,16225,1
usda_sr_carotenoid,16227,1
usda_sr_carotenoid,16353,1
usda_sr_carotenoid,16357,1
usda_sr_carotenoid,16358,1
usda_sr_carotenoid,16359,1
usda_sr_carotenoid,7958,5
usda_sr_carotenoid,7959,4
usda_sr_carotenoid,7960,4
usda_sr_carotenoid,7979,1
usda_sr_carotenoid,8013,1
usda_sr_carotenoid,8015,1
usda_sr_carotenoid,8018,3
usda_sr_carotenoid,8029,2
usda_sr_carotenoid,8046,3
usda_sr_carotenoid,8047,3
usda_sr_carotenoid,8049,4
usda_sr_carotenoid,8054,2
usda_sr_carotenoid,8074,1
usda_sr_carotenoid,8081,2
usda_sr_carotenoid,8083,3
usda_sr_carotenoid,8084,2
usda_sr_carotenoid,8094,3
usda_sr_carotenoid,8102,1
usda_sr_carotenoid,8107,1
usda_sr_carotenoid,8116,1
usda_sr_carotenoid,8120,1
usda_sr_carotenoid,8121,1
usda_sr_carotenoid,8129,1
usda_sr_carotenoid,8130,2
usda_sr_carotenoid,8133,1
usda_sr_carotenoid,8138,1
usda_sr_carotenoid,8148,1
usda_sr_carotenoid,8169,1
usda_sr_carotenoid,8173,1
usda_sr_carotenoid,8192,3
usda_sr_carotenoid,8680,2
usda_sr_carotenoid,9005,3
usda_sr_carotenoid,9006,3
usda_sr_carotenoid,9008,3
usda_sr_carotenoid,9009,3
usda_sr_carotenoid,9016,1
usda_sr_carotenoid,9017,1
usda_sr_carotenoid,9018,1
usda_sr_carotenoid,9024,3
usda_sr_carotenoid,9026,3
usda_sr_carotenoid,9032,1
usda_sr_carotenoid,9033,1
usda_sr_carotenoid,9040,3
usda_sr_carotenoid,9041,3
usda_sr_carotenoid,9042,2
usda_sr_carotenoid,9043,2
usda_sr_carotenoid,9052,2
usda_sr_carotenoid,9053,2
usda_sr_carotenoid,9054,2
usda_sr_carotenoid,9055,2
usda_sr_carotenoid,9062,3
usda_sr_carotenoid,9063,2
usda_sr_carotenoid,9064,2
usda_sr_carotenoid,9071,2
usda_sr_carotenoid,9072,2
usda_sr_carotenoid,9073,2
usda_sr_carotenoid,9074,2
usda_sr_carotenoid,9081,2
usda_sr_carotenoid,9084,2
usda_sr_carotenoid,27042,2
usda_sr_carotenoid,27043,2
usda_sr_carotenoid,27044,3
usda_sr_carotenoid,27050,1
usda_sr_carotenoid,27051,4
usda_sr_carotenoid,27052,4
usda_sr_carotenoid,27054,4
usda_sr_carotenoid,27060,4
usda_sr_carotenoid,27062,4
usda_sr_carotenoid,27063,5
usda_sr_carotenoid,28285,1
usda_sr_carotenoid,28286,1
usda_sr_carotenoid,28287,1
usda_sr_carotenoid,28288,1
usda_sr_carotenoid,28293,1
usda_sr_carotenoid,28294,1
usda_sr_carotenoid,28295,2
usda_sr_carotenoid,28296,1
usda_sr_carotenoid,28302,2
usda_sr_carotenoid,28303,3
usda_sr_carotenoid,28304,3
usda_sr_carotenoid,28305,2
usda_sr_carotenoid,28310,2
usda_sr_carotenoid,28311,1
usda_sr_carotenoid,28312,2
usda_sr_carotenoid,28313,2
usda_sr_carotenoid,28318,2
usda_sr_carotenoid,28319,2
usda_sr_carotenoid,28320,2
usda_sr_carotenoid,28321,2
usda_sr_carotenoid,28328,1
usda_sr_carotenoid,28329,1
usda_sr_carotenoid,28330,2
usda_sr_carotenoid,28345,2
usda_sr_carotenoid,28346,3
usda_sr_carotenoid,28347,2
usda_sr_carotenoid,28348,1
usda_sr_carotenoid,14161,4
usda_sr_carotenoid,14162,1
usda_sr_carotenoid,14181,1
usda_sr_carotenoid,14182,1
usda_sr_carotenoid,14192,1
usda_sr_carotenoid,14194,1
usda_sr_carotenoid,14204,2
usda_sr_carotenoid,14217,1
usda_sr_carotenoid,14224,2
usda_sr_carotenoid,14226,2
usda_sr_carotenoid,14227,1
usda_sr_carotenoid,14236,2
usda_sr_carotenoid,14237,1
usda_sr_carotenoid,14238,2
usda_sr_carotenoid,14239,1
usda_sr_carotenoid,14250,3
usda_sr_carotenoid,14256,1
usda_sr_carotenoid,14257,1
usda_sr_carotenoid,14258,1
usda_sr_carotenoid,14259,1
usda_sr_carotenoid,14267,4
usda_sr_carotenoid,14545,1
usda_sr_carotenoid,14558,1
usda_sr_carotenoid,14633,4
usda_sr_carotenoid,14634,1
usda_sr_carotenoid,14635,4
usda_sr_carotenoid,15012,1
usda_sr_carotenoid,15027,3
usda_sr_carotenoid,16080,1
usda_sr_carotenoid,16081,1
usda_sr_carotenoid,16108,1
usda_sr_carotenoid,16109,1
usda_sr_carotenoid,16115,1
usda_sr_carotenoid,16116,1
usda_sr_carotenoid,16117,1
usda_sr_carotenoid,16144,1
usda_sr_carotenoid,16147,1
usda_sr_carotenoid,16157,1
usda_sr_carotenoid,16158,3
usda_sr_carotenoid,16166,1
usda_sr_carotenoid,16168,1
usda_sr_carotenoid,16409,1
usda_sr_carotenoid,17204,3
usda_sr_carotenoid,5661,4
usda_sr_carotenoid,5675,2
usda_sr_carotenoid,5676,1
usda_sr_carotenoid,5677,1
usda_sr_carotenoid,5678,1
usda_sr_carotenoid,5683,2
usda_sr_carotenoid,5692,1
usda_sr_carotenoid,5708,1
usda_sr_carotenoid,5709,1
usda_sr_carotenoid,5710,1
usda_sr_carotenoid,5711,1
usda_sr_carotenoid,5717,1
usda_sr_carotenoid,6149,2
usda_sr_carotenoid,6150,4
usda_sr_carotenoid,6164,3
usda_sr_carotenoid,6166,2
usda_sr_carotenoid,6167,2
usda_sr_carotenoid,6168,4
usda_sr_carotenoid,6169,4
usda_sr_carotenoid,6177,4
usda_sr_carotenoid,6190,4
usda_sr_carotenoid,6192,5
usda_sr_carotenoid,6193,4
usda_sr_carotenoid,6194,1
usda_sr_carotenoid,6217,5
usda_sr_carotenoid,6230,2
usda_sr_carotenoid,6243,2
usda_sr_carotenoid,6264,2
usda_sr_carotenoid,6285,4
usda_sr_carotenoid,6307,4
usda_sr_carotenoid,6359,3
usda_sr_carotenoid,6395,2
usda_sr_carotenoid,6415,4
usda_sr_carotenoid,6428,5
usda_sr_carotenoid,6430,1
usda_sr_carotenoid,6431,2
usda_sr_carotenoid,6449,1
usda_sr_carotenoid,6468,4
usda_sr_carotenoid,6471,4
usda_sr_carotenoid,6483,5
usda_sr_carotenoid,6494,1
usda_sr_carotenoid,6498,4
usda_sr_carotenoid,7058,4
usda_sr_carotenoid,7075,4
usda_sr_carotenoid,7955,5
usda_sr_carotenoid,7956,4
usda_sr_carotenoid,8206,3
usda_sr_carotenoid,8211,3
usda_sr_carotenoid,8214,2
usda_sr_carotenoid,8215,2
usda_sr_carotenoid,8225,3
usda_sr_carotenoid,8228,2
usda_sr_carotenoid,8305,3
usda_sr_carotenoid,8346,3
usda_sr_carotenoid,8410,3
usda_sr_carotenoid,8435,1
usda_sr_carotenoid,8478,2
usda_sr_carotenoid,8494,3
usda_sr_carotenoid,8495,1
usda_sr_carotenoid,8506,3
usda_sr_carotenoid,8507,2
usda_sr_carotenoid,8550,3
usda_sr_carotenoid,8554,2
usda_sr_carotenoid,8571,1
usda_sr_carotenoid,8655,3
usda_sr_carotenoid,9094,2
usda_sr_carotenoid,9095,2
usda_sr_carotenoid,9096,3
usda_sr_carotenoid,9097,3
usda_sr_carotenoid,9112,5
usda_sr_carotenoid,9116,4
usda_sr_carotenoid,9123,4
usda_sr_carotenoid,9124,4
usda_sr_carotenoid,9125,4
usda_sr_carotenoid,9126,4
usda_sr_carotenoid,9131,3
usda_sr_carotenoid,9132,3
usda_sr_carotenoid,9133,3
usda_sr_carotenoid,9134,3
usda_sr_carotenoid,9143,2
usda_sr_carotenoid,9144,4
usda_sr_carotenoid,25001,3
usda_sr_carotenoid,25003,1
usda_sr_carotenoid,25012,1
usda_sr_carotenoid,25013,3
usda_sr_carotenoid,25014,4
usda_sr_carotenoid,25015,1
usda_sr_carotenoid,25021,2
usda_sr_carotenoid,25024,1
usda_sr_carotenoid,25030,3
usda_sr_carotenoid,25031,1
usda_sr_carotenoid,25032,3
usda_sr_carotenoid,25033,3
usda_sr_carotenoid,25039,4
usda_sr_carotenoid,25040,2
usda_sr_carotenoid,25041,3
usda_sr_carotenoid,25043,1
usda_sr_carotenoid,25051,2
usda_sr_carotenoid,25052,3
usda_sr_carotenoid,25053,1
usda_sr_carotenoid,25062,2
usda_sr_carotenoid,27000,4
usda_sr_carotenoid,27001,3
usda_sr_carotenoid,14285,1
usda_sr_carotenoid,14316,2
usda_sr_carotenoid,14317,2
usda_sr_carotenoid,14318,2
usda_sr_carotenoid,14323,3
usda_sr_carotenoid,18002,1
usda_sr_carotenoid,18010,1
usda_sr_carotenoid,18012,1
usda_sr_carotenoid,18013,1
usda_sr_carotenoid,18019,1
usda_sr_carotenoid,18021,3
usda_sr_carotenoid,18022,3
usda_sr_carotenoid,18023,4
usda_sr_carotenoid,18030,1
usda_sr_carotenoid,18033,1
usda_sr_carotenoid,18036,1
usda_sr_carotenoid,18041,1
usda_sr_carotenoid,18042,2
usda_sr_carotenoid,18043,2
usda_sr_carotenoid,18044,1
usda_sr_carotenoid,18053,3
usda_sr_carotenoid,18055,2
usda_sr_carotenoid,18057,2
usda_sr_carotenoid,18059,1
usda_sr_carotenoid,18069,1
usda_sr_carotenoid,18070,1
usda_sr_carotenoid,18080,2
usda_sr_carotenoid,18081,2
usda_sr_carotenoid,18082,2
usda_sr_carotenoid,18095,2
usda_sr_carotenoid,18096,1
usda_sr_carotenoid,18097,1
usda_sr_carotenoid,18108,3
usda_sr_carotenoid,18110,4
usda_sr_carotenoid,18127,1
usda_sr_carotenoid,18128,1
usda_sr_carotenoid,18140,1
usda_sr_carotenoid,18141,2
usda_sr_carotenoid,18142,1
usda_sr_carotenoid,18144,1
usda_sr_carotenoid,18154,1
usda_sr_carotenoid,18155,3
usda_sr_carotenoid,18165,1
usda_sr_carotenoid,18172,2
usda_sr_carotenoid,18173,2
usda_sr_carotenoid,18174,1
usda_sr_carotenoid,18175,4
usda_sr_carotenoid,18189,1
usda_sr_carotenoid,18190,1
usda_sr_carotenoid,18191,3
usda_sr_carotenoid,18192,2
usda_sr_carotenoid,18202,1
usda_sr_carotenoid,18204,3
usda_sr_carotenoid,18205,1
usda_sr_carotenoid,18212,3
usda_sr_carotenoid,18213,1
usda_sr_carotenoid,18214,3
usda_sr_carotenoid,18215,1
usda_sr_carotenoid,18220,1
usda_sr_carotenoid,18223,2
usda_sr_carotenoid,18229,1
usda_sr_carotenoid,18230,2
usda_sr_carotenoid,18231,1
usda_sr_carotenoid,18232,2
usda_sr_carotenoid,18237,3
usda_sr_carotenoid,18239,3
usda_sr_carotenoid,18241,2
usda_sr_carotenoid,18248,2
usda_sr_carotenoid,18249,4
usda_sr_carotenoid,18251,4
usda_sr_carotenoid,18258,1
usda_sr_carotenoid,18259,1
usda_sr_carotenoid,18260,1
usda_sr_carotenoid,18262,1
usda_sr_carotenoid,18269,1
usda_sr_carotenoid,18270,4
usda_sr_carotenoid,18271,1
usda_sr_carotenoid,18272,1
usda_sr_carotenoid,18279,3
usda_sr_carotenoid,18291,2
usda_sr_carotenoid,18301,3
usda_sr_carotenoid,18310,2
usda_sr_carotenoid,18322,3
usda_sr_carotenoid,18323,3
usda_sr_carotenoid,18324,3
usda_sr_carotenoid,18334,1
usda_sr_carotenoid,18335,1
usda_sr_carotenoid,18336,1
usda_sr_carotenoid,18344,3
usda_sr_carotenoid,18345,1
usda_sr_carotenoid,18346,3
usda_sr_carotenoid,18347,1
usda_sr_carotenoid,18353,1
usda_sr_carotenoid,18354,4
usda_sr_carotenoid,18356,4
usda_sr_carotenoid,18362,4
usda_sr_carotenoid,18363,3
usda_sr_carotenoid,18364,1
usda_sr_carotenoid,18365,3
usda_sr_carotenoid,18384,1
usda_sr_carotenoid,18386,2
usda_sr_carotenoid,18388,2
usda_sr_carotenoid,18403,3
usda_sr_carotenoid,18425,1
usda_sr_carotenoid,18427,1
usda_sr_carotenoid,18428,1
usda_sr_carotenoid,18434,3
usda_sr_carotenoid,18457,1
usda_sr_carotenoid,18459,3
usda_sr_carotenoid,14390,1
usda_sr_carotenoid,14415,1
usda_sr_carotenoid,14426,1
usda_sr_carotenoid,14427,1
usda_sr_carotenoid,14436,3
usda_sr_carotenoid,14538,1
usda_sr_carotenoid,15072,1
usda_sr_carotenoid,15089,3
usda_sr_carotenoid,16006,3
usda_sr_carotenoid,16008,3
usda_sr_carotenoid,16052,1
usda_sr_carotenoid,16058,1
usda_sr_carotenoid,16059,4
usda_sr_carotenoid,16230,1
usda_sr_carotenoid,16231,1
usda_sr_carotenoid,16360,1
usda_sr_carotenoid,16363,1
usda_sr_carotenoid,16370,1
usda_sr_carotenoid,16381,1
usda_sr_carotenoid,16384,1
usda_sr_carotenoid,16386,1
foodb,287,103
foodb,148,173
foodb,580,89
foodb,105,219
foodb,144,152
foodb,277,95
foodb,71,113
foodb,21,132
foodb,174,190
foodb,130,139
foodb,690,106
foodb,549,104
foodb,269,102
foodb,836,120
foodb,682,98
foodb,298,95
foodb,208,114
foodb,88,152
foodb,134,183
foodb,200,117
foodb,198,95
foodb,85,172
foodb,506,107
foodb,268,364
foodb,264,163
foodb,193,163
foodb,275,108
foodb,694,102
foodb,671,114
foodb,160,194
foodb,873,108
foodb,581,84
foodb,188,118
foodb,677,89
foodb,24,151
foodb,832,103
foodb,270,118
foodb,582,84
foodb,34,211
foodb,32,127
foodb,531,89
foodb,79,124
foodb,317,89
foodb,667,102
foodb,95,167
foodb,35,110
foodb,252,101
foodb,30,119
foodb,2,96
foodb,583,88
foodb,376,84
foodb,23,105
foodb,853,97
foodb,245,294
foodb,680,89
foodb,11,158
foodb,328,105
foodb,31,131
foodb,584,89
foodb,249,106
foodb,214,94
foodb,15,174
foodb,237,126
foodb,585,84
foodb,330,96
foodb,631,104
foodb,679,95
foodb,331,100
foodb,143,111
foodb,332,93
foodb,45,104
foodb,662,87
foodb,49,112
foodb,9,104
foodb,709,118
foodb,586,89
foodb,707,124
foodb,341,145
foodb,526,89
foodb,58,141
foodb,61,157
foodb,205,260
foodb,348,89
foodb,587,89
foodb,547,95
foodb,812,107
foodb,660,108
foodb,634,117
foodb,669,102
foodb,99,108
foodb,659,98
foodb,65,189
foodb,155,207
foodb,156,188
foodb,700,96
foodb,588,84
foodb,181,107
foodb,135,146
foodb,13,189
foodb,164,92
foodb,589,84
foodb,661,79
foodb,590,89
foodb,691,76
foodb,591,89
foodb,633,106
foodb,363,96
foodb,48,130
foodb,696,95
foodb,82,136
foodb,81,142
foodb,865,107
foodb,686,106
foodb,548,101
foodb,592,90
foodb,670,98
foodb,699,84
foodb,788,97
foodb,790,97
foodb,593,89
foodb,8,147
foodb,684,89
foodb,642,77
foodb,206,191
foodb,712,95
foodb,704,95
foodb,157,157
foodb,374,114
foodb,256,142
foodb,150,113
foodb,379,98
foodb,594,84
foodb,527,89
foodb,375,95
foodb,595,89
foodb,643,87
foodb,18,116
foodb,687,95
foodb,641,99
foodb,754,95
foodb,681,98
foodb,392,96
foodb,851,95
foodb,395,101
foodb,4,144
foodb,33,159
foodb,398,92
foodb,596,84
foodb,703,97
foodb,7,89
foodb,54,152
foodb,597,89
foodb,98,139
foodb,53,144
foodb,402,89
foodb,194,126
foodb,101,133
foodb,630,103
foodb,644,88
foodb,678,89
foodb,598,89
foodb,405,90
foodb,76,96
foodb,599,84
foodb,103,93
foodb,274,113
foodb,600,89
foodb,650,30
foodb,106,126
foodb,872,103
foodb,57,239
foodb,83,192
foodb,683,91
foodb,663,89
foodb,664,108
foodb,672,84
foodb,64,138
foodb,715,89
foodb,714,98
foodb,713,89
foodb,711,97
foodb,632,1661
foodb,710,117
foodb,126,101
foodb,717,115
foodb,561,113
foodb,601,89
foodb,673,95
foodb,229,126
foodb,602,84
foodb,603,89
foodb,604,84
foodb,651,51
foodb,698,90
foodb,381,120
foodb,16,152
foodb,118,142
foodb,22,154
foodb,344,95
foodb,706,95
foodb,346,110
foodb,605,97
foodb,29,102
foodb,42,166
foodb,170,141
foodb,427,100
foodb,121,163
foodb,5,119
foodb,606,70
foodb,41,114
foodb,131,197
foodb,129,168
foodb,128,99
foodb,701,110
foodb,674,96
foodb,149,140
foodb,152,187
foodb,47,117
foodb,141,161
foodb,44,123
foodb,139,129
foodb,40,195
foodb,538,95
foodb,608,89
foodb,439,95
foodb,609,84
foodb,138,115
foodb,12,169
foodb,140,159
foodb,655,107
foodb,610,89
foodb,444,101
foodb,147,180
foodb,524,84
foodb,151,167
foodb,127,104
foodb,647,65
foodb,175,197
foodb,449,89
foodb,611,84
foodb,750,97
foodb,66,133
foodb,69,118
foodb,540,97
foodb,153,112
foodb,261,100
foodb,454,101
foodb,612,84
foodb,697,89
foodb,154,124
foodb,125,144
foodb,456,99
foodb,646,84
foodb,837,116
foodb,169,143
foodb,676,96
foodb,504,95
foodb,613,84
foodb,666,96
foodb,665,109
foodb,614,79
foodb,615,57
foodb,616,84
foodb,770,97
foodb,649,106
foodb,546,102
foodb,657,111
foodb,617,90
foodb,618,70
foodb,692,109
foodb,761,115
foodb,716,115
foodb,178,187
foodb,619,92
foodb,86,143
foodb,28,101
foodb,92,122
foodb,695,97
foodb,180,109
foodb,56,190
foodb,38,215
foodb,620,84
foodb,653,87
foodb,718,121
foodb,781,103
foodb,171,155
foodb,621,103
foodb,369,89
foodb,36,162
foodb,648,84
foodb,645,104
foodb,639,71
foodb,622,96
foodb,685,96
foodb,158,103
foodb,52,120
foodb,623,84
foodb,575,126
foodb,702,84
foodb,640,101
foodb,514,101
foodb,515,95
foodb,626,266
foodb,297,89
foodb,519,102
foodb,656,89
foodb,785,54
foodb,735,73
foodb,689,68
foodb,737,58
foodb,739,66
foodb,878,54
foodb,871,54
foodb,824,55
foodb,855,68
foodb,778,54
foodb,779,72
foodb,738,53
foodb,810,57
foodb,288,70
foodb,137,66
foodb,119,149
foodb,97,71
foodb,43,101
foodb,74,51
foodb,50,81
foodb,179,124
foodb,67,107
foodb,186,61
foodb,122,85
foodb,420,79
foodb,124,158
foodb,447,82
foodb,159,159
foodb,63,35
foodb,165,118
foodb,167,30
foodb,19,58
foodb,183,107
foodb,68,97
foodb,195,37
foodb,39,45
foodb,113,148
foodb,112,133
foodb,721,41
foodb,776,62
foodb,808,63
foodb,801,48
foodb,798,48
foodb,800,48
foodb,799,47
foodb,802,50
foodb,797,50
foodb,574,21
foodb,857,36
foodb,804,66
foodb,555,56
foodb,793,71
foodb,783,35
foodb,762,68
foodb,795,97
foodb,784,70
foodb,817,42
foodb,841,68
foodb,725,80
foodb,282,41
foodb,556,37
foodb,312,61
foodb,325,13
foodb,146,80
foodb,145,130
foodb,192,135
foodb,789,54
foodb,204,193
foodb,14,34
foodb,791,40
foodb,203,23
foodb,493,31
foodb,389,67
foodb,391,25
foodb,393,18
foodb,557,68
foodb,224,29
foodb,410,30
foodb,411,26
foodb,117,39
foodb,426,12
foodb,73,68
foodb,437,48
foodb,442,18
foodb,55,31
foodb,234,21
foodb,162,139
foodb,457,32
foodb,455,18
foodb,468,49
foodb,469,59
foodb,488,59
foodb,496,34
foodb,558,63
foodb,292,53
foodb,360,22
foodb,281,19
foodb,559,19
foodb,813,35
foodb,814,32
foodb,786,17
foodb,289,68
foodb,290,24
foodb,115,52
foodb,133,85
foodb,638,73
foodb,25,69
foodb,197,110
foodb,314,74
foodb,17,89
foodb,318,29
foodb,253,59
foodb,323,20
foodb,338,37
foodb,736,70
foodb,247,59
foodb,345,38
foodb,534,56
foodb,202,50
foodb,553,49
foodb,272,90
foodb,322,37
foodb,503,35
foodb,384,61
foodb,386,57
foodb,560,20
foodb,394,60
foodb,562,72
foodb,756,44
foodb,399,57
foodb,401,62
foodb,407,66
foodb,417,39
foodb,27,53
foodb,421,27
foodb,422,33
foodb,241,51
foodb,693,56
foodb,37,62
foodb,499,74
foodb,445,41
foodb,877,45
foodb,876,69
foodb,142,54
foodb,467,43
foodb,285,87
foodb,387,44
foodb,396,53
foodb,563,53
foodb,479,24
foodb,284,56
foodb,321,58
foodb,819,53
foodb,91,53
foodb,823,27
foodb,409,38
foodb,337,39
foodb,510,42
foodb,518,43
foodb,520,53
foodb,26,30
foodb,355,40
foodb,366,20
foodb,243,56
foodb,490,53
foodb,564,53
foodb,757,71
foodb,291,41
foodb,565,67
foodb,502,47
foodb,77,44
foodb,743,54
foodb,423,53
foodb,335,38
foodb,70,36
foodb,566,22
foodb,370,21
foodb,567,101
foodb,568,20
foodb,509,22
foodb,521,29
foodb,569,71
foodb,570,18
foodb,313,44
foodb,333,40
foodb,406,35
foodb,283,34
foodb,301,34
foodb,320,80
foodb,336,35
foodb,368,64
foodb,372,53
foodb,382,43
foodb,536,87
foodb,796,67
foodb,440,34
foodb,441,55
foodb,93,173
foodb,94,128
foodb,390,35
foodb,485,34
foodb,764,35
foodb,279,89
foodb,727,38
foodb,768,37
foodb,767,55
foodb,850,72
foodb,852,53
foodb,748,35
foodb,367,57
foodb,537,54
foodb,299,42
foodb,309,42
foodb,319,35
foodb,327,54
foodb,329,69
foodb,722,54
foodb,339,54
foodb,343,57
foodb,342,69
foodb,350,54
foodb,351,35
foodb,356,42
foodb,357,37
foodb,362,54
foodb,862,37
foodb,377,42
foodb,380,71
foodb,293,54
foodb,432,37
foodb,403,42
foodb,294,54
foodb,388,54
foodb,397,37
foodb,470,54
foodb,413,35
foodb,414,35
foodb,418,54
foodb,295,69
foodb,424,36
foodb,507,42
foodb,296,54
foodb,508,68
foodb,371,54
foodb,434,68
foodb,458,57
foodb,459,42
foodb,465,53
foodb,464,68
foodb,461,68
foodb,462,69
foodb,460,65
foodb,463,72
foodb,471,64
foodb,473,54
foodb,478,42
foodb,480,54
foodb,481,54
foodb,484,37
foodb,453,54
foodb,487,54
foodb,571,42
foodb,494,54
foodb,495,37
foodb,497,37
foodb,498,61
foodb,501,42
foodb,308,54
foodb,486,37
foodb,525,60
foodb,522,61
foodb,523,36
foodb,286,39
foodb,306,72
foodb,359,38
foodb,533,37
foodb,404,69
foodb,532,42
foodb,280,54
foodb,544,70
foodb,352,37
foodb,307,56
foodb,361,69
foodb,433,51
foodb,472,70
foodb,545,54
foodb,511,54
foodb,625,36
foodb,723,61
foodb,730,73
foodb,326,69
foodb,731,70
foodb,347,37
foodb,408,46
foodb,416,34
foodb,199,75
foodb,815,56
foodb,874,60
foodb,752,36
foodb,792,54
foodb,809,7
foodb,542,17
foodb,535,60
foodb,541,49
foodb,831,62
foodb,654,74
foodb,840,54
foodb,842,65
foodb,838,53
foodb,829,53
foodb,845,53
foodb,843,53
foodb,835,68
foodb,787,65
foodb,807,66
foodb,805,69
foodb,803,53
foodb,868,60
foodb,733,100
foodb,760,66
foodb,846,42
foodb,782,68
foodb,867,63
foodb,825,33
foodb,844,53
foodb,839,55
foodb,830,39
foodb,747,75
foodb,744,75
foodb,745,70
foodb,746,75
foodb,848,38
foodb,870,44
foodb,740,72
foodb,869,41
foodb,759,74
foodb,856,37
foodb,751,46
foodb,724,65
foodb,854,55
foodb,811,40
foodb,758,37
foodb,806,56
foodb,766,54
foodb,765,56
foodb,450,56
foodb,177,64
foodb,771,53
foodb,246,39
foodb,187,121
foodb,242,96
foodb,516,56
foodb,552,61
foodb,489,60
foodb,500,61
foodb,728,69
foodb,769,37
foodb,777,38
foodb,734,58
foodb,732,102
foodb,772,37
foodb,729,73
foodb,780,73
foodb,775,37
foodb,774,35
foodb,864,17
foodb,773,48
foodb,818,70
foodb,866,66
foodb,816,68
foodb,749,74
foodb,755,61
foodb,742,71
foodb,826,19
foodb,861,10
foodb,302,66
foodb,305,7
foodb,385,38
foodb,400,7
foodb,161,50
foodb,340,5
foodb,349,10
foodb,354,8
foodb,412,6
foodb,425,12
foodb,476,66
foodb,428,5
foodb,554,4
foodb,551,5
foodb,529,5
foodb,474,6
foodb,477,9
foodb,572,8
foodb,539,3
foodb,550,8
foodb,311,8
foodb,513,7
foodb,517,6
foodb,573,26
foodb,753,38
foodb,820,66
foodb,466,34
foodb,431,46
foodb,482,65
foodb,576,41
foodb,530,61
foodb,577,58
foodb,578,34
foodb,443,26
foodb,448,45
foodb,475,30
foodb,863,45
foodb,834,44
foodb,849,8
foodb,859,61
foodb,858,59
foodb,860,62
foodb,822,35
foodb,668,35
foodb,624,84
foodb,763,35
foodb,579,36
foodb,273,35
foodb,726,36
foodb,166,44
foodb,136,54
foodb,189,38
foodb,191,137
foodb,227,34
foodb,226,23
foodb,230,36
foodb,102,17
foodb,217,13
foodb,163,15
foodb,107,21
foodb,629,13
foodb,114,15
foodb,260,11
foodb,62,70
foodb,225,11
foodb,173,116
foodb,228,6
foodb,87,38
foodb,51,81
foodb,90,61
foodb,255,14
foodb,172,11
foodb,215,12
foodb,89,78
foodb,108,62
foodb,3,12
foodb,259,17
foodb,100,38
foodb,258,5
foodb,263,11
foodb,262,5
foodb,1,5
foodb,196,6
foodb,10,9
foodb,627,6
foodb,221,7
foodb,176,5
foodb,223,7
foodb,222,7
foodb,212,8
foodb,220,7
foodb,84,7
foodb,75,3
foodb,207,8
foodb,248,7
foodb,265,3
foodb,216,3
foodb,257,21
foodb,250,3
foodb,240,2
foodb,59,145
foodb,60,141
foodb,6,113
foodb,20,25
foodb,46,15
foodb,72,138
foodb,110,47
foodb,120,41
foodb,123,73
foodb,132,20
foodb,168,51
foodb,182,39
foodb,436,50
foodb,111,34
foodb,880,70
foodb,881,80
foodb,917,38
foodb,909,224
foodb,907,161
foodb,913,163
foodb,920,151
foodb,911,138
foodb,912,209
foodb,916,50
foodb,906,142
foodb,919,165
foodb,908,150
foodb,918,141
foodb,915,146
foodb,914,115
foodb,910,182
foodb,921,767
foodb,922,773
foodb,923,771
foodb,924,768
foodb,971,3
foodb,16420,4
foodb,927,3
foodb,233,2
foodb,244,3
foodb,334,70
foodb,483,70
foodb,936,11
foodb,937,5
foodb,935,5
foodb,930,10
foodb,933,7
foodb,943,110
foodb,949,103
foodb,939,215
foodb,940,215
foodb,1021,171
foodb,957,162
foodb,1019,102
foodb,1022,84
foodb,938,22
foodb,985,53
foodb,1023,60
foodb,1024,22
foodb,505,92
rda_flavonoid,보리순,26
rda_flavonoid,찹쌀현미(화선찰벼),11
rda_flavonoid,멥쌀(현미),11
rda_flavonoid,흑미(무처리),12
rda_flavonoid,메밀(껍질포함),8
rda_flavonoid,달단메밀(생것),8
rda_flavonoid,달단메밀(볶은것),8
rda_flavonoid,메밀(껍질제거),2
rda_flavonoid,멥쌀(백미),1
rda_flavonoid,칡,22
rda_flavonoid,녹두,5
rda_flavonoid,숙주나물,13
rda_flavonoid,선유(무처리),15
rda_flavonoid,선유(증자),14
rda_flavonoid,"선유(볶음,170℃)",13
rda_flavonoid,"선유(볶음,190℃)",13
rda_flavonoid,선유(무수),13
rda_flavonoid,선유(가수),9
rda_flavonoid,대풍(무처리),15
rda_flavonoid,대풍(증자),15
rda_flavonoid,"대풍(볶음,170℃)",14
rda_flavonoid,"대풍(볶음,190℃)",13
rda_flavonoid,대풍(무수),13
rda_flavonoid,대풍(가수),11
rda_flavonoid,"서리태(청자3호,무처리)",16
rda_flavonoid,"서리태(청자3호,증자)",16
rda_flavonoid,"서리태(청자3호,볶음,170℃)",13
rda_flavonoid,"서리태(청자3호,볶음,190℃)",13
rda_flavonoid,"서리태(청자3호,무수)",13
rda_flavonoid,"서리태(청자3호,가수)",11
rda_flavonoid,서목태,14
rda_flavonoid,흑태,14
rda_flavonoid,콩나물,14
rda_flavonoid,완두(꼬투리),26
rda_flavonoid,완두(전체),26
rda_flavonoid,작두콩(적색),13
rda_flavonoid,작두콩(백색),9
rda_flavonoid,작두콩(꼬투리),9
rda_flavonoid,들깨,4
rda_flavonoid,들깻묵,5
rda_flavonoid,들깻잎,8
rda_flavonoid,시금치,17
rda_flavonoid,풋고추,23
rda_flavonoid,붉은고추(생것),19
rda_flavonoid,붉은고추(태양건조),15
rda_flavonoid,피망(녹색),13
rda_flavonoid,피망(적색),13
rda_flavonoid,파프리카(녹색),18
rda_flavonoid,파프리카(적색),16
rda_flavonoid,파프리카(황색),17
rda_flavonoid,오이고추,16
rda_flavonoid,가지고추,15
rda_flavonoid,냉이,25
rda_flavonoid,오이,4
rda_flavonoid,고춧잎,11
rda_flavonoid,셀러리,18
rda_flavonoid,가을배추,18
rda_flavonoid,갓,57
rda_flavonoid,양파(껍질제거),10
rda_flavonoid,양파(데친것),10
rda_flavonoid,자색양파(껍질제거),10
rda_flavonoid,양파(껍질),14
rda_flavonoid,자색양파(껍질),14
rda_flavonoid,청경채,10
rda_flavonoid,쌈배추,18
rda_flavonoid,봄동,21
rda_flavonoid,적갓,31
rda_flavonoid,아스파라거스,5
rda_flavonoid,늙은호박(전체),12
rda_flavonoid,늙은호박(과육),11
rda_flavonoid,애호박,6
rda_flavonoid,케일(노지),28
rda_flavonoid,케일(하우스),24
rda_flavonoid,브로콜리(꽃송이),18
rda_flavonoid,열무,18
rda_flavonoid,가을무,19
rda_flavonoid,브로콜리(줄기),19
rda_flavonoid,머위(잎),13
rda_flavonoid,머위(줄기),6
rda_flavonoid,고사리(생것),9
rda_flavonoid,고사리(데친것),9
rda_flavonoid,고사리(데친 후 침지),9
rda_flavonoid,개두릅(엄나무순),5
rda_flavonoid,단호박,1
rda_flavonoid,양배추,3
rda_flavonoid,방울양배추,3
rda_flavonoid,참두릅(두릅나무순),3
rda_flavonoid,토마토(일반),8
rda_flavonoid,흑토마토,8
rda_flavonoid,방울토마토,8
rda_flavonoid,대추방울토마토,8
rda_flavonoid,적상추,10
rda_flavonoid,적꽃상추,9
rda_flavonoid,적포기상추,9
rda_flavonoid,적양배추,1
rda_flavonoid,배(과피),8
rda_flavonoid,살구,6
rda_flavonoid,매실(임주)June 3,11
rda_flavonoid,매실(임주)June 15,11
rda_flavonoid,매실(임주)June 22,11
rda_flavonoid,매실(남고)June 3,11
rda_flavonoid,매실(남고)June 15,10
rda_flavonoid,매실(남고)June 22,10
rda_flavonoid,매실(수양매)June 3,11
rda_flavonoid,매실(수양매)June 15,11
rda_flavonoid,매실(수양매)June 22,11
rda_flavonoid,피자두,8
rda_flavonoid,블랙초크베리,20
rda_flavonoid,부사(과육),3
rda_flavonoid,부사(과피),10
rda_flavonoid,부사(전체),10
rda_flavonoid,아오리(과육),6
rda_flavonoid,아오리(과피),9
rda_flavonoid,아오리(전체),9
rda_flavonoid,거봉(과피),10
rda_flavonoid,거봉(과육 및 과피),10
rda_flavonoid,거봉(송이가지),14
rda_flavonoid,켐벨(과피),6
rda_flavonoid,켐벨(과육 및 과피),6
rda_flavonoid,켐벨(열매전체),7
rda_flavonoid,켐벨(씨),3
rda_flavonoid,켐벨(송이가지),7
rda_flavonoid,청포도(과피),13
rda_flavonoid,청포도(씨),3
rda_flavonoid,청포도(송이가지),13
rda_flavonoid,오렌지(과피),18
rda_flavonoid,오렌지(전체),18
rda_flavonoid,한라봉(과피),25
rda_flavonoid,한라봉(전체),25
rda_flavonoid,자몽(과피),17
rda_flavonoid,자몽(전체),17
rda_flavonoid,감귤(과피),23
rda_flavonoid,감귤(전체),30
rda_flavonoid,유자(전체),18
rda_flavonoid,오렌지(과육),9
rda_flavonoid,자몽(과육),13
rda_flavonoid,한라봉(과육),12
rda_flavonoid,레몬(과육),14
rda_flavonoid,레몬(과피),14
rda_flavonoid,레몬(전체),14
rda_flavonoid,감귤(과육),13
rda_flavonoid,라임(과육),19
rda_flavonoid,라임(과피),19
rda_flavonoid,라임(전체),20
rda_flavonoid,단감나무(잎),18
rda_flavonoid,대봉감나무(잎),18
rda_flavonoid,블루베리(Darrow),12
rda_flavonoid,블루베리(Bluegold),22
rda_flavonoid,블루베리(Legacy),22
rda_flavonoid,블루베리(Chandler),27
rda_flavonoid,딸기,8
rda_flavonoid,블루베리(Nelson),20
rda_flavonoid,블루베리(Bluecrop),21
rda_flavonoid,블루베리(Elizabeth),17
rda_flavonoid,앵두,11
rda_flavonoid,뽕잎(청일),17
rda_flavonoid,뽕잎(환십조생),17
rda_flavonoid,뽕잎(수향),16
rda_flavonoid,뽕잎(대심),17
rda_flavonoid,뽕잎(청일4X),17
rda_flavonoid,뽕잎(캐나다뽕),17
rda_flavonoid,뽕잎(심흥),17
rda_flavonoid,뽕잎(청수),13
rda_flavonoid,뽕잎(터키D),17
rda_flavonoid,뽕잎(대당상),12
rda_flavonoid,뽕잎(181-18),17
rda_flavonoid,오디(터키 D),10
rda_flavonoid,오디(대당상),7
rda_flavonoid,뽕잎(백옥왕),15
rda_flavonoid,오디(청일),9
rda_flavonoid,오디(환십조생),9
rda_flavonoid,오디(수향),9
rda_flavonoid,오디(대심),9
rda_flavonoid,오디(청일4X),9
rda_flavonoid,오디(캐나다뽕),9
rda_flavonoid,오디(청수),9
rda_flavonoid,오디(백옥왕),9
rda_flavonoid,오디(181-18),9
rda_flavonoid,망고(과피),15
rda_flavonoid,애플망고(과피),16
rda_flavonoid,망고(전체),12
rda_flavonoid,애플망고(전체),11
rda_flavonoid,복숭아(백도),6
rda_flavonoid,복숭아(천도),6
rda_flavonoid,복숭아(황도),6
rda_flavonoid,체리,4
rda_flavonoid,청포도(열매전체),10
rda_flavonoid,"대추나무(열매,생것)",5
rda_flavonoid,"대추나무(열매,건조)",5
rda_flavonoid,대추나무(잎),6
rda_flavonoid,양앵두,3
rda_flavonoid,오디(심흥),5
rda_flavonoid,복분자(A지역),5
rda_flavonoid,복분자(B지역),5
rda_flavonoid,복분자(C지역),5
rda_flavonoid,복분자(D지역),5
rda_flavonoid,녹차(생엽),23
rda_flavonoid,녹차(첫덖음),20
rda_flavonoid,녹차(비비기),19
rda_flavonoid,녹차(1차건조),19
rda_flavonoid,녹차(2차건조),20
rda_flavonoid,녹차(마무리건조),20
rda_flavonoid,녹차(제품),19
rda_flavonoid,홍차(생엽),24
rda_flavonoid,홍차(시들리기),24
rda_flavonoid,홍차(비비기),24
rda_flavonoid,홍차(상온발효),22
rda_flavonoid,홍차(1차건조),22
rda_flavonoid,홍차(마무리건조),22
rda_flavonoid,홍차(제품),22
rda_flavonoid,홍차(봄),22
rda_flavonoid,홍차(여름),22
rda_flavonoid,홍차(가을),22
rda_flavonoid,프랑스산 와인(라 크라사드 까베르네 시라),10
rda_flavonoid,프랑스산 와인(끌로세리드 까망삭),19
rda_flavonoid,프랑스산 와인(르 그랑누아 까베르네 쇼비뇽),15
rda_flavonoid,한국산 와인(샤토마니 드라이 레드),14
rda_flavonoid,한국산 와인(샤토마니 드라이 레드 마스터즈 콜렉션),14
rda_flavonoid,한국산 와인(샤토마니 누보),11
rda_flavonoid,프랑스산 와인(바롱 레스탁 블랑),1
rda_flavonoid,한국산 와인(샤토마니 드라이 화이트),1
rda_flavonoid,메주콩(대원),11
rda_flavonoid,메주,8
rda_flavonoid,된장,3
rda_flavonoid,고추장,3
rda_flavonoid,와송,13
rda_flavonoid,황기,15
rda_flavonoid,"보검선인장(백년초,열매)",22
rda_flavonoid,"보검선인장(백년초,엽상경,과육)",21
rda_flavonoid,"저단선(천년초,엽상경,과육)",18
rda_flavonoid,배암차즈기(곰보배추),16
rda_flavonoid,참당귀(잎),21
rda_flavonoid,초피나무(잎),16
rda_flavonoid,초피나무(줄기),15
rda_flavonoid,초피나무(미숙과),15
rda_flavonoid,용과(과육),13
rda_flavonoid,"보검선인장(백년초,엽상경)",7
rda_flavonoid,"저단선(천년초,엽상경)",6
rda_flavonoid,참죽나무(잎),8
rda_flavonoid,용과(과피),3
rda_phenolic_acid,보리순,3
rda_phenolic_acid,옥수수(수염),3
rda_phenolic_acid,검은보리,1
rda_phenolic_acid,겉보리,1
rda_phenolic_acid,새쌀보리,1
rda_phenolic_acid,서둔찰보리,1
rda_phenolic_acid,찰보리,1
rda_phenolic_acid,쌀(백미),2
rda_phenolic_acid,쌀(현미),2
rda_phenolic_acid,찹쌀현미(화선),2
rda_phenolic_acid,밀(알곡),1
rda_phenolic_acid,흑미(무처리),1
rda_phenolic_acid,흑미(무수),1
rda_phenolic_acid,흑미(가수),1
rda_phenolic_acid,흑미(볶음 170℃),1
rda_phenolic_acid,흑미(볶음 190℃),1
rda_phenolic_acid,옥수수(알곡),1
rda_phenolic_acid,찰옥수수(알곡),1
rda_phenolic_acid,자색고구마(알맹이),34
rda_phenolic_acid,자색고구마(껍질),34
rda_phenolic_acid,자색고구마(전체),34
rda_phenolic_acid,밤고구마(알맹이),17
rda_phenolic_acid,밤고구마(껍질),29
rda_phenolic_acid,밤고구마(전체),26
rda_phenolic_acid,호박고구마(알맹이),22
rda_phenolic_acid,호박고구마(껍질),29
rda_phenolic_acid,호박고구마(전체),29
rda_phenolic_acid,야콘,15
rda_phenolic_acid,남서(알맹이),2
rda_phenolic_acid,남서(전체),4
rda_phenolic_acid,조원(알맹이),4
rda_phenolic_acid,조원(껍질),5
rda_phenolic_acid,조원(전체),5
rda_phenolic_acid,서홍(알맹이),5
rda_phenolic_acid,서홍(껍질),5
rda_phenolic_acid,서홍(전체),5
rda_phenolic_acid,홍영(알맹이),5
rda_phenolic_acid,홍영(껍질),5
rda_phenolic_acid,홍영(전체),5
rda_phenolic_acid,자영(알맹이),5
rda_phenolic_acid,자영(껍질),5
rda_phenolic_acid,자영(전체),5
rda_phenolic_acid,새봉(껍질),2
rda_phenolic_acid,수미(껍질),2
rda_phenolic_acid,수미(전체),2
rda_phenolic_acid,대지(껍질),2
rda_phenolic_acid,대지(전체),2
rda_phenolic_acid,조풍(껍질),2
rda_phenolic_acid,조풍(전체),2
rda_phenolic_acid,남서(껍질),2
rda_phenolic_acid,새봉(전체),1
rda_phenolic_acid,대지(알맹이),1
rda_phenolic_acid,조풍(알맹이),1
rda_phenolic_acid,대원(무처리),1
rda_phenolic_acid,대원(침지),1
rda_phenolic_acid,대원(침지후삶음),1
rda_phenolic_acid,흑태,1
rda_phenolic_acid,강황(A국가),10
rda_phenolic_acid,강황(B국가),11
rda_phenolic_acid,강황(C국가),12
rda_phenolic_acid,강황(D국가),12
rda_phenolic_acid,갓(A 지역),7
rda_phenolic_acid,갓(B 지역),6
rda_phenolic_acid,갓(C 지역),10
rda_phenolic_acid,적갓,13
rda_phenolic_acid,케일(노지),14
rda_phenolic_acid,케일(하우스),12
rda_phenolic_acid,양배추,10
rda_phenolic_acid,적양배추,4
rda_phenolic_acid,방울양배추,8
rda_phenolic_acid,브로콜리 (꽃송이),8
rda_phenolic_acid,브로콜리 (줄기),7
rda_phenolic_acid,쌈배추,21
rda_phenolic_acid,가을배추,12
rda_phenolic_acid,봄동,18
rda_phenolic_acid,무순,7
rda_phenolic_acid,인진쑥(데친것),21
rda_phenolic_acid,인진쑥(고온고압),22
rda_phenolic_acid,쑥갓(고온고압),9
rda_phenolic_acid,인진쑥(무처리),20
rda_phenolic_acid,참두릅,16
rda_phenolic_acid,개두릅,15
rda_phenolic_acid,쑥,12
rda_phenolic_acid,쑥갓(무처리),10
rda_phenolic_acid,쑥갓(데친것),11
rda_phenolic_acid,참취,14
rda_phenolic_acid,곰취,14
rda_phenolic_acid,생강(A국가),17
rda_phenolic_acid,생강(B국가),15
rda_phenolic_acid,냉이,3
rda_phenolic_acid,청경채,8
rda_phenolic_acid,"제주월동무 (전체, 무청제외)",5
rda_phenolic_acid,제주월동무 (무청),7
rda_phenolic_acid,"제주월동무 (전체, 무청포함)",5
rda_phenolic_acid,제주월동무 (초록뿌리),5
rda_phenolic_acid,가을무,5
rda_phenolic_acid,열무,8
rda_phenolic_acid,제주월동무 (흰뿌리),2
rda_phenolic_acid,토마토,10
rda_phenolic_acid,방울토마토,10
rda_phenolic_acid,대추방울토마토,10
rda_phenolic_acid,흑토마토,7
rda_phenolic_acid,가지(껍질),9
rda_phenolic_acid,가지(전체),9
rda_phenolic_acid,미나리,12
rda_phenolic_acid,돌미나리,12
rda_phenolic_acid,적로메인상추 (A 지역),10
rda_phenolic_acid,적로메인상추 (B 지역),10
rda_phenolic_acid,적상추,10
rda_phenolic_acid,적꽃상추,10
rda_phenolic_acid,적포기상추,10
rda_phenolic_acid,청상추,10
rda_phenolic_acid,양상추,9
rda_phenolic_acid,아스파라거스,7
rda_phenolic_acid,가지(알맹이),3
rda_phenolic_acid,"양파 (노랑,썬파워)",1
rda_phenolic_acid,"양파 (적색,레드프라임)",1
rda_phenolic_acid,양파(껍질),1
rda_phenolic_acid,자색양파(껍질),1
rda_phenolic_acid,레드향(과피),8
rda_phenolic_acid,레드향(전체),8
rda_phenolic_acid,한라봉(과육),8
rda_phenolic_acid,한라봉(과피),8
rda_phenolic_acid,한라봉(전체),8
rda_phenolic_acid,"신고배(A지역, 과육)",2
rda_phenolic_acid,"신고배(A지역, 과피)",2
rda_phenolic_acid,"신고배(A지역, 전체)",2
rda_phenolic_acid,"신고배(B지역, 과피)",2
rda_phenolic_acid,"신고배(B지역, 전체)",2
rda_phenolic_acid,"신고배(C지역, 과피)",2
rda_phenolic_acid,"신고배(C지역, 전체)",2
rda_phenolic_acid,양앵두,11
rda_phenolic_acid,체리,11
rda_phenolic_acid,라임(과피),1
rda_phenolic_acid,레드향(과육),2
rda_phenolic_acid,살구,7
rda_phenolic_acid,"매실(임주, 6/3수확)",7
rda_phenolic_acid,"매실(임주, 6/15수확)",7
rda_phenolic_acid,"매실(임주, 6/22수확)",7
rda_phenolic_acid,"매실(남고, 6/3수확)",10
rda_phenolic_acid,"매실(남고, 6/15수확)",10
rda_phenolic_acid,"매실(남고, 6/22수확)",10
rda_phenolic_acid,"매실(수양매, 6/3수확)",7
rda_phenolic_acid,"매실(수양매, 6/15수확)",7
rda_phenolic_acid,"매실(수양매, 6/22수확)",7
rda_phenolic_acid,"복숭아(백도, 과육)",6
rda_phenolic_acid,"복숭아(백도, 과피)",7
rda_phenolic_acid,"복숭아(천도, 과육)",5
rda_phenolic_acid,"복숭아(천도, 과피)",6
rda_phenolic_acid,"복숭아(황도, 과육)",5
rda_phenolic_acid,"복숭아(황도, 과피)",6
rda_phenolic_acid,자두,8
rda_phenolic_acid,피자두,3
rda_phenolic_acid,앵두,5
rda_phenolic_acid,유자(전체),4
rda_phenolic_acid,감귤(과육),1
rda_phenolic_acid,감귤(과피),4
rda_phenolic_acid,감귤(전체),2
rda_phenolic_acid,"사과(아오리, 과육)",4
rda_phenolic_acid,"사과(아오리, 과피)",3
rda_phenolic_acid,"사과(아오리, 전체)",4
rda_phenolic_acid,"사과(부사, 과육)",4
rda_phenolic_acid,"사과(부사, 과피)",4
rda_phenolic_acid,"사과(부사, 전체)",4
rda_phenolic_acid,"사과(홍옥, 과육)",4
rda_phenolic_acid,"사과(홍옥, 과피)",3
rda_phenolic_acid,"사과(홍옥, 전체)",4
rda_phenolic_acid,대추나무잎,4
rda_phenolic_acid,"신고배(B지역, 과육)",1
rda_phenolic_acid,"신고배(C지역, 과육)",1
rda_phenolic_acid,"사과(부사, 씨앗)",1
rda_phenolic_acid,설향(A지역),1
rda_phenolic_acid,설향(B지역),1
rda_phenolic_acid,설향(C지역),1
rda_phenolic_acid,설향(D지역),1
rda_phenolic_acid,"브라질 (내추럴세라도, 원두)",30
rda_phenolic_acid,"브라질 (레드버번, 원두)",30
rda_phenolic_acid,"브라질 (시티오 망게이라, 원두)",31
rda_phenolic_acid,"콜롬비아 (메델린, 원두)",29
rda_phenolic_acid,"콜롬비아 (톨리마, 원두)",27
rda_phenolic_acid,"에티오피아 (시다모 구지 이과바예 워시드, 원두)",30
rda_phenolic_acid,"에티오피아 (예가체프 워시드, 원두)",32
rda_phenolic_acid,"과테말라 (레드파체 K-72, 원두)",31
rda_phenolic_acid,"과테말라 (레드티피카 K-72, 원두)",32
rda_phenolic_acid,"과테말라 (마타퀘스틴틀라 리저브, 원두)",31
rda_phenolic_acid,"하와이 (코나, 원두)",30
rda_phenolic_acid,"온두라스 (EP코판, 원두)",33
rda_phenolic_acid,"온두라스 (페르민에르난데스 코판, 원두)",34
rda_phenolic_acid,"인도 (로부스타 카피로얄, 원두)",40
rda_phenolic_acid,"인도 (몬순말라바, 원두)",34
rda_phenolic_acid,"케냐 (은가라마 카이나무이, 원두)",31
rda_phenolic_acid,"케냐 (룽게토 카리미쿠이, 원두)",31
rda_phenolic_acid,"베트남 (로부스타 폴리쉬, 원두)",37
rda_phenolic_acid,"베트남 (로부스타 사이공 하마 웻 폴리쉬, 원두)",36
rda_phenolic_acid,"브라질 (내추럴세라도, 생두)",31
rda_phenolic_acid,"브라질 (레드버번, 생두)",31
rda_phenolic_acid,"브라질 (시티오 망게이라, 생두)",33
rda_phenolic_acid,"콜롬비아 (톨리마, 생두)",31
rda_phenolic_acid,"에티오피아 (시다모 구지 이과바예 워시드, 생두)",32
rda_phenolic_acid,"과테말라 (레드파체 K-72, 생두)",31
rda_phenolic_acid,"과테말라 (마타퀘스틴틀라 리저브, 생두)",31
rda_phenolic_acid,"하와이 (코나, 생두)",31
rda_phenolic_acid,"온두라스 (EP코판, 생두)",32
rda_phenolic_acid,"온두라스 (페르민에르난데스 코판, 생두)",32
rda_phenolic_acid,"인도 (로부스타 카피로얄, 생두)",36
rda_phenolic_acid,"인도 (몬순말라바, 생두)",34
rda_phenolic_acid,"케냐 (은가라마 카이나무이, 생두)",32
rda_phenolic_acid,"케냐 (룽게토 카리미쿠이, 생두)",32
rda_phenolic_acid,"베트남 (로부스타 폴리쉬, 생두)",37
rda_phenolic_acid,"베트남 (로부스타 사이공 하마 웻 폴리쉬, 생두)",37
rda_phenolic_acid,"에티오피아 (예가체프 워시드, 생두)",30
rda_phenolic_acid,"콜롬비아 (메델린, 생두)",31
rda_phenolic_acid,"과테말라 (레드티피카 K-72, 생두)",32
rda_phenolic_acid,녹차 (생엽),10
rda_phenolic_acid,녹차 (첫덖음),10
rda_phenolic_acid,녹차 (비비기),10
rda_phenolic_acid,녹차 (1차건조),10
rda_phenolic_acid,녹차 (2차건조),10
rda_phenolic_acid,녹차 (마무리건조),10
rda_phenolic_acid,녹차 (제품),10
rda_phenolic_acid,홍차 (시들리기),10
rda_phenolic_acid,홍차 (비비기),10
rda_phenolic_acid,홍차 (상온발효),8
rda_phenolic_acid,홍차 (1차건조),8
rda_phenolic_acid,홍차 (마무리건조),8
rda_phenolic_acid,홍차 (제품),9
rda_phenolic_acid,홍차 (봄),7
rda_phenolic_acid,홍차 (여름),7
rda_phenolic_acid,홍차 (가을),7
rda_phenolic_acid,바질,3
rda_phenolic_acid,오레가노,8
rda_phenolic_acid,마테,29
rda_phenolic_acid,스테비아,10
rda_phenolic_acid,광대나물,6
rda_phenolic_acid,박하(지상부),6
rda_phenolic_acid,핫립세이지,9
rda_phenolic_acid,체리세이지,5
rda_phenolic_acid,히솝,5
rda_phenolic_acid,페퍼민트,8
rda_phenolic_acid,익모초,3
rda_phenolic_acid,방아풀,5
rda_phenolic_acid,배암차즈기(지상부),1
rda_phenolic_acid,로즈마리,3
rda_phenolic_acid,들깨(생것),4
rda_phenolic_acid,들깨(볶은것),4
rda_phenolic_acid,들깻묵,4
rda_phenolic_acid,들깻잎,3
rda_phenolic_acid,자소엽,3
rda_phenolic_acid,타임,2
rda_phenolic_acid,레몬밤,4
rda_phenolic_acid,마조람,3
rda_saponin,"귀리, 쌀귀리, 조양, 도정, 생것",16
rda_saponin,"귀리, 쌀귀리, 대양, 도정, 생것",16
rda_saponin,"귀리, 쌀귀리, 수양, 도정, 생것",16
rda_saponin,"귀리, 겉귀리, 다한, 도정, 생것",16
rda_saponin,"귀리, 겉귀리, 다한, 전곡, 생것",16
rda_saponin,"귀리, 겉귀리, 삼한, 도정, 생것",16
rda_saponin,"귀리, 겉귀리, 삼한, 전곡, 생것",16
rda_saponin,"귀리, 겉귀리, 조풍, 도정, 생것",16
rda_saponin,"귀리, 겉귀리, 조풍, 전곡, 생것",16
rda_saponin,"귀리, 겉귀리, 하이스피드, 도정, 생것",16
rda_saponin,"귀리, 겉귀리, 하이스피드, 전곡, 생것",16
rda_saponin,"강낭콩, 꼬투리, 생것",7
rda_saponin,"강낭콩, 흰색, 생것",11
rda_saponin,"강낭콩, 붉은색, 생것",11
rda_saponin,"녹두, 다현, 말린것",9
rda_saponin,"녹두, 다현, 숙주나물, 생것",9
rda_saponin,"녹두, 삼황, 말린것",9
rda_saponin,"녹두, 삼황, 숙주나물, 생것",9
rda_saponin,"녹두, 산포, 말린것",9
rda_saponin,"녹두, 산포, 숙주나물, 생것",9
rda_saponin,"동부, 옥당, 생것",9
rda_saponin,"완두, 생것",4
rda_saponin,"완두, 꼬투리, 생것",5
rda_saponin,"완두, 전체, 생것",4
rda_saponin,"작두(도두), 흰색, 생것",1
rda_saponin,"작두(도두), 붉은색, 생것",1
rda_saponin,"작두(도두), 꼬투리, 생것",1
rda_saponin,"팥, 검은색, 검구슬, 말린것",22
rda_saponin,"팥, 적색, 서나, 말린것",22
rda_saponin,"팥, 적색, 아라리, 말린것",22
rda_saponin,"팥, 녹색, 연두채, 말린것",22
rda_saponin,"팥, 황색, 흰나래, 말린것",22
rda_saponin,"팥, 황색, 흰구슬, 말린것",22
rda_saponin,"콩, 노란콩, 말린것",25
rda_saponin,"콩, 노란콩, 불린것",25
rda_saponin,"콩, 노란콩, 삶은것",25
rda_saponin,"콩, 노란콩, 볶은것",25
rda_saponin,"콩, 서리태, 말린것",24
rda_saponin,"콩, 서리태, 불린것",25
rda_saponin,"콩, 서리태, 삶은것",25
rda_saponin,"콩, 서리태, 볶은것",25
rda_saponin,"콩, 대원, 말린것",25
rda_saponin,"콩, 대원, 잎, 생것",12
rda_saponin,"콩, 대원, 꼬투리, 말린것",15
rda_saponin,"콩, 풍산, 말린것",24
rda_saponin,"콩, 풍산, 잎, 생것",11
rda_saponin,"콩, 풍산, 꼬투리, 말린것",18
rda_saponin,"콩, 풍산, 나물, 1일 발아, 생것",25
rda_saponin,"콩, 풍산, 나물, 3일 발아, 생것",25
rda_saponin,"콩, 풍산, 나물, 5일 발아, 생것",25
rda_saponin,"콩, 청자2호, 말린것",25
rda_saponin,"콩, 청자2호, 잎, 생것",16
rda_saponin,"콩, 청자2호, 꼬투리, 말린것",18
rda_saponin,낫또,24
rda_saponin,청국장,23
rda_saponin,"청국장, 가루",19
rda_saponin,"가지, 껍질제거, 생것",3
rda_saponin,"가지, 껍질, 생것",6
rda_saponin,"가지, 껍질포함, 생것",6
rda_saponin,"고추, 빨간색, 생것",17
rda_saponin,"고추, 빨간색, 씨포함, 말린것",17
rda_saponin,"고추, 빨간색, 씨, 말린것",17
rda_saponin,"고추, 청양, 초록색, 생것",14
rda_saponin,"고추, 롱그린, 초록색, 생것",14
rda_saponin,"고추, 길상, 초록색, 생것",14
rda_saponin,"고추, 미인, 초록색, 생것",14
rda_saponin,"고추, 꽈리고추, 생것",14
rda_saponin,"고추, 청양, 초록색, 잎, 생것",1
rda_saponin,"고추, 롱그린, 초록색, 잎, 생것",1
rda_saponin,"고추, 길상, 초록색, 잎, 생것",1
rda_saponin,"고추, 미인, 잎, 초록색, 생것",1
rda_saponin,"고추, 꽈리고추, 잎, 생것",1
rda_saponin,"더덕, 뿌리, 껍질포함, 생것",8
rda_saponin,"더덕, 뿌리, 껍질, 생것",8
rda_saponin,"더덕, 지상부, 생것",6
rda_saponin,"더덕, 뿌리, 껍질제거, 생것",8
rda_saponin,"더덕, 뿌리, 껍질제거, 데친것",8
rda_saponin,"더덕, 뿌리, 껍질제거, 구운것",8
rda_saponin,"더덕, 조청",8
rda_saponin,"더덕, 장아찌",7
rda_saponin,"도라지, 뿌리상부, 생것",36
rda_saponin,"도라지, 뿌리, 껍질포함, 생것",37
rda_saponin,"도라지, 뿌리, 껍질제거, 생것",37
rda_saponin,"도라지, 뿌리, 껍질제거, 데친것",36
rda_saponin,"도라지, 잎, 생것",22
rda_saponin,"도라지, 줄기, 생것",25
rda_saponin,"도라지, 꽃봉오리, 생것",24
rda_saponin,"두릅, 참두릅, 순, 생것",58
rda_saponin,"두릅, 참두릅, 순, 데친것",56
rda_saponin,"두릅, 참두릅, 순, 장아찌, 고추장",50
rda_saponin,"두릅, 참두릅, 순, 장아찌, 간장",45
rda_saponin,"두릅, 땅두릅, 순, 생것",24
rda_saponin,"두릅, 땅두릅, 순, 데친것",24
rda_saponin,"두릅, 개두릅(음나무, 엄나무), 순, 생것",45
rda_saponin,"두릅, 개두릅(음나무, 엄나무), 순, 데친것",45
rda_saponin,"가시오갈피, 순, 생것",62
rda_saponin,"가시오갈피, 잎, 생것",62
rda_saponin,"가시오갈피, 열매, 생것",62
rda_saponin,"가시오갈피, 줄기, 생것",23
rda_saponin,"토종오갈피, 순, 생것",44
rda_saponin,"토종오갈피, 줄기, 생것",10
rda_saponin,"토종오갈피, 열매, 생것",37
rda_saponin,"토종오갈피, 잎, 생것",40
rda_saponin,"토종오갈피, 잎, 장아찌",7
rda_saponin,"섬오갈피, 순, 생것",40
rda_saponin,"섬오갈피, 잎, 생것",40
rda_saponin,"섬오갈피, 열매, 생것",18
rda_saponin,"섬오갈피, 줄기, 생것",1
rda_saponin,"대추, 잎, 생것",30
rda_saponin,"대추, 열매, 씨제거, 생것",5
rda_saponin,"대추, 씨, 생것",1
rda_saponin,"녹차, 잎, 제조공정(생것)",8
rda_saponin,"녹차, 잎, 제조공정(첫덖음)",8
rda_saponin,"녹차, 잎, 제조공정(비비기, 유념)",8
rda_saponin,"녹차, 잎, 제조공정(1차건조)",8
rda_saponin,"녹차, 잎, 제조공정(2차건조)",8
rda_saponin,"녹차, 잎, 제조공정(마무리건조)",8
rda_saponin,"녹차, 잎, 제조공정(말린것)",8
rda_saponin,"녹차, 잎, 채집시기(우전, 4월 하순), A사, 말린것",8
rda_saponin,"녹차, 잎, 채집시기(우전, 4월 하순), B사, 말린것",8
rda_saponin,"녹차, 잎, 채집시기(우전, 4월 하순), C사, 말린것",8
rda_saponin,"녹차, 잎, 채집시기(세작, 5월 초순), A사, 말린것",8
rda_saponin,"녹차, 잎, 채집시기(세작, 5월 초순), B사, 말린것",8
rda_saponin,"녹차, 잎, 채집시기(세작, 5월 초순), C사, 말린것",8
rda_saponin,"녹차, 잎, 채집시기(중작, 5월 중순), C사, 말린것",8
rda_saponin,"녹차, 잎, 채집시기(대작, 5월 하순), C사, 말린것",8
rda_saponin,"홍차, 잎, 제조공정(생것)",8
rda_saponin,"홍차, 잎, 제조공정(시들리기)",8
rda_saponin,"홍차, 잎, 제조공정(비비기, 유념)",8
rda_saponin,"홍차, 잎, 제조공정(상온발효)",8
rda_saponin,"홍차, 잎, 제조공정(1차건조)",8
rda_saponin,"홍차, 잎, 제조공정(마무리건조)",8
rda_saponin,"홍차, 잎, 제조공정(말린것)",8
rda_saponin,"홍차, 잎, 티백, A사",8
rda_saponin,"홍차, 잎, 티백, B사",8
rda_saponin,"병풀, 잎줄기, A지역",5
rda_saponin,"병풀, 잎줄기, B지역",5
rda_saponin,"시호, 뿌리, 국내산, 말린것",20
rda_saponin,"시호, 뿌리, 중국산, 말린것",20
rda_saponin,"인삼, 수삼, 뿌리, 생것",23
rda_saponin,"인삼, 수삼, 열매, 씨제거, 생것",29
rda_saponin,"인삼, 수삼, 잎, 생것",28
rda_saponin,"인삼, 수삼, 줄기, 생것",28
rda_saponin,"인삼, 수삼, 씨, 생것",21
rda_saponin,"인삼, 홍삼, 진액, A사",21
rda_saponin,"인삼, 홍삼, 진액, B사",21
rda_saponin,"인삼, 홍삼, 농축액, A사",21
rda_saponin,"인삼, 홍삼, 농축액, B사",21
rda_saponin,"인삼, 홍삼, 환, A사",21
rda_saponin,"인삼, 홍삼, 환, B사",21
rda_saponin,"인삼, 홍삼, 추출액",18
rda_saponin,"인삼, 홍삼, 분말",21
rda_saponin,"황기, 뿌리, 생것",24
rda_saponin,"황기, 뿌리, 말린것",24
rda_saponin,"황기, 뿌리, 환",24
rda_saponin,"황기, 뿌리, 진액",24
rda_saponin,"황기, 씨앗, 생것",5
