db,food_id,name_en,sci_name,group
phenol_explorer,531,Beer [Alcohol free],,Alcoholic beverages
phenol_explorer,492,Beer [Ale],,Alcoholic beverages
phenol_explorer,494,Beer [Dark],,Alcoholic beverages
phenol_explorer,539,Beer [Regular],,Alcoholic beverages
phenol_explorer,28,Cider,,Alcoholic beverages
phenol_explorer,720,"Walnut, liquor",Juglans regia L.,Alcoholic beverages
phenol_explorer,193,Cognac,,Alcoholic beverages
phenol_explorer,194,Rum,,Alcoholic beverages
phenol_explorer,192,Scotch whisky,,Alcoholic beverages
phenol_explorer,150,"Black crowberry, wine",Empetrum nigrum L.,Alcoholic beverages
phenol_explorer,148,"Blackcurrant, wine",Ribes nigrum L.,Alcoholic beverages
phenol_explorer,233,"Fox grape, red wine",Vitis labrusca L.,Alcoholic beverages
phenol_explorer,234,"Fox grape, white wine",Vitis labrusca L.,Alcoholic beverages
phenol_explorer,145,"Muscadine grape, red wine",Vitis rotundifolia,Alcoholic beverages
phenol_explorer,147,Sherry,,Alcoholic beverages
phenol_explorer,135,Wine [Red],Vitis vinifera L.,Alcoholic beverages
phenol_explorer,137,Wine [Rosé],Vitis vinifera L.,Alcoholic beverages
phenol_explorer,136,Wine [White],Vitis vinifera L.,Alcoholic beverages
phenol_explorer,139,Champagne,,Alcoholic beverages
phenol_explorer,229,"Bread, common wheat, whole grain flour",,Cereals and cereal products
phenol_explorer,226,"Bread, refined flour",,Cereals and cereal products
phenol_explorer,293,"Bread, rye, whole grain flour",,Cereals and cereal products
phenol_explorer,219,"Breakfast cereals, bran",,Cereals and cereal products
phenol_explorer,976,"Breakfast cereals, corn",,Cereals and cereal products
phenol_explorer,301,"Breakfast cereals, muesli",,Cereals and cereal products
phenol_explorer,975,"Breakfast cereals, oat, whole-meal",,Cereals and cereal products
phenol_explorer,227,Pasta,,Cereals and cereal products
phenol_explorer,299,"Pasta, whole grain",,Cereals and cereal products
phenol_explorer,300,"Barley, whole grain flour",Hordeum vulgare L.,Cereals and cereal products
phenol_explorer,529,"Buckwheat, groats, thermally treated",Fagopyrum esculentum,Cereals and cereal products
phenol_explorer,317,"Buckwheat, refined flour",Fagopyrum esculentum,Cereals and cereal products
phenol_explorer,321,"Buckwheat, whole grain flour",Fagopyrum esculentum,Cereals and cereal products
phenol_explorer,315,"Common wheat, germ",Triticum aestivum L.,Cereals and cereal products
phenol_explorer,225,"Common wheat, refined flour",Triticum aestivum L.,Cereals and cereal products
phenol_explorer,224,"Common wheat, whole grain flour",Triticum aestivum L.,Cereals and cereal products
phenol_explorer,218,"Hard wheat, refined flour",Triticum durum L.,Cereals and cereal products
phenol_explorer,216,"Hard wheat, semolina",Triticum durum L.,Cereals and cereal products
phenol_explorer,210,"Hard wheat, whole grain flour",Triticum durum L.,Cereals and cereal products
phenol_explorer,326,"Maize, refined flour",Zea mays L.,Cereals and cereal products
phenol_explorer,304,"Maize, whole grain",Zea mays L.,Cereals and cereal products
phenol_explorer,325,"Oat, refined flour",Avena sativa L.,Cereals and cereal products
phenol_explorer,338,"Oat, rolled",Avena sativa L.,Cereals and cereal products
phenol_explorer,305,"Oat, whole grain flour",Avena sativa L.,Cereals and cereal products
phenol_explorer,522,"Rice, parboiled",Oryza sativa L.,Cereals and cereal products
phenol_explorer,324,"Rice, refined",Oryza sativa L.,Cereals and cereal products
phenol_explorer,354,"Rice, whole grain",Oryza sativa L.,Cereals and cereal products
phenol_explorer,316,"Rye, refined flour",Secale cereale L.,Cereals and cereal products
phenol_explorer,292,"Rye, whole grain flour",Secale cereale L.,Cereals and cereal products
phenol_explorer,308,"Sorghum, whole grain",Sorghum bicolor L.,Cereals and cereal products
phenol_explorer,439,"Chocolate, dark",,Coffee and cocoa
phenol_explorer,440,"Chocolate, milk",,Coffee and cocoa
phenol_explorer,536,"Cocoa, powder",Theobroma cacao,Coffee and cocoa
phenol_explorer,146,"Grape, raisin",Vitis vinifera L.,Fruits and fruit products
phenol_explorer,558,"Apricot, dried",Prunus armeniaca L.,Fruits and fruit products
phenol_explorer,51,"Plum, prune",Prunus domestica L.,Fruits and fruit products
phenol_explorer,913,"Date, dried",Phoenix dactylifera L.,Fruits and fruit products
phenol_explorer,920,"Fig, dried",Ficus carica L.,Fruits and fruit products
phenol_explorer,62,Aestivalis grape [Black],Vitis aestivalis L.,Fruits and fruit products
phenol_explorer,74,American cranberry,Vaccinium macrocarpon Aiton,Fruits and fruit products
phenol_explorer,98,Arctic blackberry,Rubus arcticus ssp. Stellatus,Fruits and fruit products
phenol_explorer,94,"Bilberry, raw",Vaccinium myrtillus L.,Fruits and fruit products
phenol_explorer,106,Black chokeberry,Aronia melanocarpa,Fruits and fruit products
phenol_explorer,107,Black crowberry,Empetrum nigrum L.,Fruits and fruit products
phenol_explorer,124,Black elderberry,Sambucus nigra L.,Fruits and fruit products
phenol_explorer,109,Black huckleberry,Gaylussacia baccata,Fruits and fruit products
phenol_explorer,101,"Black raspberry, raw",Rubus occidentalis L.,Fruits and fruit products
phenol_explorer,79,"Blackberry, raw",Rubus L.,Fruits and fruit products
phenol_explorer,77,"Blackcurrant, raw",Ribes nigrum L.,Fruits and fruit products
phenol_explorer,92,"Bog bilberry, raw",Vaccinium uliginosum,Fruits and fruit products
phenol_explorer,126,Buffalo,Ribes odoratum Wendl.,Fruits and fruit products
phenol_explorer,125,Canada blueberry,Vaccinium myrtilloides Michx.,Fruits and fruit products
phenol_explorer,114,Cascade huckleberry,Vaccinium deliciosum Piper,Fruits and fruit products
phenol_explorer,99,Cloudberry,Rubus chamaemorus L.,Fruits and fruit products
phenol_explorer,93,European cranberry,Vaccinium oxycoccus L.,Fruits and fruit products
phenol_explorer,111,Evergreen huckleberry,Vaccinium ovatum Pursh,Fruits and fruit products
phenol_explorer,158,Fox grape [Black],Vitis labrusca L.,Fruits and fruit products
phenol_explorer,91,Gooseberry,Ribes uva-crispa L.,Fruits and fruit products
phenol_explorer,141,Grape [Black],Vitis vinifera L.,Fruits and fruit products
phenol_explorer,143,Grape [Green],Vitis vinifera L.,Fruits and fruit products
phenol_explorer,89,Greencurrant,Ribes nigrum L.,Fruits and fruit products
phenol_explorer,113,Half-highbush blueberry,Vaccinium augustifolium Aiton x Vaccinium corymbosum,Fruits and fruit products
phenol_explorer,95,"Highbush blueberry, raw",Vaccinium corymbosum L. and Vaccinium corymbosum L. hybrids,Fruits and fruit products
phenol_explorer,104,Jostaberry,Ribes × nidigrolaria Rud. Bauer & A. Bauer,Fruits and fruit products
phenol_explorer,83,"Lingonberry, raw",Vaccinium vitis-idaea L.,Fruits and fruit products
phenol_explorer,81,"Lowbush blueberry, raw",Vaccinium augustifolium Aiton,Fruits and fruit products
phenol_explorer,110,Oval-leaf huckleberry,Vaccinium ovalifolium,Fruits and fruit products
phenol_explorer,100,Rabbiteye blueberry,Vaccinium corymbosum L.,Fruits and fruit products
phenol_explorer,112,Red huckleberry,Vaccinium parvifolium Sm.,Fruits and fruit products
phenol_explorer,67,"Red raspberry, raw",Rubus idaeus L.,Fruits and fruit products
phenol_explorer,86,"Redcurrant, raw",Ribes rubrum L.,Fruits and fruit products
phenol_explorer,108,"Rowanberry, raw",Sorbus aucuparia L.,Fruits and fruit products
phenol_explorer,115,Sea-buckthornberry,Hippophae rhamnoides L.,Fruits and fruit products
phenol_explorer,127,Skunk,Ribes valdivianum Phil.,Fruits and fruit products
phenol_explorer,69,"Strawberry, raw",Fragaria L.,Fruits and fruit products
phenol_explorer,116,Sweet rowanberry,Grataegosorbus mitschurinii,Fruits and fruit products
phenol_explorer,90,Whitecurrant,Ribes rubrum L.,Fruits and fruit products
phenol_explorer,11,Grapefruit,Citrus paradisi,Fruits and fruit products
phenol_explorer,16,Lemon,Citrus limon,Fruits and fruit products
phenol_explorer,205,Lime,Citrus aurantifolia,Fruits and fruit products
phenol_explorer,8,Orange [Blond],Citrus sinensis L.,Fruits and fruit products
phenol_explorer,22,Tangerine,Citrus tangerina,Fruits and fruit products
phenol_explorer,54,"Apricot, raw",Prunus armeniaca L.,Fruits and fruit products
phenol_explorer,60,"Nectarine, peeled",Prunus persica var. nucipersica,Fruits and fruit products
phenol_explorer,55,"Nectarine, whole",Prunus persica var. nucipersica,Fruits and fruit products
phenol_explorer,45,"Peach, peeled",Prunus persica L.,Fruits and fruit products
phenol_explorer,44,"Peach, whole",Prunus persica L.,Fruits and fruit products
phenol_explorer,50,"Plum, fresh",Prunus domestica L.,Fruits and fruit products
phenol_explorer,47,Sour cherry,Prunus cerasus L.,Fruits and fruit products
phenol_explorer,46,"Sweet cherry, raw",Prunus avium L.,Fruits and fruit products
phenol_explorer,3,Cantaloupe,Cucumis melo var. dudaim,Fruits and fruit products
phenol_explorer,449,Honeydew melon,Cucumis melo,Fruits and fruit products
phenol_explorer,160,Melon,Cucumis melo,Fruits and fruit products
phenol_explorer,182,Muskmelon,Cucumis melo,Fruits and fruit products
phenol_explorer,181,Watermelon,Citrullus lanatus vulgaris,Fruits and fruit products
phenol_explorer,914,"Date, fresh",Phoenix dactylifera L.,Fruits and fruit products
phenol_explorer,916,"Fig, peeled, fresh",Ficus carica L.,Fruits and fruit products
phenol_explorer,915,"Fig, whole, fresh",Ficus carica L.,Fruits and fruit products
phenol_explorer,34,"Apple [Cider], peeled",Malus domestica,Fruits and fruit products
phenol_explorer,33,"Apple [Cider], whole",Malus domestica,Fruits and fruit products
phenol_explorer,24,"Apple [Dessert], peeled",Malus domestica,Fruits and fruit products
phenol_explorer,23,"Apple [Dessert], whole, raw",Malus domestica,Fruits and fruit products
phenol_explorer,187,Medlar,Mespilus germanica L.,Fruits and fruit products
phenol_explorer,40,"Pear, peeled",Pyrus communis,Fruits and fruit products
phenol_explorer,39,"Pear, whole",Pyrus communis,Fruits and fruit products
phenol_explorer,41,"Quince, peeled, raw",Cydonia Oblonga Mill.,Fruits and fruit products
phenol_explorer,157,"Rhubarb, raw",Rheum  L.,Fruits and fruit products
phenol_explorer,159,"Banana, raw",Musa  L.,Fruits and fruit products
phenol_explorer,185,Custard apple,Annona reticulata L.,Fruits and fruit products
phenol_explorer,168,Guava,Psidium guajava L.,Fruits and fruit products
phenol_explorer,155,Kiwi,Actinidia chinensis Planch,Fruits and fruit products
phenol_explorer,167,Lichee,Litchi chinensis L.,Fruits and fruit products
phenol_explorer,909,Longan,Dymocarpus longan Lour.,Fruits and fruit products
phenol_explorer,912,Loquat,Eriobotrya japonica Lindl.,Fruits and fruit products
phenol_explorer,156,Mango,Mangifera indica L.,Fruits and fruit products
phenol_explorer,201,Papaya,Carica papaya L.,Fruits and fruit products
phenol_explorer,910,Passion fruit,Passiflora edulis L.,Fruits and fruit products
phenol_explorer,918,"Persimmon, fresh",Diospyros kaki L.,Fruits and fruit products
phenol_explorer,161,Pineapple,Ananas comosus L. Merr.,Fruits and fruit products
phenol_explorer,180,Pomegranate,Punica granatum L.,Fruits and fruit products
phenol_explorer,200,Star fruit,Averroha carambola L.,Fruits and fruit products
phenol_explorer,80,"Blackberry, jam",Rubus L.,Fruits and fruit products
phenol_explorer,78,"Blackcurrant, jam",Ribes nigrum L.,Fruits and fruit products
phenol_explorer,82,"Lowbush blueberry, jam",Vaccinium augustifolium Aiton,Fruits and fruit products
phenol_explorer,68,"Red raspberry, jam",Rubus idaeus L.,Fruits and fruit products
phenol_explorer,88,"Strawberry, jam",Fragaria L.,Fruits and fruit products
phenol_explorer,58,"Apricot, jam",Prunus armeniaca L.,Fruits and fruit products
phenol_explorer,123,"Plum, jam",Prunus domestica L.,Fruits and fruit products
phenol_explorer,122,"Sour cherry, jam",Prunus cerasus L.,Fruits and fruit products
phenol_explorer,120,"Sweet cherry, jam",Prunus avium L.,Fruits and fruit products
phenol_explorer,933,"Apple [Dessert], compote",Malus domestica,Fruits and fruit products
phenol_explorer,27,"Apple [Dessert], jam",Malus domestica,Fruits and fruit products
phenol_explorer,932,"Apple [Dessert], jelly",Malus domestica,Fruits and fruit products
phenol_explorer,43,"Quince, jam",Cydonia Oblonga Mill.,Fruits and fruit products
phenol_explorer,42,"Quince, jelly",Cydonia Oblonga Mill.,Fruits and fruit products
phenol_explorer,1465,"Quince, peeled, jam",Cydonia Oblonga Mill.,Fruits and fruit products
phenol_explorer,688,"Chocolate, milk, beverage",,Non-alcoholic beverages
phenol_explorer,662,Arabica coffee beverage [Filter],Coffea arabica L.,Non-alcoholic beverages
phenol_explorer,666,Robusta coffee beverage [Filter],Coffea canephora,Non-alcoholic beverages
phenol_explorer,552,Coffee beverage [Filter],Coffea L.,Non-alcoholic beverages
phenol_explorer,553,"Coffee beverage [Filter], decaffeinated",Coffea L.,Non-alcoholic beverages
phenol_explorer,204,"Fox grape [Green], pure juice",Vitis labrusca L.,Non-alcoholic beverages
phenol_explorer,246,"Grape [Black], pure juice",Vitis vinifera L.,Non-alcoholic beverages
phenol_explorer,243,"Grape [Green], pure juice",Vitis vinifera L.,Non-alcoholic beverages
phenol_explorer,162,"Muscadine grape [Black], pure juice",Vitis rotundifolia Michx.,Non-alcoholic beverages
phenol_explorer,163,"Muscadine grape [Green], pure juice",Vitis rotundifolia Michx.,Non-alcoholic beverages
phenol_explorer,103,"Red raspberry, pure juice",Rubus idaeus L.,Non-alcoholic beverages
phenol_explorer,71,"Rowanberry, pure juice",Sorbus aucuparia L.,Non-alcoholic beverages
phenol_explorer,133,"Sea-buckthornberry, pure juice",Hippophae rhamnoides L.,Non-alcoholic beverages
phenol_explorer,12,"Grapefruit, juice from concentrate",Citrus paradisi,Non-alcoholic beverages
phenol_explorer,15,"Grapefruit, pure juice",Citrus paradisi,Non-alcoholic beverages
phenol_explorer,18,"Grapefruit/Pummelo hybrid, pure juice",Citrus paradisi x Citrus grandis,Non-alcoholic beverages
phenol_explorer,195,"Lemon, juice from concentrate",Citrus limon,Non-alcoholic beverages
phenol_explorer,17,"Lemon, pure juice",Citrus limon,Non-alcoholic beverages
phenol_explorer,206,"Lime, pure juice",Citrus aurantifolia,Non-alcoholic beverages
phenol_explorer,9,"Orange [Blond], juice from concentrate",Citrus sinensis L.,Non-alcoholic beverages
phenol_explorer,6,"Orange [Blond], pure juice",Citrus sinensis L.,Non-alcoholic beverages
phenol_explorer,7,"Orange [Blood], juice from concentrate",Citrus sinensis,Non-alcoholic beverages
phenol_explorer,10,"Orange [Blood], pure juice",Citrus sinensis,Non-alcoholic beverages
phenol_explorer,13,"Pummelo, pure juice",Citrus maxima,Non-alcoholic beverages
phenol_explorer,21,"Tangerine, juice from concentrate",Citrus tangerina,Non-alcoholic beverages
phenol_explorer,20,"Tangerine, pure juice",Citrus tangerina,Non-alcoholic beverages
phenol_explorer,65,"Plum, prune, juice from concentrate",Prunus domestica L.,Non-alcoholic beverages
phenol_explorer,64,"Plum, prune, pure juice",Prunus domestica L.,Non-alcoholic beverages
phenol_explorer,36,"Apple [Cider], juice from concentrate",Malus domestica,Non-alcoholic beverages
phenol_explorer,35,"Apple [Cider], pure juice",Malus domestica,Non-alcoholic beverages
phenol_explorer,26,"Apple [Dessert], juice from concentrate",Malus domestica,Non-alcoholic beverages
phenol_explorer,25,"Apple [Dessert], pure juice",Malus domestica,Non-alcoholic beverages
phenol_explorer,38,"Pear, pure juice",Pyrus communis,Non-alcoholic beverages
phenol_explorer,922,"Kiwi, juice from concentrate",Actinidia chinensis Planch,Non-alcoholic beverages
phenol_explorer,921,"Kiwi, pure juice",Actinidia chinensis Planch,Non-alcoholic beverages
phenol_explorer,164,"Pineapple, pure juice",Ananas comosus L. Merr.,Non-alcoholic beverages
phenol_explorer,917,"Pomegranate, juice from concentrate",Punica granatum L.,Non-alcoholic beverages
phenol_explorer,191,"Pomegranate, pure juice",Punica granatum L.,Non-alcoholic beverages
phenol_explorer,4,"Common sage, tea",Salvia officinalis L.,Non-alcoholic beverages
phenol_explorer,857,"Common thyme, tea",Thymus L.,Non-alcoholic beverages
phenol_explorer,865,"Coriander, tea",Coriandrum sativum L.,Non-alcoholic beverages
phenol_explorer,866,"Fennel, tea",Foeniculum vulgare Mill.,Non-alcoholic beverages
phenol_explorer,863,"German camomile, tea",Matricaria chamomilla L.,Non-alcoholic beverages
phenol_explorer,867,"Hyssop, tea",Hyssopus officinalis L.,Non-alcoholic beverages
phenol_explorer,864,"Lemon grass, tea",Cymbopogon citratus,Non-alcoholic beverages
phenol_explorer,877,"Lemon thyme, tea",Thymus pulegioides L.,Non-alcoholic beverages
phenol_explorer,872,"Lemon verbena, tea",Lippia tryphilla Kuntze,Non-alcoholic beverages
phenol_explorer,870,"Lovage, tea",Levisticum officinale,Non-alcoholic beverages
phenol_explorer,869,"Peppermint, tea",Mentha piperita var piperita L.,Non-alcoholic beverages
phenol_explorer,873,"Roman camomile, tea",Chamaemelum nobile L.,Non-alcoholic beverages
phenol_explorer,862,"Rosemary, tea",Rosmarinus officinalis L.,Non-alcoholic beverages
phenol_explorer,876,"Small-leaf linden, tea",Tilia cordata,Non-alcoholic beverages
phenol_explorer,868,"Spearmint, tea",Mentha spicata L.,Non-alcoholic beverages
phenol_explorer,874,"Sweet basil, tea",Ocimum basilicum L.,Non-alcoholic beverages
phenol_explorer,871,"Sweet bay, tea",Laurus nobilis L.,Non-alcoholic beverages
phenol_explorer,878,"Tarragon, tea",Artemisia dranunculus,Non-alcoholic beverages
phenol_explorer,875,"Winter savory, tea",Satureja montana L.,Non-alcoholic beverages
phenol_explorer,938,"Soy, milk",,Non-alcoholic beverages
phenol_explorer,207,"Tea [Black], bottled",Camellia sinensis L. Kuntze,Non-alcoholic beverages
phenol_explorer,30,"Tea [Black], infusion",Camellia sinensis L. Kuntze,Non-alcoholic beverages
phenol_explorer,208,"Tea [Green], bottled",Camellia sinensis L. Kuntze,Non-alcoholic beverages
phenol_explorer,29,"Tea [Green], infusion",Camellia sinensis L. Kuntze,Non-alcoholic beverages
phenol_explorer,209,"Tea [Oolong], bottled",Camellia sinensis L. Kuntze,Non-alcoholic beverages
phenol_explorer,31,"Tea [Oolong], infusion",Camellia sinensis L. Kuntze,Non-alcoholic beverages
phenol_explorer,903,"Maize, bran oil",Zea mays L.,Oils
phenol_explorer,822,"Olive, oil, extra virgin",Olea europaea L.,Oils
phenol_explorer,823,"Olive, oil, refined",Olea europaea L.,Oils
phenol_explorer,808,"Olive, oil, virgin",Olea europaea L.,Oils
phenol_explorer,714,"Peanut, butter",Arachis hypogaea L.,Oils
phenol_explorer,842,"Rape seed, oil",Brassica napus L.,Oils
phenol_explorer,848,"Sesame seed [Black], oil",Sesamum indicum L.,Oils
phenol_explorer,851,"Sesame seed, oil",Sesamum indicum L.,Oils
phenol_explorer,937,"Soy, oil",Glycine Max L. Merr.,Oils
phenol_explorer,825,"Sunflower seed, oil",Helianthus annuus L.,Oils
phenol_explorer,833,"Angelica, fresh",Angelica L.,Seasonings
phenol_explorer,791,"Anise herb, dried",Pimpinella anisum L.,Seasonings
phenol_explorer,348,"Celery leaves, fresh",Apium graveolens L. var. secalineum,Seasonings
phenol_explorer,476,"Chinese chives, fresh",Allium odurum L.,Seasonings
phenol_explorer,762,"Chives, fresh",Allium schoenoprasum L.,Seasonings
phenol_explorer,743,"Common sage, dried",Salvia officinalis L.,Seasonings
phenol_explorer,735,"Common sage, fresh",Salvia officinalis L.,Seasonings
phenol_explorer,763,"Common thyme, dried",Thymus L.,Seasonings
phenol_explorer,736,"Common thyme, fresh",Thymus L.,Seasonings
phenol_explorer,829,"Common verbena, fresh",Verbena officinalis L.,Seasonings
phenol_explorer,790,"Coriander, dried",Coriandrum sativum L.,Seasonings
phenol_explorer,771,"Coriander, fresh",Coriandrum sativum L.,Seasonings
phenol_explorer,784,"Dill, dried",Anethum graveolens L.,Seasonings
phenol_explorer,761,"Dill, fresh",Anethum graveolens L.,Seasonings
phenol_explorer,792,"Fennel, dried",Foeniculum vulgare Mill.,Seasonings
phenol_explorer,748,"Fennel, fresh leaves",Foeniculum vulgare Mill.,Seasonings
phenol_explorer,844,"Fenugreek, dried",Trigonella foenum-graecum L.,Seasonings
phenol_explorer,767,"Fenugreek, fresh",Trigonella foenum-graecum L.,Seasonings
phenol_explorer,329,"Garlic, fresh",Allium sativum L.,Seasonings
phenol_explorer,788,"German camomile, dried",Matricaria chamomilla L.,Seasonings
phenol_explorer,741,"Hyssop, dried",Hyssopus officinalis L.,Seasonings
phenol_explorer,777,"Hyssop, fresh",Hyssopus officinalis L.,Seasonings
phenol_explorer,753,"Italian oregano, fresh",Origanum x majoricum,Seasonings
phenol_explorer,733,"Lemon balm, dried",Melissa officinalis L.,Seasonings
phenol_explorer,730,"Lemon balm, fresh",Melissa officinalis L.,Seasonings
phenol_explorer,745,"Lemon grass, fresh",Cymbopogon citratus,Seasonings
phenol_explorer,754,"Lemon thyme, fresh",Thymus pulegioides L.,Seasonings
phenol_explorer,787,"Lemon verbena, dried",Lippia tryphilla Kuntze,Seasonings
phenol_explorer,746,"Lemon verbena, fresh",Lippia tryphilla Kuntze,Seasonings
phenol_explorer,751,"Lovage, fresh",Levisticum officinale,Seasonings
phenol_explorer,742,"Marjoram, dried",Origanum marjorana L.,Seasonings
phenol_explorer,778,"Marjoram, fresh",Origanum marjorana L.,Seasonings
phenol_explorer,796,"Mexican oregano, dried",Lippia graveolens H.B.K.,Seasonings
phenol_explorer,752,"Orange mint, fresh",Mentha aquatica,Seasonings
phenol_explorer,731,"Oregano, dried (wild marjoram)",Origanum vulgare L.,Seasonings
phenol_explorer,728,"Oregano, fresh (wild marjoram)",Origanum vulgare L.,Seasonings
phenol_explorer,465,"Parsley, dried",Petroselinum crispum Mill.,Seasonings
phenol_explorer,755,"Parsley, fresh",Petroselinum crispum Mill.,Seasonings
phenol_explorer,732,"Peppermint, dried",Mentha piperita var piperita L.,Seasonings
phenol_explorer,729,"Peppermint, fresh",Mentha piperita var piperita L.,Seasonings
phenol_explorer,756,"Pineapple sage, fresh",Salvia elegans Vahl.,Seasonings
phenol_explorer,737,"Pot marjoram, dried",Origanum onites L.,Seasonings
phenol_explorer,453,"Purslane, fresh",Portulaca olearacea L.,Seasonings
phenol_explorer,850,"Roman camomile, dried",Chamaemelum nobile L.,Seasonings
phenol_explorer,744,"Rosemary, dried",Rosmarinus officinalis L.,Seasonings
phenol_explorer,734,"Rosemary, fresh",Rosmarinus officinalis L.,Seasonings
phenol_explorer,789,"Silver linden, dried",Tilia argentea,Seasonings
phenol_explorer,794,"Sorrel, dried",Rumex acetosa L.,Seasonings
phenol_explorer,764,"Spearmint, dried",Mentha spicata L.,Seasonings
phenol_explorer,757,"Spearmint, fresh",Mentha spicata L.,Seasonings
phenol_explorer,738,"Summer savory, dried",Satureja hortensis L.,Seasonings
phenol_explorer,776,"Summer savory, fresh",Satureja hortensis L.,Seasonings
phenol_explorer,740,"Sweet basil, dried",Ocimum basilicum L.,Seasonings
phenol_explorer,759,"Sweet basil, fresh",Ocimum basilicum L.,Seasonings
phenol_explorer,839,"Sweet bay, dried",Laurus nobilis L.,Seasonings
phenol_explorer,758,"Sweet bay, fresh",Laurus nobilis L.,Seasonings
phenol_explorer,774,"Tarragon, fresh",Artemisia dranunculus,Seasonings
phenol_explorer,466,"Watercress, fresh",Nasturtium officinale,Seasonings
phenol_explorer,477,"Welsh onion, fresh",Allium fistulosum L.,Seasonings
phenol_explorer,451,"Wild turnip tops, fresh",Brassica rapa var. campestris,Seasonings
phenol_explorer,739,"Winter savory, dried",Satureja montana L.,Seasonings
phenol_explorer,760,"Winter savory, fresh",Satureja montana L.,Seasonings
phenol_explorer,941,Soy sauce,,Seasonings
phenol_explorer,140,Vinegar,,Seasonings
phenol_explorer,786,Capers,Capparis spinosa L.,Seasonings
phenol_explorer,804,Caraway,Carum carvi L.,Seasonings
phenol_explorer,780,Cardamom,Elettaria cardamomum L.,Seasonings
phenol_explorer,807,Celery seed,Apium graveolens L.,Seasonings
phenol_explorer,830,Ceylan cinnamon,Cinnamomum versum J. S. Presl.,Seasonings
phenol_explorer,879,Chinese cinnamon,Cinnamomum cassia Presl.,Seasonings
phenol_explorer,797,Cloves,Syzygium aromaticum,Seasonings
phenol_explorer,490,Coriander seed,Coriandrum sativum L.,Seasonings
phenol_explorer,779,Cumin,Cuminum cyminum L.,Seasonings
phenol_explorer,769,Fenugreek seed,Trigonella foenum-graecum L.,Seasonings
phenol_explorer,785,"Ginger, dried",Zingiber P. Mill,Seasonings
phenol_explorer,775,"Ginger, fresh",Zingiber P. Mill,Seasonings
phenol_explorer,793,"Horseradish, dried",Armoracia rusticana,Seasonings
phenol_explorer,845,"Horseradish, fresh",Armoracia rusticana,Seasonings
phenol_explorer,831,Nutmeg,Myristica fragans Houtt.,Seasonings
phenol_explorer,832,Nutmeg [Mace],Myristica fragans Houtt.,Seasonings
phenol_explorer,798,Pepper spice [Black],Piper nigrum L.,Seasonings
phenol_explorer,838,Pepper spice [Green],Piper nigrum L.,Seasonings
phenol_explorer,837,Pepper spice [White],Piper nigrum L.,Seasonings
phenol_explorer,805,Saffron,Crocus sativus L.,Seasonings
phenol_explorer,835,Star anise,Illicium verum Hook. f.,Seasonings
phenol_explorer,799,"Turmeric, dried",Curcuma longa L.,Seasonings
phenol_explorer,834,"Curry, powder",Murraya koenigii L.,Seasonings
phenol_explorer,712,Almond,Prunus dulcis,Seeds
phenol_explorer,722,"Almond, dehulled",Prunus dulcis,Seeds
phenol_explorer,708,Brazil nut,Bertholletia excelsia,Seeds
phenol_explorer,709,"Cashew nut, raw",Anacardium occidentale L.,Seeds
phenol_explorer,467,"Chestnut, raw",Castanea P. Mill,Seeds
phenol_explorer,710,"Hazelnut, raw",Corylus L.,Seeds
phenol_explorer,727,Japanese walnut,Juglans ailanthifolia Carr.,Seeds
phenol_explorer,723,Macadamia nut,Macadamia intergrifolia/tetraphylla,Seeds
phenol_explorer,475,Peanut,Arachis hypogaea L.,Seeds
phenol_explorer,716,"Peanut, dehulled",Arachis hypogaea L.,Seeds
phenol_explorer,717,"Peanut, dehulled, roasted",Arachis hypogaea L.,Seeds
phenol_explorer,713,"Peanut, roasted",Arachis hypogaea L.,Seeds
phenol_explorer,707,Pecan nut,Caryna illinoinensis,Seeds
phenol_explorer,724,Pines,Pinus L.,Seeds
phenol_explorer,711,Pistachio,Pistacia vera L.,Seeds
phenol_explorer,721,"Pistachio, dehulled",Pistacia vera L.,Seeds
phenol_explorer,184,Walnut,Juglans regia L.,Seeds
phenol_explorer,719,"Walnut, dehulled",Juglans regia L.,Seeds
phenol_explorer,809,"Flaxseed, meal",Linum usitatissimum L.,Seeds
phenol_explorer,815,"Poppy seed, meal",Papaver  L.,Seeds
phenol_explorer,847,"Sesame seed, meal",Sesamum indicum L.,Seeds
phenol_explorer,812,"Sunflower seed, meal",Helianthus annuus L.,Seeds
phenol_explorer,544,"Common bean [Black], dehulled, raw",Phaseolus vulgaris L.,Seeds
phenol_explorer,542,"Common bean [Black], whole, raw",Phaseolus vulgaris L.,Seeds
phenol_explorer,583,"Common bean [Others], dehulled, raw",Phaseolus vulgaris L.,Seeds
phenol_explorer,585,"Common bean [Others], whole, raw",Phaseolus vulgaris L.,Seeds
phenol_explorer,545,"Common bean [White], dehulled, raw",Phaseolus vulgaris L.,Seeds
phenol_explorer,543,"Common bean [White], whole, raw",Phaseolus vulgaris L.,Seeds
phenol_explorer,563,"Adzuki bean, whole, raw",Vigna angularis,Seeds
phenol_explorer,573,"Broad bean seed, dehulled, raw",Vicia faba L.,Seeds
phenol_explorer,564,"Broad bean seed, whole, raw",Vicia faba L.,Seeds
phenol_explorer,602,"Climbing bean, whole, raw",Vigna umbellata,Seeds
phenol_explorer,576,"Lima bean, dehulled, raw",Phaseolus lunatus var. linatus,Seeds
phenol_explorer,669,"Lima bean, whole, raw",Phaseolus lunatus var. linatus,Seeds
phenol_explorer,571,"Mung bean, dehulled, raw",Vigna radiata L.,Seeds
phenol_explorer,580,"Mung bean, whole, raw",Vigna radiata L.,Seeds
phenol_explorer,566,"Lentils, dehulled, raw",Lens culinaris,Seeds
phenol_explorer,470,"Lentils, whole, raw",Lens culinaris,Seeds
phenol_explorer,578,"Chickpea, dehulled, raw",Cicer arietinum ssp. Arietinum,Seeds
phenol_explorer,581,"Chickpea, whole, raw",Cicer arietinum ssp. Arietinum,Seeds
phenol_explorer,577,"Cowpea, dehulled, raw",Vigna unguiculata spp.,Seeds
phenol_explorer,561,"Cowpea, whole, raw",Vigna unguiculata spp.,Seeds
phenol_explorer,572,"Dried pea, dehulled, raw",Pisum sativum L.,Seeds
phenol_explorer,650,"Dried pea, whole, raw",Pisum sativum L.,Seeds
phenol_explorer,569,"Grass pea, whole, raw",Lathyrus sativus L.,Seeds
phenol_explorer,574,"Pigeon pea, dehulled, raw",Cajanus cajan L.,Seeds
phenol_explorer,568,"Pigeon pea, whole, raw",Cajanus cajan L.,Seeds
phenol_explorer,945,"Soy paste, cheonggukang",,Seeds
phenol_explorer,944,"Soy paste, doenjang",,Seeds
phenol_explorer,942,"Soy paste, miso",,Seeds
phenol_explorer,943,"Soy paste, nato",,Seeds
phenol_explorer,961,"Soy, bacon bits",,Seeds
phenol_explorer,954,"Soy, burger, raw",,Seeds
phenol_explorer,962,"Soy, cheese",,Seeds
phenol_explorer,949,"Soy, defatted flour",,Seeds
phenol_explorer,955,"Soy, flakes",,Seeds
phenol_explorer,947,"Soy, flour",,Seeds
phenol_explorer,939,"Soy, meat",,Seeds
phenol_explorer,950,"Soy, milk powder",,Seeds
phenol_explorer,957,"Soy, pudding",,Seeds
phenol_explorer,951,"Soy, sausage",,Seeds
phenol_explorer,952,"Soy, tempe",,Seeds
phenol_explorer,826,"Soy, tofu",,Seeds
phenol_explorer,963,"Soy, tofu, fermented",,Seeds
phenol_explorer,959,"Soy, yogurt",,Seeds
phenol_explorer,948,"Soybean, edamame",Glycine Max L. Merr.,Seeds
phenol_explorer,953,"Soybean, roasted",Glycine Max L. Merr.,Seeds
phenol_explorer,472,"Soybean, sprout, raw",Glycine Max L. Merr.,Seeds
phenol_explorer,362,"Black cabbage, raw",Brassica oleracea var. viridis L.,Vegetables
phenol_explorer,263,"Broccoli, raw",Brassica oleracea var. italica,Vegetables
phenol_explorer,333,"Brussel sprouts, raw",Brassica oleracea. var. gemmifera L.,Vegetables
phenol_explorer,264,"Cauliflower, raw",Brassica oleracea var. botrytis L.,Vegetables
phenol_explorer,363,"Collards, raw",Brassica oleracea var. viridis L.,Vegetables
phenol_explorer,282,"Common cabbage [Green], raw",Brassica oleracea var. capitata L.,Vegetables
phenol_explorer,271,"Common cabbage [Purple], raw",Brassica oleracea var. capitata L.,Vegetables
phenol_explorer,283,"Common cabbage [Red], raw",Brassica oleracea var. capitata L.,Vegetables
phenol_explorer,265,"Common cabbage [White], raw",Brassica oleracea var. capitata L.,Vegetables
phenol_explorer,491,"Italian cabbage, raw",Brassica oleracea var. sabauda L.??,Vegetables
phenol_explorer,273,"Kai-lan, raw",Brassica oleracea var. alboglabra L.,Vegetables
phenol_explorer,287,"Kale [Curly], raw",Brassica oleracea var. viridis L.,Vegetables
phenol_explorer,276,"Kale, raw",Brassica oleracea var. viridis L.,Vegetables
phenol_explorer,291,"Mustard cabbage, raw",Brassica juncea var. rugosa,Vegetables
phenol_explorer,461,"Oxheart cabbage, raw",Brassica oleracea var. conica L.,Vegetables
phenol_explorer,285,Sauerkraut,Brassica oleracea var. capitata L.,Vegetables
phenol_explorer,284,"Savoy cabbage, raw",Brassica oleracea var. sabauda L.,Vegetables
phenol_explorer,323,"Napa cabbage, raw",Brassica rapa ssp. Pekinensis,Vegetables
phenol_explorer,322,"Pak choy, raw",Brassica rapa var. chinensis,Vegetables
phenol_explorer,154,"Avocado, raw",Persea americana Mill.,Vegetables
phenol_explorer,360,"Chilli pepper [Green], raw",Capsicum annuum L.,Vegetables
phenol_explorer,361,"Chilli pepper [Red], raw",Capsicum annuum L.,Vegetables
phenol_explorer,540,"Chilli pepper [Yellow], raw",Capsicum annuum L.,Vegetables
phenol_explorer,359,"Eggplant [Purple], whole, raw",Solanum melongena L.,Vegetables
phenol_explorer,750,"Olive [Black], raw",Olea europaea L.,Vegetables
phenol_explorer,749,"Olive [Green], raw",Olea europaea L.,Vegetables
phenol_explorer,701,"Sweet pepper [Green], raw",Capsicum annuum L.,Vegetables
phenol_explorer,702,"Sweet pepper [Red], raw",Capsicum annuum L.,Vegetables
phenol_explorer,703,"Sweet pepper [Yellow], raw",Capsicum annuum L.,Vegetables
phenol_explorer,260,"Tomato [Cherry], whole, raw",Lycopersicon esculentum var. cerasiforme Alef.,Vegetables
phenol_explorer,258,"Tomato, whole, raw",Lycopersicon esculentum Mill.,Vegetables
phenol_explorer,270,"Cucumber, raw",Cucumis sativus L.,Vegetables
phenol_explorer,183,"Pumpkin, raw",Cucurbita maxima var. maxima,Vegetables
phenol_explorer,331,"Squash, raw",Cucurbita Pepo L.,Vegetables
phenol_explorer,502,"Zucchini, raw",Cucurbita pepo L.,Vegetables
phenol_explorer,435,"Arugula, raw",Eruca vesicaria ssp.sativa,Vegetables
phenol_explorer,500,"Beet greens, raw",Beta vulgaris var. vulgaris,Vegetables
phenol_explorer,310,"Chicory [Green], raw",Cichorium intybus L.,Vegetables
phenol_explorer,309,"Chicory [Red], raw",Cichorium intybus L.,Vegetables
phenol_explorer,747,"Dandelion, raw",Taraxacum officinale,Vegetables
phenol_explorer,311,"Endive [Curly], raw",Cichorium endivia L.,Vegetables
phenol_explorer,312,"Endive [Escarole], raw",Cichorium endivia L.,Vegetables
phenol_explorer,773,"Garden cress, raw",Lepdium sativum,Vegetables
phenol_explorer,313,"Lettuce [Green], raw",Lactuca sativa L.,Vegetables
phenol_explorer,314,"Lettuce [Red], raw",Lactuca sativa L.,Vegetables
phenol_explorer,272,"Spinach, raw",Spinacia oleracea L.,Vegetables
phenol_explorer,319,"Swiss chard leaves [Red], raw",Beta vulgaris var. flavescens,Vegetables
phenol_explorer,393,"Swiss chard leaves [White], raw",Beta vulgaris var. flavescens,Vegetables
phenol_explorer,255,"Onion [Red], raw",Allium cepa L. var. cepa,Vegetables
phenol_explorer,256,"Onion [White], raw",Allium cepa L. var. cepa,Vegetables
phenol_explorer,257,"Onion [Yellow], raw",Allium cepa L. var. cepa,Vegetables
phenol_explorer,382,"Shallot [Pink], raw",Allium cepa Aggregatum Group,Vegetables
phenol_explorer,380,"Shallot, raw",Allium cepa Aggregatum Group,Vegetables
phenol_explorer,570,"Broad bean pod, raw",Vicia faba L.,Vegetables
phenol_explorer,334,"Green bean, raw",Phaseolus vulgaris L.,Vegetables
phenol_explorer,649,"Fresh pea, raw",Pisum sativum L.,Vegetables
phenol_explorer,446,"Sugar pea, raw",Pisum sativum ssp. Sativum,Vegetables
phenol_explorer,507,"Burdock root, raw",Arctium lappa var. lappa,Vegetables
phenol_explorer,269,"Carrot, raw",Daucus carota sp. Sativus,Vegetables
phenol_explorer,351,"Celeriac, raw",Apium graveolens L. var. rapaceum,Vegetables
phenol_explorer,352,"Kohlrabi, raw",Brassica oleracea L. var. gongylodes L.,Vegetables
phenol_explorer,350,"Parsnip, raw",Pastinaca sativa L.,Vegetables
phenol_explorer,349,"Radish [Black], raw",Raphanus sativus var. niger L.,Vegetables
phenol_explorer,353,"Radish, raw",Raphanus sativus var. sativus L.,Vegetables
phenol_explorer,499,"Red beetroot, raw",Beta vulgaris var. Rubra L.,Vegetables
phenol_explorer,408,"Swede, raw",Brassica napus ssp.napobrassica L.,Vegetables
phenol_explorer,471,"Turnip root, raw",Brassica rapa var. rapa,Vegetables
phenol_explorer,328,"Asparagus, raw",Asparagus officinalis L.,Vegetables
phenol_explorer,977,Fennel,Foenicum Vulgare P. Mill,Vegetables
phenol_explorer,368,"Globe artichoke, heads, raw",Cynara cardunculus var. scolymus L.,Vegetables
phenol_explorer,407,"Celery stalks, raw",Apium graveolens L. var. dulce,Vegetables
phenol_explorer,320,"Swiss chard stems [Red], raw",Beta vulgaris var. flavescens,Vegetables
phenol_explorer,392,"Swiss chard stems [White], raw",Beta vulgaris var. flavescens,Vegetables
phenol_explorer,254,"Potato, raw",Solanum tuberosum L.,Vegetables
phenol_explorer,332,"Sweet potato, raw",Ipomoea batatas L.,Vegetables
usda_flavonoid,01103,"Milk, chocolate, fluid, commercial, reduced fat, with added vitamin A and vitamin D",,0100
usda_flavonoid,02007,"Spices, celery seed",Apium graveolens,0200
usda_flavonoid,02023,"Spices, marjoram, dried",Origanum majorana,0200
usda_flavonoid,02029,"Spices, parsley, dried",Petroselinum crispum,0200
usda_flavonoid,02037,"Spices, saffron",Crocus sativus,0200
usda_flavonoid,02044,"Basil, fresh",Ocimum basilicum,0200
usda_flavonoid,02045,"Dill weed, fresh",Anethum graveolens,0200
usda_flavonoid,02049,"Thyme, fresh",Thymus vulgaris,0200
usda_flavonoid,02054,"Capers, canned",Capparis spinosa,0200
usda_flavonoid,02063,"Rosemary, fresh",Rosmarinus officinalis,0200
usda_flavonoid,02064,"Peppermint, fresh",Mentha x piperita L. nothosubsp. piperita,0200
usda_flavonoid,04053,"Oil, olive, salad or cooking",,0400
usda_flavonoid,06159,"Soup, tomato, canned, condensed",,0600
usda_flavonoid,06931,"Sauce, pasta, spaghetti/marinara, ready-to-serve",,0600
usda_flavonoid,09001,"Acerola, (west indian cherry), raw",Malpighia emarginata,0900
usda_flavonoid,09003,"Apples, raw, with skin",Malus domestica,0900
usda_flavonoid,09004,"Apples, raw, without skin",Malus domestica,0900
usda_flavonoid,09016,"Juice, apple, canned or bottled, unsweetened, without added ascorbic acid",,0900
usda_flavonoid,09019,"Applesauce, canned, unsweetened, without added ascorbic acid (includes USDA commodity)",,0900
usda_flavonoid,09021,"Apricots, raw",Prunus armeniaca,0900
usda_flavonoid,09023,"Apricots, canned, water pack, without skin, solids and liquids",,0900
usda_flavonoid,09037,"Avocados, raw, all commercial varieties",Persea americana,0900
usda_flavonoid,09040,"Bananas, raw",Musa acuminata Colla,0900
usda_flavonoid,09042,"Blackberries, raw",Rubus spp.,0900
usda_flavonoid,09050,"Blueberries, cultivated (highbush), raw",Vaccinium spp.,0900
usda_flavonoid,09054,"Blueberries, frozen, unsweetened",,0900
usda_flavonoid,09063,"Cherries, sour, red, raw",Prunus cerasus,0900
usda_flavonoid,09068,"Cherries, sour, red, frozen, unsweetened",,0900
usda_flavonoid,09070,"Cherries, sweet, raw",Prunus avium,0900
usda_flavonoid,09078,"Cranberries, raw",Vaccinium macrocarpon,0900
usda_flavonoid,09079,"Cranberries, dried, sweetened",,0900
usda_flavonoid,09081,"Cranberry sauce, canned, sweetened",,0900
usda_flavonoid,09083,"Currants, european black, raw",Ribes nigrum,0900
usda_flavonoid,09086,"Custard-apple, (bullock's-heart), raw",Annona reticulata,0900
usda_flavonoid,09087,"Dates, deglet noor",Phoenix dactylifera,0900
usda_flavonoid,09088,"Elderberries, raw",Sambucus spp.,0900
usda_flavonoid,09089,"Figs, raw",Ficus carica,0900
usda_flavonoid,09107,"Gooseberries, raw",Ribes spp.,0900
usda_flavonoid,09112,"Grapefruit, raw, pink and red, all areas",Citrus paradisi,0900
usda_flavonoid,09116,"Grapefruit, raw, white, all areas",Citrus paradisi,0900
usda_flavonoid,09123,"Juice, grapefruit, white, canned, unsweetened",,0900
usda_flavonoid,09126,"Juice, grapefruit concentrate, white, frozen, unsweetened, diluted with 3 volume water",,0900
usda_flavonoid,09128,"Juice, grapefruit, white, raw",,0900
usda_flavonoid,09135,"Juice, grape, canned or bottled, unsweetened, without added ascorbic acid",,0900
usda_flavonoid,09146,"Jujube, raw",Ziziphus jujuba,0900
usda_flavonoid,09148,"Kiwifruit, green, raw",Actinidia deliciosa,0900
usda_flavonoid,09149,"Kumquats, raw",Fortunella spp.,0900
usda_flavonoid,09150,"Lemons, raw, without peel",Citrus limon,0900
usda_flavonoid,09152,"Juice, lemon, raw",,0900
usda_flavonoid,09153,"Juice, lemon, canned or bottled",,0900
usda_flavonoid,09159,"Limes, raw",Citrus latifolia,0900
usda_flavonoid,09160,"Juice, lime, raw",,0900
usda_flavonoid,09176,"Mangos, raw",Mangifera indica,0900
usda_flavonoid,09181,"Melons, cantaloupe, raw",Cucumis melo,0900
usda_flavonoid,09184,"Melons, honeydew, raw",Cucumis melo,0900
usda_flavonoid,09190,"Mulberries, raw",Morus nigra,0900
usda_flavonoid,09191,"Nectarines, raw",Prunus persica var. nucipersica,0900
usda_flavonoid,09193,"Olives, ripe, canned (small-extra large)",Olea europaea,0900
usda_flavonoid,09195,"Olives, pickled, canned or bottled, green",,0900
usda_flavonoid,09200,"Oranges, raw, all commercial varieties",Citrus sinensis,0900
usda_flavonoid,09202,"Oranges, raw, navels",Citrus sinensis,0900
usda_flavonoid,09206,"Juice, orange, raw",,0900
usda_flavonoid,09209,"Juice, orange, chilled, includes from concentrate",,0900
usda_flavonoid,09215,"Juice, orange, frozen concentrate, unsweetened, diluted with 3 volume water",,0900
usda_flavonoid,09218,"Tangerines, (mandarin oranges), raw",Citrus reticulata,0900
usda_flavonoid,09221,"Juice, tangerine, raw",,0900
usda_flavonoid,09225,"Juice, tangerine, frozen concentrate, sweetened, diluted with 3 volume water",,0900
usda_flavonoid,09226,"Papayas, raw",Carica papaya,0900
usda_flavonoid,09236,"Peaches, raw",Prunus persica,0900
usda_flavonoid,09252,"Pears, raw",Pyrus communis,0900
usda_flavonoid,09266,"Pineapple, raw, all varieties",Ananas comosus,0900
usda_flavonoid,09273,"Pineapple juice, canned, unsweetened, without added ascorbic acid",,0900
usda_flavonoid,09276,"Pitanga, (surinam-cherry), raw",Eugenia uniflora,0900
usda_flavonoid,09279,"Plums, raw",Prunus spp.,0900
usda_flavonoid,09286,"Pomegranates, raw",Punica granatum,0900
usda_flavonoid,09287,"Prickly pears, raw",Opuntia spp.,0900
usda_flavonoid,09291,"Plums, dried (prunes), uncooked",,0900
usda_flavonoid,09295,"Pummelo, raw",Citrus maxima,0900
usda_flavonoid,09296,"Quinces, raw",Cydonia oblonga,0900
usda_flavonoid,09297,"Raisins, golden seedless",Vitis vinifera,0900
usda_flavonoid,09298,"Raisins, seedless",Vitis vinifera,0900
usda_flavonoid,09302,"Raspberries, raw",Rubus spp.,0900
usda_flavonoid,09307,"Rhubarb, raw",Rheum rhabarbarum,0900
usda_flavonoid,09315,"Soursop, raw",Annona muricata,0900
usda_flavonoid,09316,"Strawberries, raw",Fragaria X ananassa,0900
usda_flavonoid,09318,"Strawberries, frozen, unsweetened",,0900
usda_flavonoid,09326,"Watermelon, raw",Citrullus lanatus,0900
usda_flavonoid,09370,"Peaches, canned, heavy syrup, drained",,0900
usda_flavonoid,09404,"Juice, grapefruit, pink, raw",,0900
usda_flavonoid,09430,"Pineapple, raw, extra sweet variety",Ananas comosus,0900
usda_flavonoid,09442,"Juice, pomegranate, bottled",,0900
usda_flavonoid,09445,"Kiwifruit, gold, raw",Actinidia chinensis,0900
usda_flavonoid,09500,"Apples, Red Delicious, raw. with skin",,0900
usda_flavonoid,09501,"Apples, Golden Delicious, raw, with skin",,0900
usda_flavonoid,09502,"Apples, Granny Smith, raw, with skin",,0900
usda_flavonoid,09503,"Apples, Gala, raw, with skin",,0900
usda_flavonoid,09504,"Apples, Fuji, raw, with skin",,0900
usda_flavonoid,11001,"Alfalfa seeds, sprouted, raw",Medicago sativa,1100
usda_flavonoid,11004,"Amaranth leaves, cooked, boiled, drained, without salt",,1100
usda_flavonoid,11006,"Arrowhead, cooked, boiled, drained, without salt",,1100
usda_flavonoid,11007,"Artichokes, (globe or french), raw",Cynara scolymus,1100
usda_flavonoid,11011,"Asparagus, raw",Asparagus officinalis,1100
usda_flavonoid,11012,"Asparagus, cooked, boiled, drained",,1100
usda_flavonoid,11025,"Balsam-pear (bitter gourd), pods, cooked, boiled, drained, without salt",,1100
usda_flavonoid,11031,"Lima beans, immature seeds, raw",Phaseolus lunatus,1100
usda_flavonoid,11043,"Mung beans, mature seeds, sprouted, raw",Vigna radiata,1100
usda_flavonoid,11052,"Beans, snap, green, raw",Phaseolus vulgaris,1100
usda_flavonoid,11053,"Beans, snap, green, cooked, boiled, drained, without salt",,1100
usda_flavonoid,11056,"Beans, snap, green, canned, regular pack, drained solids",,1100
usda_flavonoid,11060,"Beans, snap, green, frozen, all styles, unprepared",,1100
usda_flavonoid,11061,"Beans, snap, green, frozen, cooked, boiled, drained without salt",,1100
usda_flavonoid,11080,"Beets, raw",Beta vulgaris,1100
usda_flavonoid,11088,"Broadbeans, immature seeds, raw",Vicia faba,1100
usda_flavonoid,11089,"Broadbeans, immature seeds, cooked, boiled, drained, without salt",,1100
usda_flavonoid,11090,"Broccoli, raw",Brassica oleracea var. italica,1100
usda_flavonoid,11091,"Broccoli, cooked, boiled, drained, without salt",,1100
usda_flavonoid,11092,"Broccoli, frozen, chopped, unprepared",,1100
usda_flavonoid,11096,"Broccoli raab, raw",Brassica ruvo,1100
usda_flavonoid,11097,"Broccoli raab, cooked",,1100
usda_flavonoid,11098,"Brussels sprouts, raw",Brassica oleracea (Gemmifera Group),1100
usda_flavonoid,11099,"Brussels sprouts, cooked, boiled, drained, without salt",,1100
usda_flavonoid,11109,"Cabbage, raw",Brassica oleracea (Capitata Group),1100
usda_flavonoid,11110,"Cabbage, cooked, boiled, drained, without salt",,1100
usda_flavonoid,11112,"Cabbage, red, raw",Brassica oleracea (Capitata Group),1100
usda_flavonoid,11113,"Cabbage, red, cooked, boiled, drained, without salt",,1100
usda_flavonoid,11114,"Cabbage, savoy, raw",Brassica oleracea (Capitata Group),1100
usda_flavonoid,11115,"Cabbage, savoy, cooked, boiled, drained, without salt",,1100
usda_flavonoid,11116,"Cabbage, chinese (pak-choi), raw",Brassica rapa (Chinensis Group),1100
usda_flavonoid,11117,"Cabbage, chinese (pak-choi), cooked, boiled, drained, without salt",,1100
usda_flavonoid,11119,"Cabbage, chinese (pe-tsai), raw",Brassica rapa (Pekinensis Group),1100
usda_flavonoid,11124,"Carrots, raw",Daucus carota,1100
usda_flavonoid,11125,"Carrots, cooked, boiled, drained, without salt",,1100
usda_flavonoid,11128,"Carrots, canned, regular pack, drained solids",,1100
usda_flavonoid,11135,"Cauliflower, raw",Brassica oleracea (Botrytis Group),1100
usda_flavonoid,11136,"Cauliflower, cooked, boiled, drained, without salt",,1100
usda_flavonoid,11137,"Cauliflower, frozen, unprepared",,1100
usda_flavonoid,11138,"Cauliflower, frozen, cooked, boiled, drained, without salt",,1100
usda_flavonoid,11141,"Celeriac, raw",Apium graveolens,1100
usda_flavonoid,11143,"Celery, raw",Apium graveolens,1100
usda_flavonoid,11147,"Chard, swiss, white leaf, raw",Beta vulgaris subsp. vulagaris,1100
usda_flavonoid,11152,"Chicory greens, raw",Cichorium intybus,1100
usda_flavonoid,11156,"Chives, raw",Allium schoenoprasum,1100
usda_flavonoid,11161,"Collards, raw",Brassica oleracea var. viridis,1100
usda_flavonoid,11165,"Coriander (cilantro) leaves, raw",Coriandrum sativum,1100
usda_flavonoid,11167,"Corn, sweet, yellow, raw",,1100
usda_flavonoid,11191,"Cowpeas (blackeyes), immature seeds, raw",Vigna unguiculata Subsp. Unguiculata,1100
usda_flavonoid,11200,"Yardlong bean, cooked, boiled, drained, without salt",,1100
usda_flavonoid,11203,"Cress, garden, raw",Lepidium sativum,1100
usda_flavonoid,11204,"Cress, garden, cooked, boiled, drained, without salt",,1100
usda_flavonoid,11205,"Cucumber, with peel, raw",Cucumis sativus,1100
usda_flavonoid,11209,"Eggplant, raw",Solanum melongena,1100
usda_flavonoid,11213,"Endive, raw",Cichorium endivia,1100
usda_flavonoid,11215,"Garlic, raw",Allium sativum,1100
usda_flavonoid,11220,"Gourd, dishcloth (towelgourd), raw",Luffa aegyptiaca,1100
usda_flavonoid,11222,"Drumstick (horseradish tree) leaves, raw",Moringa oleifera,1100
usda_flavonoid,11233,"Kale, raw",Brassica oleracea (Acephala Group),1100
usda_flavonoid,11241,"Kohlrabi, raw",Brassica oleracea (Gongylodes Group),1100
usda_flavonoid,11246,"Leeks, (bulb and lower leaf-portion), raw",Allium ampeloprasum,1100
usda_flavonoid,11250,"Lettuce, butterhead (includes boston and bibb types), raw",Lactuca sativa var. capitata,1100
usda_flavonoid,11251,"Lettuce, cos or romaine, raw",Lactuca sativa var. logifolia,1100
usda_flavonoid,11252,"Lettuce, iceberg (includes crisphead types), raw",Lactuca sativa var. capitata,1100
usda_flavonoid,11253,"Lettuce, green leaf, raw",Lactuca sativa var. crispa,1100
usda_flavonoid,11254,"Lotus root, raw",Nelumbo nucifera,1100
usda_flavonoid,11257,"Lettuce, red leaf, raw",Lactuca sativa var. crispa,1100
usda_flavonoid,11260,"Mushrooms, white, raw",Agaricus bisporus,1100
usda_flavonoid,11264,"Mushrooms, canned, drained solids",,1100
usda_flavonoid,11270,"Mustard greens, raw",Brassica juncea,1100
usda_flavonoid,11276,"New Zealand spinach, raw",Tetragonia tetragonioides,1100
usda_flavonoid,11278,"Okra, raw",Abelmoschus esculentus,1100
usda_flavonoid,11282,"Onions, raw",Allium cepa,1100
usda_flavonoid,11283,"Onions, cooked, boiled, drained, without salt",,1100
usda_flavonoid,11291,"Onions, spring or scallions (includes tops and bulb), raw",Allium cepa or Allium fistulosum,1100
usda_flavonoid,11292,"Onions, young green, tops only",Allium cepa,1100
usda_flavonoid,11293,"Onions, welsh, raw",Allium fistulosum,1100
usda_flavonoid,11294,"Onions, sweet, raw",Allium cepa,1100
usda_flavonoid,11297,"Parsley, fresh",Petroselinum crispum,1100
usda_flavonoid,11298,"Parsnips, raw",Pastinaca sativa,1100
usda_flavonoid,11300,"Peas, edible-podded, raw",Pisum sativum,1100
usda_flavonoid,11304,"Peas, green, raw",Pisum sativum,1100
usda_flavonoid,11308,"Peas, green (includes baby and lesuer types), canned, drained solids, unprepared",,1100
usda_flavonoid,11312,"Peas, green, frozen, unprepared",,1100
usda_flavonoid,11313,"Peas, green, frozen, cooked, boiled, drained, without salt",,1100
usda_flavonoid,11333,"Peppers, sweet, green, raw",Capsicum annuum,1100
usda_flavonoid,11352,"Potato, flesh and skin, raw",Solanum tuberosum,1100
usda_flavonoid,11354,"Potatoes, white, flesh and skin, raw",Solanum tuberosum,1100
usda_flavonoid,11355,"Potatoes, red, flesh and skin, raw",Solanum tuberosum,1100
usda_flavonoid,11356,"Potatoes, Russet, flesh and skin, baked",,1100
usda_flavonoid,11357,"Potatoes, white, flesh and skin, baked",,1100
usda_flavonoid,11358,"Potatoes, red, flesh and skin, baked",,1100
usda_flavonoid,11422,"Pumpkin, raw",Cucurbita spp.,1100
usda_flavonoid,11427,"Purslane, raw",Portulaca oleracea,1100
usda_flavonoid,11429,"Radishes, raw",Raphanus sativus,1100
usda_flavonoid,11430,"Radishes, oriental, raw",Raphanus sativus (Longipinratus Group),1100
usda_flavonoid,11435,"Rutabagas, raw",Brassica napus var. napobrassica,1100
usda_flavonoid,11439,"Sauerkraut, canned, solids and liquids",,1100
usda_flavonoid,11450,"Soybeans, green, raw",Glycine max,1100
usda_flavonoid,11457,"Spinach, raw",Spinacia oleracea,1100
usda_flavonoid,11463,"Spinach, frozen, chopped or leaf, unprepared",,1100
usda_flavonoid,11477,"Squash, summer, zucchini, includes skin, raw",,1100
usda_flavonoid,11478,"Squash, summer, zucchini, includes skin, cooked, boiled, drained, without salt",,1100
usda_flavonoid,11505,"Sweet potato leaves, raw",Ipomoea batatas,1100
usda_flavonoid,11506,"Sweet potato leaves, cooked, steamed, without salt",,1100
usda_flavonoid,11507,"Sweet potato, raw, unprepared",Ipomoea batatas,1100
usda_flavonoid,11510,"Sweet potato, cooked, boiled, without skin",,1100
usda_flavonoid,11518,"Taro, raw",Colocasia esculenta,1100
usda_flavonoid,11519,"Taro, cooked, without salt",,1100
usda_flavonoid,11520,"Taro leaves, raw",Colocasia esculenta,1100
usda_flavonoid,11521,"Taro leaves, cooked, steamed, without salt",,1100
usda_flavonoid,11529,"Tomatoes, red, ripe, raw, year round average",Lycopersicon esculentum,1100
usda_flavonoid,11530,"Tomatoes, red, ripe, cooked",,1100
usda_flavonoid,11531,"Tomatoes, red, ripe, canned, packed in tomato juice",,1100
usda_flavonoid,11547,"Tomato products, canned, puree, without salt added",,1100
usda_flavonoid,11568,"Turnip greens, raw",Brassica rapa (Rapifera Group),1100
usda_flavonoid,11587,"Vinespinach, (basella), raw",Basella alba,1100
usda_flavonoid,11591,"Watercress, raw",Nasturtium officinale,1100
usda_flavonoid,11602,"Yam, cooked, boiled, drained, or baked, without salt",,1100
usda_flavonoid,11616,"Dock, raw",Rumex spp.,1100
usda_flavonoid,11670,"Peppers, hot chili, green, raw",Capsicum frutescens,1100
usda_flavonoid,11676,"Radish seeds, sprouted, raw",Raphanus sativus,1100
usda_flavonoid,11696,"Tomatoes, yellow, raw",Lycopersicon esculentum,1100
usda_flavonoid,11722,"Beans, snap, yellow, raw",Phaseolus vulgaris,1100
usda_flavonoid,11724,"Beans, snap, yellow, cooked, boiled, drained, without salt",,1100
usda_flavonoid,11821,"Peppers, sweet, red, raw",,1100
usda_flavonoid,11886,"Juice, tomato, canned, without salt added",,1100
usda_flavonoid,11935,Catsup,,1100
usda_flavonoid,11951,"Peppers, sweet, yellow, raw",Capsicum annuum,1100
usda_flavonoid,11952,"Radicchio, raw",Cichorium intybus,1100
usda_flavonoid,11957,"Fennel, bulb, raw",Foeniculum vulgare,1100
usda_flavonoid,11959,"Arugula, raw",Eruca sativa,1100
usda_flavonoid,11960,"Carrots, baby, raw",Daucus carota,1100
usda_flavonoid,11977,"Peppers, serrano, raw",Capsicum anuum,1100
usda_flavonoid,11979,"Peppers, jalapeno, raw",Capsicum anuum,1100
usda_flavonoid,12061,"Nuts, almonds",Prunus dulcis,1200
usda_flavonoid,12078,"Nuts, brazilnuts, dried, unblanched",Bertholletia excelsa,1200
usda_flavonoid,12086,"Nuts, cashew nuts, oil roasted, without salt added",,1200
usda_flavonoid,12098,"Nuts, chestnuts, european, raw, peeled",,1200
usda_flavonoid,12119,"Nuts, coconut water (liquid from coconuts)",,1200
usda_flavonoid,12120,"Nuts, hazelnuts or filberts",Corylus spp.,1200
usda_flavonoid,12131,"Nuts, macadamia nuts, raw","Macadamia integrifolia, M. tetraphylla",1200
usda_flavonoid,12142,"Nuts, pecans",Carya illinoinensis,1200
usda_flavonoid,12149,"Nuts, pine nuts, pinyon, dried",Pinus edulis,1200
usda_flavonoid,12151,"Nuts, pistachio nuts, raw",Pistacia vera,1200
usda_flavonoid,12155,"Nuts, walnuts, english",Juglans regia,1200
usda_flavonoid,14003,"Alcoholic beverage, beer, regular, all",,1400
usda_flavonoid,14057,"Alcoholic beverage, wine, dessert, sweet",,1400
usda_flavonoid,14096,"Alcoholic beverage, wine, table, red",,1400
usda_flavonoid,14097,"Alcoholic beverage, wine, table, red, Cabernet Sauvignon",,1400
usda_flavonoid,14098,"Alcoholic beverage, wine, table, red, Cabernet Franc",,1400
usda_flavonoid,14100,"Alcoholic beverage, wine, table, red, Syrah or Shiraz",,1400
usda_flavonoid,14106,"Alcoholic beverage, wine, table, white",,1400
usda_flavonoid,14192,"Cocoa mix, powder",,1400
usda_flavonoid,14194,"Cocoa mix, powder, prepared with water",,1400
usda_flavonoid,14209,"Coffee, brewed from grounds, prepared with tap water",,1400
usda_flavonoid,14242,"Juice, Cranberry cocktail, bottled",,0900
usda_flavonoid,14352,"Tea, black, brewed, prepared with tap water, decaffeinated",,1400
usda_flavonoid,14355,"Tea, black, brewed, prepared with tap water",,1400
usda_flavonoid,14367,"Tea, instant, unsweetened, powder, prepared",,1400
usda_flavonoid,14653,"Tea, green, brewed",,1400
usda_flavonoid,16014,"Beans, black, mature seeds, raw",Phaseolus vulgaris,1600
usda_flavonoid,16029,"Beans, kidney, all types, mature seeds, canned",,1600
usda_flavonoid,16032,"Beans, kidney, red, mature seeds, raw",Phaseolus vulgaris,1600
usda_flavonoid,16033,"Beans, kidney, red, mature seeds, cooked, boiled, without salt",,1600
usda_flavonoid,16042,"Beans, pinto, mature seeds, raw",Phaseolus vulgaris,1600
usda_flavonoid,16049,"Beans, white, mature seeds, raw",Phaseolus vulgaris,1600
usda_flavonoid,16054,"Broadbeans (fava beans), mature seeds, canned",,1600
usda_flavonoid,16055,Carob flour,Ceratonia siliqua,1600
usda_flavonoid,16056,"Chickpeas (garbanzo beans, bengal gram), mature seeds, raw",Cicer arietinum,1600
usda_flavonoid,16069,"Lentils, raw",Lens culinaris,1600
usda_flavonoid,16089,"Peanuts, all types, oil-roasted, with salt",,1600
usda_flavonoid,16126,"Tofu, firm, prepared with calcium sulfate and magnesium chloride (nigari)",,1600
usda_flavonoid,18075,"Bread, whole-wheat, commercially prepared",,1800
usda_flavonoid,19078,"Baking chocolate, unsweetened, squares",,1900
usda_flavonoid,19120,"Candies, milk chocolate",,1900
usda_flavonoid,19165,"Cocoa, dry powder, unsweetened",,1900
usda_flavonoid,19166,"Cocoa, dry powder, unsweetened, processed with alkali",,1900
usda_flavonoid,19719,"Jams and preserves, apricot",,1900
usda_flavonoid,20004,"Barley, hulled",Hordeum vulgare L.,2000
usda_flavonoid,20008,Buckwheat,Fagopyrum esculentum Moench,2000
usda_flavonoid,20009,"Buckwheat groats, roasted, dry",,2000
usda_flavonoid,20011,"Buckwheat flour, whole-groat",,2000
usda_flavonoid,20045,"Rice, white, long-grain, regular, cooked",,2000
usda_flavonoid,20100,"Macaroni, cooked, enriched",,2000
usda_flavonoid,43201,Bee Pollen,,1900
usda_flavonoid,97003,"Grape seeds, raw",,0900
usda_flavonoid,97005,Medlar,,0900
usda_flavonoid,97007,"Strawberry tree fruit (arbutus), raw",,0900
usda_flavonoid,97034,Cacao beans,,1900
usda_flavonoid,97041,"Lettuce, not specified as to type",,1100
usda_flavonoid,97043,"Plum, red, whole, raw",,0900
usda_flavonoid,97046,"Plum, yellow, whole, raw",Prunus domestica,0900
usda_flavonoid,97049,"Nectarines, white, whole, raw",Prunus persica var. nucipersica,0900
usda_flavonoid,97054,"Peaches, white, whole, raw",,0900
usda_flavonoid,97068,"Apples, Golden Delicious, raw, without skin",,0900
usda_flavonoid,97071,"Apples, Red Delicious, raw, without skin",,0900
usda_flavonoid,97074,"Grapes, red, raw",,0900
usda_flavonoid,97077,"Plums, black diamond, with peel, raw",,0900
usda_flavonoid,97085,"Blueberries, wild (lowbush), raw",Vaccinium spp.,0900
usda_flavonoid,97088,"Persimmons, raw",,0900
usda_flavonoid,99001,"Annual saw-thistle, leaves",,1100
usda_flavonoid,99002,"Apple, skin only",,0900
usda_flavonoid,99007,"Juice, black Currant",,0900
usda_flavonoid,99009,"Celery hearts, white",,1100
usda_flavonoid,99011,"Tomatoes, cherry, raw",,1100
usda_flavonoid,99012,"Chokeberry, raw",,0900
usda_flavonoid,99014,"Corn poppy, leaves",,1100
usda_flavonoid,99016,Greek greens pie (prepared from wild greens),,1800
usda_flavonoid,99019,"Hartwort, leaves",,1100
usda_flavonoid,99021,"Lingonberries (cowberries), raw",,0900
usda_flavonoid,99022,"Marrowfat pea, canned, drained solids",,1600
usda_flavonoid,99027,"Jams and preserves, peach",,1900
usda_flavonoid,99029,"Pears without skin, raw",,0900
usda_flavonoid,99031,"Jams and preserves, plum",,1900
usda_flavonoid,99032,"Queen Anne's Lace, leaves, raw",,1100
usda_flavonoid,99035,"Honey, mixed varieties (samples obtained in Argentina, Australia, Italy, Portugaul and Spain)",,1900
usda_flavonoid,99037,"Sea buckthorn berry, raw",,0900
usda_flavonoid,99038,"Jams and preserves, sour orange",,1900
usda_flavonoid,99041,"Peppers, ancho",,1100
usda_flavonoid,99042,"Peppers, hot, yellow wax, raw",,1100
usda_flavonoid,99043,Arctic bramble berries,,0900
usda_flavonoid,99044,"Currants, red, raw",,0900
usda_flavonoid,99045,"Currants, white, raw",,0900
usda_flavonoid,99047,"Grapes, white or green, raw",Vitis vinifera,0900
usda_flavonoid,99048,"Grapes, black",Vitis vinifera,0900
usda_flavonoid,99049,"Juice, grape, black",,0900
usda_flavonoid,99050,"Juice, grape, white",,0900
usda_flavonoid,99051,"Tomatoes, plum, raw",,1100
usda_flavonoid,99052,"Rhubarb stalks, cooked",,0900
usda_flavonoid,99053,"Garlic chives, raw",,1100
usda_flavonoid,99054,"Kale, canned",,1100
usda_flavonoid,99055,"Onions, red, raw",,1100
usda_flavonoid,99056,"Onions, white, raw",,1100
usda_flavonoid,99058,"Fennel, leaves, raw",,1100
usda_flavonoid,99064,"Jams and preserves, strawberry",,1900
usda_flavonoid,99065,Bilberry soup,,0900
usda_flavonoid,99066,"Juice, crowberry",,0900
usda_flavonoid,99067,"Juice, lingonberry",,0900
usda_flavonoid,99068,"Tea, green, brewed, flavored",,1400
usda_flavonoid,99069,"Tea, green, brewed, decaffeinated",,1400
usda_flavonoid,99071,"Tea, oolong, brewed",,1400
usda_flavonoid,99073,"Currants, dried",,0900
usda_flavonoid,99074,"Alcoholic beverage, wine, berry, white",,1400
usda_flavonoid,99075,"Alcoholic beverage, wine, sherry",,1400
usda_flavonoid,99079,"Horseradish, root, whole",,1100
usda_flavonoid,99080,"Pears, without skin, cooked",,0900
usda_flavonoid,99081,"Onions, white, pan-fried",,1100
usda_flavonoid,99082,"Onions, white, cooked, boiled, drained",,1100
usda_flavonoid,99083,"Cider, apple (European)",,0900
usda_flavonoid,99086,"Buckwheat, bran",,2000
usda_flavonoid,99088,"Peppers, Californian (purchased in Hungary)",,1100
usda_flavonoid,99098,"Kale, Chinese, raw",,1100
usda_flavonoid,99102,"Crown daisy, leaves",,1100
usda_flavonoid,99104,Licorice root,,0200
usda_flavonoid,99105,"Perilla leaves, raw",,1100
usda_flavonoid,99107,Water spinach,,1100
usda_flavonoid,99108,"Vinegar, wine, white",,0200
usda_flavonoid,99109,"Vinegar, wine, red",,0200
usda_flavonoid,99110,"Juice, cranberry, raw",,0900
usda_flavonoid,99111,"Lovage, leaves, raw",,1100
usda_flavonoid,99112,"Lemon balm, leaves, raw",,1100
usda_flavonoid,99113,"Jams and preserves, forest fruit",,1900
usda_flavonoid,99114,"Jams and preserves, cherry",,1900
usda_flavonoid,99115,"Oregano, fresh",,0200
usda_flavonoid,99116,"Sage, fresh",,0200
usda_flavonoid,99117,"Tarragon, fresh",,0200
usda_flavonoid,99118,"Celery hearts, green",,1100
usda_flavonoid,99304,"Juice, sour orange",,0900
usda_flavonoid,99305,"Juice, tangelo",,0900
usda_flavonoid,99306,"Juice, tangor (e.g., murcot or temple)",,0900
usda_flavonoid,99311,"Juice, pummelo, raw",,0900
usda_flavonoid,99313,"Juice, blood orange",,0900
usda_flavonoid,99316,"Juice, tangor, diluted from frozen concentrate (ex. Murcot or temple)",,0900
usda_flavonoid,99321,"Candies, dark chocolate (purchased in the Netherlands)",,1900
usda_flavonoid,99323,"Alcoholic beverage, wine, berry, colored",,1400
usda_flavonoid,99324,"Tea, iced, lemon flavor, ready-to-drink",,1400
usda_flavonoid,99326,"Bog whortleberries, wild, frozen",,0900
usda_flavonoid,99327,"Raspberries, red, frozen",,0900
usda_flavonoid,99335,"Rowanberries, raw",,0900
usda_flavonoid,99337,"Cloudberries, raw",,0900
usda_flavonoid,99339,"Crowberries, raw",,0900
usda_flavonoid,99341,"Tea, black, ready-to-drink, plain and flavored",,1400
usda_flavonoid,99342,"Tea, black, ready-to-drink, diet, plain and flavored",,1400
usda_flavonoid,99343,"Tea, green, ready-to-drink",,1400
usda_flavonoid,99344,"Tea, instant, decaffeinated, prepared",,1400
usda_flavonoid,99347,"Grapefruit, raw (not specified as to color)",Citrus paradisi,0900
usda_flavonoid,99349,"Tea, instant, diet, prepared",,1400
usda_flavonoid,99350,"Tea, instant, sweetened with sugar, plain and flavored, prepared",,1400
usda_flavonoid,99351,"Vinegar, cider (Germany)",,0200
usda_flavonoid,99354,"Tea, green, large leaf, Quingmao, brewed",,1400
usda_flavonoid,99356,"Peppers, pimento",,1100
usda_flavonoid,99357,"Bilberry, raw",,0900
usda_flavonoid,99359,"Juice, blackberry",,0900
usda_flavonoid,99360,"Capers, raw",,0200
usda_flavonoid,99361,"Yuzu, raw",,0900
usda_flavonoid,99362,"Artichokes, Ocean Mist, boiled",,1100
usda_flavonoid,99363,"Artichokes, Ocean Mist, Microwaved",,1100
usda_flavonoid,99364,"Tree Spinach, raw",Cnidoscolus aconitifolius,1100
usda_flavonoid,99365,"Tea, fruit flavored, brewed",,1400
usda_flavonoid,99367,"Plums, purple, raw",,0900
usda_flavonoid,99368,"Jams and preserves, grape",,1900
usda_flavonoid,99369,"Peppers, cayenne, raw",,1100
usda_flavonoid,99370,"Peppers, habanero, raw",,1100
usda_flavonoid,99371,"Peppers, tabasco, raw",,1100
usda_flavonoid,99372,"Peppers, long yellow, raw",,1100
usda_flavonoid,99373,"Nalta jute, raw",,1100
usda_flavonoid,99374,Mizuna (Japanese mustard),,1100
usda_flavonoid,99376,"Hawthorn leaves, raw",,1100
usda_flavonoid,99377,"Cabbage, Chinese, choi-sum, raw",,1100
usda_flavonoid,99378,"Cabbage, Chinese, raw",,1100
usda_flavonoid,99379,"Chives, Chinese, raw",,0200
usda_flavonoid,99380,"Oregano, Mexican, fresh",,0200
usda_flavonoid,99382,"Star apple, raw",,0900
usda_flavonoid,99383,"Onion, spring, red, leaves",,1100
usda_flavonoid,99384,"Peppers, cascabella, raw",,1100
usda_flavonoid,99385,"Sweet potato, purple, cooked",,1100
usda_flavonoid,99386,"Radish leaves, raw",,1100
usda_flavonoid,99387,"Jams and preserves, guava",,1900
usda_flavonoid,99394,"Wheat, purple",,2000
usda_flavonoid,99395,"Plums, Greengage, raw",,0900
usda_flavonoid,99396,"Beans, common, raw (P. vulgaris, cv. Zolfino)","Phoaseolus vulgaris, cv. Zolfino",1600
usda_flavonoid,99397,"Juice concentrate, black currant",,0900
usda_flavonoid,99398,"Juice concentrate, chokeberry",,0900
usda_flavonoid,99399,Carob fiber (Caromax),,1600
usda_flavonoid,99400,Carob kibbles,,1600
usda_flavonoid,99402,"Juice concentrate, elderberry",,0900
usda_flavonoid,99403,"Jams and preserves, raspberry",,1900
usda_flavonoid,99404,Locust bean powder,,1600
usda_flavonoid,99406,"Jellies, grape",,1900
usda_flavonoid,99409,"Nuts, walnuts (not specified at to type, purchased in Hungary)",,1200
usda_flavonoid,99411,"Raspberries, black",,0900
usda_flavonoid,99412,"Candies, chocolate, dark",,1900
usda_flavonoid,99428,"Guava, red-fleshed",,0900
usda_flavonoid,99429,"Guava, white-fleshed",,0900
usda_flavonoid,99436,"Juice, grape, red",,0900
usda_flavonoid,99437,"Juice, strawberry",,0900
usda_flavonoid,99439,"Alcoholic beverage, wine, table, rose",,1400
usda_flavonoid,99460,"Sorghum, grain, white",,2000
usda_flavonoid,99461,"Sorghum, grain, red",,2000
usda_flavonoid,99577,"Acai, fruit pulp/skin, powder",,0900
usda_flavonoid,99582,"Tea, white, brewed",,1400
usda_flavonoid,99594,"Acai, berries, purple, fresh",,0900
usda_flavonoid,99595,"Acai, berries, purple, frozen",,0900
usda_flavonoid,99596,"Acai, berries, white, frozen",,0900
usda_flavonoid,99597,"Bananas, boiled",,0900
usda_flavonoid,99598,"Bayberries, raw",,0900
usda_flavonoid,99599,"Cabbage, napa, raw",,1100
usda_flavonoid,99600,"Cashew apple, raw",,0900
usda_flavonoid,99601,"Cedar bay cherry, raw",,0900
usda_flavonoid,99602,"Chia seeds, raw",,1200
usda_flavonoid,99603,"Cherries, sour, dry, sweetened",,0900
usda_flavonoid,99604,"Cherries, sour, dry, unsweetened",,0900
usda_flavonoid,99605,"Juice concentrate, sour cherry",,0900
usda_flavonoid,99606,"Cherries, sour, powder",,0900
usda_flavonoid,99607,"Guajiru (coco-plum), raw",,0900
usda_flavonoid,99608,"Kiwifruit, red, raw",Actinidia chinensis,0900
usda_flavonoid,99609,"Cabbage, red, pickled",,1100
usda_flavonoid,99610,"Juice, sour cherry",,0900
usda_flavonoid,99611,"Alcoholic beverage, sparkling wine, Champagne",,1400
usda_flavonoid,99612,"Cassava (yucca), boiled",,1100
usda_flavonoid,99613,"Jambul (Jambolão), raw",S. cumini,0900
usda_flavonoid,99614,"Juniper berries, ripe",Juniperus communis,0900
usda_flavonoid,99615,"Juniper berries, green, unripe",Juniperus communis,0900
usda_flavonoid,99616,Service (Saskatoon) berries,Amelanchier canadensis,0900
usda_flavonoid,99617,"Turmeric, steamed",Curcuma longa,1100
usda_flavonoid,99618,"Goji berry (wolfberry), dried",,0900
usda_flavonoid,99619,"Breadfruit, boiled",,0900
usda_flavonoid,99621,"Plum, Davidson's, raw",Davodsonia pruriens,0900
usda_flavonoid,99622,"Coconut, immature flesh, raw",,1200
usda_flavonoid,99623,"Ginger, steamed",,1100
usda_flavonoid,99624,"Jackfruit, steamed",,0900
usda_flavonoid,99625,"Jostaberry, raw",,0900
usda_flavonoid,99626,"Juice, raspberry, red",,0900
usda_flavonoid,99627,"Seaweed (Caulerpa racemosa, Nama), Green algae (sea grapes or green caviar), raw",,1100
usda_flavonoid,99628,"Seaweed (Gracilaria sp, Lumi), Red algae, raw",,1100
usda_flavonoid,99629,"Peppers, tasmanian",,1100
usda_flavonoid,99630,"Banana, dwarf, raw",Musa nana,0900
usda_flavonoid,99631,"Cranberry bush berries, raw",Viburnum opulus L.,0900
usda_flavonoid,99632,"Muntries (emu apple, native cranberry, or munthar), raw",,0900
usda_flavonoid,99633,Tropical fruit juice,,0900
usda_flavonoid,99634,"Rocket, wild, raw",Diplotaxis tenuifolia,1100
usda_flavonoid,99635,"Jabuticaba (Brazilian grape), raw",Myrciaria jaboticaba,0900
usda_flavonoid,99636,"Maqui (Chilean wineberry), raw",Aristotelia chilensis,0900
usda_flavonoid,99637,"Yam, winged or water, red, boiled",Dioscorea alata var Vurai,1100
usda_flavonoid,99638,"Yam, winged or water, white, boiled",Dioscorea alata var Vurai,1100
usda_flavonoid,99639,"Plum, Illawara, raw",Podocarpus elatus,0900
usda_flavonoid,99640,"Malacca apple, raw",Syzygium malaccense,0900
usda_flavonoid,99641,"Molucca raspberry, raw",Rubus moluccanus var. austropacificus,0900
usda_flavonoid,99642,"Pako fern, steamed",Athyrium esculentum,1100
usda_flavonoid,99643,"Beans, butter, raw",Phaseolus cocconeus,1100
usda_flavonoid,99644,"Ginger, wild",Zingiber zerumbet,1100
usda_flavonoid,99645,"Onions, spring, red, bulb",,1100
usda_flavonoid,99646,"Oregano, Mexican, dried",,0200
usda_flavonoid,99647,"Watercress, steamed",,1100
usda_flavonoid,99649,"Celery, Chinese, raw",,1100
usda_flavonoid,99650,"Grapes, Concord, raw",Vitis vinifera,0900
usda_flavonoid,99651,"Nectarines, without skin, raw",Prunus persica var. nucipersica,0900
usda_flavonoid,99653,"Blueberries, rabbiteye, raw",Vaccinium spp.,0900
usda_flavonoid,99654,"Currants, golden, raw",Ribes aureum,0900
usda_flavonoid,99655,"Bay leaves, fresh",Laurus nobilis,1100
usda_flavonoid,99656,"Tree spinach, cooked",,1100
usda_flavonoid,99657,"Cowpeas, black seed cultivar, mature seeds, raw",Vigna unguiculata Subsp. Sinensis,1600
usda_flavonoid,99658,"Chard, swiss, red leaf, raw",Beta vulgaris subsp. Vulagaris,1100
usda_flavonoid,99659,"Chard, swiss, red and white stems, raw",Beta vulgaris subsp. Vulagaris,1100
usda_flavonoid,99660,"Olives, pickled, canned or bottled, kalamata",,0900
usda_flavonoid,99661,"Eggplant, long, cooked",,1100
usda_flavonoid,99662,"Mustard greens, black, cooked, steamed",,1100
usda_flavonoid,99686,"Soybeans, black, mature seeds, raw",Glycine max,1600
usda_flavonoid,09518,"Raspberries, frozen, red, unsweetened",,0900
usda_flavonoid,09525,"Cranberry sauce, whole, canned, OCEAN SPRAY",,0900
usda_flavonoid,09526,"Cranberry sauce, jellied, canned, OCEAN SPRAY",,0900
usda_flavonoid,09552,"Raspberries, puree, seedless",,0900
usda_flavonoid,09553,"Raspberries, puree, with seeds",,0900
usda_flavonoid,09554,Raspberry juice concentrate,,0900
usda_isoflavone,01056,"Cream, sour, cultured",,0100
usda_isoflavone,01077,"Milk, whole, 3.25% milkfat",,0100
usda_isoflavone,01079,"Milk, reduced fat, fluid, 2% milkfat, with added vitamin A",,0100
usda_isoflavone,01116,"Yogurt, plain, whole milk, 8 grams protein per 8 ounce",,0100
usda_isoflavone,01123,"Egg, whole, raw, fresh",,0100
usda_isoflavone,02019,"Spices, fenugreek seed",,0200
usda_isoflavone,02046,"Mustard, prepared, yellow",,0200
usda_isoflavone,03841,"Infant formula, ABBOTT NUTRITION, SIMILAC, ISOMIL, with iron, ready-to-feed",,0300
usda_isoflavone,03843,"Infant formula, ABBOTT NUTRITION, SIMILAC, ISOMIL, with iron, powder, not reconstituted",,0300
usda_isoflavone,03890,"Infant formula, PBM PRODUCTS, ULTRA BRIGHT BEGINNINGS, Soy, ready-to-feed, (formerly WYETH-AYERST)",,0300
usda_isoflavone,03891,"Infant formula, PBM PRODUCTS, ULTRA BRIGHT BEGINNINGS, soy, liquid concentrate, (formerly WYETH-AYERST)",,0300
usda_isoflavone,03893,"Infant formula, PBM PRODUCTS, ULTRA BRIGHT BEGINNINGS, Soy, powder, (formerly WYETH-AYERST)",,0300
usda_isoflavone,03931,"Infant formula, ENFAMIL NEXT STEP, powder,  soy formula, not reconstituted",,0300
usda_isoflavone,04044,"Oil, soybean, salad or cooking",,0400
usda_isoflavone,05323,"Chicken patty, frozen, uncooked",,0500
usda_isoflavone,05327,"Chicken breast tenders, uncooked",,0500
usda_isoflavone,06016,"Soup, cream of chicken, canned, condensed",,0600
usda_isoflavone,06019,"Soup, chicken noodle, canned, condensed",,0600
usda_isoflavone,06043,"Soup, cream of mushroom, canned, condensed",,0600
usda_isoflavone,06065,"Soup, turkey noodle, canned, condensed",,0600
usda_isoflavone,06071,"Soup, vegetable beef, canned, condensed",,0600
usda_isoflavone,06075,"Soup, beef broth or bouillon, powder, dry",,0600
usda_isoflavone,06118,"Gravy, brown, dry",,0600
usda_isoflavone,06119,"Gravy, chicken, canned, ready-to-serve",,0600
usda_isoflavone,06121,"Gravy, mushroom, canned",,0600
usda_isoflavone,06122,"Gravy, mushroom, dry, powder",,0600
usda_isoflavone,06125,"Gravy, turkey, canned, ready-to-serve",,0600
usda_isoflavone,06175,"Sauce, hoisin, ready-to-serve",,0600
usda_isoflavone,06183,"Soup, chicken broth, canned, less/reduced sodium",,0600
usda_isoflavone,06194,"Soup, Chicken Broth, canned, ready-to-serve",,0600
usda_isoflavone,06419,"Soup, chicken noodle, canned, prepared with equal volume water",,0600
usda_isoflavone,06468,"Soup, vegetarian vegetable, canned, prepared with equal volume water",,0600
usda_isoflavone,06971,"Sauce, worcestershire",,0600
usda_isoflavone,06982,"Soup, ramen noodle, beef flavor, dry",,0600
usda_isoflavone,06983,"Soup, ramen noodle, chicken flavor, dry",,0600
usda_isoflavone,07022,"Frankfurter, beef",,0700
usda_isoflavone,07023,"Frankfurter, beef and pork",,0700
usda_isoflavone,07029,"Ham, sliced, regular (approximately 11% fat)",,0700
usda_isoflavone,07075,"Sausage, smoked link sausage, pork and beef",,0700
usda_isoflavone,07083,"Sausage, Vienna, canned, chicken, beef, pork",,0700
usda_isoflavone,07905,"Frankfurter, beef, pork, and turkey, fat free",,0700
usda_isoflavone,07956,"Beef sausage, fresh, cooked",,0700
usda_isoflavone,08001,"Cereals ready-to-eat, KELLOGG, KELLOGG'S ALL-BRAN Original",,0800
usda_isoflavone,08013,"Cereals ready-to-eat, GENERAL MILLS, CHEERIOS",,0800
usda_isoflavone,08020,"Cereals ready-to-eat, KELLOGG, KELLOGG'S Corn Flakes",,0800
usda_isoflavone,08060,"Cereals ready-to-eat, KELLOGG, KELLOGG'S RAISIN BRAN",,0800
usda_isoflavone,08065,"Cereals ready-to-eat, KELLOGG, KELLOGG'S RICE KRISPIES",,0800
usda_isoflavone,08067,"Cereals ready-to-eat, KELLOGG, KELLOGG'S SPECIAL K",,0800
usda_isoflavone,08090,"Cereals, corn grits, white, regular and quick, enriched, dry",,0800
usda_isoflavone,08102,"Cereals, CREAM OF WHEAT, regular, dry",,0800
usda_isoflavone,08234,"Cereals, QUAKER, oatmeal, instant, low sodium, prepared with water",,0800
usda_isoflavone,08385,"Cereals ready-to-eat, KELLOGG'S, SMART START Soy Protein",,0800
usda_isoflavone,08390,"Cereals ready-to-eat, KASHI Good Friends by Kellogg",,0800
usda_isoflavone,08393,"Cereals ready-to-eat, KASHI GOLEAN by Kellogg",,0800
usda_isoflavone,09003,"Apples, raw, with skin",,0900
usda_isoflavone,09004,"Apples, raw, without skin",,0900
usda_isoflavone,09005,"Apples, raw, without skin, cooked, boiled",,0900
usda_isoflavone,09016,"Apple juice, canned or bottled, unsweetened, without added ascorbic acid",,0900
usda_isoflavone,09021,"Apricots, raw",,0900
usda_isoflavone,09024,"Apricots, canned, juice pack, with skin, solids and liquids",,0900
usda_isoflavone,09032,"Apricots, dried, sulfured, uncooked",,0900
usda_isoflavone,09037,"Avocados, raw, all commercial varieties",,0900
usda_isoflavone,09040,"Bananas, raw",,0900
usda_isoflavone,09042,"Blackberries, raw",,0900
usda_isoflavone,09050,"Blueberries, raw",,0900
usda_isoflavone,09070,"Cherries, sweet, raw",,0900
usda_isoflavone,09078,"Cranberries, raw",,0900
usda_isoflavone,09083,"Currants, european black, raw",,0900
usda_isoflavone,09087,"Dates, deglet noor",,0900
usda_isoflavone,09089,"Figs, raw",,0900
usda_isoflavone,09094,"Figs, dried, uncooked",,0900
usda_isoflavone,09099,"Fruit cocktail, (peach and pineapple and pear and grape and cherry), canned, light syrup, solids and liquids",,0900
usda_isoflavone,09107,"Gooseberries, raw",,0900
usda_isoflavone,09112,"Grapefruit, raw, pink and red, all areas",,0900
usda_isoflavone,09116,"Grapefruit, raw, white, all areas",,0900
usda_isoflavone,09120,"Grapefruit, sections, canned, juice pack, solids and liquids",,0900
usda_isoflavone,09123,"Grapefruit juice, white, canned, unsweetened",,0900
usda_isoflavone,09148,"Kiwi fruit, (chinese gooseberries), fresh, raw",,0900
usda_isoflavone,09152,"Lemon juice, raw",,0900
usda_isoflavone,09176,"Mangos, raw",,0900
usda_isoflavone,09181,"Melons, cantaloupe, raw",,0900
usda_isoflavone,09184,"Melons, honeydew, raw",,0900
usda_isoflavone,09191,"Nectarines, raw",,0900
usda_isoflavone,09194,"Olives, ripe, canned (jumbo-super colossal)",,0900
usda_isoflavone,09200,"Oranges, raw, all commercial varieties",,0900
usda_isoflavone,09202,"Oranges, raw, navels",,0900
usda_isoflavone,09209,"Orange juice, chilled, includes from concentrate",,0900
usda_isoflavone,09218,"Tangerines, (mandarin oranges), raw",,0900
usda_isoflavone,09219,"Tangerines, (mandarin oranges), canned, juice pack",,0900
usda_isoflavone,09226,"Papayas, raw",,0900
usda_isoflavone,09231,"Passion-fruit, (granadilla), purple, raw",,0900
usda_isoflavone,09236,"Peaches, raw",,0900
usda_isoflavone,09240,"Peaches, canned, light syrup pack, solids and liquids",,0900
usda_isoflavone,09252,"Pears, raw",,0900
usda_isoflavone,09256,"Pears, canned, light syrup pack, solids and liquids",,0900
usda_isoflavone,09266,"Pineapple, raw, all varieties",,0900
usda_isoflavone,09268,"Pineapple, canned, juice pack, solids and liquids",,0900
usda_isoflavone,09277,"Plantains, raw",,0900
usda_isoflavone,09278,"Plantains, cooked",,0900
usda_isoflavone,09279,"Plums, raw",,0900
usda_isoflavone,09286,"Pomegranates, raw",,0900
usda_isoflavone,09291,"Plums, dried (prunes), uncooked",,0900
usda_isoflavone,09292,"Plums, dried (prunes), stewed, without added sugar",,0900
usda_isoflavone,09298,"Raisins, seedless",,0900
usda_isoflavone,09302,"Raspberries, raw",,0900
usda_isoflavone,09304,"Raspberries, canned, red, heavy syrup pack, solids and liquids",,0900
usda_isoflavone,09307,"Rhubarb, raw",,0900
usda_isoflavone,09316,"Strawberries, raw",,0900
usda_isoflavone,09326,"Watermelon, raw",,0900
usda_isoflavone,09433,"Clementines, raw",,0900
usda_isoflavone,11001,"Alfalfa seeds, sprouted, raw",,1100
usda_isoflavone,11011,"Asparagus, raw",,1100
usda_isoflavone,11012,"Asparagus, cooked, boiled, drained",,1100
usda_isoflavone,11038,"Lima beans, immature seeds, frozen, fordhook, cooked, boiled, drained, without salt",,1100
usda_isoflavone,11043,"Mung beans, mature seeds, sprouted, raw",,1100
usda_isoflavone,11052,"Beans, snap, green, raw",,1100
usda_isoflavone,11053,"Beans, snap, green, cooked, boiled, drained, without salt",,1100
usda_isoflavone,11060,"Beans, snap, green, frozen, all styles, unprepared",,1100
usda_isoflavone,11061,"Beans, snap, green, frozen, cooked, boiled, drained without salt",,1100
usda_isoflavone,11080,"Beets, raw",,1100
usda_isoflavone,11081,"Beets, cooked, boiled, drained",,1100
usda_isoflavone,11088,"Broadbeans, immature seeds, raw",,1100
usda_isoflavone,11090,"Broccoli, raw",,1100
usda_isoflavone,11091,"Broccoli, cooked, boiled, drained, without salt",,1100
usda_isoflavone,11098,"Brussels sprouts, raw",,1100
usda_isoflavone,11099,"Brussels sprouts, cooked, boiled, drained, without salt",,1100
usda_isoflavone,11109,"Cabbage, raw",,1100
usda_isoflavone,11110,"Cabbage, cooked, boiled, drained, without salt",,1100
usda_isoflavone,11112,"Cabbage, red, raw",,1100
usda_isoflavone,11113,"Cabbage, red, cooked, boiled, drained, without salt",,1100
usda_isoflavone,11114,"Cabbage, savoy, raw",,1100
usda_isoflavone,11115,"Cabbage, savoy, cooked, boiled, drained, without salt",,1100
usda_isoflavone,11116,"Cabbage, chinese (pak-choi), raw",,1100
usda_isoflavone,11124,"Carrots, raw",,1100
usda_isoflavone,11125,"Carrots, cooked, boiled, drained, without salt",,1100
usda_isoflavone,11126,"Carrots, canned, regular pack, solids and liquids",,1100
usda_isoflavone,11135,"Cauliflower, raw",,1100
usda_isoflavone,11136,"Cauliflower, cooked, boiled, drained, without salt",,1100
usda_isoflavone,11141,"Celeriac, raw",,1100
usda_isoflavone,11142,"Celeriac, cooked, boiled, drained, without salt",,1100
usda_isoflavone,11143,"Celery, raw",,1100
usda_isoflavone,11144,"Celery, cooked, boiled, drained, without salt",,1100
usda_isoflavone,11152,"Chicory greens, raw",,1100
usda_isoflavone,11161,"Collards, raw",,1100
usda_isoflavone,11162,"Collards, cooked, boiled, drained, without salt",,1100
usda_isoflavone,11167,"Corn, sweet, yellow, raw",,1100
usda_isoflavone,11168,"Corn, sweet, yellow, cooked, boiled, drained, without salt",,1100
usda_isoflavone,11203,"Cress, garden, raw",,1100
usda_isoflavone,11205,"Cucumber, with peel, raw",,1100
usda_isoflavone,11206,"Cucumber, peeled, raw",,1100
usda_isoflavone,11209,"Eggplant, raw",,1100
usda_isoflavone,11210,"Eggplant, cooked, boiled, drained, without salt",,1100
usda_isoflavone,11215,"Garlic, raw",,1100
usda_isoflavone,11233,"Kale, raw",,1100
usda_isoflavone,11246,"Leeks, (bulb and lower leaf-portion), raw",,1100
usda_isoflavone,11247,"Leeks, (bulb and lower leaf-portion), cooked, boiled, drained, without salt",,1100
usda_isoflavone,11251,"Lettuce, cos or romaine, raw",,1100
usda_isoflavone,11252,"Lettuce, iceberg (includes crisphead types), raw",,1100
usda_isoflavone,11260,"Mushrooms, white, raw",,1100
usda_isoflavone,11261,"Mushrooms, cooked, boiled, drained, without salt",,1100
usda_isoflavone,11278,"Okra, raw",,1100
usda_isoflavone,11282,"Onions, raw",,1100
usda_isoflavone,11283,"Onions, cooked, boiled, drained, without salt",,1100
usda_isoflavone,11292,"Onions, young green, tops only",,1100
usda_isoflavone,11298,"Parsnips, raw",,1100
usda_isoflavone,11299,"Parsnips, cooked, boiled, drained, without salt",,1100
usda_isoflavone,11300,"Peas, edible-podded, raw",,1100
usda_isoflavone,11304,"Peas, green, raw",,1100
usda_isoflavone,11305,"Peas, green, cooked, boiled, drained, without salt",,1100
usda_isoflavone,11306,"Peas, green, canned, regular pack, solids and liquids",,1100
usda_isoflavone,11312,"Peas, green, frozen, unprepared",,1100
usda_isoflavone,11313,"Peas, green, frozen, cooked, boiled, drained, without salt",,1100
usda_isoflavone,11333,"Peppers, sweet, green, raw",,1100
usda_isoflavone,11352,"Potato, flesh and skin, raw",,1100
usda_isoflavone,11355,"Potatoes, red, flesh and skin, raw",,1100
usda_isoflavone,11358,"Potatoes, red, flesh and skin, baked",,1100
usda_isoflavone,11360,"Potatoes, french fried, crinkle or regular cut, salt added in processing, frozen, oven-heated",,1100
usda_isoflavone,11365,"Potatoes, boiled, cooked in skin, flesh, without salt",,1100
usda_isoflavone,11367,"Potatoes, boiled, cooked without skin, flesh, without salt",,1100
usda_isoflavone,11422,"Pumpkin, raw",,1100
usda_isoflavone,11423,"Pumpkin, cooked, boiled, drained, without salt",,1100
usda_isoflavone,11429,"Radishes, raw",,1100
usda_isoflavone,11435,"Rutabagas, raw",,1100
usda_isoflavone,11436,"Rutabagas, cooked, boiled, drained, without salt",,1100
usda_isoflavone,11450,"Soybeans, green, raw (includes edamame)",,1100
usda_isoflavone,11451,"Soybeans, green, cooked, boiled, drained, without salt (includes edamame)",,1100
usda_isoflavone,11452,"Soybeans, mature seeds, sprouted, raw",,1100
usda_isoflavone,11453,"Soybeans, mature seeds, sprouted, cooked, steamed",,1100
usda_isoflavone,11457,"Spinach, raw",,1100
usda_isoflavone,11458,"Spinach, cooked, boiled, drained, without salt",,1100
usda_isoflavone,11468,"Squash, summer, crookneck and straightneck, cooked, boiled, drained, without salt",,1100
usda_isoflavone,11477,"Squash, summer, zucchini, includes skin, raw",,1100
usda_isoflavone,11478,"Squash, summer, zucchini, includes skin, cooked, boiled, drained, without salt",,1100
usda_isoflavone,11486,"Squash, winter, butternut, cooked, baked, without salt",,1100
usda_isoflavone,11507,"Sweet potato, raw, unprepared",,1100
usda_isoflavone,11510,"Sweet potato, cooked, boiled, without skin",,1100
usda_isoflavone,11529,"Tomatoes, red, ripe, raw, year round average",,1100
usda_isoflavone,11564,"Turnips, raw",,1100
usda_isoflavone,11565,"Turnips, cooked, boiled, drained, without salt",,1100
usda_isoflavone,11578,"Vegetable juice cocktail, canned",,1100
usda_isoflavone,11591,"Watercress, raw",,1100
usda_isoflavone,11667,"Seaweed, spirulina, dried",,1100
usda_isoflavone,11670,"Peppers, hot chili, green, raw",,1100
usda_isoflavone,11697,"Arrowroot, raw",,1100
usda_isoflavone,11935,Catsup,,1100
usda_isoflavone,11957,"Fennel, bulb, raw",,1100
usda_isoflavone,11963,"Nopales, raw",,1100
usda_isoflavone,12023,"Seeds, sesame seeds, whole, dried",,1200
usda_isoflavone,12036,"Seeds, sunflower seed kernels, dried",,1200
usda_isoflavone,12038,"Seeds, sunflower seed kernels, oil roasted, without salt",,1200
usda_isoflavone,12061,"Nuts, almonds",,1200
usda_isoflavone,12078,"Nuts, brazilnuts, dried, unblanched",,1200
usda_isoflavone,12087,"Nuts, cashew nuts, raw",,1200
usda_isoflavone,12097,"Nuts, chestnuts, european, raw, unpeeled",,1200
usda_isoflavone,12101,"Nuts, chestnuts, european, boiled and steamed",,1200
usda_isoflavone,12104,"Nuts, coconut meat, raw",,1200
usda_isoflavone,12108,"Nuts, coconut meat, dried (desiccated), not sweetened",,1200
usda_isoflavone,12120,"Nuts, hazelnuts or filberts",,1200
usda_isoflavone,12142,"Nuts, pecans",,1200
usda_isoflavone,12151,"Nuts, pistachio nuts, raw",,1200
usda_isoflavone,12155,"Nuts, walnuts, english",,1200
usda_isoflavone,12220,"Seeds, flaxseed",,1200
usda_isoflavone,14003,"Alcoholic beverage, beer, regular, all",,1400
usda_isoflavone,14006,"Alcoholic beverage, beer, light",,1400
usda_isoflavone,14106,"Alcoholic beverage, wine, table, white",,1400
usda_isoflavone,14201,"Coffee, brewed from grounds, prepared with tap water, decaffeinated",,1400
usda_isoflavone,14209,"Coffee, brewed from grounds, prepared with tap water",,1400
usda_isoflavone,14242,"Cranberry juice cocktail, bottled",,1400
usda_isoflavone,14355,"Tea, brewed, prepared with tap water",,1400
usda_isoflavone,14602,"Alcoholic Beverage, wine, table, red, Merlot",,1400
usda_isoflavone,15138,"Crustaceans, crab, alaska king, imitation, made from surimi",,1500
usda_isoflavone,15184,"Fish, tuna, light, canned in water, without salt, drained solids",,1500
usda_isoflavone,15185,"Fish, tuna, white, canned in oil, without salt, drained solids",,1500
usda_isoflavone,16001,"Beans, adzuki, mature seeds, raw",,1600
usda_isoflavone,16006,"Beans, baked, canned, plain or vegetarian",,1600
usda_isoflavone,16009,"Beans, baked, canned, with pork",,1600
usda_isoflavone,16014,"Beans, black, mature seeds, raw",,1600
usda_isoflavone,16018,"Beans, black turtle soup, mature seeds, canned",,1600
usda_isoflavone,16019,"Beans, cranberry (roman), mature seeds, raw",,1600
usda_isoflavone,16024,"Beans, great northern, mature seeds, raw",,1600
usda_isoflavone,16027,"Beans, kidney, all types, mature seeds, raw",,1600
usda_isoflavone,16028,"Beans, kidney, all types, mature seeds, cooked, boiled, without salt",,1600
usda_isoflavone,16032,"Beans, kidney, red, mature seeds, raw",,1600
usda_isoflavone,16033,"Beans, kidney, red, mature seeds, cooked, boiled, without salt",,1600
usda_isoflavone,16034,"Beans, kidney, red, mature seeds, canned",,1600
usda_isoflavone,16037,"Beans, navy, mature seeds, raw",,1600
usda_isoflavone,16040,"Beans, pink, mature seeds, raw",,1600
usda_isoflavone,16042,"Beans, pinto, mature seeds, raw",,1600
usda_isoflavone,16045,"Beans, small white, mature seeds, raw",,1600
usda_isoflavone,16047,"Beans, yellow, mature seeds, raw",,1600
usda_isoflavone,16049,"Beans, white, mature seeds, raw",,1600
usda_isoflavone,16050,"Beans, white, mature seeds, cooked, boiled, without salt",,1600
usda_isoflavone,16052,"Broadbeans (fava beans), mature seeds, raw",,1600
usda_isoflavone,16053,"Broadbeans (fava beans), mature seeds, cooked, boiled, without salt",,1600
usda_isoflavone,16054,"Broadbeans (fava beans), mature seeds, canned",,1600
usda_isoflavone,16056,"Chickpeas (garbanzo beans, bengal gram), mature seeds, raw",,1600
usda_isoflavone,16057,"Chickpeas (garbanzo beans, bengal gram), mature seeds, cooked, boiled, without salt",,1600
usda_isoflavone,16058,"Chickpeas (garbanzo beans, bengal gram), mature seeds, canned",,1600
usda_isoflavone,16062,"Cowpeas, common (blackeyes, crowder, southern), mature seeds, raw",,1600
usda_isoflavone,16069,"Lentils, green, mature seeds, raw",,1600
usda_isoflavone,16070,"Lentils, green, mature seeds, cooked, boiled, without salt",,1600
usda_isoflavone,16071,"Lima beans, large, mature seeds, raw",,1600
usda_isoflavone,16072,"Lima beans, large, mature seeds, cooked, boiled, without salt",,1600
usda_isoflavone,16074,"Lima beans, thin seeded (baby), mature seeds, raw",,1600
usda_isoflavone,16076,"Lupins, mature seeds, raw",,1600
usda_isoflavone,16080,"Mung beans, mature seeds, raw",,1600
usda_isoflavone,16081,"Mung beans, mature seeds, cooked, boiled, without salt",,1600
usda_isoflavone,16083,"Mungo beans, mature seeds, raw",,1600
usda_isoflavone,16085,"Peas, split, green, mature seeds, raw",,1600
usda_isoflavone,16086,"Peas, split, green, mature seeds, cooked, boiled, without salt",,1600
usda_isoflavone,16087,"Peanuts, all types, raw",,1600
usda_isoflavone,16089,"Peanuts, all types, oil-roasted, with salt",,1600
usda_isoflavone,16090,"Peanuts, all types, dry-roasted, with salt",,1600
usda_isoflavone,16098,"Peanut butter, smooth style, with salt",,1600
usda_isoflavone,16101,"Pigeon peas (red gram), mature seeds, raw",,1600
usda_isoflavone,16104,"Bacon, meatless",,1600
usda_isoflavone,16107,"Sausage, meatless",,1600
usda_isoflavone,16108,"Soybeans, mature seeds, raw (all sources)",,1600
usda_isoflavone,16109,"Soybeans, mature seeds, cooked, boiled, without salt",,1600
usda_isoflavone,16111,"Soybeans, mature seeds, dry roasted (includes soy nuts)",,1600
usda_isoflavone,16112,Miso,,1600
usda_isoflavone,16113,Natto,,1600
usda_isoflavone,16114,Tempeh,,1600
usda_isoflavone,16115,"Soy flour, full-fat, raw",,1600
usda_isoflavone,16116,"Soy flour, full-fat, roasted",,1600
usda_isoflavone,16117,"Soy flour, defatted",,1600
usda_isoflavone,16119,"Soy meal, defatted, raw",,1600
usda_isoflavone,16120,"Soymilk, original and vanilla, unfortified",,1600
usda_isoflavone,16121,"Soy protein concentrate, produced by alcohol extraction",,1600
usda_isoflavone,16122,Soy protein isolate,,1600
usda_isoflavone,16123,Soy sauce made from soy and wheat (shoyu),,1600
usda_isoflavone,16125,Soy sauce made from hydrolyzed vegetable protein,,1600
usda_isoflavone,16126,"Tofu, firm, prepared with calcium sulfate and magnesium chloride (nigari)",,1600
usda_isoflavone,16127,"Tofu, soft, prepared with calcium sulfate and magnesium chloride (nigari)",,1600
usda_isoflavone,16128,"Tofu, dried-frozen (koyadofu)",,1600
usda_isoflavone,16129,"Tofu, fried",,1600
usda_isoflavone,16130,"Tofu, okara",,1600
usda_isoflavone,16132,"Tofu, salted and fermented (fuyu)",,1600
usda_isoflavone,16139,"Soymilk, original and vanilla, with added caclium, vitamins A and D",,1600
usda_isoflavone,16147,"Veggie burgers or soyburgers, unprepared",,1600
usda_isoflavone,16150,"Peanut butter, smooth, reduced fat",,1600
usda_isoflavone,16158,"Hummus, commercial",,1600
usda_isoflavone,16159,"Tofu, extra firm, prepared with nigari",,1600
usda_isoflavone,16162,"Tofu, MORI-NU, silken, firm",,1600
usda_isoflavone,16168,"Soymilk, fluid, chocolate, with added caclium, vitamins A and D",,1600
usda_isoflavone,16173,"Chicken nuggets, meatless, canned, prepared (WORTHINGTON FriChik)",,1600
usda_isoflavone,16174,"Tempeh, cooked",,1600
usda_isoflavone,16229,"Soymilk (All flavors), lowfat, with added calcium, vitamins A and D",,1600
usda_isoflavone,16230,"Soymilk (all flavors), nonfat, with added calcium, vitamins A and D",,1600
usda_isoflavone,16427,"Tofu, raw, regular, prepared with calcium sulfate",,1600
usda_isoflavone,16513,"Chicken nuggets, meatless, canned, unprepared (WORTHINGTON FriChik)",,1600
usda_isoflavone,16546,"Sausage links, meatless, unprepared (MORNINGSTAR FARMS Veggie Sausage Links)",,1600
usda_isoflavone,16557,"Chicken patties, meatless (MORNINGSTAR FARMS Chik Patties Original)",,1600
usda_isoflavone,18029,"Bread, french or vienna (includes sourdough)",,1800
usda_isoflavone,18035,"Bread, Multi-Grain (includes whole-grain)",,1800
usda_isoflavone,18037,"Bread, oat bran",,1800
usda_isoflavone,18060,"Bread, rye",,1800
usda_isoflavone,18064,"Bread, wheat",,1800
usda_isoflavone,18068,"Bread, wheat germ",,1800
usda_isoflavone,18069,"Bread, white, commercially prepared (includes soft bread crumbs)",,1800
usda_isoflavone,18075,"Bread, whole-wheat, commercially prepared",,1800
usda_isoflavone,18079,"Bread crumbs, dry, grated, plain",,1800
usda_isoflavone,18081,"Bread stuffing, bread, dry mix",,1800
usda_isoflavone,18101,"Cake, chocolate, prepared from recipe without frosting",,1800
usda_isoflavone,18127,"Cake, snack cakes, creme-filled, chocolate with frosting",,1800
usda_isoflavone,18128,"Cake, snack cakes, creme-filled, sponge",,1800
usda_isoflavone,18133,"Cake, sponge, commercially prepared",,1800
usda_isoflavone,18150,"Cookies, animal crackers (includes arrowroot, tea biscuits)",,1800
usda_isoflavone,18159,"Cookies, chocolate chip, commercially prepared, reg, higher fat, enriched",,1800
usda_isoflavone,18216,"Crackers, crispbread, rye",,1800
usda_isoflavone,18217,"Crackers, matzo, plain",,1800
usda_isoflavone,18248,"Doughnuts, cake-type, plain (includes unsugared, old-fashioned)",,1800
usda_isoflavone,18249,"Doughnuts, cake-type, plain, chocolate-coated or frosted",,1800
usda_isoflavone,18250,"Doughnuts, cake-type, plain, sugared or glazed",,1800
usda_isoflavone,18255,"Doughnuts, yeast-leavened, glazed, enriched (includes honey buns)",,1800
usda_isoflavone,18290,"Pancakes, plain, dry mix, complete, prepared",,1800
usda_isoflavone,18301,"Pie, apple, commercially prepared, enriched flour",,1800
usda_isoflavone,18326,"Pie, pumpkin, commercially prepared",,1800
usda_isoflavone,18342,"Rolls, dinner, plain, commercially prepared (includes brown-and-serve)",,1800
usda_isoflavone,18356,"Sweet rolls, cinnamon, commercially prepared with raisins",,1800
usda_isoflavone,18364,"Tortillas, ready-to-bake or -fry, flour",,1800
usda_isoflavone,18376,"Bread crumbs, dry, grated, seasoned",,1800
usda_isoflavone,19015,"Snacks, granola bars, hard, plain",,2500
usda_isoflavone,19016,"Snacks, granola bars, hard, almond",,2500
usda_isoflavone,19033,"Snacks, CHEX mix",,2500
usda_isoflavone,19042,"Snacks, potato chips, barbecue-flavor",,2500
usda_isoflavone,19056,"Snacks, tortilla chips, plain, white corn",,2500
usda_isoflavone,19205,"Egg custards, dry mix, prepared with 2% milk",,1900
usda_isoflavone,19218,"Puddings, tapioca, ready-to-eat",,1900
usda_isoflavone,19314,"Pie fillings, canned, cherry",,1900
usda_isoflavone,19411,"Snacks, potato chips, plain, salted",,2500
usda_isoflavone,20005,"Barley, pearled, raw",,2000
usda_isoflavone,20016,"Corn flour, whole-grain, yellow",,2000
usda_isoflavone,20020,"Cornmeal, whole-grain, yellow",,2000
usda_isoflavone,20029,"Couscous, cooked",,2000
usda_isoflavone,20036,"Rice, brown, long-grain, raw",,2000
usda_isoflavone,20037,"Rice, brown, long-grain, cooked",,2000
usda_isoflavone,20038,Oats,,2000
usda_isoflavone,20044,"Rice, white, long-grain, regular, raw, enriched",,2000
usda_isoflavone,20045,"Rice, white, long-grain, regular, cooked",,2000
usda_isoflavone,20047,"Rice, white, long-grain, parboiled, enriched, cooked",,2000
usda_isoflavone,20066,"Semolina, enriched",,2000
usda_isoflavone,20077,"Wheat bran, crude",,2000
usda_isoflavone,20080,"Wheat flour, whole-grain",,2000
usda_isoflavone,20081,"Wheat flour, white, all-purpose, enriched, bleached",,2000
usda_isoflavone,20088,"Wild rice, raw",,2000
usda_isoflavone,20095,"Pasta, fresh-refrigerated, spinach, as purchased",,2000
usda_isoflavone,20100,"Macaroni, cooked, enriched",,2000
usda_isoflavone,20109,"Noodles, egg, dry, enriched",,2000
usda_isoflavone,20110,"Noodles, egg, cooked, enriched",,2000
usda_isoflavone,20120,"Spaghetti, dry, enriched",,2000
usda_isoflavone,20121,"Spaghetti, cooked, enriched, without added salt",,2000
usda_isoflavone,20124,"Spaghetti, whole-wheat, dry",,2000
usda_isoflavone,20125,"Spaghetti, whole-wheat, cooked",,2000
usda_isoflavone,21322,"McDONALD'S, Warm Cinnamon Roll",,2100
usda_isoflavone,22116,"Franks, meatless, canned, prepared (LOMA LINDA Big Franks)",,1600
usda_isoflavone,22122,"Sausage patties, meatless (MORNINGSTAR FARMS Veggie Sausage Patties)",,1600
usda_isoflavone,22126,"Franks, meatless, canned, unprepared (LOMA LINDA Big Franks)",,1600
usda_isoflavone,22518,"CHEF BOYARDEE Spaghetti and Meatballs in tomato Sauce, canned entree",,2200
usda_isoflavone,22720,"HORMEL Vegetarian Chili with Beans, canned entree",,2200
usda_isoflavone,22903,"Pizza, pepperoni topping, regular crust, frozen, cooked",,2100
usda_isoflavone,22904,"Chili con carne with beans, canned entree",,2200
usda_isoflavone,22910,"Lasagna, Cheese, frozen, prepared",,2200
usda_isoflavone,22911,"Chili, no beans, canned entree",,2200
usda_isoflavone,22932,"CAMPBELL Soup Company, SPAGHETTIOS, SpaghettiOs A to Z's",,2200
usda_isoflavone,23501,"USDA Commodity, beef patties with VPP, frozen, cooked",,1300
usda_isoflavone,23506,"USDA Commodity, beef patties with VPP, frozen, raw",,1300
usda_isoflavone,23567,"Beef, ground, 85% lean meat / 15% fat, raw",,1300
usda_isoflavone,25013,"Snacks, FRITOLAY, SUNCHIPS, Multigrain Snack, original flavor",,2500
usda_isoflavone,25017,"Formulated bar, POWER BAR, chocolate",,2500
usda_isoflavone,42178,"Mayonnaise, made with tofu",,0400
usda_isoflavone,42237,"Cereals ready-to-eat, WEETABIX WHOLE WHEAT CEREAL",,0800
usda_isoflavone,42299,"Oil, canola and soybean",,0400
usda_isoflavone,43130,"Frankfurter, meatless (purchased in Germany)",,1600
usda_isoflavone,43212,"Bacon bits, meatless",,1600
usda_isoflavone,43476,Tofu yogurt,,1600
usda_isoflavone,43528,"Ensure plus, liquid nutrition",,0100
usda_isoflavone,97068,"Apples, Golden Delicious, raw, without skin",,0900
usda_isoflavone,97069,"Apples, Golden Delicious, raw, with skin",,0900
usda_isoflavone,97070,"Apples, Granny Smith, raw, with skin",,0900
usda_isoflavone,99001,9-grain bread,,1800
usda_isoflavone,99002,"Miso soup mix, dry",,0600
usda_isoflavone,99003,"Alfalfa seeds, sprouted, raw,  mixed with clover seeds, sprouted, raw",,1100
usda_isoflavone,99008,"Broadbeans, fried",,1600
usda_isoflavone,99009,"Clover sprouts, raw",,1100
usda_isoflavone,99010,"Bread, country rye, Finland",,1800
usda_isoflavone,99014,"Soymilk, iced",,1600
usda_isoflavone,99018,"Instant beverage, soy, powder,  not reconstituted",,1600
usda_isoflavone,99019,"Kala chana, mature seeds, raw",,1600
usda_isoflavone,99020,Lapacho tea (Tecoma heptaphylla),,1400
usda_isoflavone,99021,"Lingonberries (cowberries), raw",,0900
usda_isoflavone,99026,"Beans, red, mature seeds, raw",,1600
usda_isoflavone,99029,"Pears without skin, raw",,0900
usda_isoflavone,99030,"Soybeans, mature seeds, raw (Brazil)",,1600
usda_isoflavone,99034,"Soybean, curd, fermented",,1600
usda_isoflavone,99035,"Soybeans, flakes, defatted",,1600
usda_isoflavone,99036,"Soybeans, flakes, full-fat",,1600
usda_isoflavone,99038,Soy paste,,1600
usda_isoflavone,99040,"Soybeans, mature seeds, raw (Taiwan)",,1600
usda_isoflavone,99041,"Soy cheese, cheddar",,1600
usda_isoflavone,99042,"Soy cheese, unspecified",,1600
usda_isoflavone,99043,Soy drink,,1600
usda_isoflavone,99044,"Currants, red, raw",,0900
usda_isoflavone,99045,Soy fiber,,1600
usda_isoflavone,99047,"Grapes, white or green, raw",,0900
usda_isoflavone,99048,"Grapes, black",,0900
usda_isoflavone,99049,"Soy noodles, flat",,1600
usda_isoflavone,99052,"Rhubarb stalks, cooked",,0900
usda_isoflavone,99053,"Soymilk skin or film (Foo jook or yuba), raw",,1600
usda_isoflavone,99054,"Soy cheese, mozzarella",,1600
usda_isoflavone,99056,"Soy cheese, parmesan",,1600
usda_isoflavone,99060,"Soy protein concentrate, aqueous washed",,1600
usda_isoflavone,99063,"Soy-based liquid formula for adults, ABBOTT NUTRITION, ENRICH",,1600
usda_isoflavone,99064,"Soy-based liquid formula for adults, ABBOTT NUTRITION, GLUCERNA",,1600
usda_isoflavone,99065,"Soy-based liquid formula for adults, ABBOTT NUTRITION, JEVITY ISOTONIC",,1600
usda_isoflavone,99070,"Tea, green, brewed",,1400
usda_isoflavone,99072,Soybean chips,,1600
usda_isoflavone,99073,"Currants, dried",,0900
usda_isoflavone,99080,Soy flour (textured),,1600
usda_isoflavone,99081,Tempeh burger,,1600
usda_isoflavone,99084,"Tofu, AZUMAYA, extra firm, cooked (steamed)",,1600
usda_isoflavone,99085,"Tofu, AZUMAYA, firm, cooked",,1600
usda_isoflavone,99086,"Tofu, soft, VITASOY-silken",,1600
usda_isoflavone,99092,"Soybeans, mature seeds, raw (Japan)",,1600
usda_isoflavone,99093,"Soybeans, mature seeds, raw (Korea)",,1600
usda_isoflavone,99096,"Soymilk skin or film (Foo jook or yuba), cooked",,1600
usda_isoflavone,99097,"Tofu, pressed (Tau kwa), raw",,1600
usda_isoflavone,99100,"Soybeans, green, mature seeds, raw",,1600
usda_isoflavone,99105,"Soybean butter, full fat, Worthington Foods, Inc.",,1600
usda_isoflavone,99106,"Tea, jasmine, Twinings",,1400
usda_isoflavone,99107,"Tea, green, Japan",,1400
usda_isoflavone,99111,"Soy hot dog, frozen, unprepared",,1600
usda_isoflavone,99337,"Cloudberries, raw",,0900
usda_isoflavone,99395,"Plums, Greengage, raw",,0900
usda_isoflavone,99423,"Olive oil, extra-virgin",,0400
usda_isoflavone,99457,"Peas, yellow, mature seeds, raw",,1600
usda_isoflavone,99468,"Bread, sweet (King's Hawaiian)",,1800
usda_isoflavone,99469,"Broccoli, green sprouting (calabrese), raw",,1100
usda_isoflavone,99470,"Broccoli, green sprouting (calabrese), cooked",,1100
usda_isoflavone,99471,"Soy cheese, swiss",,1600
usda_isoflavone,99472,"Soy cheese, American",,1600
usda_isoflavone,99474,"Licorice, black, soft candy",,1900
usda_isoflavone,99475,"Chips, potato, sweet onion",,2500
usda_isoflavone,99476,"Bread, taro rolls",,1800
usda_isoflavone,99477,"Cereals ready-to-eat, KELLOGG, KELLOGG'S BRAN FLAKES (Purchased in the United Kingdom)",,0800
usda_isoflavone,99478,"Cereals ready-to-eat, KELLOGG, KELLOGG'S COCO POPS (Purchased in the United Kingdom)",,0800
usda_isoflavone,99479,"Cereals ready-to-eat, KELLOGG, KELLOGG'S CRUNCHY NUT CORN FLAKES (Purchased in the United Kingdom)",,0800
usda_isoflavone,99480,"Cereals ready-to-eat, KELLOGG, KELLOGG'S FROSTIES  (Purchased in the United Kingdom)",,0800
usda_isoflavone,99481,"Cereals ready-to-eat, KELLOGG, KELLOGG'S FRUIT AND FIBER  (Purchased in the United Kingdom)",,0800
usda_isoflavone,99482,"Cereals ready-to-eat, KELLOGG, KELLOGG'S RICICLES  (Purchased in the United Kingdom)",,0800
usda_isoflavone,99483,"Cereals ready-to-eat, KELLOGG, KELLOGG'S START  (Purchased in the United Kingdom)",,0800
usda_isoflavone,99484,"Cereals ready-to-eat, KELLOGG, KELLOGG'S SULTANA BRAN  (Purchased in the United Kingdom)",,0800
usda_isoflavone,99485,"Ensure, liquid nutrition",,0100
usda_isoflavone,99486,"Beans, common, raw (Phaseolus vulgaris)",,1600
usda_isoflavone,99488,"Soybeans, mature seeds, raw (China)",,1600
usda_isoflavone,99489,"Potatoes, new, raw",,1100
usda_isoflavone,99490,"Potaotes, new, cooked",,1100
usda_isoflavone,99491,"Ravioli, canned with beef in tomato sauce",,2200
usda_isoflavone,99492,"Beans, scarlet runner, mature seeds, raw",,1600
usda_isoflavone,99493,"Beans, scarlet runner, mature seeds, cooked",,1600
usda_isoflavone,99494,Miso soup,,0600
usda_isoflavone,99495,"Tofu, silken",,1600
usda_isoflavone,99496,"Sweet sauce, fermented (Kecap manis, purchased in Indoensia)",,0600
usda_isoflavone,99497,Sufu,,1600
usda_isoflavone,99498,Oncom,,1600
usda_isoflavone,99499,"Oncom, fried",,1600
usda_isoflavone,99500,"Tempeh, fried",,1600
usda_isoflavone,99501,"Soup, New England Clam Chowder",,0600
usda_isoflavone,99502,"Soup, pea, reheated",,0600
usda_isoflavone,99503,"Black bean, sauce",,0600
usda_isoflavone,99504,"Pudding, made with soymilk",,1900
usda_isoflavone,99505,"Melons, galia, raw",,0900
usda_isoflavone,99506,"Frankfurter, beef, fat free",,0700
usda_isoflavone,99507,"Frankfurter, pork and chicken, lite",,0700
usda_isoflavone,99508,"English muffins, with added soy flour or soy protein",,1800
usda_isoflavone,99509,"Doughnuts, with added soy lfour or soy protein",,1800
usda_isoflavone,99510,Soy yogurt,,1600
usda_isoflavone,99511,Soy lecithin,,1600
usda_isoflavone,99512,"Beans, adzuki, mature seeds, canned",,1600
usda_isoflavone,99513,"Lychees, canned, syrup",,0900
usda_isoflavone,99514,"Squash, summer, zucchini, without skin, cooked",,1100
usda_isoflavone,99515,"Bread, white, commercially prepared, with added soy flour or soy protein",,1800
usda_isoflavone,99516,"Bread, whole grain, commercially prepared, with added soy flour or soy protein",,1800
usda_isoflavone,99517,"Bread, whole meal, commercially prepared, with added soy flour or soy protein",,1800
usda_isoflavone,99518,"Bread, flax, commercially prepared",,1800
usda_isoflavone,99519,"Bread, sesame, commercially prepared",,1800
usda_isoflavone,99520,"Soybeans, mature seeds, canned",,1600
usda_isoflavone,99521,"Cranberries, boiled",,0900
usda_isoflavone,99522,"Cereals ready-to-eat, Ready Brek (Purchased in the United Kingdom)",,0800
usda_isoflavone,99523,"Bread, brown (Purchsed in the United Kingdom)",,1800
usda_isoflavone,99524,"Bread, granary (Purchsed in the United Kingdom)",,1800
usda_isoflavone,99526,"Mango, canned, syrup pack",,0900
usda_isoflavone,99527,"Stawberries, canned in syrup",,0900
usda_isoflavone,99528,"Bar, TIGER'S MILK PROTEIN RICH",,2500
usda_isoflavone,99529,"Tofu, firm, cooked",,1600
usda_isoflavone,99531,Museli,,0800
usda_isoflavone,99532,"Cereals ready-to-eat, NESTLES SHREDDIES (Purchased in the United Kingdom)",,0800
usda_isoflavone,99533,"Non-dairy creamer, with added soy flour or soy protein",,0100
usda_isoflavone,99534,"Bread, soy and linseed (purchased in Australia)",,1800
usda_isoflavone,99535,"Soy cheese, Monterey Jack, fat-free",,1600
usda_isoflavone,99536,"Lasagna, vegetable, commercially prepared (Purchased in the United Kingdom)",,2200
usda_isoflavone,99538,"Formulated bar, Cliff Bar Crunchy Peanut Butter Flavor",,2500
usda_isoflavone,99539,"Formulated bar, Cliff Luna Nuts Over Chocolate Flavor",,2500
usda_isoflavone,99540,"Tofu, firm, braised",,1600
usda_isoflavone,99541,"Tofu, smoked",,1600
usda_isoflavone,99542,Sago,,2000
usda_isoflavone,99543,"Sauce mix, Betty Crocker, Hamburger Helper",,0600
usda_isoflavone,99544,"Sauce mix, Scalloped potatoes",,0600
usda_isoflavone,99545,"Sauce mix, Betty Crocker, Tuna Helper",,0600
usda_isoflavone,99546,"Sauce mx, Rice-A-Roni, beef flavor",,0600
usda_isoflavone,99547,"Sauce mx, Rice-A-Roni, chicken flavor",,0600
usda_isoflavone,99548,"Peanut butter spread, reducd fat",,1600
usda_isoflavone,99549,"Broccoli sprouts, raw",,1100
usda_isoflavone,99550,"Crispbread, multigrain (purchased In the Untied Kingdom)",,1800
usda_isoflavone,99551,"Crispbread, wheat (purxchased in the United Kingdom)",,1800
usda_isoflavone,99553,"Flour, wheat, various types (Purchased in the United Kigdom)",,2000
usda_isoflavone,99554,"Fast Food, Pizza chain, meat topping",,2100
usda_isoflavone,99555,"JACK IN THE BOX, Beef Monster Taco",,2100
usda_isoflavone,99556,"SUBWAY, Chicken teriyaki strips sandwich",,2100
usda_isoflavone,99557,"Subway, meatball sandwich",,2100
usda_isoflavone,99559,"Soymilk, made from soy isolate (purchased in Australia)",,1600
usda_isoflavone,99560,Soy Protein Drink,,1600
usda_isoflavone,99561,"Cereals ready-to-eat, QUAKER, Sugar Puffs (Purchased in the United Kingdom)",,0800
usda_isoflavone,99562,"Cereals, Scots Porridge oats, raw (purchased in the United Kingdom)",,0800
usda_isoflavone,99563,"Desserts, frozen, Tofutti Nondairy Original Premium",,1900
usda_isoflavone,99564,"Desserts, frozen, Glace Soymilk",,1900
usda_isoflavone,99565,"Formulated bar, Balance Yogurt Honey Peanut Flavor",,2500
usda_isoflavone,99566,"Pasta, Lasagne, raw",,2000
usda_isoflavone,99567,"Pasta, Lasagne, boiled",,2000
usda_isoflavone,99568,"Soymilk curd, dried",,1600
usda_isoflavone,99569,"Pizza, with added soy flour or soy protein",,2100
usda_isoflavone,99571,"Clover, red",,1100
usda_isoflavone,99572,"Soymilk, original and vanilla, fortified or unfortified",,1600
usda_isoflavone,99573,"Sausage links, meatless, prepared (MORNINGSTAR FARMS Veggie Sausage Links)",,1600
usda_isoflavone,99574,"Soybeans, mature seeds, raw (Australia)",,1600
usda_isoflavone,99575,"Soybeans, mature seeds, raw (Europe)",,1600
usda_isoflavone,99576,"Soybeans, mature seeds, raw (United States)",,1600
usda_isoflavone,01124,"Egg, white, raw, fresh",,0100
usda_isoflavone,16144,"Lentils, red/pink, raw",,1600
usda_isoflavone,01125,"Egg, yolk, raw, fresh",,0100
usda_proanthocyanidin,01102,"Milk, chocolate, fluid, commercial, whole, with added vitamin A and vitamin D",,0100
usda_proanthocyanidin,02003,"Spices, basil, dried",Ocimum basilicum,0200
usda_proanthocyanidin,02009,"Spices, chili powder",,0200
usda_proanthocyanidin,02010,"Spices, cinnamon, ground",Cinnamomum aromaticum,0200
usda_proanthocyanidin,02011,"Spices, cloves, ground",Syzygium aromaticum,0200
usda_proanthocyanidin,02015,"Spices, curry powder",,0200
usda_proanthocyanidin,02020,"Spices, garlic powder",Allium sativum,0200
usda_proanthocyanidin,02021,"Spices, ginger, ground",Zingiber officinale,0200
usda_proanthocyanidin,02024,"Spices, mustard seed, ground",Sinapis alba and Brassica juncea,0200
usda_proanthocyanidin,02026,"Spices, onion powder",Allium cepa,0200
usda_proanthocyanidin,02027,"Spices, oregano, dried",Origanum vulgare,0200
usda_proanthocyanidin,02028,"Spices, paprika",Capsicum annuum,0200
usda_proanthocyanidin,02029,"Spices, parsley, dried",Petroselinum crispum,0200
usda_proanthocyanidin,02030,"Spices, pepper, black",Piper nigrum,0200
usda_proanthocyanidin,02033,"Spices, poppy seed",Papaver somniferum,0200
usda_proanthocyanidin,02043,"Spices, turmeric, ground",Curcuma longa L.,0200
usda_proanthocyanidin,03091,"Babyfood, vegetables, green beans, strained",,0300
usda_proanthocyanidin,03104,"Babyfood, vegetables, squash, strained",,0300
usda_proanthocyanidin,03116,"Babyfood, fruit, applesauce, strained",,0300
usda_proanthocyanidin,03121,"Babyfood, vegetables, peas, strained",,0300
usda_proanthocyanidin,03130,"Babyfood, fruit, peaches, strained",,0300
usda_proanthocyanidin,03132,"Babyfood, fruit, pears, strained",,0300
usda_proanthocyanidin,03165,"Babyfood, fruit, apple and blueberry, junior",,0300
usda_proanthocyanidin,03166,"Babyfood, juice, apple",,0300
usda_proanthocyanidin,03181,"Babyfood, cereal, barley, dry",,0300
usda_proanthocyanidin,03225,"Babyfood, dessert, cherry vanilla pudding, junior",,0300
usda_proanthocyanidin,09003,"Apples, raw, with skin",Malus domestica,0900
usda_proanthocyanidin,09004,"Apples, raw, without skin",Malus domestica,0900
usda_proanthocyanidin,09016,"Apple juice, canned or bottled, unsweetened, without added ascorbic acid",,0900
usda_proanthocyanidin,09021,"Apricots, raw",Prunus armeniaca,0900
usda_proanthocyanidin,09037,"Avocados, raw, all commercial varieties",Persea americana,0900
usda_proanthocyanidin,09040,"Bananas, raw",Musa acuminata Colla,0900
usda_proanthocyanidin,09042,"Blackberries, raw",Rubus spp.,0900
usda_proanthocyanidin,09050,"Blueberries, raw",Vaccinium spp.,0900
usda_proanthocyanidin,09052,"Blueberries, canned, heavy syrup, solids and liquids",,0900
usda_proanthocyanidin,09054,"Blueberries, frozen, unsweetened",,0900
usda_proanthocyanidin,09070,"Cherries, sweet, raw",Prunus avium,0900
usda_proanthocyanidin,09078,"Cranberries, raw",Vaccinium macrocarpon,0900
usda_proanthocyanidin,09079,"Cranberries, dried, sweetened",,0900
usda_proanthocyanidin,09081,"Cranberry sauce, canned, sweetened",,0900
usda_proanthocyanidin,09083,"Currants, european black, raw",Ribes nigrum,0900
usda_proanthocyanidin,09086,"Custard-apple, (bullock's-heart), raw",Annona reticulata,0900
usda_proanthocyanidin,09087,"Dates, deglet noor",Phoenix dactylifera,0900
usda_proanthocyanidin,09088,"Elderberries, raw",Sambucus spp.,0900
usda_proanthocyanidin,09089,"Figs, raw",Ficus carica,0900
usda_proanthocyanidin,09107,"Gooseberries, raw",Ribes spp.,0900
usda_proanthocyanidin,09112,"Grapefruit, raw, pink and red, all areas",Citrus paradisi,0900
usda_proanthocyanidin,09124,"Grapefruit juice, white, canned, sweetened",,0900
usda_proanthocyanidin,09135,"Grape juice, canned or bottled, unsweetened, without added ascorbic acid",,0900
usda_proanthocyanidin,09148,"Kiwifruit, green, raw",Actinidia deliciosa,0900
usda_proanthocyanidin,09159,"Limes, raw",Citrus latifolia,0900
usda_proanthocyanidin,09176,"Mangos, raw",Mangifera indica,0900
usda_proanthocyanidin,09181,"Melons, cantaloupe, raw",Cucumis melo,0900
usda_proanthocyanidin,09184,"Melons, honeydew, raw",Cucumis melo,0900
usda_proanthocyanidin,09191,"Nectarines, yellow, raw",Prunus persica var. nucipersica,0900
usda_proanthocyanidin,09200,"Oranges, raw, all commercial varieties",Citrus sinensis,0900
usda_proanthocyanidin,09202,"Oranges, raw, navels",Citrus sinensis,0900
usda_proanthocyanidin,09209,"Orange juice, chilled, includes from concentrate",,0900
usda_proanthocyanidin,09218,"Tangerines, (mandarin oranges), raw",Citrus reticulata,0900
usda_proanthocyanidin,09236,"Peaches, raw",Prunus persica,0900
usda_proanthocyanidin,09241,"Peaches, canned, heavy syrup pack, solids and liquids",,0900
usda_proanthocyanidin,09252,"Pears, raw",Pyrus communis,0900
usda_proanthocyanidin,09266,"Pineapple, raw, all varieties",Ananas comosus,0900
usda_proanthocyanidin,09279,"Plums, raw",Prunus spp.,0900
usda_proanthocyanidin,09286,"Pomegranates, raw",Punica granatum,0900
usda_proanthocyanidin,09291,"Plums, dried (prunes), uncooked",,0900
usda_proanthocyanidin,09296,"Quinces, raw",Cydonia oblonga,0900
usda_proanthocyanidin,09298,"Raisins, seedless",Vitis vinifera,0900
usda_proanthocyanidin,09302,"Raspberries, raw",Rubus spp.,0900
usda_proanthocyanidin,09307,"Rhubarb, raw",Rheum rhabarbarum,0900
usda_proanthocyanidin,09316,"Strawberries, raw",Fragaria X ananassa,0900
usda_proanthocyanidin,09326,"Watermelon, raw",Citrullus lanatus,0900
usda_proanthocyanidin,09370,"Peaches, canned, heavy syrup, drained solids",,0900
usda_proanthocyanidin,09413,"Pears, raw, red anjou",Pyrus communis,0900
usda_proanthocyanidin,09430,"Pineapple, raw, extra sweet variety",Ananas comosus,0900
usda_proanthocyanidin,09442,"Pomegranate juice, bottled",,0900
usda_proanthocyanidin,09500,"Apples, raw, red delicious, with skin",Malus domestica,0900
usda_proanthocyanidin,09501,"Apples, raw, golden delicious, with skin",Malus domestica,0900
usda_proanthocyanidin,09502,"Apples, raw, granny smith, with skin",Malus domestica,0900
usda_proanthocyanidin,09503,"Apples, raw, gala, with skin",Malus domestica,0900
usda_proanthocyanidin,09504,"Apples, raw, fuji, with skin",Malus domestica,0900
usda_proanthocyanidin,11008,"Artichokes, (globe or french), cooked, boiled, drained, without salt",,1100
usda_proanthocyanidin,11012,"Asparagus, cooked, boiled, drained",,1100
usda_proanthocyanidin,11052,"Beans, snap, green, raw",Phaseolus vulgaris,1100
usda_proanthocyanidin,11080,"Beets, raw",Beta vulgaris,1100
usda_proanthocyanidin,11088,"Broadbeans, immature seeds, raw",Vicia faba,1100
usda_proanthocyanidin,11090,"Broccoli, raw",Brassica oleracea var. italica,1100
usda_proanthocyanidin,11091,"Broccoli, cooked, boiled, drained, without salt",,1100
usda_proanthocyanidin,11096,"Broccoli raab, raw",Brassica ruvo,1100
usda_proanthocyanidin,11097,"Broccoli raab, cooked",,1100
usda_proanthocyanidin,11109,"Cabbage, raw",Brassica oleracea (Capitata Group),1100
usda_proanthocyanidin,11110,"Cabbage, cooked, boiled, drained, without salt",,1100
usda_proanthocyanidin,11112,"Cabbage, red, raw",Brassica oleracea (Capitata Group),1100
usda_proanthocyanidin,11113,"Cabbage, red, cooked, boiled, drained, without salt",,1100
usda_proanthocyanidin,11116,"Cabbage, chinese (pak-choi), raw",Brassica rapa (Chinensis Group),1100
usda_proanthocyanidin,11124,"Carrots, raw",Daucus carota,1100
usda_proanthocyanidin,11125,"Carrots, cooked, boiled, drained, without salt",,1100
usda_proanthocyanidin,11135,"Cauliflower, raw",Brassica oleracea (Botrytis Group),1100
usda_proanthocyanidin,11141,"Celeriac, raw",Apium graveolens,1100
usda_proanthocyanidin,11143,"Celery, raw",Apium graveolens,1100
usda_proanthocyanidin,11167,"Corn, sweet, yellow, raw",,1100
usda_proanthocyanidin,11205,"Cucumber, with peel, raw",Cucumis sativus,1100
usda_proanthocyanidin,11206,"Cucumber, peeled, raw",,1100
usda_proanthocyanidin,11209,"Eggplant, raw",Solanum melongena,1100
usda_proanthocyanidin,11215,"Garlic, raw",Allium sativum,1100
usda_proanthocyanidin,11226,"Jerusalem-artichokes, raw",Helianthus tuberosus,1100
usda_proanthocyanidin,11248,"Lentils, sprouted, raw",Lens culinaris,1100
usda_proanthocyanidin,11251,"Lettuce, cos or romaine, raw",Lactuca sativa var. logifolia,1100
usda_proanthocyanidin,11252,"Lettuce, iceberg (includes crisphead types), raw",Lactuca sativa var. capitata,1100
usda_proanthocyanidin,11253,"Lettuce, green leaf, raw",Lactuca sativa var. crispa,1100
usda_proanthocyanidin,11257,"Lettuce, red leaf, raw",Lactuca sativa var. crispa,1100
usda_proanthocyanidin,11282,"Onions, raw",Allium cepa,1100
usda_proanthocyanidin,11283,"Onions, cooked, boiled, drained, without salt",,1100
usda_proanthocyanidin,11294,"Onions, sweet, raw",Allium cepa,1100
usda_proanthocyanidin,11298,"Parsnips, raw",Pastinaca sativa,1100
usda_proanthocyanidin,11304,"Peas, green, raw",Pisum sativum,1100
usda_proanthocyanidin,11333,"Peppers, sweet, green, raw",Capsicum annuum,1100
usda_proanthocyanidin,11334,"Peppers, sweet, green, cooked, boiled, drained, without salt",,1100
usda_proanthocyanidin,11353,"Potatoes, russet, flesh and skin, raw",Solanum tuberosum,1100
usda_proanthocyanidin,11354,"Potatoes, white, flesh and skin, raw",Solanum tuberosum,1100
usda_proanthocyanidin,11355,"Potatoes, red, flesh and skin, raw",Solanum tuberosum,1100
usda_proanthocyanidin,11356,"Potatoes, Russet, flesh and skin, baked",,1100
usda_proanthocyanidin,11357,"Potatoes, white, flesh and skin, baked",,1100
usda_proanthocyanidin,11358,"Potatoes, red, flesh and skin, baked",,1100
usda_proanthocyanidin,11365,"Potatoes, boiled, cooked in skin, flesh, without salt",,1100
usda_proanthocyanidin,11367,"Potatoes, boiled, cooked without skin, flesh, without salt",,1100
usda_proanthocyanidin,11429,"Radishes, raw",Raphanus sativus,1100
usda_proanthocyanidin,11435,"Rutabagas, raw",Brassica napus var. napobrassica,1100
usda_proanthocyanidin,11457,"Spinach, raw",Spinacia oleracea,1100
usda_proanthocyanidin,11463,"Spinach, frozen, chopped or leaf, unprepared",,1100
usda_proanthocyanidin,11477,"Squash, summer, zucchini, includes skin, raw",,1100
usda_proanthocyanidin,11507,"Sweet potato, raw, unprepared",Ipomoea batatas,1100
usda_proanthocyanidin,11508,"Sweet potato, cooked, baked in skin, without salt",,1100
usda_proanthocyanidin,11510,"Sweet potato, cooked, boiled, without skin",,1100
usda_proanthocyanidin,11529,"Tomatoes, red, ripe, raw, year round average",Solanum lycopersicum,1100
usda_proanthocyanidin,11530,"Tomatoes, red, ripe, cooked",,1100
usda_proanthocyanidin,11564,"Turnips, raw",Brassica rapa (Rapifera Group),1100
usda_proanthocyanidin,11821,"Peppers, sweet, red, raw",,1100
usda_proanthocyanidin,11823,"Peppers, sweet, red, cooked, boiled, drained, without salt",,1100
usda_proanthocyanidin,11953,"Squash, zucchini, baby, raw",Cucurbita spp.,1100
usda_proanthocyanidin,11960,"Carrots, baby, raw",Daucus carota,1100
usda_proanthocyanidin,12061,"Nuts, almonds",Prunus dulcis,1200
usda_proanthocyanidin,12078,"Nuts, brazilnuts, dried, unblanched",Bertholletia excelsa,1200
usda_proanthocyanidin,12087,"Nuts, cashew nuts, raw",Anacardium occidentale,1200
usda_proanthocyanidin,12099,"Nuts, chestnuts, european, dried, unpeeled",,1200
usda_proanthocyanidin,12120,"Nuts, hazelnuts or filberts",Corylus spp.,1200
usda_proanthocyanidin,12132,"Nuts, macadamia nuts, dry roasted, without salt added",,1200
usda_proanthocyanidin,12142,"Nuts, pecans",Carya illinoinensis,1200
usda_proanthocyanidin,12147,"Nuts, pine nuts, dried",Pinus spp.,1200
usda_proanthocyanidin,12151,"Nuts, pistachio nuts, raw",Pistacia vera,1200
usda_proanthocyanidin,12155,"Nuts, walnuts, english",Juglans regia,1200
usda_proanthocyanidin,14003,"Alcoholic beverage, beer, regular, all",,1400
usda_proanthocyanidin,14096,"Alcoholic beverage, wine, table, red",,1400
usda_proanthocyanidin,14097,"Alcoholic Beverage, wine, table, red, Cabernet Sauvignon",,1400
usda_proanthocyanidin,14099,"Alcoholic Beverage, wine, table, red, Pinot Noir",,1400
usda_proanthocyanidin,14100,"Alcoholic Beverage, wine, table, red, Syrah",,1400
usda_proanthocyanidin,14106,"Alcoholic beverage, wine, table, white",,1400
usda_proanthocyanidin,14108,"Alcoholic Beverage, wine, table, red, Sangiovese",,1400
usda_proanthocyanidin,14209,"Coffee, brewed from grounds, prepared with tap water",,1400
usda_proanthocyanidin,14242,"Cranberry juice cocktail, bottled",,1400
usda_proanthocyanidin,14278,"Tea, green, brewed",,1400
usda_proanthocyanidin,14317,"Malted drink mix, chocolate, powder",,1400
usda_proanthocyanidin,14355,"Tea, black, brewed",,1400
usda_proanthocyanidin,14431,"Cranberry juice cocktail, frozen concentrate, prepared with water",,1400
usda_proanthocyanidin,14602,"Alcoholic Beverage, wine, table, red, Merlot",,1400
usda_proanthocyanidin,16001,"Beans, adzuki, mature seeds, raw",Vigna angularis,1600
usda_proanthocyanidin,16014,"Beans, black, mature seeds, raw",Phaseolus vulgaris,1600
usda_proanthocyanidin,16032,"Beans, kidney, red, mature seeds, raw",Phaseolus vulgaris,1600
usda_proanthocyanidin,16037,"Beans, navy, mature seeds, raw",Phaseolus vulgaris,1600
usda_proanthocyanidin,16042,"Beans, pinto, mature seeds, raw",Phaseolus vulgaris,1600
usda_proanthocyanidin,16043,"Beans, pinto, mature seeds, cooked, boiled, without salt",,1600
usda_proanthocyanidin,16049,"Beans, white, mature seeds, raw",Phaseolus vulgaris,1600
usda_proanthocyanidin,16052,"Broadbeans (fava beans), mature seeds, raw",Vicia faba,1600
usda_proanthocyanidin,16056,"Chickpeas (garbanzo beans, bengal gram), mature seeds, raw",Cicer arietinum,1600
usda_proanthocyanidin,16062,"Cowpeas, common (blackeyes, crowder, southern), mature seeds, raw",Vigna unguiculata subsp. unguiculata,1600
usda_proanthocyanidin,16069,"Lentils, raw",Lens culinaris,1600
usda_proanthocyanidin,16085,"Peas, green, split, mature seeds, raw",Pisum sativum,1600
usda_proanthocyanidin,16087,"Peanuts, all types, raw",,1600
usda_proanthocyanidin,16089,"Peanuts, all types, oil-roasted, with salt",,1600
usda_proanthocyanidin,16098,"Peanut butter, smooth style, with salt",,1600
usda_proanthocyanidin,16108,"Soybeans, mature seeds, raw",,1600
usda_proanthocyanidin,19078,"Baking chocolate, unsweetened, squares",,1900
usda_proanthocyanidin,19081,"Candies, sweet chocolate",,1900
usda_proanthocyanidin,19120,"Candies, milk chocolate",,1900
usda_proanthocyanidin,19165,"Cocoa, dry powder, unsweetened",,1900
usda_proanthocyanidin,19166,"Cocoa, dry powder, unsweetened, processed with alkali",,1900
usda_proanthocyanidin,19905,"Candies, chocolate, dark, NFS",,1900
usda_proanthocyanidin,20004,"Barley, hulled",Hordeum vulgare L.,2000
usda_proanthocyanidin,20008,Buckwheat,Fagopyrum esculentum Moench,2000
usda_proanthocyanidin,20011,"Buckwheat flour, whole-groat",,2000
usda_proanthocyanidin,20031,"Millet, raw",Panicum miliaceum L.,2000
usda_proanthocyanidin,20033,"Oat bran, raw",,2000
usda_proanthocyanidin,20036,"Rice, brown, long-grain, raw",Oryza sativa L.,2000
usda_proanthocyanidin,20038,Oats,Avena sativa L.,2000
usda_proanthocyanidin,20044,"Rice, white, long-grain, regular, raw, enriched",,2000
usda_proanthocyanidin,20064,"Rye flour, medium",,2000
usda_proanthocyanidin,20067,Sorghum grain,Sorghum spp.,2000
usda_proanthocyanidin,20077,"Wheat bran, crude",,2000
usda_proanthocyanidin,20080,"Wheat flour, whole-grain",,2000
usda_proanthocyanidin,20088,"Wild rice, raw",Zizania spp.,2000
usda_proanthocyanidin,20130,Barley flour or meal,,2000
usda_proanthocyanidin,35130,"Mush, blue corn with ash (Navajo)",,3500
usda_proanthocyanidin,35131,"Cornmeal, blue (Navajo)",,3500
usda_proanthocyanidin,35132,"Melon, banana (Navajo)",,3500
usda_proanthocyanidin,35138,"Squash, Indian, raw (Navajo)",,3500
usda_proanthocyanidin,35192,"Agave, raw (Southwest)",,3500
usda_proanthocyanidin,35193,"Agave, cooked (Southwest)",,3500
usda_proanthocyanidin,35194,"Agave, dried (Southwest)",,3500
usda_proanthocyanidin,43007,"Babyfood, fruit, tutti frutti, junior",,0300
usda_proanthocyanidin,43201,Bee Pollen,,1900
usda_proanthocyanidin,43408,"Babyfood, juice, pear",,0300
usda_proanthocyanidin,44074,"Babyfood, grape juice, no sugar, canned",,0300
usda_proanthocyanidin,97002,"Alcoholic beverage, wine, white, sherry",,1400
usda_proanthocyanidin,97003,"Grapes, seeds, raw",Vitis vinifera,0900
usda_proanthocyanidin,97004,"Grapes, skins, raw",,0900
usda_proanthocyanidin,97005,"Medlar , raw",Mespilus germinica,0900
usda_proanthocyanidin,97007,"Strawberry tree fruit [arbutus], raw ",Arbutus unedo,0900
usda_proanthocyanidin,97011,"Marionberries, raw",,0900
usda_proanthocyanidin,97014,Hops,,0900
usda_proanthocyanidin,97016,"Juice, pear",,0900
usda_proanthocyanidin,97017,"Babyfood, fruit, bananas",,0300
usda_proanthocyanidin,97018,"Babyfood, fruit, apples, organic",,0300
usda_proanthocyanidin,97020,"Babyfood, fruit, apple, strawberry, banana
Apple, Strawberry,
Babyfood, fruit, apple, strawberry, banana",,0300
usda_proanthocyanidin,97021,"Babyfood, fruit, apricots with pears and apples",,0300
usda_proanthocyanidin,97022,"Babyfood, fruit, banana plum and grape",,0300
usda_proanthocyanidin,97023,"Babyfood, fruit, plums with apples",,0300
usda_proanthocyanidin,97024,"Babyfood, fruit, banana strawberry",,0300
usda_proanthocyanidin,97025,"Babyfood, dessert, blueberry buckle",,0300
usda_proanthocyanidin,97030,"Sorghum bran, Sumac",,2000
usda_proanthocyanidin,97031,Buckwheat hulls,,2000
usda_proanthocyanidin,97034,Cacao beans ,Theobroma cacao,1900
usda_proanthocyanidin,97041,"Lettuce, not specified as to type",,1100
usda_proanthocyanidin,97046,"Plum, yellow, whole, raw ",Prunus spp.,0900
usda_proanthocyanidin,97049,"Nectarines, white, whole, raw ",Prunus persica var. nucipersica,0900
usda_proanthocyanidin,97054,"Peaches, white, whole, raw ",Prunus persica,0900
usda_proanthocyanidin,97063,"Sorghum, hi-tannin, whole grain extrudate",,2000
usda_proanthocyanidin,97068,"Apples, raw, golden delicious, without peel",Malus domestica,0900
usda_proanthocyanidin,97071,"Apples, raw, Red Delicious, without peel",Malus domestica,0900
usda_proanthocyanidin,97074,"Grapes, red, raw ",Vitis vinifera,0900
usda_proanthocyanidin,97075,"Pears, raw, green cultivars, with peel",Pyrus communis,0900
usda_proanthocyanidin,97077,"Plums, black diamond, with peel, raw ",Prunus spp.,0900
usda_proanthocyanidin,97081,"Coffee, grounds",,1400
usda_proanthocyanidin,97085,"Blueberries, wild, raw ",Vaccinium spp.,0900
usda_proanthocyanidin,97088,"Persimmons, raw , purchased in Spain",Diospyros,0900
usda_proanthocyanidin,97089,"Snacks, tortilla chips, low fat, made with olestra",,2500
usda_proanthocyanidin,99002,"Apples, raw, skin only",Malus domestica,0900
usda_proanthocyanidin,99007,Black Currant Juice ,,0900
usda_proanthocyanidin,99012,"Chokeberry, raw ",Aronia spp.,0900
usda_proanthocyanidin,99021,"Lingonberries [cowberries], raw ",Vaccinium vitis-idaea,0900
usda_proanthocyanidin,99037,Sea buckthorn berries,,0900
usda_proanthocyanidin,99043,Arctic bramble berries ,Rubus articus subsp. Articus,0900
usda_proanthocyanidin,99044,"Currants, red, raw ",Ribes rubrum,0900
usda_proanthocyanidin,99047,"Grapes, white or green, raw ",Vitis vinifera,0900
usda_proanthocyanidin,99050,"Juice, grape, white",,0900
usda_proanthocyanidin,99055,"Onions, red, raw ",Allium cepa,1100
usda_proanthocyanidin,99064,"Jams and preserves, strawberry ",,1900
usda_proanthocyanidin,99065,Bilberry soup ,,0900
usda_proanthocyanidin,99083,Apple cider [European] ,,0900
usda_proanthocyanidin,99110,"Cranberry juice, raw ",,0900
usda_proanthocyanidin,99326,"Bog whortleberries, wild, frozen ",Vaccinium,0900
usda_proanthocyanidin,99335,"Rowanberries, raw ",Sorbus,0900
usda_proanthocyanidin,99337,"Cloudberries, raw ",Rubus chamaemorus,0900
usda_proanthocyanidin,99339,"Crowberries, raw ",Empetrum nigrum,0900
usda_proanthocyanidin,99357,"Bilberry, raw ",Vaccinium myrillus,0900
usda_proanthocyanidin,99399,Carob fiber [Caromax],,1600
usda_proanthocyanidin,99403,"Jams and preserves, raspberry ",,1900
usda_proanthocyanidin,99436,"Juice, grape, red",,0900
usda_proanthocyanidin,99439,"Alcoholic beverage, wine, table, rose",,1400
usda_proanthocyanidin,99460,"Sorghum, grain, white",,2000
usda_proanthocyanidin,99616,Service (Saskatoon) berries,,0900
usda_proanthocyanidin,99664,Barley malt,,2000
usda_proanthocyanidin,99667,"Blueberries, canned in water, solid and liquid",,0900
usda_proanthocyanidin,99668,Buckwheat grits,,2000
usda_proanthocyanidin,99671,"Raspberries, yellow, raw",,0900
usda_proanthocyanidin,99672,"Peaches, canned, heavy syrup, drained liquid",,0900
usda_proanthocyanidin,99673,"Oranges, blood, raw",,0900
usda_proanthocyanidin,99674,"Rye, bran",,2000
usda_proanthocyanidin,99675,Rose hips,,0900
usda_proanthocyanidin,99681,"Wheat, not specified to type",,2000
usda_proanthocyanidin,99682,"Rice, red, raw",,2000
usda_proanthocyanidin,99683,"Wild rice mix of 3 blends (wild, white and Basmati), dry",,2000
usda_proanthocyanidin,99684,"Wild rice, quick-cooking, dry",,2000
usda_proanthocyanidin,99685,"Rice, black, raw",,2000
usda_sr_carotenoid,18932,"Waffles, buttermilk, frozen, ready-to-heat",,Baked Products
usda_sr_carotenoid,18933,"Waffle, buttermilk, frozen, ready-to-heat, toasted",,Baked Products
usda_sr_carotenoid,18942,"Pie Crust, Cookie-type, Graham Cracker, Ready Crust",,Baked Products
usda_sr_carotenoid,18943,"Pie Crust, Cookie-type, Chocolate, Ready Crust",,Baked Products
usda_sr_carotenoid,18944,"Pie, Dutch Apple, Commercially Prepared",,Baked Products
usda_sr_carotenoid,18951,"Waffles, chocolate chip, frozen, ready-to-heat",,Baked Products
usda_sr_carotenoid,18953,"Bread, salvadoran sweet cheese (quesadilla salvadorena)",,Baked Products
usda_sr_carotenoid,18959,"Pastry, Pastelitos de Guava (guava pastries)",,Baked Products
usda_sr_carotenoid,18967,"Bread, white wheat",,Baked Products
usda_sr_carotenoid,18968,"Bagels, wheat",,Baked Products
usda_sr_carotenoid,18969,"Cream puff, eclair, custard or cream filled, iced",,Baked Products
usda_sr_carotenoid,18970,"Tortillas, ready-to-bake or -fry, flour, shelf stable",,Baked Products
usda_sr_carotenoid,19002,"Snacks, beef jerky, chopped and formed",,Snacks
usda_sr_carotenoid,19003,"Snacks, corn-based, extruded, chips, plain",,Snacks
usda_sr_carotenoid,19013,"Snacks, fruit leather, pieces",,Sweets
usda_sr_carotenoid,19014,"Snacks, fruit leather, rolls",,Sweets
usda_sr_carotenoid,19015,"Snacks, granola bars, hard, plain",,Snacks
usda_sr_carotenoid,19025,"Candies, honey-combed, with peanut butter",,Sweets
usda_sr_carotenoid,19026,"Snacks, granola bars, soft, coated, milk chocolate coating, peanut butter",,Snacks
usda_sr_carotenoid,19035,"Snacks, popcorn, oil-popped, microwave, regular flavor, no trans fat",,Snacks
usda_sr_carotenoid,19036,"Snacks, popcorn, cakes",,Snacks
usda_sr_carotenoid,19038,"Snacks, popcorn, caramel-coated, with peanuts",,Snacks
usda_sr_carotenoid,19039,"Snacks, popcorn, caramel-coated, without peanuts",,Snacks
usda_sr_carotenoid,19045,"Snacks, potato chips, made from dried potatoes, reduced fat",,Snacks
usda_sr_carotenoid,19047,"Snacks, pretzels, hard, plain, salted",,Snacks
usda_sr_carotenoid,19048,"Snacks, pretzels, hard, confectioner's coating, chocolate-flavor",,Snacks
usda_sr_carotenoid,19056,"Snacks, tortilla chips, plain, white corn, salted",,Snacks
usda_sr_carotenoid,19057,"Snacks, tortilla chips, nacho cheese",,Snacks
usda_sr_carotenoid,19068,"Candies, NESTLE, BIT-O'-HONEY Candy Chews",,Sweets
usda_sr_carotenoid,19069,"Candies, NESTLE, BUTTERFINGER Bar",,Sweets
usda_sr_carotenoid,19076,"Candies, caramels, chocolate-flavor roll",,Sweets
usda_sr_carotenoid,19078,"Baking chocolate, unsweetened, squares",,Sweets
usda_sr_carotenoid,19079,"Candies, confectioner's coating, yogurt",,Sweets
usda_sr_carotenoid,19086,"Candies, confectioner's coating, peanut butter",,Sweets
usda_sr_carotenoid,19087,"Candies, white chocolate",,Sweets
usda_sr_carotenoid,19088,"Ice creams, vanilla, light",,Sweets
usda_sr_carotenoid,19089,"Ice creams, vanilla, rich",,Sweets
usda_sr_carotenoid,19094,"Desserts, flan, caramel custard, prepared-from-recipe",,Sweets
usda_sr_carotenoid,19095,"Ice creams, vanilla",,Sweets
usda_sr_carotenoid,19096,"Ice creams, vanilla, light, soft-serve",,Sweets
usda_sr_carotenoid,19097,"Sherbet, orange",,Sweets
usda_sr_carotenoid,19103,"Candies, fudge, vanilla, prepared-from-recipe",,Sweets
usda_sr_carotenoid,19104,"Candies, fudge, vanilla with nuts",,Sweets
usda_sr_carotenoid,19111,"Candies, NESTLE, BABY RUTH Bar",,Sweets
usda_sr_carotenoid,19113,"Syrups, table blends, pancake, with butter",,Sweets
usda_sr_carotenoid,19114,"Ice creams, chocolate, light",,Sweets
usda_sr_carotenoid,19120,"Candies, milk chocolate",,Sweets
usda_sr_carotenoid,19121,"Puddings, banana, dry mix, instant, prepared with 2% milk",,Sweets
usda_sr_carotenoid,19122,"Puddings, banana, dry mix, regular, prepared with 2% milk",,Sweets
usda_sr_carotenoid,31019,"Seaweed, Canadian Cultivated EMI-TSUNOMATA, dry",,Vegetables and Vegetable Products
usda_sr_carotenoid,31020,"Seaweed, Canadian Cultivated EMI-TSUNOMATA, rehydrated",,Vegetables and Vegetable Products
usda_sr_carotenoid,31023,"Sweet Potatoes, french fried, frozen as packaged, salt added in processing",,Vegetables and Vegetable Products
usda_sr_carotenoid,35049,"Moose, meat, raw (Alaska Native)",,American Indian/Alaska Native Foods
usda_sr_carotenoid,35149,"Fish, halibut, raw, with skin (Alaska Native)",,American Indian/Alaska Native Foods
usda_sr_carotenoid,35150,"Fish, salmon, coho (silver), raw (Alaska Native)",,American Indian/Alaska Native Foods
usda_sr_carotenoid,35155,"Blueberries, wild, raw (Alaska Native)",,American Indian/Alaska Native Foods
usda_sr_carotenoid,35156,"Oil, spotted seal (Alaska Native)",,American Indian/Alaska Native Foods
usda_sr_carotenoid,35157,"Fish, salmon, red, canned, bones removed (Alaska Native)",,American Indian/Alaska Native Foods
usda_sr_carotenoid,35158,"Fish, whitefish, eggs (Alaska Native)",,American Indian/Alaska Native Foods
usda_sr_carotenoid,35160,"Caribou, rump meat, half dried (Alaska Native)",,American Indian/Alaska Native Foods
usda_sr_carotenoid,35166,"Fish, salmon, red, (sockeye), canned, smoked (Alaska Native)",,American Indian/Alaska Native Foods
usda_sr_carotenoid,35167,"Fish, salmon, red, (sockeye), kippered (Alaska Native)",,American Indian/Alaska Native Foods
usda_sr_carotenoid,35168,"Fish, salmon, king, with skin, kippered, (Alaska Native)",,American Indian/Alaska Native Foods
usda_sr_carotenoid,35169,"Fish, sheefish, raw (Alaska Native)",,American Indian/Alaska Native Foods
usda_sr_carotenoid,35175,"Seal, bearded (Oogruk), meat, partially dried (Alaska Native)",,American Indian/Alaska Native Foods
usda_sr_carotenoid,35177,"Elk, free range, roast, eye of round, raw (Shoshone Bannock)",,American Indian/Alaska Native Foods
usda_sr_carotenoid,35183,"Corn, dried, yellow (Northern Plains Indians)",,American Indian/Alaska Native Foods
usda_sr_carotenoid,35184,"Smelt, dried (Alaska Native)",,American Indian/Alaska Native Foods
usda_sr_carotenoid,36060,"ON THE BORDER, soft taco with ground beef, cheese and lettuce",,Restaurant Foods
usda_sr_carotenoid,36061,"Restaurant, Mexican, soft taco with ground beef, cheese and lettuce",,Restaurant Foods
usda_sr_carotenoid,36403,"Restaurant, Latino, empanadas, beef, prepared",,Restaurant Foods
usda_sr_carotenoid,36409,"Restaurant, Latino, pupusas con queso (pupusas, cheese)",,Restaurant Foods
usda_sr_carotenoid,36410,"Restaurant, Latino, pupusas del cerdo (pupusas, pork)",,Restaurant Foods
usda_sr_carotenoid,36411,"Restaurant, Latino, tamale, corn",,Restaurant Foods
usda_sr_carotenoid,36417,"Restaurant, Mexican, spanish rice",,Restaurant Foods
usda_sr_carotenoid,36418,"Restaurant, Mexican, refried beans",,Restaurant Foods
usda_sr_carotenoid,36602,"Restaurant, Chinese, fried rice, without meat",,Restaurant Foods
usda_sr_carotenoid,36609,"CRACKER BARREL, macaroni n' cheese plate, from kid's menu",,Restaurant Foods
usda_sr_carotenoid,36617,"Restaurant, Chinese, lemon chicken",,Restaurant Foods
usda_sr_carotenoid,36618,"Restaurant, Chinese, general tso's chicken",,Restaurant Foods
usda_sr_carotenoid,36619,"Restaurant, Chinese, kung pao chicken",,Restaurant Foods
usda_sr_carotenoid,36625,"Restaurant, Chinese, vegetable lo mein, without meat",,Restaurant Foods
usda_sr_carotenoid,36626,"Restaurant, Chinese, chicken and vegetables",,Restaurant Foods
usda_sr_carotenoid,36629,"Restaurant, Chinese, orange chicken",,Restaurant Foods
usda_sr_carotenoid,36630,"Restaurant, Italian, spaghetti with meat sauce",,Restaurant Foods
usda_sr_carotenoid,42055,"Beverages, fruit-flavored drink, dry powdered mix, low calorie, with aspartame",,Beverages
usda_sr_carotenoid,42063,"Pectin, liquid",,Sweets
usda_sr_carotenoid,42074,"Frozen novelties, ice cream type, vanilla ice cream, light, no sugar added, chocolate coated",,Sweets
usda_sr_carotenoid,42116,"Creamy dressing, made with sour cream and/or buttermilk and oil, reduced calorie",,Fats and Oils
usda_sr_carotenoid,42129,"Bologna, beef and pork, low fat",,Sausages and Luncheon Meats
usda_sr_carotenoid,42131,"Milk dessert, frozen, milk-fat free, chocolate",,Sweets
usda_sr_carotenoid,42135,"Whipped topping, frozen, low fat",,Dairy and Egg Products
usda_sr_carotenoid,42136,"Cream substitute, powdered, light",,Dairy and Egg Products
usda_sr_carotenoid,42148,"Candies, MARS SNACKFOOD US, M&M's Peanut Butter Chocolate Candies",,Sweets
usda_sr_carotenoid,42150,"Babyfood, apple yogurt dessert, strained",,Baby Foods
usda_sr_carotenoid,42151,"Vegetable oil-butter spread, reduced calorie",,Fats and Oils
usda_sr_carotenoid,42153,"Salad dressing, blue or roquefort cheese dressing, light",,Fats and Oils
usda_sr_carotenoid,42171,"Salad dressing, french dressing, reduced calorie",,Fats and Oils
usda_sr_carotenoid,42173,"Sausage, turkey and pork, fresh, bulk, patty or link, cooked",,Sausages and Luncheon Meats
usda_sr_carotenoid,42178,"Mayonnaise, made with tofu",,Fats and Oils
usda_sr_carotenoid,42179,"Frankfurter, beef, low fat",,Sausages and Luncheon Meats
usda_sr_carotenoid,42189,"Milk, buttermilk, fluid, cultured, reduced fat",,Dairy and Egg Products
usda_sr_carotenoid,42190,"Pork sausage rice links, brown and serve, cooked",,Sausages and Luncheon Meats
usda_sr_carotenoid,42192,"Salad dressing, blue or roquefort cheese dressing, fat-free",,Fats and Oils
usda_sr_carotenoid,42193,"Salad Dressing, mayonnaise-like, fat-free",,Fats and Oils
usda_sr_carotenoid,42196,"Candies, MARS SNACKFOOD US, MILKY WAY Midnight Bar",,Sweets
usda_sr_carotenoid,42231,"Oil, flaxseed, cold pressed",,Fats and Oils
usda_sr_carotenoid,42235,"Cheese, cottage, lowfat, 1% milkfat, lactose reduced",,Dairy and Egg Products
usda_sr_carotenoid,43331,"Salad dressing, bacon and tomato",,Fats and Oils
usda_sr_carotenoid,43340,"Cheese, parmesan, low sodium",,Dairy and Egg Products
usda_sr_carotenoid,43344,"Jams, preserves, marmalade, reduced sugar",,Sweets
usda_sr_carotenoid,43345,"Beverages, fruit-flavored drink, powder, with high vitamin C with other added vitamins, low calorie",,Beverages
usda_sr_carotenoid,43365,"Tomato and vegetable juice, low sodium",,Vegetables and Vegetable Products
usda_sr_carotenoid,43366,"Turkey, wing, smoked, cooked, with skin, bone removed",,Poultry Products
usda_sr_carotenoid,43367,"Turkey, drumstick, smoked, cooked, with skin, bone removed",,Poultry Products
usda_sr_carotenoid,43369,"Beverages, Chocolate-flavored drink, whey and milk based",,Beverages
usda_sr_carotenoid,43378,"Pork, cured, bacon, cooked, broiled, pan-fried or roasted, reduced sodium",,Pork Products
usda_sr_carotenoid,43391,"Turkey, light or dark meat, smoked, cooked, skin and bone removed",,Poultry Products
usda_sr_carotenoid,43392,"Hearts of palm, raw",,Vegetables and Vegetable Products
usda_sr_carotenoid,43393,"Cereals ready-to-eat, POST, Shredded Wheat n' Bran, spoon-size",,Breakfast Cereals
usda_sr_carotenoid,43396,"Cheese, cottage, lowfat, 1% milkfat, with vegetables",,Dairy and Egg Products
usda_sr_carotenoid,43406,Yeast extract spread,,Vegetables and Vegetable Products
usda_sr_carotenoid,43408,"Babyfood, juice, pear",,Baby Foods
usda_sr_carotenoid,43410,"Chicken, meatless, breaded, fried",,Legumes and Legume Products
usda_sr_carotenoid,43417,"Babyfood, meat, beef with vegetables, toddler",,Baby Foods
usda_sr_carotenoid,43450,"Frozen novelties, juice type, juice with cream",,Sweets
usda_sr_carotenoid,43476,Tofu yogurt,,Legumes and Legume Products
usda_sr_carotenoid,43479,"Alcoholic beverage, rice (sake)",,Beverages
usda_sr_carotenoid,43483,"Millet, puffed",,Breakfast Cereals
usda_sr_carotenoid,43495,"Cereals ready-to-eat, OAT BRAN FLAKES, HEALTH VALLEY",,Breakfast Cereals
usda_sr_carotenoid,43523,"Babyfood, mixed fruit yogurt, strained",,Baby Foods
usda_sr_carotenoid,43528,"Beverages, ABBOTT, ENSURE PLUS, ready-to-drink",,Beverages
usda_sr_carotenoid,43529,"Babyfood, rice and apples, dry",,Baby Foods
usda_sr_carotenoid,43535,"Babyfood, juice, apple - cherry",,Baby Foods
usda_sr_carotenoid,43543,"Milk, imitation, non-soy",,Dairy and Egg Products
usda_sr_carotenoid,43544,"Babyfood, cereal, rice with pears and apple, dry, instant fortified",,Baby Foods
usda_sr_carotenoid,43546,"Babyfood, banana no tapioca, strained",,Baby Foods
usda_sr_carotenoid,43550,"Babyfood, banana apple dessert, strained",,Baby Foods
usda_sr_carotenoid,43595,"Breakfast bar, corn flake crust with fruit",,Snacks
usda_sr_carotenoid,43597,"Cheese, mozzarella, low sodium",,Dairy and Egg Products
usda_sr_carotenoid,43598,"Mayonnaise dressing, no cholesterol",,Fats and Oils
usda_sr_carotenoid,44005,"Oil, corn, peanut, and olive",,Fats and Oils
usda_sr_carotenoid,44158,"Pie fillings, blueberry, canned",,Sweets
usda_sr_carotenoid,44203,"Beverages, Cocktail mix, non-alcoholic, concentrated, frozen",,Beverages
usda_sr_carotenoid,44258,"Puddings, chocolate flavor, low calorie, regular, dry mix",,Sweets
usda_sr_carotenoid,44259,"Puddings, all flavors except chocolate, low calorie, regular, dry mix",,Sweets
usda_sr_carotenoid,90240,"Mollusks, scallop, (bay and sea), cooked, steamed",,Finfish and Shellfish Products
usda_sr_carotenoid,90480,"Syrup, Cane",,Sweets
usda_sr_carotenoid,90560,"Mollusks, snail, raw",,Finfish and Shellfish Products
usda_sr_carotenoid,93600,"Turtle, green, raw",,Finfish and Shellfish Products
usda_sr_carotenoid,9150,"Lemons, raw, without peel",,Fruits and Fruit Juices
usda_sr_carotenoid,9152,"Lemon juice, raw",,Fruits and Fruit Juices
usda_sr_carotenoid,9153,"Lemon juice from concentrate, canned or bottled",,Fruits and Fruit Juices
usda_sr_carotenoid,9156,"Lemon peel, raw",,Fruits and Fruit Juices
usda_sr_carotenoid,9287,"Prickly pears, raw",,Fruits and Fruit Juices
usda_sr_carotenoid,9292,"Plums, dried (prunes), stewed, without added sugar",,Fruits and Fruit Juices
usda_sr_carotenoid,9294,"Prune juice, canned",,Fruits and Fruit Juices
usda_sr_carotenoid,9295,"Pummelo, raw",,Fruits and Fruit Juices
usda_sr_carotenoid,9302,"Raspberries, raw",,Fruits and Fruit Juices
usda_sr_carotenoid,9304,"Raspberries, canned, red, heavy syrup pack, solids and liquids",,Fruits and Fruit Juices
usda_sr_carotenoid,9306,"Raspberries, frozen, red, sweetened",,Fruits and Fruit Juices
usda_sr_carotenoid,9307,"Rhubarb, raw",,Fruits and Fruit Juices
usda_sr_carotenoid,9314,"Sapote, mamey, raw",,Fruits and Fruit Juices
usda_sr_carotenoid,9315,"Soursop, raw",,Fruits and Fruit Juices
usda_sr_carotenoid,9316,"Strawberries, raw",,Fruits and Fruit Juices
usda_sr_carotenoid,9322,"Tamarinds, raw",,Fruits and Fruit Juices
usda_sr_carotenoid,9326,"Watermelon, raw",,Fruits and Fruit Juices
usda_sr_carotenoid,9328,"Maraschino cherries, canned, drained",,Fruits and Fruit Juices
usda_sr_carotenoid,9354,"Pineapple, canned, juice pack, drained",,Fruits and Fruit Juices
usda_sr_carotenoid,9357,"Apricots, canned, heavy syrup, drained",,Fruits and Fruit Juices
usda_sr_carotenoid,9367,"Cherries, sweet, canned, pitted, heavy syrup, drained",,Fruits and Fruit Juices
usda_sr_carotenoid,9400,"Apple juice, canned or bottled, unsweetened, with added ascorbic acid",,Fruits and Fruit Juices
usda_sr_carotenoid,9412,"Pears, raw, bartlett (Includes foods for USDA's Food Distribution Program)",,Fruits and Fruit Juices
usda_sr_carotenoid,9413,"Pears, raw, red anjou",,Fruits and Fruit Juices
usda_sr_carotenoid,9414,"Pears, raw, bosc (Includes foods for USDA's Food Distribution Program)",,Fruits and Fruit Juices
usda_sr_carotenoid,9415,"Pears, raw, green anjou (Includes foods for USDA's Food Distribution Program)",,Fruits and Fruit Juices
usda_sr_carotenoid,9426,Candied fruit,,Fruits and Fruit Juices
usda_sr_carotenoid,9427,"Abiyuch, raw",,Fruits and Fruit Juices
usda_sr_carotenoid,9428,"Rowal, raw",,Fruits and Fruit Juices
usda_sr_carotenoid,9435,"Guava nectar, canned, with added ascorbic acid",,Fruits and Fruit Juices
usda_sr_carotenoid,9436,"Mango nectar, canned",,Fruits and Fruit Juices
usda_sr_carotenoid,9437,"Tamarind nectar, canned",,Fruits and Fruit Juices
usda_sr_carotenoid,9442,"Pomegranate juice, bottled",,Fruits and Fruit Juices
usda_sr_carotenoid,9449,"Nance, frozen, unsweetened",,Fruits and Fruit Juices
usda_sr_carotenoid,9450,"Naranjilla (lulo) pulp, frozen, unsweetened",,Fruits and Fruit Juices
usda_sr_carotenoid,9451,Horned melon (Kiwano),,Fruits and Fruit Juices
usda_sr_carotenoid,9452,Orange Pineapple Juice Blend,,Fruits and Fruit Juices
usda_sr_carotenoid,9504,"Apples, raw, fuji, with skin (Includes foods for USDA's Food Distribution Program)",,Fruits and Fruit Juices
usda_sr_carotenoid,9506,"Orange juice, chilled, includes from concentrate, with added calcium and vitamins A, D, E",,Fruits and Fruit Juices
usda_sr_carotenoid,9508,"Fruit juice smoothie, NAKED JUICE, GREEN MACHINE",,Fruits and Fruit Juices
usda_sr_carotenoid,9515,"Fruit juice smoothie, BOLTHOUSE FARMS, GREEN GOODNESS",,Fruits and Fruit Juices
usda_sr_carotenoid,9516,"Fruit juice smoothie, BOLTHOUSE FARMS, strawberry banana",,Fruits and Fruit Juices
usda_sr_carotenoid,9517,"Apple juice, canned or bottled, unsweetened, with added ascorbic acid, calcium, and potassium",,Fruits and Fruit Juices
usda_sr_carotenoid,9524,"Lemon juice from concentrate, bottled, REAL LEMON",,Fruits and Fruit Juices
usda_sr_carotenoid,9525,"Cranberry sauce, whole, canned, OCEAN SPRAY",,Fruits and Fruit Juices
usda_sr_carotenoid,9526,"Cranberry sauce, jellied, canned, OCEAN SPRAY",,Fruits and Fruit Juices
usda_sr_carotenoid,9528,"Ruby Red grapefruit juice blend (grapefruit, grape, apple), OCEAN SPRAY, bottled, with added vitamin C",,Fruits and Fruit Juices
usda_sr_carotenoid,9552,"Raspberries, puree, seedless",,Fruits and Fruit Juices
usda_sr_carotenoid,9553,"Raspberries, puree, with seeds",,Fruits and Fruit Juices
usda_sr_carotenoid,10003,"Pork, fresh, composite of trimmed leg, loin, shoulder, and spareribs, (includes cuts to be cured), separable lean and fat, raw",,Pork Products
usda_sr_carotenoid,10004,"Pork, fresh, backfat, raw",,Pork Products
usda_sr_carotenoid,10005,"Pork, fresh, belly, raw",,Pork Products
usda_sr_carotenoid,10006,"Pork, fresh, separable fat, raw",,Pork Products
usda_sr_carotenoid,10012,"Pork, fresh, leg (ham), rump half, separable lean and fat, raw",,Pork Products
usda_sr_carotenoid,10013,"Pork, fresh, leg (ham), rump half, separable lean and fat, cooked, roasted",,Pork Products
usda_sr_carotenoid,10014,"Pork, fresh, leg (ham), rump half, separable lean only, raw (Includes foods for USDA's Food Distribution Program)",,Pork Products
usda_sr_carotenoid,10015,"Pork, fresh, leg (ham), rump half, separable lean only, cooked, roasted",,Pork Products
usda_sr_carotenoid,10020,"Pork, fresh, loin, whole, separable lean and fat, raw",,Pork Products
usda_sr_carotenoid,10021,"Pork, fresh, loin, whole, separable lean and fat, cooked, braised",,Pork Products
usda_sr_carotenoid,10022,"Pork, fresh, loin, whole, separable lean and fat, cooked, broiled",,Pork Products
usda_sr_carotenoid,10023,"Pork, fresh, loin, whole, separable lean and fat, cooked, roasted",,Pork Products
usda_sr_carotenoid,10028,"Pork, fresh, loin, blade (chops or roasts), bone-in, separable lean and fat, raw",,Pork Products
usda_sr_carotenoid,10029,"Pork, fresh, loin, blade (chops), bone-in, separable lean and fat, cooked, braised",,Pork Products
usda_sr_carotenoid,10030,"Pork, fresh, loin, blade (chops), bone-in, separable lean and fat, cooked, broiled",,Pork Products
usda_sr_carotenoid,10031,"Pork, fresh, loin, blade (roasts), bone-in, separable lean and fat, cooked, roasted",,Pork Products
usda_sr_carotenoid,10037,"Pork, fresh, loin, center loin (chops), bone-in, separable lean and fat, cooked, braised",,Pork Products
usda_sr_carotenoid,10038,"Pork, fresh, loin, center loin (chops), bone-in, separable lean and fat, cooked, broiled",,Pork Products
usda_sr_carotenoid,10039,"Pork, fresh, loin, center loin (roasts), bone-in, separable lean and fat, cooked, roasted",,Pork Products
usda_sr_carotenoid,10040,"Pork, fresh, loin, center loin (chops), bone-in, separable lean only, raw",,Pork Products
usda_sr_carotenoid,10045,"Pork, fresh, loin, center rib (chops), bone-in, separable lean and fat, cooked, braised",,Pork Products
usda_sr_carotenoid,10046,"Pork, fresh, loin, center rib (chops), bone-in, separable lean and fat, cooked, broiled",,Pork Products
usda_sr_carotenoid,10047,"Pork, fresh, loin, center rib (roasts), bone-in, separable lean and fat, cooked, roasted",,Pork Products
usda_sr_carotenoid,10048,"Pork, fresh, loin, center rib (chops or roasts), bone-in, separable lean only, raw",,Pork Products
usda_sr_carotenoid,10053,"Pork, fresh, loin, sirloin (chops), bone-in, separable lean and fat, cooked, braised",,Pork Products
usda_sr_carotenoid,10054,"Pork, fresh, loin, sirloin (chops), bone-in, separable lean and fat, cooked, broiled",,Pork Products
usda_sr_carotenoid,10055,"Pork, fresh, loin, sirloin (roasts), bone-in, separable lean and fat, cooked, roasted",,Pork Products
usda_sr_carotenoid,10056,"Pork, fresh, loin, sirloin (chops or roasts), bone-in, separable lean only, raw",,Pork Products
usda_sr_carotenoid,10057,"Pork, fresh, loin, sirloin (chops), bone-in, separable lean only, cooked, braised",,Pork Products
usda_sr_carotenoid,10062,"Pork, fresh, loin, top loin (chops), boneless, separable lean and fat, raw",,Pork Products
usda_sr_carotenoid,10063,"Pork, fresh, loin, top loin (chops), boneless, separable lean and fat, cooked, braised",,Pork Products
usda_sr_carotenoid,10064,"Pork, fresh, loin, top loin (chops), boneless, separable lean and fat, cooked, broiled",,Pork Products
usda_sr_carotenoid,10065,"Pork, fresh, loin, top loin (roasts), boneless, separable lean and fat, cooked, roasted",,Pork Products
usda_sr_carotenoid,10070,"Pork, fresh, shoulder, whole, separable lean and fat, raw",,Pork Products
usda_sr_carotenoid,10071,"Pork, fresh, shoulder, whole, separable lean and fat, cooked, roasted",,Pork Products
usda_sr_carotenoid,10073,"Pork, fresh, shoulder, whole, separable lean only, cooked, roasted",,Pork Products
usda_sr_carotenoid,10078,"Pork, fresh, shoulder, arm picnic, separable lean only, cooked, braised",,Pork Products
usda_sr_carotenoid,10080,"Pork, fresh, shoulder, (Boston butt), blade (steaks), separable lean and fat, raw",,Pork Products
usda_sr_carotenoid,10081,"Pork, fresh, shoulder, (Boston butt), blade (steaks), separable lean and fat, cooked, braised",,Pork Products
usda_sr_carotenoid,10082,"Pork, fresh, shoulder, blade, boston (steaks), separable lean and fat, cooked, broiled",,Pork Products
usda_sr_carotenoid,10087,"Pork, fresh, shoulder, blade, boston (roasts), separable lean only, cooked, roasted",,Pork Products
usda_sr_carotenoid,10088,"Pork, fresh, spareribs, separable lean and fat, raw",,Pork Products
usda_sr_carotenoid,10089,"Pork, fresh, spareribs, separable lean and fat, cooked, braised",,Pork Products
usda_sr_carotenoid,10093,"Pork, fresh, composite of trimmed retail cuts (leg, loin, and shoulder), separable lean only, cooked",,Pork Products
usda_sr_carotenoid,10099,"Pork, fresh, variety meats and by-products, chitterlings, cooked, simmered",,Pork Products
usda_sr_carotenoid,10102,"Pork, fresh, variety meats and by-products, feet, raw",,Pork Products
usda_sr_carotenoid,10119,"Pork, fresh, variety meats and by-products, stomach, raw",,Pork Products
usda_sr_carotenoid,10120,"Pork, fresh, loin, blade (chops), bone-in, separable lean only, cooked, pan-fried",,Pork Products
usda_sr_carotenoid,10130,"Canadian bacon, unprepared",,Pork Products
usda_sr_carotenoid,10132,"Pork, cured, feet, pickled",,Pork Products
usda_sr_carotenoid,10134,"Pork, cured, ham, boneless, extra lean (approximately 5% fat), roasted",,Pork Products
usda_sr_carotenoid,10136,"Pork, cured, ham, boneless, regular (approximately 11% fat), roasted",,Pork Products
usda_sr_carotenoid,10150,"Pork, cured, ham, whole, separable lean and fat, unheated",,Pork Products
usda_sr_carotenoid,10152,"Pork, cured, ham, whole, separable lean only, unheated",,Pork Products
usda_sr_carotenoid,10166,"Pork, cured, separable fat (from ham and arm picnic), unheated",,Pork Products
usda_sr_carotenoid,10168,"Pork, cured, shoulder, arm picnic, separable lean and fat, roasted",,Pork Products
usda_sr_carotenoid,10169,"Pork, cured, shoulder, arm picnic, separable lean only, roasted",,Pork Products
usda_sr_carotenoid,10176,"Pork, fresh, loin, center loin (chops), bone-in, separable lean only, cooked, pan-fried",,Pork Products
usda_sr_carotenoid,10177,"Pork, fresh, loin, center rib (chops), bone-in, separable lean only, cooked, pan-fried",,Pork Products
usda_sr_carotenoid,10178,"Pork, fresh, loin, blade (chops), bone-in, separable lean and fat, cooked, pan-fried",,Pork Products
usda_sr_carotenoid,10184,"Pork, cured, ham, extra lean and regular, canned, unheated",,Pork Products
usda_sr_carotenoid,10185,"Pork, cured, ham, extra lean and regular, canned, roasted",,Pork Products
usda_sr_carotenoid,10186,"Pork, fresh, loin, top loin (chops), boneless, separable lean and fat, cooked, pan-fried",,Pork Products
usda_sr_carotenoid,10194,"Pork, fresh, loin, center rib (chops or roasts), boneless, separable lean and fat, raw",,Pork Products
usda_sr_carotenoid,10197,"Pork, fresh, loin, center rib (chops), boneless, separable lean and fat, cooked, pan-fried",,Pork Products
usda_sr_carotenoid,10202,"Pork, fresh, loin, center rib (chops), boneless, separable lean only, cooked, pan-fried",,Pork Products
usda_sr_carotenoid,10204,"Pork, fresh, loin, country-style ribs, separable lean and fat, raw",,Pork Products
usda_sr_carotenoid,10205,"Pork, fresh, loin, country-style ribs, separable lean and fat, cooked, braised",,Pork Products
usda_sr_carotenoid,10206,"Pork, fresh, loin, country-style ribs, separable lean and fat, bone-in, cooked, roasted",,Pork Products
usda_sr_carotenoid,10211,"Pork, fresh, loin, sirloin (chops), boneless, separable lean and fat, cooked, braised",,Pork Products
usda_sr_carotenoid,10212,"Pork, fresh, loin, sirloin (chops), boneless, separable lean and fat, cooked, broiled",,Pork Products
usda_sr_carotenoid,10213,"Pork, fresh, loin, sirloin (roasts), boneless, separable lean and fat, cooked, roasted",,Pork Products
usda_sr_carotenoid,10214,"Pork, fresh, loin, sirloin (chops or roasts), boneless, separable lean only, raw",,Pork Products
usda_sr_carotenoid,10220,"Pork, fresh, ground, cooked",,Pork Products
usda_sr_carotenoid,10222,"Pork, fresh, loin, tenderloin, separable lean and fat, cooked, roasted",,Pork Products
usda_sr_carotenoid,10227,"Pork, fresh, composite of trimmed retail cuts (loin and shoulder blade), separable lean and fat, cooked",,Pork Products
usda_sr_carotenoid,10858,"Pork, fresh, loin, top loin (chops), boneless, separable lean only, with added solution, cooked, pan-broiled",,Pork Products
usda_sr_carotenoid,10859,"Pork, fresh, loin, top loin (chops), boneless, separable lean and fat, with added solution, cooked, pan-broiled",,Pork Products
usda_sr_carotenoid,10860,"Pork, cured, bacon, cooked, baked",,Pork Products
usda_sr_carotenoid,10865,"Pork, cured, ham -- water added, rump, bone-in, separable lean only, heated, roasted",,Pork Products
usda_sr_carotenoid,10866,"Pork, cured, ham -- water added, rump, bone-in, separable lean only, unheated",,Pork Products
usda_sr_carotenoid,10867,"Pork, cured, ham -- water added, shank, bone-in, separable lean only, heated, roasted",,Pork Products
usda_sr_carotenoid,10868,"Pork, cured, ham -- water added, slice, bone-in, separable lean only, heated, pan-broil",,Pork Products
usda_sr_carotenoid,10873,"Pork, cured, ham with natural juices, rump, bone-in, separable lean only, heated, roasted",,Pork Products
usda_sr_carotenoid,10874,"Pork, cured, ham with natural juices, shank, bone-in, separable lean only, heated, roasted",,Pork Products
usda_sr_carotenoid,18927,"Crackers, cheese, sandwich-type with cheese filling",,Baked Products
usda_sr_carotenoid,18938,"Toaster Pastries, fruit, frosted (include apples, blueberry, cherry, strawberry)",,Baked Products
usda_sr_carotenoid,18939,"Toaster pastries, fruit, toasted (include apple, blueberry, cherry, strawberry)",,Baked Products
usda_sr_carotenoid,18940,"Muffin, blueberry, commercially prepared, low-fat",,Baked Products
usda_sr_carotenoid,18949,"Crackers, whole-wheat, reduced fat",,Baked Products
usda_sr_carotenoid,18950,"Crackers, wheat, reduced fat",,Baked Products
usda_sr_carotenoid,18955,"Bread, pan dulce, sweet yeast bread",,Baked Products
usda_sr_carotenoid,18963,"Garlic bread, frozen",,Baked Products
usda_sr_carotenoid,18964,"Cinnamon buns, frosted (includes honey buns)",,Baked Products
usda_sr_carotenoid,18965,"Crackers, cheese, reduced fat",,Baked Products
usda_sr_carotenoid,18966,"Crackers, saltines, whole wheat (includes multi-grain)",,Baked Products
usda_sr_carotenoid,18971,"Bread, potato",,Baked Products
usda_sr_carotenoid,18972,"Bread, cheese",,Baked Products
usda_sr_carotenoid,18973,"Focaccia, Italian flatbread, plain",,Baked Products
usda_sr_carotenoid,19000,"SCHIFF,TIGER'S MILK BAR",,Sweets
usda_sr_carotenoid,19001,"Candies, TOBLERONE, milk chocolate with honey and almond nougat",,Sweets
usda_sr_carotenoid,19007,"Snacks, corn-based, extruded, onion-flavor",,Snacks
usda_sr_carotenoid,19008,"Snacks, corn-based, extruded, puffs or twists, cheese-flavor",,Snacks
usda_sr_carotenoid,19009,"Snacks, KRAFT, CORNNUTS, plain",,Snacks
usda_sr_carotenoid,19018,Fruit syrup,,Sweets
usda_sr_carotenoid,19029,"Topping, SMUCKER'S MAGIC SHELL",,Sweets
usda_sr_carotenoid,19030,"Syrup, fruit flavored",,Sweets
usda_sr_carotenoid,19031,"Snacks, oriental mix, rice-based",,Snacks
usda_sr_carotenoid,19034,"Snacks, popcorn, air-popped",,Snacks
usda_sr_carotenoid,19040,"Snacks, popcorn, cheese-flavor",,Snacks
usda_sr_carotenoid,19041,"Snacks, pork skins, plain",,Snacks
usda_sr_carotenoid,19042,"Snacks, potato chips, barbecue-flavor",,Snacks
usda_sr_carotenoid,19043,"Snacks, potato chips, sour-cream-and-onion-flavor",,Snacks
usda_sr_carotenoid,19049,"Snacks, M&M MARS, COMBOS Snacks Cheddar Cheese Pretzel",,Snacks
usda_sr_carotenoid,19051,"Snacks, rice cracker brown rice, plain",,Snacks
usda_sr_carotenoid,19062,"Snacks, trail mix, regular, with chocolate chips, salted nuts and seeds",,Snacks
usda_sr_carotenoid,19064,"Candies, TOOTSIE ROLL, chocolate-flavor roll",,Sweets
usda_sr_carotenoid,19070,"Candies, butterscotch",,Sweets
usda_sr_carotenoid,19071,"Candies, carob, unsweetened",,Sweets
usda_sr_carotenoid,19074,"Candies, caramels",,Sweets
usda_sr_carotenoid,19080,"Candies, semisweet chocolate",,Sweets
usda_sr_carotenoid,19081,"Candies, sweet chocolate",,Sweets
usda_sr_carotenoid,19083,"Candies, sweet chocolate coated fondant",,Sweets
usda_sr_carotenoid,19085,"Candies, confectioner's coating, butterscotch",,Sweets
usda_sr_carotenoid,19090,"Ice creams, french vanilla, soft-serve",,Sweets
usda_sr_carotenoid,19098,"Candies, 5TH AVENUE Candy Bar",,Sweets
usda_sr_carotenoid,19099,"Candies, fondant, prepared-from-recipe",,Sweets
usda_sr_carotenoid,19100,"Candies, fudge, chocolate, prepared-from-recipe",,Sweets
usda_sr_carotenoid,19101,"Candies, fudge, chocolate, with nuts, prepared-from-recipe",,Sweets
usda_sr_carotenoid,19106,"Candies, gumdrops, starch jelly pieces",,Sweets
usda_sr_carotenoid,19107,"Candies, hard",,Sweets
usda_sr_carotenoid,19108,"Candies, jellybeans",,Sweets
usda_sr_carotenoid,19109,"Candies, KIT KAT Wafer Bar",,Sweets
usda_sr_carotenoid,19115,"Candies, MARS SNACKFOOD US, MARS Almond Bar",,Sweets
usda_sr_carotenoid,19116,"Candies, marshmallows",,Sweets
usda_sr_carotenoid,19117,"Candies, halavah, plain",,Sweets
usda_sr_carotenoid,19118,"Candies, NESTLE, OH HENRY! Bar",,Sweets
usda_sr_carotenoid,19123,"Puddings, chocolate, dry mix, instant, prepared with 2% milk",,Sweets
usda_sr_carotenoid,19124,"Baking chocolate, mexican, squares",,Sweets
usda_sr_carotenoid,19125,Chocolate-flavored hazelnut spread,,Sweets
usda_sr_carotenoid,19126,"Candies, milk chocolate coated peanuts",,Sweets
usda_sr_carotenoid,28397,"Bread, multi-grain (includes whole-grain)",,Baked Products
usda_sr_carotenoid,28399,"Cookies, animal crackers (includes arrowroot, tea biscuits)",,Baked Products
usda_sr_carotenoid,35055,"Seal, bearded (Oogruk), meat, dried (Alaska Native)",,American Indian/Alaska Native Foods
usda_sr_carotenoid,35151,"Fish, salmon, sockeye (red), raw (Alaska Native)",,American Indian/Alaska Native Foods
usda_sr_carotenoid,35152,"Fish, Salmon, Chum, raw (Alaska Native)",,American Indian/Alaska Native Foods
usda_sr_carotenoid,35153,"Fish, salmon, king (chinook), raw (Alaska Native)",,American Indian/Alaska Native Foods
usda_sr_carotenoid,35154,"Salmonberries, raw (Alaska Native)",,American Indian/Alaska Native Foods
usda_sr_carotenoid,35161,"Caribou, shoulder meat, dried (Alaska Native)",,American Indian/Alaska Native Foods
usda_sr_carotenoid,35162,"Caribou, hind quarter meat, raw (Alaska Native)",,American Indian/Alaska Native Foods
usda_sr_carotenoid,35165,"Fish, whitefish, dried (Alaska Native)",,American Indian/Alaska Native Foods
usda_sr_carotenoid,35170,"Seal, bearded (Oogruk), meat, low quadrant, raw (Alaska Native)",,American Indian/Alaska Native Foods
usda_sr_carotenoid,35171,"Fish, salmon, chum, dried (Alaska Native)",,American Indian/Alaska Native Foods
usda_sr_carotenoid,35172,"Elk, free range, ground, cooked patties (Shoshone Bannock)",,American Indian/Alaska Native Foods
usda_sr_carotenoid,35173,"Elk, free range, ground, raw (Shoshone Bannock)",,American Indian/Alaska Native Foods
usda_sr_carotenoid,35178,"Elk, free range, roast, eye of round, cooked (Shoshone Bannock)",,American Indian/Alaska Native Foods
usda_sr_carotenoid,35179,"Chokecherries, raw, pitted (Shoshone Bannock)",,American Indian/Alaska Native Foods
usda_sr_carotenoid,35180,"Steelhead trout, dried, flesh (Shoshone Bannock)",,American Indian/Alaska Native Foods
usda_sr_carotenoid,35181,"Steelhead trout, boiled, canned (Alaska Native)",,American Indian/Alaska Native Foods
usda_sr_carotenoid,36059,"Restaurant, Italian, chicken parmesan without pasta",,Restaurant Foods
usda_sr_carotenoid,36412,"Restaurant, Latino, tamale, pork",,Restaurant Foods
usda_sr_carotenoid,36415,"Restaurant, Latino, arepa (unleavened cornmeal bread)",,Restaurant Foods
usda_sr_carotenoid,36603,"Restaurant, Chinese, beef and vegetables",,Restaurant Foods
usda_sr_carotenoid,36604,"CRACKER BARREL, chicken tenderloin platter, fried, from kid's menu",,Restaurant Foods
usda_sr_carotenoid,36611,"DENNY'S, mozzarella cheese sticks",,Restaurant Foods
usda_sr_carotenoid,36613,"DENNY'S, macaroni & cheese, from kid's menu",,Restaurant Foods
usda_sr_carotenoid,36614,"DENNY'S, chicken nuggets, star shaped, from kid's menu",,Restaurant Foods
usda_sr_carotenoid,36620,"Restaurant, Chinese, shrimp and vegetables",,Restaurant Foods
usda_sr_carotenoid,36621,"Restaurant, Chinese, sweet and sour chicken",,Restaurant Foods
usda_sr_carotenoid,36622,"Restaurant, Chinese, sweet and sour pork",,Restaurant Foods
usda_sr_carotenoid,36623,"Restaurant, Chinese, chicken chow mein",,Restaurant Foods
usda_sr_carotenoid,36624,"Restaurant, Chinese, vegetable chow mein, without meat or noodles",,Restaurant Foods
usda_sr_carotenoid,36631,"OLIVE GARDEN, spaghetti with meat sauce",,Restaurant Foods
usda_sr_carotenoid,36632,"CARRABBA'S ITALIAN GRILL, spaghetti with meat sauce",,Restaurant Foods
usda_sr_carotenoid,36633,"Restaurant, Chinese, sesame chicken",,Restaurant Foods
usda_sr_carotenoid,42040,"Syrups, grenadine",,Sweets
usda_sr_carotenoid,42117,"Imitation cheese, american or cheddar, low cholesterol",,Dairy and Egg Products
usda_sr_carotenoid,42119,"Babyfood, banana juice with low fat yogurt",,Baby Foods
usda_sr_carotenoid,42120,"Babyfood, mixed fruit juice with low fat yogurt",,Baby Foods
usda_sr_carotenoid,42128,"Ham, turkey, sliced, extra lean, prepackaged or deli",,Sausages and Luncheon Meats
usda_sr_carotenoid,42137,"Salad dressing, peppercorn dressing, commercial, regular",,Fats and Oils
usda_sr_carotenoid,42138,"Mayonnaise, reduced-calorie or diet, cholesterol-free",,Fats and Oils
usda_sr_carotenoid,42139,"Granola bar, soft, milk chocolate coated, peanut butter",,Snacks
usda_sr_carotenoid,42140,"Salad dressing, italian dressing, reduced calorie",,Fats and Oils
usda_sr_carotenoid,42141,"Cream substitute, liquid, light",,Dairy and Egg Products
usda_sr_carotenoid,42155,"Cheese, monterey, low fat",,Dairy and Egg Products
usda_sr_carotenoid,42157,"Creamy dressing, made with sour cream and/or buttermilk and oil, reduced calorie, fat-free",,Fats and Oils
usda_sr_carotenoid,42158,"Creamy dressing, made with sour cream and/or buttermilk and oil, reduced calorie, cholesterol-free",,Fats and Oils
usda_sr_carotenoid,42161,"Bologna, beef, low fat",,Sausages and Luncheon Meats
usda_sr_carotenoid,42183,"Candies, MARS SNACKFOOD US, TWIX chocolate fudge cookie bars",,Sweets
usda_sr_carotenoid,42185,"Frozen yogurts, chocolate, nonfat milk, sweetened without sugar",,Sweets
usda_sr_carotenoid,42186,"Frozen yogurts, chocolate",,Sweets
usda_sr_carotenoid,42187,"Frozen yogurts, flavors other than chocolate",,Sweets
usda_sr_carotenoid,42200,Papad,,Legumes and Legume Products
usda_sr_carotenoid,42204,"Rice cake, cracker (include hain mini rice cakes)",,Snacks
usda_sr_carotenoid,42227,"Candies, MARS SNACKFOOD US, M&M's Almond Chocolate Candies",,Sweets
usda_sr_carotenoid,42230,"Salad Dressing, coleslaw, reduced fat",,Fats and Oils
usda_sr_carotenoid,43326,"Pork, cured, ham, low sodium, lean and fat, cooked",,Pork Products
usda_sr_carotenoid,43327,"Pork, cured, ham, boneless, low sodium, extra lean (approximately 5% fat), roasted",,Pork Products
usda_sr_carotenoid,43329,"Salad dressing, mayonnaise and mayonnaise-type, low calorie",,Fats and Oils
usda_sr_carotenoid,43346,"Frozen novelties, juice type, orange",,Sweets
usda_sr_carotenoid,43352,"Cheese, cottage, lowfat, 1% milkfat, no sodium added",,Dairy and Egg Products
usda_sr_carotenoid,43355,"Mayonnaise, low sodium, low calorie or diet",,Fats and Oils
usda_sr_carotenoid,43364,"Snacks, tortilla chips, unsalted, white corn",,Snacks
usda_sr_carotenoid,43382,"Cranberry juice, unsweetened",,Fruits and Fruit Juices
usda_sr_carotenoid,43384,"Beef, bologna, reduced sodium",,Sausages and Luncheon Meats
usda_sr_carotenoid,43387,"Turnip greens, canned, no salt added",,Vegetables and Vegetable Products
usda_sr_carotenoid,43390,"Turkey, light or dark meat, smoked, cooked, with skin, bone removed",,Poultry Products
usda_sr_carotenoid,43398,"Cheese, pasteurized process, cheddar or American, low sodium",,Dairy and Egg Products
usda_sr_carotenoid,43401,"Beverages, coffee, instant, with whitener, reduced calorie",,Beverages
usda_sr_carotenoid,43404,"Beverages, cranberry-apple juice drink, low calorie, with vitamin C added",,Beverages
usda_sr_carotenoid,43405,"Cheese, swiss, low sodium",,Dairy and Egg Products
usda_sr_carotenoid,43432,"Babyfood, dinner, macaroni, beef and tomato sauce, toddler",,Baby Foods
usda_sr_carotenoid,43441,"Rolls, pumpernickel",,Baked Products
usda_sr_carotenoid,43447,"Snacks, corn-based, extruded, chips, unsalted",,Snacks
usda_sr_carotenoid,43449,"Beans, baked, canned, no salt added",,Legumes and Legume Products
usda_sr_carotenoid,43497,"Jellyfish, dried, salted",,Finfish and Shellfish Products
usda_sr_carotenoid,43506,"Frozen novelties, ice cream type, chocolate or caramel covered, with nuts",,Sweets
usda_sr_carotenoid,43507,"Frankfurter, low sodium",,Sausages and Luncheon Meats
usda_sr_carotenoid,43514,"Frozen novelties, ice type, pop, with low calorie sweetener",,Sweets
usda_sr_carotenoid,43536,"Babyfood, dessert, peach yogurt",,Baby Foods
usda_sr_carotenoid,43537,"Babyfood, dessert, blueberry yogurt, strained",,Baby Foods
usda_sr_carotenoid,43539,"Babyfood, dessert, banana yogurt, strained",,Baby Foods
usda_sr_carotenoid,43541,"Ice creams, chocolate, rich",,Sweets
usda_sr_carotenoid,43566,"Snacks, tortilla chips, light (baked with less oil)",,Snacks
usda_sr_carotenoid,43570,"Cereals ready-to-eat, POST, HONEY BUNCHES OF OATS, honey roasted",,Breakfast Cereals
usda_sr_carotenoid,43572,"Popcorn, microwave, low fat and sodium",,Snacks
usda_sr_carotenoid,43585,"Babyfood, fruit supreme dessert",,Baby Foods
usda_sr_carotenoid,43589,"Cheese, swiss, low fat",,Dairy and Egg Products
usda_sr_carotenoid,44018,"Sweeteners, tabletop, fructose, liquid",,Sweets
usda_sr_carotenoid,44061,"Puddings, chocolate flavor, low calorie, instant, dry mix",,Sweets
usda_sr_carotenoid,44074,"Babyfood, grape juice, no sugar, canned",,Baby Foods
usda_sr_carotenoid,44110,"Jellies, reduced sugar, home preserved",,Sweets
usda_sr_carotenoid,44260,"Puddings, all flavors except chocolate, low calorie, instant, dry mix",,Sweets
usda_sr_carotenoid,48052,Vital wheat gluten,,Cereal Grains and Pasta
usda_sr_carotenoid,80200,"Frog legs, raw",,Finfish and Shellfish Products
usda_sr_carotenoid,83110,"Fish, mackerel, salted",,Finfish and Shellfish Products
usda_sr_carotenoid,9148,"Kiwifruit, green, raw",,Fruits and Fruit Juices
usda_sr_carotenoid,9149,"Kumquats, raw",,Fruits and Fruit Juices
usda_sr_carotenoid,9159,"Limes, raw",,Fruits and Fruit Juices
usda_sr_carotenoid,9160,"Lime juice, raw",,Fruits and Fruit Juices
usda_sr_carotenoid,9161,"Lime juice, canned or bottled, unsweetened",,Fruits and Fruit Juices
usda_sr_carotenoid,9163,"Blueberries, dried, sweetened",,Fruits and Fruit Juices
usda_sr_carotenoid,9291,"Plums, dried (prunes), uncooked",,Fruits and Fruit Juices
usda_sr_carotenoid,9297,"Raisins, golden, seedless",,Fruits and Fruit Juices
usda_sr_carotenoid,9298,"Raisins, dark, seedless (Includes foods for USDA's Food Distribution Program)",,Fruits and Fruit Juices
usda_sr_carotenoid,9301,"Rambutan, canned, syrup pack",,Fruits and Fruit Juices
usda_sr_carotenoid,9309,"Rhubarb, frozen, uncooked",,Fruits and Fruit Juices
usda_sr_carotenoid,9310,"Rhubarb, frozen, cooked, with sugar",,Fruits and Fruit Juices
usda_sr_carotenoid,9317,"Strawberries, canned, heavy syrup pack, solids and liquids",,Fruits and Fruit Juices
usda_sr_carotenoid,9318,"Strawberries, frozen, unsweetened (Includes foods for USDA's Food Distribution Program)",,Fruits and Fruit Juices
usda_sr_carotenoid,9320,"Strawberries, frozen, sweetened, sliced",,Fruits and Fruit Juices
usda_sr_carotenoid,9334,"Feijoa, raw",,Fruits and Fruit Juices
usda_sr_carotenoid,9340,"Pears, asian, raw",,Fruits and Fruit Juices
usda_sr_carotenoid,9351,"Fruit cocktail, canned, heavy syrup, drained",,Fruits and Fruit Juices
usda_sr_carotenoid,9352,"Blueberries, canned, light syrup, drained",,Fruits and Fruit Juices
usda_sr_carotenoid,9370,"Peaches, canned, heavy syrup, drained",,Fruits and Fruit Juices
usda_sr_carotenoid,9374,"Pears, canned, heavy syrup, drained",,Fruits and Fruit Juices
usda_sr_carotenoid,9379,"Plums, canned, heavy syrup, drained",,Fruits and Fruit Juices
usda_sr_carotenoid,9383,"Tangerines, (mandarin oranges), canned, juice pack, drained",,Fruits and Fruit Juices
usda_sr_carotenoid,9407,"Peach nectar, canned, with added ascorbic acid",,Fruits and Fruit Juices
usda_sr_carotenoid,9409,"Pineapple juice, canned or bottled, unsweetened, with added ascorbic acid",,Fruits and Fruit Juices
usda_sr_carotenoid,9416,"Grapefruit juice, white, bottled, unsweetened, OCEAN SPRAY",,Fruits and Fruit Juices
usda_sr_carotenoid,9421,"Dates, medjool",,Fruits and Fruit Juices
usda_sr_carotenoid,9422,"Durian, raw or frozen",,Fruits and Fruit Juices
usda_sr_carotenoid,9429,"Pineapple, raw, traditional varieties",,Fruits and Fruit Juices
usda_sr_carotenoid,9430,"Pineapple, raw, extra sweet variety",,Fruits and Fruit Juices
usda_sr_carotenoid,9434,"Guanabana nectar, canned",,Fruits and Fruit Juices
usda_sr_carotenoid,9443,"Juice, apple and grape blend, with added ascorbic acid",,Fruits and Fruit Juices
usda_sr_carotenoid,9444,"Juice, apple, grape and pear blend, with added ascorbic acid and calcium",,Fruits and Fruit Juices
usda_sr_carotenoid,9446,"Plantains, green, fried",,Fruits and Fruit Juices
usda_sr_carotenoid,9447,"Plantains, yellow, fried, Latino restaurant",,Fruits and Fruit Juices
usda_sr_carotenoid,9500,"Apples, raw, red delicious, with skin (Includes foods for USDA's Food Distribution Program)",,Fruits and Fruit Juices
usda_sr_carotenoid,9501,"Apples, raw, golden delicious, with skin",,Fruits and Fruit Juices
usda_sr_carotenoid,9502,"Apples, raw, granny smith, with skin (Includes foods for USDA's Food Distribution Program)",,Fruits and Fruit Juices
usda_sr_carotenoid,9503,"Apples, raw, gala, with skin (Includes foods for USDA's Food Distribution Program)",,Fruits and Fruit Juices
usda_sr_carotenoid,9512,"Grape juice, canned or bottled, unsweetened, with added ascorbic acid and calcium",,Fruits and Fruit Juices
usda_sr_carotenoid,9513,"Fruit juice smoothie, ODWALLA, ORIGINAL SUPERFOOD",,Fruits and Fruit Juices
usda_sr_carotenoid,9518,"Raspberries, frozen, red, unsweetened",,Fruits and Fruit Juices
usda_sr_carotenoid,9519,"Guava nectar, with sucralose, canned",,Fruits and Fruit Juices
usda_sr_carotenoid,9520,"Kiwifruit, ZESPRI SunGold, raw",,Fruits and Fruit Juices
usda_sr_carotenoid,9522,"Cranberry juice blend, 100% juice, bottled, with added vitamin C and calcium",,Fruits and Fruit Juices
usda_sr_carotenoid,9530,"Fruit juice smoothie, ODWALLA, strawberry banana",,Fruits and Fruit Juices
usda_sr_carotenoid,9531,"Fruit juice smoothie, NAKED JUICE, strawberry banana",,Fruits and Fruit Juices
usda_sr_carotenoid,9554,Raspberry juice concentrate,,Fruits and Fruit Juices
usda_sr_carotenoid,10000,"Pork, fresh, composite of separable fat, with added solution, cooked",,Pork Products
usda_sr_carotenoid,10001,"Pork, fresh, carcass, separable lean and fat, raw",,Pork Products
usda_sr_carotenoid,10002,"Pork, fresh, composite of trimmed retail cuts (leg, loin, shoulder), separable lean only, raw",,Pork Products
usda_sr_carotenoid,10007,"Pork, fresh, separable fat, cooked",,Pork Products
usda_sr_carotenoid,10009,"Pork, fresh, leg (ham), whole, separable lean and fat, cooked, roasted",,Pork Products
usda_sr_carotenoid,10010,"Pork, fresh, leg (ham), whole, separable lean only, raw",,Pork Products
usda_sr_carotenoid,10011,"Pork, fresh, leg (ham), whole, separable lean only, cooked, roasted",,Pork Products
usda_sr_carotenoid,10016,"Pork, fresh, leg (ham), shank half, separable lean and fat, raw",,Pork Products
usda_sr_carotenoid,10017,"Pork, fresh, leg (ham), shank half, separable lean and fat, cooked, roasted",,Pork Products
usda_sr_carotenoid,10018,"Pork, fresh, leg (ham), shank half, separable lean only, raw",,Pork Products
usda_sr_carotenoid,10019,"Pork, fresh, leg (ham), shank half, separable lean only, cooked, roasted",,Pork Products
usda_sr_carotenoid,10024,"Pork, fresh, loin, whole, separable lean only, raw",,Pork Products
usda_sr_carotenoid,10025,"Pork, fresh, loin, whole, separable lean only, cooked, braised",,Pork Products
usda_sr_carotenoid,10026,"Pork, fresh, loin, whole, separable lean only, cooked, broiled",,Pork Products
usda_sr_carotenoid,10027,"Pork, fresh, loin, whole, separable lean only, cooked, roasted",,Pork Products
usda_sr_carotenoid,10032,"Pork, fresh, loin, blade (chops or roasts), bone-in, separable lean only, raw",,Pork Products
usda_sr_carotenoid,10033,"Pork, fresh, loin, blade (chops), bone-in, separable lean only, cooked, braised",,Pork Products
usda_sr_carotenoid,10034,"Pork, fresh, loin, blade (chops), bone-in, separable lean only, cooked, broiled",,Pork Products
usda_sr_carotenoid,10035,"Pork, fresh, loin, blade (roasts), bone-in, separable lean only, cooked, roasted",,Pork Products
usda_sr_carotenoid,10036,"Pork, fresh, loin, center loin (chops), bone-in, separable lean and fat, raw",,Pork Products
usda_sr_carotenoid,10041,"Pork, fresh, loin, center loin (chops), bone-in, separable lean only, cooked, braised",,Pork Products
usda_sr_carotenoid,10042,"Pork, fresh, loin, center loin (chops), bone-in, separable lean only, cooked, broiled",,Pork Products
usda_sr_carotenoid,10043,"Pork, fresh, loin, center loin (roasts), bone-in, separable lean only, cooked, roasted",,Pork Products
usda_sr_carotenoid,10044,"Pork, fresh, loin, center rib (chops or roasts), bone-in, separable lean and fat, raw",,Pork Products
usda_sr_carotenoid,10049,"Pork, fresh, loin, center rib (chops), bone-in, separable lean only, cooked, braised",,Pork Products
usda_sr_carotenoid,10050,"Pork, fresh, loin, center rib (chops), bone-in, separable lean only, cooked, broiled",,Pork Products
usda_sr_carotenoid,10051,"Pork, fresh, loin, center rib (roasts), bone-in, separable lean only, cooked, roasted",,Pork Products
usda_sr_carotenoid,10052,"Pork, fresh, loin, sirloin (chops or roasts), bone-in, separable lean and fat, raw",,Pork Products
usda_sr_carotenoid,10058,"Pork, fresh, loin, sirloin (chops), bone-in, separable lean only, cooked, broiled",,Pork Products
usda_sr_carotenoid,10059,"Pork, fresh, loin, sirloin (roasts), bone-in, separable lean only, cooked, roasted",,Pork Products
usda_sr_carotenoid,10060,"Pork, fresh, loin, tenderloin, separable lean only, raw",,Pork Products
usda_sr_carotenoid,10061,"Pork, fresh, loin, tenderloin, separable lean only, cooked, roasted",,Pork Products
usda_sr_carotenoid,10066,"Pork, fresh, loin, top loin (chops), boneless, separable lean only, raw",,Pork Products
usda_sr_carotenoid,10067,"Pork, fresh, loin, top loin (chops), boneless, separable lean only, cooked, braised",,Pork Products
usda_sr_carotenoid,10068,"Pork, fresh, loin, top loin (chops), boneless, separable lean only, cooked, broiled",,Pork Products
usda_sr_carotenoid,10069,"Pork, fresh, loin, top loin (roasts), boneless, separable lean only, cooked, roasted",,Pork Products
usda_sr_carotenoid,10074,"Pork, fresh, shoulder, arm picnic, separable lean and fat, raw",,Pork Products
usda_sr_carotenoid,10075,"Pork, fresh, shoulder, arm picnic, separable lean and fat, cooked, braised",,Pork Products
usda_sr_carotenoid,10077,"Pork, fresh, shoulder, arm picnic, separable lean only, raw",,Pork Products
usda_sr_carotenoid,10083,"Pork, fresh, shoulder, blade, boston (roasts), separable lean and fat, cooked, roasted",,Pork Products
usda_sr_carotenoid,10084,"Pork, fresh, shoulder, (Boston butt), blade (steaks), separable lean only, raw",,Pork Products
usda_sr_carotenoid,10085,"Pork, fresh, shoulder, (Boston butt), blade (steaks), separable lean only, cooked, braised",,Pork Products
usda_sr_carotenoid,10086,"Pork, fresh, shoulder, blade, boston (steaks), separable lean only, cooked, broiled",,Pork Products
usda_sr_carotenoid,10094,"Pork, fresh, loin, center loin (chops), boneless, separable lean only, raw",,Pork Products
usda_sr_carotenoid,10098,"Pork, fresh, variety meats and by-products, chitterlings, raw",,Pork Products
usda_sr_carotenoid,10103,"Pork, fresh, variety meats and by-products, heart, raw",,Pork Products
usda_sr_carotenoid,10105,"Pork, fresh, variety meats and by-products, jowl, raw",,Pork Products
usda_sr_carotenoid,10121,"Pork, fresh, variety meats and by-products, tongue, raw",,Pork Products
usda_sr_carotenoid,10123,"Pork, cured, bacon, unprepared",,Pork Products
usda_sr_carotenoid,10137,"Pork, cured, ham, extra lean (approximately 4% fat), canned, unheated",,Pork Products
usda_sr_carotenoid,10141,"Pork, cured, ham, center slice, country-style, separable lean only, raw",,Pork Products
usda_sr_carotenoid,10153,"Pork, cured, ham, whole, separable lean only, roasted",,Pork Products
usda_sr_carotenoid,10163,"Pork, fresh, loin, center loin (chops), boneless, separable lean only, cooked, pan-broiled",,Pork Products
usda_sr_carotenoid,10164,"Pork, fresh, loin, center loin (chops), boneless, separable lean and fat, raw",,Pork Products
usda_sr_carotenoid,10165,"Pork, cured, salt pork, raw",,Pork Products
usda_sr_carotenoid,10173,"Pork, fresh, variety meats and by-products, feet, cooked, simmered",,Pork Products
usda_sr_carotenoid,10179,"Pork, fresh, loin, center loin (chops), bone-in, separable lean and fat, cooked, pan-fried",,Pork Products
usda_sr_carotenoid,10180,"Pork, fresh, loin, center rib (chops), bone-in, separable lean and fat, cooked, pan-fried",,Pork Products
usda_sr_carotenoid,10181,"Pork, fresh, loin, top loin (chops), boneless, separable lean only, cooked, pan-fried",,Pork Products
usda_sr_carotenoid,10182,"Pork, cured, ham, boneless, extra lean and regular, unheated",,Pork Products
usda_sr_carotenoid,10183,"Pork, cured, ham, boneless, extra lean and regular, roasted",,Pork Products
usda_sr_carotenoid,10188,"Pork, fresh, composite of trimmed retail cuts (leg, loin, shoulder, and spareribs), separable lean and fat, cooked",,Pork Products
usda_sr_carotenoid,10189,"Pork, fresh, loin, center loin (chops), boneless, separable lean and fat, cooked, pan-broiled",,Pork Products
usda_sr_carotenoid,10192,"Pork, fresh, backribs, separable lean and fat, raw",,Pork Products
usda_sr_carotenoid,10193,"Pork, fresh, backribs, separable lean and fat, cooked, roasted",,Pork Products
usda_sr_carotenoid,10199,"Pork, fresh, loin, center rib (chops or roasts), boneless, separable lean only, raw",,Pork Products
usda_sr_carotenoid,10200,"Pork, fresh, loin, center rib (chops), boneless, separable lean only, cooked, braised",,Pork Products
usda_sr_carotenoid,10207,"Pork, fresh, loin, country-style ribs, separable lean only, raw",,Pork Products
usda_sr_carotenoid,10208,"Pork, fresh, loin, country-style ribs, separable lean only, cooked, braised",,Pork Products
usda_sr_carotenoid,10209,"Pork, fresh, loin, country-style ribs, separable lean only, bone-in, cooked, roasted",,Pork Products
usda_sr_carotenoid,10210,"Pork, fresh, loin, sirloin (chops or roasts), boneless, separable lean and fat, raw",,Pork Products
usda_sr_carotenoid,10215,"Pork, fresh, loin, sirloin (chops), boneless, separable lean only, cooked, braised",,Pork Products
usda_sr_carotenoid,10216,"Pork, fresh, loin, sirloin (chops), boneless, separable lean only, cooked, broiled",,Pork Products
usda_sr_carotenoid,10217,"Pork, fresh, loin, sirloin (roasts), boneless, separable lean only, cooked, roasted",,Pork Products
usda_sr_carotenoid,10218,"Pork, fresh, loin, tenderloin, separable lean and fat, raw",,Pork Products
usda_sr_carotenoid,10224,"Pork, fresh, loin, top loin (roasts), boneless, separable lean and fat, raw",,Pork Products
usda_sr_carotenoid,10225,"Pork, fresh, loin, top loin (roasts), boneless, separable lean only, raw",,Pork Products
usda_sr_carotenoid,10226,"Pork, fresh, composite of trimmed retail cuts (loin and shoulder blade), separable lean and fat, raw",,Pork Products
usda_sr_carotenoid,10861,"Pork, cured, bacon, cooked, microwaved",,Pork Products
usda_sr_carotenoid,10862,"Pork, cured, bacon, pre-sliced, cooked, pan-fried",,Pork Products
usda_sr_carotenoid,10863,"Pork, fresh, variety meats and by-products, stomach, cooked, simmered",,Pork Products
usda_sr_carotenoid,10864,"Pork, bacon, rendered fat, cooked",,Pork Products
usda_sr_carotenoid,10869,"Pork, cured, ham and water product, slice, bone-in, separable lean only, heated, pan-broil",,Pork Products
usda_sr_carotenoid,10870,"Pork, cured, ham and water product, slice, boneless, separable lean only, heated, pan-broil",,Pork Products
usda_sr_carotenoid,10871,"Pork, cured, ham and water product, whole, boneless, separable lean only, heated, roasted",,Pork Products
usda_sr_carotenoid,10872,"Pork, cured, ham and water product, whole, boneless, separable lean only, unheated",,Pork Products
usda_sr_carotenoid,10878,"Pork, cured, ham -- water added, slice, boneless, separable lean only, heated, pan-broil",,Pork Products
usda_sr_carotenoid,10875,"Pork, cured, ham with natural juices, slice, bone-in, separable lean only, heated, pan-broil",,Pork Products
usda_sr_carotenoid,10876,"Pork, cured, ham with natural juices, spiral slice, meat only, boneless, separable lean only, heated, roasted",,Pork Products
usda_sr_carotenoid,10877,"Pork, cured, ham and water product, rump, bone-in, separable lean only, heated, roasted",,Pork Products
usda_sr_carotenoid,10882,"Pork, cured, ham with natural juices, slice, boneless, separable lean only, heated, pan-broil",,Pork Products
usda_sr_carotenoid,10883,"Pork, cured, ham with natural juices, whole, boneless, separable lean only, heated, roasted",,Pork Products
usda_sr_carotenoid,10884,"Pork, cured, ham with natural juices, whole, boneless, separable lean only, unheated",,Pork Products
usda_sr_carotenoid,10885,"Pork, cured, ham -- water added, shank, bone-in, separable lean only, unheated",,Pork Products
usda_sr_carotenoid,10890,"Pork, cured, ham with natural juices, rump, bone-in, separable lean only, unheated",,Pork Products
usda_sr_carotenoid,10891,"Pork, cured, ham with natural juices, shank, bone-in, separable lean only, unheated",,Pork Products
usda_sr_carotenoid,10892,"Pork, cured, ham with natural juices, slice, bone-in, separable lean only, unheated",,Pork Products
usda_sr_carotenoid,10893,"Pork, cured, ham with natural juices, spiral slice, boneless, separable lean only, unheated",,Pork Products
usda_sr_carotenoid,10901,"Pork, cured, ham with natural juices, spiral slice, boneless, separable lean and fat, unheated",,Pork Products
usda_sr_carotenoid,10902,"Pork, cured, ham with natural juices, slice, bone-in, separable lean and fat, unheated",,Pork Products
usda_sr_carotenoid,10903,"Pork, cured, ham with natural juices, shank, bone-in, separable lean and fat, unheated",,Pork Products
usda_sr_carotenoid,10904,"Pork, cured, ham with natural juices, rump, bone-in, separable lean and fat, unheated",,Pork Products
usda_sr_carotenoid,10909,"Pork, cured, ham -- water added, whole, boneless, separable lean and fat, unheated",,Pork Products
usda_sr_carotenoid,10910,"Pork, cured, ham -- water added, slice, bone-in, separable lean and fat, unheated",,Pork Products
usda_sr_carotenoid,10911,"Pork, cured, ham -- water added, shank, bone-in, separable lean and fat, unheated",,Pork Products
usda_sr_carotenoid,10912,"Pork, cured, ham -- water added, rump, bone-in, separable lean and fat, unheated",,Pork Products
usda_sr_carotenoid,10917,"Pork, cured, ham -- water added, whole, boneless, separable lean and fat, heated, roasted",,Pork Products
usda_sr_carotenoid,10918,"Pork, cured, ham and water product, rump, bone-in, separable lean and fat, heated, roasted",,Pork Products
usda_sr_carotenoid,10919,"Pork, cured, ham and water product, shank, bone-in, separable lean and fat, heated, roasted",,Pork Products
usda_sr_carotenoid,10920,"Pork, cured, ham and water product, slice, bone-in, separable lean and fat, heated, pan-broil",,Pork Products
usda_sr_carotenoid,10926,"Pork, cured, ham with natural juices, slice, boneless, separable lean and fat, heated, pan-broil",,Pork Products
usda_sr_carotenoid,10927,"Pork, cured, ham with natural juices, spiral slice, boneless, separable lean and fat, heated, roasted",,Pork Products
usda_sr_carotenoid,10928,"Pork, cured, ham with natural juices, whole, boneless, separable lean and fat, heated, roasted",,Pork Products
usda_sr_carotenoid,10929,"Pork, cured, ham, rump, bone-in, separable lean and fat, heated, roasted",,Pork Products
usda_sr_carotenoid,10935,"Pork, cured, ham, shank, bone-in, separable lean and fat, heated, roasted",,Pork Products
usda_sr_carotenoid,10936,"Pork, cured, ham, shank, bone-in, separable lean and fat, unheated",,Pork Products
usda_sr_carotenoid,10937,"Pork, cured, ham, slice, bone-in, separable lean and fat, heated, pan-broil",,Pork Products
usda_sr_carotenoid,10938,"Pork, cured, ham, slice, bone-in, separable lean only, unheated",,Pork Products
usda_sr_carotenoid,10944,"Pork, fresh, enhanced, loin, tenderloin, separable lean only, raw",,Pork Products
usda_sr_carotenoid,10945,"Pork, fresh, shoulder, (Boston butt), blade (steaks), separable lean only, with added solution cooked, braised",,Pork Products
usda_sr_carotenoid,10946,"Pork, fresh, shoulder, (Boston butt), blade (steaks), separable lean only, with added solution, raw",,Pork Products
usda_sr_carotenoid,10947,"Pork, fresh, loin, top loin (chops), boneless, separable lean only, with added solution, cooked, broiled",,Pork Products
usda_sr_carotenoid,10953,"Pork, fresh, shoulder, (Boston butt), blade (steaks), separable lean and fat,with added solution, raw",,Pork Products
usda_sr_carotenoid,10954,"Pork, fresh, shoulder, (Boston butt), blade (steaks), separable lean and fat, with added solution, cooked, braised",,Pork Products
usda_sr_carotenoid,10955,"Pork, cured, ham, rump, bone-in, separable lean and fat, unheated",,Pork Products
usda_sr_carotenoid,10956,"Pork, loin, leg cap steak, boneless, separable lean and fat, cooked, broiled",,Pork Products
usda_sr_carotenoid,10961,"Pork, Shoulder petite tender, boneless, separable lean and fat, raw",,Pork Products
usda_sr_carotenoid,10962,"Pork, Leg sirloin tip roast, boneless, separable lean and fat, cooked, braised",,Pork Products
usda_sr_carotenoid,10963,"Pork, Leg sirloin tip roast, boneless, separable lean and fat, raw",,Pork Products
usda_sr_carotenoid,10972,"Pork, ground, 84% lean / 16% fat, raw",,Pork Products
usda_sr_carotenoid,10977,"Pork, ground, 72% lean / 28% fat, cooked, pan-broiled",,Pork Products
usda_sr_carotenoid,10978,"Pork, ground, 84% lean / 16% fat, cooked, pan-broiled",,Pork Products
usda_sr_carotenoid,10979,"Pork, ground, 96% lean / 4% fat, cooked, pan-broiled",,Pork Products
usda_sr_carotenoid,10980,"Pork loin, fresh, backribs, bone-in, raw, lean only",,Pork Products
usda_sr_carotenoid,10981,"Pork loin, fresh, backribs, bone-in, cooked-roasted, lean only",,Pork Products
usda_sr_carotenoid,10986,"Pork, fresh, loin, country-style ribs, separable lean only, bone-in, cooked, broiled",,Pork Products
usda_sr_carotenoid,10987,"Pork, fresh, loin, country-style ribs, separable lean only, boneless, cooked, roasted",,Pork Products
usda_sr_carotenoid,10988,"Pork, fresh, blade, (chops), boneless, separable lean and fat, cooked, broiled",,Pork Products
usda_sr_carotenoid,10989,"Pork, fresh, loin, blade (chops or roasts), boneless, separable lean and fat only, raw",,Pork Products
usda_sr_carotenoid,10994,"Bacon, pre-sliced, reduced/low sodium, unprepared",,Pork Products
usda_sr_carotenoid,10998,"Canadian bacon, cooked, pan-fried",,Pork Products
usda_sr_carotenoid,11001,"Alfalfa seeds, sprouted, raw",,Vegetables and Vegetable Products
usda_sr_carotenoid,11008,"Artichokes, (globe or french), cooked, boiled, drained, without salt",,Vegetables and Vegetable Products
usda_sr_carotenoid,11010,"Artichokes, (globe or french), frozen, cooked, boiled, drained, without salt",,Vegetables and Vegetable Products
usda_sr_carotenoid,11011,"Asparagus, raw",,Vegetables and Vegetable Products
usda_sr_carotenoid,11012,"Asparagus, cooked, boiled, drained",,Vegetables and Vegetable Products
usda_sr_carotenoid,11023,"Balsam-pear (bitter gourd), leafy tips, cooked, boiled, drained, without salt",,Vegetables and Vegetable Products
usda_sr_carotenoid,11024,"Balsam-pear (bitter gourd), pods, raw",,Vegetables and Vegetable Products
usda_sr_carotenoid,11025,"Balsam-pear (bitter gourd), pods, cooked, boiled, drained, without salt",,Vegetables and Vegetable Products
usda_sr_carotenoid,11031,"Lima beans, immature seeds, raw",,Vegetables and Vegetable Products
usda_sr_carotenoid,11178,"Corn, sweet, yellow, frozen, kernels cut off cob, unprepared (Includes foods for USDA's Food Distribution Program)",,Vegetables and Vegetable Products
usda_sr_carotenoid,11179,"Corn, sweet, yellow, frozen, kernels cut off cob, boiled, drained, without salt",,Vegetables and Vegetable Products
usda_sr_carotenoid,11180,"Corn, sweet, yellow, frozen, kernels on cob, unprepared",,Vegetables and Vegetable Products
usda_sr_carotenoid,11181,"Corn, sweet, yellow, frozen, kernels on cob, cooked, boiled, drained, without salt",,Vegetables and Vegetable Products
usda_sr_carotenoid,11192,"Cowpeas (blackeyes), immature seeds, cooked, boiled, drained, without salt",,Vegetables and Vegetable Products
usda_sr_carotenoid,11196,"Cowpeas (blackeyes), immature seeds, frozen, cooked, boiled, drained, without salt",,Vegetables and Vegetable Products
usda_sr_carotenoid,11197,"Cowpeas, young pods with seeds, raw",,Vegetables and Vegetable Products
usda_sr_carotenoid,11203,"Cress, garden, raw",,Vegetables and Vegetable Products
usda_sr_carotenoid,11204,"Cress, garden, cooked, boiled, drained, without salt",,Vegetables and Vegetable Products
usda_sr_carotenoid,11205,"Cucumber, with peel, raw",,Vegetables and Vegetable Products
usda_sr_carotenoid,11212,"Edamame, frozen, prepared",,Vegetables and Vegetable Products
usda_sr_carotenoid,11213,"Endive, raw",,Vegetables and Vegetable Products
usda_sr_carotenoid,11214,"Escarole, cooked, boiled, drained, no salt added",,Vegetables and Vegetable Products
usda_sr_carotenoid,11223,"Drumstick leaves, cooked, boiled, drained, without salt",,Vegetables and Vegetable Products
usda_sr_carotenoid,11232,"Jute, potherb, cooked, boiled, drained, without salt",,Vegetables and Vegetable Products
usda_sr_carotenoid,11233,"Kale, raw",,Vegetables and Vegetable Products
usda_sr_carotenoid,11240,"Mushrooms, morel, raw",,Vegetables and Vegetable Products
usda_sr_carotenoid,11241,"Kohlrabi, raw",,Vegetables and Vegetable Products
usda_sr_carotenoid,11242,"Kohlrabi, cooked, boiled, drained, without salt",,Vegetables and Vegetable Products
usda_sr_carotenoid,11247,"Leeks, (bulb and lower leaf-portion), cooked, boiled, drained, without salt",,Vegetables and Vegetable Products
usda_sr_carotenoid,11250,"Lettuce, butterhead (includes boston and bibb types), raw",,Vegetables and Vegetable Products
usda_sr_carotenoid,11255,"Lotus root, cooked, boiled, drained, without salt",,Vegetables and Vegetable Products
usda_sr_carotenoid,11257,"Lettuce, red leaf, raw",,Vegetables and Vegetable Products
usda_sr_carotenoid,11266,"Mushrooms, brown, italian, or crimini, raw",,Vegetables and Vegetable Products
usda_sr_carotenoid,11267,"Mushrooms, shiitake, stir-fried",,Vegetables and Vegetable Products
usda_sr_carotenoid,11268,"Mushrooms, shiitake, dried",,Vegetables and Vegetable Products
usda_sr_carotenoid,11269,"Mushrooms, shiitake, cooked, without salt",,Vegetables and Vegetable Products
usda_sr_carotenoid,11402,"Potatoes, french fried, all types, salt added in processing, frozen, unprepared",,Vegetables and Vegetable Products
usda_sr_carotenoid,11411,"Potatoes, french fried, steak fries, salt added in processing, frozen, as purchased",,Vegetables and Vegetable Products
usda_sr_carotenoid,11413,Potato flour,,Vegetables and Vegetable Products
usda_sr_carotenoid,11419,"Pumpkin leaves, cooked, boiled, drained, without salt",,Vegetables and Vegetable Products
usda_sr_carotenoid,11422,"Pumpkin, raw",,Vegetables and Vegetable Products
usda_sr_carotenoid,11423,"Pumpkin, cooked, boiled, drained, without salt",,Vegetables and Vegetable Products
usda_sr_carotenoid,11424,"Pumpkin, canned, without salt",,Vegetables and Vegetable Products
usda_sr_carotenoid,11430,"Radishes, oriental, raw",,Vegetables and Vegetable Products
usda_sr_carotenoid,11431,"Radishes, oriental, cooked, boiled, drained, without salt",,Vegetables and Vegetable Products
usda_sr_carotenoid,11432,"Radishes, oriental, dried",,Vegetables and Vegetable Products
usda_sr_carotenoid,11435,"Rutabagas, raw",,Vegetables and Vegetable Products
usda_sr_carotenoid,11436,"Rutabagas, cooked, boiled, drained, without salt",,Vegetables and Vegetable Products
usda_sr_carotenoid,11444,"Seaweed, irishmoss, raw",,Vegetables and Vegetable Products
usda_sr_carotenoid,11445,"Seaweed, kelp, raw",,Vegetables and Vegetable Products
usda_sr_carotenoid,11446,"Seaweed, laver, raw",,Vegetables and Vegetable Products
usda_sr_carotenoid,11453,"Soybeans, mature seeds, sprouted, cooked, steamed",,Vegetables and Vegetable Products
usda_sr_carotenoid,11457,"Spinach, raw",,Vegetables and Vegetable Products
usda_sr_carotenoid,11458,"Spinach, cooked, boiled, drained, without salt",,Vegetables and Vegetable Products
usda_sr_carotenoid,11467,"Squash, summer, crookneck and straightneck, raw",,Vegetables and Vegetable Products
usda_sr_carotenoid,11468,"Squash, summer, crookneck and straightneck, cooked, boiled, drained, without salt",,Vegetables and Vegetable Products
usda_sr_carotenoid,11471,"Squash, summer, crookneck and straightneck, canned, drained, solid, without salt",,Vegetables and Vegetable Products
usda_sr_carotenoid,11474,"Squash, summer, crookneck and straightneck, frozen, cooked, boiled, drained, without salt",,Vegetables and Vegetable Products
usda_sr_carotenoid,11479,"Squash, summer, zucchini, includes skin, frozen, unprepared",,Vegetables and Vegetable Products
usda_sr_carotenoid,11480,"Squash, summer, zucchini, includes skin, frozen, cooked, boiled, drained, without salt",,Vegetables and Vegetable Products
usda_sr_carotenoid,11482,"Squash, winter, acorn, raw",,Vegetables and Vegetable Products
usda_sr_carotenoid,11487,"Squash, winter, butternut, frozen, unprepared",,Vegetables and Vegetable Products
usda_sr_carotenoid,11489,"Squash, winter, hubbard, raw",,Vegetables and Vegetable Products
usda_sr_carotenoid,11490,"Squash, winter, hubbard, baked, without salt",,Vegetables and Vegetable Products
usda_sr_carotenoid,11502,"Succotash, (corn and limas), frozen, cooked, boiled, drained, without salt",,Vegetables and Vegetable Products
usda_sr_carotenoid,11507,"Sweet potato, raw, unprepared (Includes foods for USDA's Food Distribution Program)",,Vegetables and Vegetable Products
usda_sr_carotenoid,11508,"Sweet potato, cooked, baked in skin, flesh, without salt",,Vegetables and Vegetable Products
usda_sr_carotenoid,11510,"Sweet potato, cooked, boiled, without skin",,Vegetables and Vegetable Products
usda_sr_carotenoid,11512,"Sweet potato, canned, vacuum pack",,Vegetables and Vegetable Products
usda_sr_carotenoid,11519,"Taro, cooked, without salt",,Vegetables and Vegetable Products
usda_sr_carotenoid,11520,"Taro leaves, raw",,Vegetables and Vegetable Products
usda_sr_carotenoid,11697,"Arrowroot, raw",,Vegetables and Vegetable Products
usda_sr_carotenoid,11709,"Asparagus, frozen, cooked, boiled, drained, with salt",,Vegetables and Vegetable Products
usda_sr_carotenoid,11710,"Balsam-pear (bitter gourd), leafy tips, cooked, boiled, drained, with salt",,Vegetables and Vegetable Products
usda_sr_carotenoid,11711,"Balsam-pear (bitter gourd), pods, cooked, boiled, drained, with salt",,Vegetables and Vegetable Products
usda_sr_carotenoid,11717,"Lima beans, immature seeds, frozen, fordhook, cooked, boiled, drained, with salt",,Vegetables and Vegetable Products
usda_sr_carotenoid,11718,"Mung beans, mature seeds, sprouted, cooked, boiled, drained, with salt",,Vegetables and Vegetable Products
usda_sr_carotenoid,11727,"Beans, snap, yellow, canned, regular pack, solids and liquids",,Vegetables and Vegetable Products
usda_sr_carotenoid,11728,"Beans, snap, yellow, canned, no salt added, solids and liquids",,Vegetables and Vegetable Products
usda_sr_carotenoid,11729,"Beans, snap, green, canned, no salt added, drained solids",,Vegetables and Vegetable Products
usda_sr_carotenoid,11734,"Beets, cooked, boiled. drained, with salt",,Vegetables and Vegetable Products
usda_sr_carotenoid,11735,"Beets, canned, no salt added, solids and liquids",,Vegetables and Vegetable Products
usda_sr_carotenoid,11736,"Beet greens, cooked, boiled, drained, with salt",,Vegetables and Vegetable Products
usda_sr_carotenoid,11742,"Broccoli, cooked, boiled, drained, with salt",,Vegetables and Vegetable Products
usda_sr_carotenoid,11743,"Broccoli, frozen, chopped, cooked, boiled, drained, with salt",,Vegetables and Vegetable Products
usda_sr_carotenoid,11744,"Broccoli, frozen, spears, cooked, boiled, drained, with salt",,Vegetables and Vegetable Products
usda_sr_carotenoid,11745,"Brussels sprouts, cooked, boiled, drained, with salt",,Vegetables and Vegetable Products
usda_sr_carotenoid,11751,"Cabbage, common, cooked, boiled, drained, with salt",,Vegetables and Vegetable Products
usda_sr_carotenoid,11752,"Cabbage, red, cooked, boiled, drained, with salt",,Vegetables and Vegetable Products
usda_sr_carotenoid,11754,"Cabbage, chinese (pak-choi), cooked, boiled, drained, with salt",,Vegetables and Vegetable Products
usda_sr_carotenoid,11759,"Carrots, canned, no salt added, drained solids",,Vegetables and Vegetable Products
usda_sr_carotenoid,11760,"Carrots, frozen, cooked, boiled, drained, with salt",,Vegetables and Vegetable Products
usda_sr_carotenoid,11761,"Cauliflower, cooked, boiled, drained, with salt",,Vegetables and Vegetable Products
usda_sr_carotenoid,11762,"Cauliflower, frozen, cooked, boiled, drained, with salt",,Vegetables and Vegetable Products
usda_sr_carotenoid,11767,"Chrysanthemum, garland, cooked, boiled, drained, with salt",,Vegetables and Vegetable Products
usda_sr_carotenoid,11768,"Collards, cooked, boiled, drained, with salt",,Vegetables and Vegetable Products
usda_sr_carotenoid,11769,"Collards, frozen, chopped, cooked, boiled, drained, with salt",,Vegetables and Vegetable Products
usda_sr_carotenoid,11770,"Corn, sweet, yellow, cooked, boiled, drained, with salt",,Vegetables and Vegetable Products
usda_sr_carotenoid,11777,"Cowpeas (blackeyes), immature seeds, cooked, boiled, drained, with salt",,Vegetables and Vegetable Products
usda_sr_carotenoid,11778,"Cowpeas (blackeyes), immature seeds, frozen, cooked, boiled, drained, with salt",,Vegetables and Vegetable Products
usda_sr_carotenoid,11786,"Drumstick leaves, cooked, boiled, drained, with salt",,Vegetables and Vegetable Products
usda_sr_carotenoid,11794,"Lambsquarters, cooked, boiled, drained, with salt",,Vegetables and Vegetable Products
usda_sr_carotenoid,11795,"Leeks, (bulb and lower leaf-portion), cooked, boiled, drained, with salt",,Vegetables and Vegetable Products
usda_sr_carotenoid,11797,"Mushrooms, white, cooked, boiled, drained, with salt",,Vegetables and Vegetable Products
usda_sr_carotenoid,11900,"Corn, sweet, white, raw",,Vegetables and Vegetable Products
usda_sr_carotenoid,11901,"Corn, sweet, white, cooked, boiled, drained, without salt",,Vegetables and Vegetable Products
usda_sr_carotenoid,11902,"Corn, sweet, white, cooked, boiled, drained, with salt",,Vegetables and Vegetable Products
usda_sr_carotenoid,11903,"Corn, sweet, white, canned, whole kernel, regular pack, solids and liquids",,Vegetables and Vegetable Products
usda_sr_carotenoid,11908,"Corn, sweet, white, canned, vacuum pack, regular pack",,Vegetables and Vegetable Products
usda_sr_carotenoid,11909,"Corn, sweet, white, canned, vacuum pack, no salt added",,Vegetables and Vegetable Products
usda_sr_carotenoid,11910,"Corn, sweet, white, frozen, kernels cut off cob, unprepared",,Vegetables and Vegetable Products
usda_sr_carotenoid,11911,"Corn, sweet, white, frozen, kernels cut off cob, boiled, drained, without salt",,Vegetables and Vegetable Products
usda_sr_carotenoid,11917,"Peppers, sweet, red, frozen, chopped, unprepared",,Vegetables and Vegetable Products
usda_sr_carotenoid,11918,"Peppers, sweet, red, frozen, chopped, boiled, drained, without salt",,Vegetables and Vegetable Products
usda_sr_carotenoid,11919,"Peppers, sweet, red, frozen, chopped, boiled, drained, with salt",,Vegetables and Vegetable Products
usda_sr_carotenoid,11921,"Peppers, sweet, red, sauteed",,Vegetables and Vegetable Products
usda_sr_carotenoid,11929,"Potatoes, mashed, prepared from granules, without milk, whole milk and margarine",,Vegetables and Vegetable Products
usda_sr_carotenoid,11934,"Potatoes, mashed, home-prepared, whole milk and butter added",,Vegetables and Vegetable Products
usda_sr_carotenoid,11935,Catsup,,Vegetables and Vegetable Products
usda_sr_carotenoid,11936,"Mushrooms, brown, italian, or crimini, exposed to ultraviolet light, raw",,Vegetables and Vegetable Products
usda_sr_carotenoid,11937,"Pickles, cucumber, dill or kosher dill",,Vegetables and Vegetable Products
usda_sr_carotenoid,11943,"Pimento, canned",,Vegetables and Vegetable Products
usda_sr_carotenoid,11945,"Pickle relish, sweet",,Vegetables and Vegetable Products
usda_sr_carotenoid,11946,"Pickles, cucumber, sour, low sodium",,Vegetables and Vegetable Products
usda_sr_carotenoid,11947,"Pickles, cucumber, dill, reduced sodium",,Vegetables and Vegetable Products
usda_sr_carotenoid,11952,"Radicchio, raw",,Vegetables and Vegetable Products
usda_sr_carotenoid,11954,"Tomatillos, raw",,Vegetables and Vegetable Products
usda_sr_carotenoid,11955,"Tomatoes, sun-dried",,Vegetables and Vegetable Products
usda_sr_carotenoid,11960,"Carrots, baby, raw",,Vegetables and Vegetable Products
usda_sr_carotenoid,11962,"Peppers, hot chile, sun-dried",,Vegetables and Vegetable Products
usda_sr_carotenoid,11963,"Nopales, raw",,Vegetables and Vegetable Products
usda_sr_carotenoid,11970,"Cabbage, napa, cooked",,Vegetables and Vegetable Products
usda_sr_carotenoid,11972,"Lemon grass (citronella), raw",,Vegetables and Vegetable Products
usda_sr_carotenoid,11973,"Beans, fava, in pod, raw",,Vegetables and Vegetable Products
usda_sr_carotenoid,11974,"Grape leaves, raw",,Vegetables and Vegetable Products
usda_sr_carotenoid,11979,"Peppers, jalapeno, raw",,Vegetables and Vegetable Products
usda_sr_carotenoid,11981,"Peppers, hungarian, raw",,Vegetables and Vegetable Products
usda_sr_carotenoid,11987,"Mushrooms, oyster, raw",,Vegetables and Vegetable Products
usda_sr_carotenoid,11989,"Mushrooms, straw, canned, drained solids",,Vegetables and Vegetable Products
usda_sr_carotenoid,11990,"Wasabi, root, raw",,Vegetables and Vegetable Products
usda_sr_carotenoid,11996,"Fiddlehead ferns, frozen, unprepared",,Vegetables and Vegetable Products
usda_sr_carotenoid,12179,"Nuts, coconut meat, dried (desiccated), sweetened, shredded",,Nut and Seed Products
usda_sr_carotenoid,12195,"Nuts, almond butter, plain, without salt added",,Nut and Seed Products
usda_sr_carotenoid,12538,"Seeds, sunflower seed kernels, oil roasted, with salt added",,Nut and Seed Products
usda_sr_carotenoid,12563,"Nuts, almonds, dry roasted, with salt added",,Nut and Seed Products
usda_sr_carotenoid,12588,"Nuts, cashew butter, plain, with salt added",,Nut and Seed Products
usda_sr_carotenoid,12632,"Nuts, macadamia nuts, dry roasted, with salt added",,Nut and Seed Products
usda_sr_carotenoid,12635,"Nuts, mixed nuts, dry roasted, with peanuts, with salt added",,Nut and Seed Products
usda_sr_carotenoid,12637,"Nuts, mixed nuts, oil roasted, with peanuts, with salt added",,Nut and Seed Products
usda_sr_carotenoid,12665,"Nuts, almonds, oil roasted, lightly salted",,Nut and Seed Products
usda_sr_carotenoid,12695,"Nuts, almond butter, plain, with salt added",,Nut and Seed Products
usda_sr_carotenoid,13019,"Beef, retail cuts, separable fat, raw",,Beef Products
usda_sr_carotenoid,13020,"Beef, retail cuts, separable fat, cooked",,Beef Products
usda_sr_carotenoid,13023,"Beef, brisket, whole, separable lean only, all grades, raw",,Beef Products
usda_sr_carotenoid,13047,"Beef, grass-fed, ground, raw",,Beef Products
usda_sr_carotenoid,13068,"Beef, flank, steak, separable lean only, trimmed to 0"" fat, choice, raw",,Beef Products
usda_sr_carotenoid,13069,"Beef, flank, steak, separable lean only, trimmed to 0"" fat, choice, cooked, braised",,Beef Products
usda_sr_carotenoid,13070,"Beef, flank, steak, separable lean only, trimmed to 0"" fat, choice, cooked, broiled",,Beef Products
usda_sr_carotenoid,13148,"Beef, rib, shortribs, separable lean and fat, choice, cooked, braised",,Beef Products
usda_sr_carotenoid,13150,"Beef, rib, shortribs, separable lean only, choice, cooked, braised",,Beef Products
usda_sr_carotenoid,13156,"Beef, round, full cut, separable lean only, trimmed to 1/4"" fat, choice, cooked, broiled",,Beef Products
usda_sr_carotenoid,13232,"Beef, short loin, porterhouse steak, separable lean only, trimmed to 1/8"" fat, choice, cooked, grilled",,Beef Products
usda_sr_carotenoid,13235,"Beef, short loin, t-bone steak, bone-in, separable lean only, trimmed to 1/8"" fat, choice, raw",,Beef Products
usda_sr_carotenoid,13236,"Beef, short loin, t-bone steak, bone-in, separable lean only, trimmed to 1/8"" fat, choice, cooked, grilled",,Beef Products
usda_sr_carotenoid,13284,"Beef, rib eye, small end (ribs 10-12), separable lean only, trimmed to 0"" fat, select, raw",,Beef Products
usda_sr_carotenoid,13318,"Beef, variety meats and by-products, brain, raw",,Beef Products
usda_sr_carotenoid,13320,"Beef, variety meats and by-products, brain, cooked, simmered",,Beef Products
usda_sr_carotenoid,13321,"Beef, variety meats and by-products, heart, raw",,Beef Products
usda_sr_carotenoid,13326,"Beef, variety meats and by-products, liver, cooked, braised",,Beef Products
usda_sr_carotenoid,13327,"Beef, variety meats and by-products, liver, cooked, pan-fried",,Beef Products
usda_sr_carotenoid,13447,"Beef, loin, top loin steak, boneless, lip off, separable lean and fat, trimmed to 0"" fat, select, cooked, grilled",,Beef Products
usda_sr_carotenoid,13448,"Beef, loin, top loin steak, boneless, lip off, separable lean only, trimmed to 0"" fat, all grades, cooked, grilled",,Beef Products
usda_sr_carotenoid,13453,"Beef, top sirloin, steak, separable lean and fat, trimmed to 0"" fat, select, cooked, broiled",,Beef Products
usda_sr_carotenoid,13454,"Beef, top sirloin, steak, separable lean only, trimmed to 0"" fat, all grades, cooked, broiled",,Beef Products
usda_sr_carotenoid,13455,"Beef, top sirloin, steak, separable lean only, trimmed to 0"" fat, choice, cooked, broiled",,Beef Products
usda_sr_carotenoid,13456,"Beef, top sirloin, steak, separable lean only, trimmed to 0"" fat, select, cooked, broiled",,Beef Products
usda_sr_carotenoid,13465,"Beef, short loin, porterhouse steak, separable lean only,  trimmed to 1/8"" fat, all grades, cooked, grilled",,Beef Products
usda_sr_carotenoid,13466,"Beef, short loin, porterhouse steak, separable lean only, trimmed to 0"" fat, all grades, cooked, broiled",,Beef Products
usda_sr_carotenoid,13467,"Beef, short loin, porterhouse steak, separable lean only, trimmed to 0"" fat, choice, cooked, broiled",,Beef Products
usda_sr_carotenoid,13468,"Beef, short loin, porterhouse steak, separable lean only, trimmed to 1/8"" fat, select, raw",,Beef Products
usda_sr_carotenoid,13469,"Beef, short loin, porterhouse steak, separable lean only, trimmed to 1/8"" fat, select, cooked, grilled",,Beef Products
usda_sr_carotenoid,13478,"Beef, short loin, t-bone steak, bone-in, separable lean only, trimmed to 1/8"" fat, all grades, raw",,Beef Products
usda_sr_carotenoid,13479,"Beef, short loin, t-bone steak, bone-in, separable lean only, trimmed to 1/8"" fat, all grades, cooked, grilled",,Beef Products
usda_sr_carotenoid,13481,"Beef, short loin, t-bone steak, separable lean only, trimmed to 0"" fat, choice, cooked, broiled",,Beef Products
usda_sr_carotenoid,13482,"Beef, short loin, t-bone steak, bone-in, separable lean only, trimmed to 1/8"" fat, select, raw",,Beef Products
usda_sr_carotenoid,13487,"Beef, round, tip round, roast, separable lean and fat, trimmed to 0"" fat, choice, raw",,Beef Products
usda_sr_carotenoid,13488,"Beef, round, tip round, roast, separable lean and fat, trimmed to 0"" fat, select, raw",,Beef Products
usda_sr_carotenoid,13490,"Beef, rib, eye, small end (ribs 10- 12) separable lean only, trimmed to 0"" fat, select, cooked, broiled",,Beef Products
usda_sr_carotenoid,13491,"Beef, round, top round steak, boneless, separable lean only, trimmed to 0"" fat, all grades, cooked, grilled",,Beef Products
usda_sr_carotenoid,13496,"Beef, ground, 70% lean meat / 30% fat, patty cooked, pan-broiled",,Beef Products
usda_sr_carotenoid,13497,"Beef, ground, 70% lean meat / 30% fat, patty, cooked, broiled",,Beef Products
usda_sr_carotenoid,13498,"Beef, ground, 70% lean meat / 30% fat, raw",,Beef Products
usda_sr_carotenoid,13499,"Beef, chuck, under blade center steak, boneless, Denver Cut, separable lean only, trimmed to 0"" fat, select, raw",,Beef Products
usda_sr_carotenoid,13500,"Beef, shoulder top blade steak, boneless, separable lean only, trimmed to 0"" fat, all grades, cooked, grilled",,Beef Products
usda_sr_carotenoid,13523,"Beef, shoulder top blade steak, boneless, separable lean only, trimmed to 0"" fat, select, raw",,Beef Products
usda_sr_carotenoid,13595,"Beef, brisket, flat half, boneless separable lean only, trimmed to 0"" fat, all grades, raw",,Beef Products
usda_sr_carotenoid,13596,"Beef, brisket, flat half, boneless, separable lean only, trimmed to 0"" fat, choice, raw",,Beef Products
usda_sr_carotenoid,13597,"Beef, brisket, flat half, boneless, separable lean only, trimmed to 0"" fat, select, raw",,Beef Products
usda_sr_carotenoid,13650,"Beef, shoulder top blade steak, boneless, separable lean and fat, trimmed to 0"" fat, choice, cooked, grilled",,Beef Products
usda_sr_carotenoid,13786,"Beef, chuck eye roast, boneless, America's Beef Roast, separable lean and fat, trimmed to 0"" fat, all grades, raw",,Beef Products
usda_sr_carotenoid,13788,"Beef, chuck eye roast, boneless, America's Beef Roast, separable lean and fat, trimmed to 0"" fat, choice, raw",,Beef Products
usda_sr_carotenoid,13791,"Beef, chuck eye roast, boneless, America's Beef Roast, separable lean and fat, trimmed to 0"" fat, select, raw",,Beef Products
usda_sr_carotenoid,13800,"Beef, composite of trimmed retail cuts, separable lean and fat, trimmed to 1/8"" fat, select, cooked",,Beef Products
usda_sr_carotenoid,13803,"Beef, brisket, whole, separable lean and fat, trimmed to 1/8"" fat, all grades, raw",,Beef Products
usda_sr_carotenoid,13804,"Beef, brisket, whole, separable lean and fat, trimmed to 1/8"" fat, all grades, cooked, braised",,Beef Products
usda_sr_carotenoid,13805,"Beef, brisket, flat half, separable lean and fat, trimmed to 1/8"" fat, all grades, raw",,Beef Products
usda_sr_carotenoid,13810,"Beef, chuck, arm pot roast, separable lean and fat, trimmed to 1/8"" fat, all grades, cooked, braised",,Beef Products
usda_sr_carotenoid,13811,"Beef, chuck, arm pot roast, separable lean and fat, trimmed to 1/8"" fat, choice, raw",,Beef Products
usda_sr_carotenoid,13812,"Beef, chuck, arm pot roast, separable lean and fat, trimmed to 1/8"" fat, choice, cooked, braised",,Beef Products
usda_sr_carotenoid,13813,"Beef, chuck, arm pot roast, separable lean and fat, trimmed to 1/8"" fat, select, raw",,Beef Products
usda_sr_carotenoid,13818,"Beef, chuck, blade roast, separable lean and fat, trimmed to 1/8"" fat, choice, cooked, braised",,Beef Products
usda_sr_carotenoid,13819,"Beef, chuck, blade roast, separable lean and fat, trimmed to 1/8"" fat, select, raw",,Beef Products
usda_sr_carotenoid,13820,"Beef, chuck, blade roast, separable lean and fat, trimmed to 1/8"" fat, select, cooked, braised",,Beef Products
usda_sr_carotenoid,13821,"Beef, chuck eye roast, boneless, America's Beef Roast, separable lean only, trimmed to 0"" fat, all grades, cooked, roasted",,Beef Products
usda_sr_carotenoid,13829,"Beef, rib, whole (ribs 6-12), separable lean and fat, trimmed to 1/8"" fat, choice, cooked, roasted",,Beef Products
usda_sr_carotenoid,13840,"Beef, rib, large end (ribs 6-9), separable lean and fat, trimmed to 1/8"" fat, all grades, cooked, roasted",,Beef Products
usda_sr_carotenoid,13854,"Beef, rib, small end (ribs 10-12), separable lean and fat, trimmed to 1/8"" fat, choice, cooked, broiled",,Beef Products
usda_sr_carotenoid,13856,"Beef, rib, small end (ribs 10-12), separable lean and fat, trimmed to 1/8"" fat, select, raw",,Beef Products
usda_sr_carotenoid,13857,"Beef, rib, small end (ribs 10-12), separable lean and fat, trimmed to 1/8"" fat, select, cooked, broiled",,Beef Products
usda_sr_carotenoid,13862,"Beef, shoulder top blade steak, boneless, separable lean and fat, trimmed to 0"" fat, select, cooked, grilled",,Beef Products
usda_sr_carotenoid,13863,"Beef, shoulder top blade steak, boneless, separable lean and fat, trimmed to 0"" fat, all grades, raw",,Beef Products
usda_sr_carotenoid,13864,"Beef, round, full cut, separable lean and fat, trimmed to 1/8"" fat, choice, raw",,Beef Products
usda_sr_carotenoid,13865,"Beef, round, full cut, separable lean and fat, trimmed to 1/8"" fat, choice, cooked, broiled",,Beef Products
usda_sr_carotenoid,13870,"Beef, round, bottom round, roast, separable lean and fat, trimmed to 1/8"" fat, all grades, cooked, roasted",,Beef Products
usda_sr_carotenoid,13871,"Beef, round, bottom round, steak, separable lean and fat, trimmed to 1/8"" fat, choice, raw",,Beef Products
usda_sr_carotenoid,13872,"Beef, round, bottom round, steak, separable lean and fat, trimmed to 1/8"" fat, choice, cooked, braised",,Beef Products
usda_sr_carotenoid,13873,"Beef, round, bottom round, roast, separable lean and fat, trimmed to 1/8"" fat, choice, cooked, roasted",,Beef Products
usda_sr_carotenoid,13874,"Beef, round, bottom round, steak, separable lean and fat, trimmed to 1/8"" fat, select, raw",,Beef Products
usda_sr_carotenoid,13879,"Beef, round, eye of round, roast, separable lean and fat, trimmed to 1/8"" fat, choice, raw",,Beef Products
usda_sr_carotenoid,13880,"Beef, round, eye of round, roast, separable lean and fat, trimmed to 1/8"" fat, choice, cooked, roasted",,Beef Products
usda_sr_carotenoid,13881,"Beef, round, eye of round, roast, separable lean and fat, trimmed to 1/8"" fat, select, raw",,Beef Products
usda_sr_carotenoid,13882,"Beef, round, eye of round, roast, separable lean and fat, trimmed to 1/8"" fat, select, cooked, roasted",,Beef Products
usda_sr_carotenoid,13887,"Beef, round, tip round, separable lean and fat, trimmed to 1/8"" fat, select, raw",,Beef Products
usda_sr_carotenoid,13888,"Beef, round, tip round, roast, separable lean and fat, trimmed to 1/8"" fat, select, cooked, roasted",,Beef Products
usda_sr_carotenoid,13889,"Beef, shoulder top blade steak, boneless, separable lean and fat, trimmed to 0"" fat, choice, raw",,Beef Products
usda_sr_carotenoid,13890,"Beef, round, top round, separable lean only, trimmed to 1/8"" fat, choice, cooked, pan-fried",,Beef Products
usda_sr_carotenoid,13895,"Beef, round, top round, separable lean and fat, trimmed to 1/8"" fat, choice, cooked, braised",,Beef Products
usda_sr_carotenoid,13896,"Beef, round, top round, steak, separable lean and fat, trimmed to 1/8"" fat, choice, cooked, broiled",,Beef Products
usda_sr_carotenoid,13897,"Beef, round, top round, separable lean and fat, trimmed to 1/8"" fat, choice, cooked, pan-fried",,Beef Products
usda_sr_carotenoid,13898,"Beef, round, top round, steak, separable lean and fat, trimmed to 1/8"" fat, select, raw",,Beef Products
usda_sr_carotenoid,13899,"Beef, round, top round, separable lean and fat, trimmed to 1/8"" fat, select, cooked, braised",,Beef Products
usda_sr_carotenoid,13904,"Beef, brisket, flat half, boneless, separable lean and fat, trimmed to 0"" fat, all grades, raw",,Beef Products
usda_sr_carotenoid,13905,"Beef, short loin, porterhouse steak, separable lean and fat, trimmed to 1/8"" fat, choice, raw",,Beef Products
usda_sr_carotenoid,13906,"Beef, short loin, porterhouse steak, separable lean and fat, trimmed to 1/8"" fat, choice, cooked, grilled",,Beef Products
usda_sr_carotenoid,13907,"Beef, short loin, t-bone steak, separable lean and fat, trimmed to 1/8"" fat, choice, raw",,Beef Products
usda_sr_carotenoid,13912,"Beef, short loin, top loin, steak, separable lean and fat, trimmed to 1/8"" fat, choice, cooked, grilled",,Beef Products
usda_sr_carotenoid,13913,"Beef, loin, top loin, separable lean and fat, trimmed to 1/8"" fat, select, raw",,Beef Products
usda_sr_carotenoid,13914,"Beef, loin, top loin, separable lean and fat, trimmed to 1/8"" fat, select, cooked, grilled",,Beef Products
usda_sr_carotenoid,13915,"Beef, short loin, top loin, steak, separable lean and fat, trimmed to 1/8"" fat, prime, raw",,Beef Products
usda_sr_carotenoid,13921,"Beef, tenderloin, steak, separable lean and fat, trimmed to 1/8"" fat, choice, cooked, broiled",,Beef Products
usda_sr_carotenoid,13922,"Beef, tenderloin, roast, separable lean and fat, trimmed to 1/8"" fat, choice, cooked, roasted",,Beef Products
usda_sr_carotenoid,13923,"Beef, tenderloin, steak, separable lean and fat, trimmed to 1/8"" fat, select, raw",,Beef Products
usda_sr_carotenoid,13924,"Beef, tenderloin, steak, separable lean and fat, trimmed to 1/8"" fat, select, cooked, broiled",,Beef Products
usda_sr_carotenoid,13929,"Beef, top sirloin, steak, separable lean and fat, trimmed to 1/8"" fat, all grades, raw",,Beef Products
usda_sr_carotenoid,13930,"Beef, top sirloin, steak, separable lean and fat, trimmed to 1/8"" fat, all grades, cooked, broiled",,Beef Products
usda_sr_carotenoid,13931,"Beef, top sirloin, steak, separable lean and fat, trimmed to 1/8"" fat, choice, raw",,Beef Products
usda_sr_carotenoid,13932,"Beef, top sirloin, steak, separable lean and fat, trimmed to 1/8"" fat, choice, cooked, broiled",,Beef Products
usda_sr_carotenoid,13940,"Beef, chuck, clod roast, separable lean only, trimmed to 0"" fat, select, cooked, roasted",,Beef Products
usda_sr_carotenoid,13943,"Beef, shoulder steak, boneless, separable lean only, trimmed to 0"" fat, choice, cooked, grilled",,Beef Products
usda_sr_carotenoid,13946,"Beef, shoulder steak, boneless, separable lean only, trimmed to 0"" fat, select, cooked, grilled",,Beef Products
usda_sr_carotenoid,13948,"Beef, flank, steak, separable lean and fat, trimmed to 0"" fat, all grades, cooked, broiled",,Beef Products
usda_sr_carotenoid,13954,"Beef, bottom sirloin, tri-tip roast, separable lean and fat, trimmed to 0"" fat, all grades, raw",,Beef Products
usda_sr_carotenoid,13955,"Beef, bottom sirloin, tri-tip roast, separable lean and fat, trimmed to 0"" fat, choice, cooked, roasted",,Beef Products
usda_sr_carotenoid,13956,"Beef, bottom sirloin, tri-tip roast, separable lean and fat, trimmed to 0"" fat, choice, raw",,Beef Products
usda_sr_carotenoid,13957,"Beef, bottom sirloin, tri-tip roast, separable lean and fat, trimmed to 0"" fat, select, cooked, roasted",,Beef Products
usda_sr_carotenoid,13965,"Beef, chuck, top blade, separable lean only, trimmed to 0"" fat, choice, cooked, broiled",,Beef Products
usda_sr_carotenoid,13967,"Beef, chuck, top blade, separable lean only, trimmed to 0"" fat, select, cooked, broiled",,Beef Products
usda_sr_carotenoid,13968,"Beef, round, top round steak, boneless, separable lean and fat, trimmed to 0"" fat, choice, cooked, grilled",,Beef Products
usda_sr_carotenoid,13969,"Beef, round, top round steak, boneless, separable lean and fat, trimmed to 0"" fat, select, cooked, grilled",,Beef Products
usda_sr_carotenoid,13974,"Beef, chuck eye roast, boneless, America's Beef Roast, separable lean only, trimmed to 0"" fat, select, raw",,Beef Products
usda_sr_carotenoid,13975,"Beef, brisket, flat half, boneless, separable lean and fat, trimmed to 0"" fat, choice, raw",,Beef Products
usda_sr_carotenoid,13977,"Beef, plate, inside skirt steak, separable lean only, trimmed to 0"" fat, all grades, cooked, broiled",,Beef Products
usda_sr_carotenoid,13979,"Beef, plate, outside skirt steak, separable lean only, trimmed to 0"" fat, all grades, cooked, broiled",,Beef Products
usda_sr_carotenoid,14003,"Alcoholic beverage, beer, regular, all",,Beverages
usda_sr_carotenoid,14006,"Alcoholic beverage, beer, light",,Beverages
usda_sr_carotenoid,14016,"Beverages, almond milk, sweetened, vanilla flavor, ready-to-drink",,Beverages
usda_sr_carotenoid,14017,"Alcoholic beverage, pina colada, prepared-from-recipe",,Beverages
usda_sr_carotenoid,19132,"Candies, milk chocolate, with almonds",,Sweets
usda_sr_carotenoid,19134,"Candies, milk chocolate, with rice cereal",,Sweets
usda_sr_carotenoid,19135,"Candies, MARS SNACKFOOD US, MILKY WAY Bar",,Sweets
usda_sr_carotenoid,19136,"Candies, HERSHEY'S SKOR Toffee Bar",,Sweets
usda_sr_carotenoid,19137,"Toppings, strawberry",,Sweets
usda_sr_carotenoid,19142,"Candies, MOUNDS Candy Bar",,Sweets
usda_sr_carotenoid,19143,"Candies, MR. GOODBAR Chocolate Bar",,Sweets
usda_sr_carotenoid,19144,"Candies, NESTLE, 100 GRAND Bar",,Sweets
usda_sr_carotenoid,19150,"Candies, REESE'S Peanut Butter Cups",,Sweets
usda_sr_carotenoid,19151,"Candies, REESE'S PIECES Candy",,Sweets
usda_sr_carotenoid,19152,"Candies, ROLO Caramels in Milk Chocolate",,Sweets
usda_sr_carotenoid,19159,"Candies, MARS SNACKFOOD US, 3 MUSKETEERS Bar",,Sweets
usda_sr_carotenoid,19160,"Candies, MARS SNACKFOOD US, TWIX Caramel Cookie Bars",,Sweets
usda_sr_carotenoid,19161,"Candies, MARS SNACKFOOD US, TWIX Peanut Butter Cookie Bars",,Sweets
usda_sr_carotenoid,19162,"Candies, WHATCHAMACALLIT Candy Bar",,Sweets
usda_sr_carotenoid,19163,Chewing gum,,Sweets
usda_sr_carotenoid,19170,"Egg custards, dry mix, prepared with whole milk",,Sweets
usda_sr_carotenoid,19172,"Gelatin desserts, dry mix",,Sweets
usda_sr_carotenoid,19182,"Desserts, mousse, chocolate, prepared-from-recipe",,Sweets
usda_sr_carotenoid,19183,"Puddings, chocolate, ready-to-eat",,Sweets
usda_sr_carotenoid,19184,"Puddings, chocolate, dry mix, instant",,Sweets
usda_sr_carotenoid,19190,"Puddings, chocolate, dry mix, regular, prepared with 2% milk",,Sweets
usda_sr_carotenoid,19191,"Puddings, coconut cream, dry mix, instant, prepared with 2% milk",,Sweets
usda_sr_carotenoid,19193,"Puddings, rice, ready-to-eat",,Sweets
usda_sr_carotenoid,19202,"Puddings, vanilla, dry mix, instant",,Sweets
usda_sr_carotenoid,19203,"Puddings, vanilla, dry mix, instant, prepared with whole milk",,Sweets
usda_sr_carotenoid,19204,"Puddings, lemon, dry mix, instant, prepared with 2% milk",,Sweets
usda_sr_carotenoid,19205,"Egg custards, dry mix, prepared with 2% milk",,Sweets
usda_sr_carotenoid,19212,"Puddings, vanilla, dry mix, regular, prepared with 2% milk",,Sweets
usda_sr_carotenoid,19213,"Rennin, chocolate, dry mix, prepared with 2% milk",,Sweets
usda_sr_carotenoid,19216,"Candies, praline, prepared-from-recipe",,Sweets
usda_sr_carotenoid,19223,"Rennin, vanilla, dry mix, prepared with whole milk",,Sweets
usda_sr_carotenoid,19226,"Frostings, chocolate, creamy, ready-to-eat",,Sweets
usda_sr_carotenoid,19232,"Flan, caramel custard, dry mix, prepared with whole milk",,Sweets
usda_sr_carotenoid,19233,"Puddings, vanilla, ready-to-eat, fat free",,Sweets
usda_sr_carotenoid,19234,"Puddings, tapioca, ready-to-eat, fat free",,Sweets
usda_sr_carotenoid,19235,"Puddings, chocolate, ready-to-eat, fat free",,Sweets
usda_sr_carotenoid,19241,"Frostings, chocolate, creamy, dry mix, prepared with butter",,Sweets
usda_sr_carotenoid,19270,"Ice creams, chocolate",,Sweets
usda_sr_carotenoid,19283,"Frozen novelties, ice type, pop",,Sweets
usda_sr_carotenoid,19293,"Frozen yogurts, vanilla, soft-serve",,Sweets
usda_sr_carotenoid,19294,"Fruit butters, apple",,Sweets
usda_sr_carotenoid,19301,"Candies, fudge, chocolate marshmallow, with nuts, prepared-by-recipe",,Sweets
usda_sr_carotenoid,19303,"Marmalade, orange",,Sweets
usda_sr_carotenoid,19304,Molasses,,Sweets
usda_sr_carotenoid,19312,"Pie fillings, apple, canned",,Sweets
usda_sr_carotenoid,19321,"Puddings, banana, dry mix, regular, prepared with whole milk",,Sweets
usda_sr_carotenoid,19322,"Puddings, coconut cream, dry mix, instant",,Sweets
usda_sr_carotenoid,19323,"Puddings, coconut cream, dry mix, instant, prepared with whole milk",,Sweets
usda_sr_carotenoid,19324,"Puddings, coconut cream, dry mix, regular",,Sweets
usda_sr_carotenoid,19325,"Puddings, coconut cream, dry mix, regular, prepared with whole milk",,Sweets
usda_sr_carotenoid,19331,"Puddings, lemon, dry mix, instant, prepared with whole milk",,Sweets
usda_sr_carotenoid,19333,"Pudding, lemon, dry mix, regular, prepared with sugar, egg yolk and water",,Sweets
usda_sr_carotenoid,19334,"Sugars, brown",,Sweets
usda_sr_carotenoid,19345,"Syrups, chocolate, HERSHEY'S Genuine Chocolate Flavored Lite Syrup",,Sweets
usda_sr_carotenoid,19348,"Syrups, chocolate, fudge-type",,Sweets
usda_sr_carotenoid,19349,"Syrups, corn, dark",,Sweets
usda_sr_carotenoid,19350,"Syrups, corn, light",,Sweets
usda_sr_carotenoid,19360,"Syrups, table blends, pancake, with 2% maple",,Sweets
usda_sr_carotenoid,19364,"Toppings, butterscotch or caramel",,Sweets
usda_sr_carotenoid,19370,"Candies, MARS SNACKFOOD US, SKITTLES Original Bite Size Candies",,Sweets
usda_sr_carotenoid,19371,"Frostings, vanilla, creamy, dry mix, prepared with margarine",,Sweets
usda_sr_carotenoid,19372,"Frostings, chocolate, creamy, dry mix, prepared with margarine",,Sweets
usda_sr_carotenoid,19384,"Candies, divinity, prepared-from-recipe",,Sweets
usda_sr_carotenoid,19393,"Frozen yogurts, chocolate, soft-serve",,Sweets
usda_sr_carotenoid,19400,"Snacks, banana chips",,Snacks
usda_sr_carotenoid,19407,"Snacks, beef sticks, smoked",,Snacks
usda_sr_carotenoid,19408,"Snacks, pork skins, barbecue-flavor",,Snacks
usda_sr_carotenoid,19409,"Frostings, glaze, chocolate, prepared-from-recipe, with butter, NFSMI Recipe No. C-32",,Sweets
usda_sr_carotenoid,19410,"Snack, potato chips, made from dried potatoes, plain",,Snacks
usda_sr_carotenoid,19415,"Snacks, potato sticks",,Snacks
usda_sr_carotenoid,19418,"Snacks, sesame sticks, wheat-based, salted",,Snacks
usda_sr_carotenoid,19419,"Snacks, corn cakes",,Snacks
usda_sr_carotenoid,19433,"Tortilla chips, low fat, baked without fat",,Snacks
usda_sr_carotenoid,19434,"Cheese puffs and twists, corn based, baked, low fat",,Snacks
usda_sr_carotenoid,19435,"Snacks, granola bar, fruit-filled, nonfat",,Snacks
usda_sr_carotenoid,19441,"Snacks, KELLOGG, KELLOGG'S, NUTRI-GRAIN Cereal Bars, fruit",,Snacks
usda_sr_carotenoid,19444,"Snacks, tortilla chips, low fat, made with olestra, nacho cheese",,Snacks
usda_sr_carotenoid,19445,"Snacks, potato chips, made from dried potatoes, fat-free, made with olestra",,Snacks
usda_sr_carotenoid,19524,"Snacks, taro chips",,Snacks
usda_sr_carotenoid,20022,"Cornmeal, degermed, enriched, yellow",,Cereal Grains and Pasta
usda_sr_carotenoid,20032,"Millet, cooked",,Cereal Grains and Pasta
usda_sr_carotenoid,20033,"Oat bran, raw",,Cereal Grains and Pasta
usda_sr_carotenoid,20035,"Quinoa, uncooked",,Cereal Grains and Pasta
usda_sr_carotenoid,20042,"Rice, brown, parboiled, dry, UNCLE BEN'S",,Cereal Grains and Pasta
usda_sr_carotenoid,20044,"Rice, white, long-grain, regular, raw, enriched",,Cereal Grains and Pasta
usda_sr_carotenoid,20045,"Rice, white, long-grain, regular, enriched, cooked",,Cereal Grains and Pasta
usda_sr_carotenoid,20062,Rye grain,,Cereal Grains and Pasta
usda_sr_carotenoid,20063,"Rye flour, dark",,Cereal Grains and Pasta
usda_sr_carotenoid,20064,"Rye flour, medium",,Cereal Grains and Pasta
usda_sr_carotenoid,20065,"Rye flour, light",,Cereal Grains and Pasta
usda_sr_carotenoid,20071,"Wheat, hard red spring",,Cereal Grains and Pasta
usda_sr_carotenoid,20072,"Wheat, hard red winter",,Cereal Grains and Pasta
usda_sr_carotenoid,20080,"Wheat flour, whole-grain (Includes foods for USDA's Food Distribution Program)",,Cereal Grains and Pasta
usda_sr_carotenoid,20081,"Wheat flour, white, all-purpose, enriched, bleached",,Cereal Grains and Pasta
usda_sr_carotenoid,20082,"Wheat flour, white, all-purpose, self-rising, enriched",,Cereal Grains and Pasta
usda_sr_carotenoid,20083,"Wheat flour, white, bread, enriched",,Cereal Grains and Pasta
usda_sr_carotenoid,20089,"Wild rice, cooked",,Cereal Grains and Pasta
usda_sr_carotenoid,20106,"Macaroni, vegetable, enriched, cooked",,Cereal Grains and Pasta
usda_sr_carotenoid,20113,"Noodles, chinese, chow mein",,Cereal Grains and Pasta
usda_sr_carotenoid,20125,"Pasta, whole-wheat, cooked (Includes foods for USDA's Food Distribution Program)",,Cereal Grains and Pasta
usda_sr_carotenoid,20126,"Spaghetti, spinach, dry",,Cereal Grains and Pasta
usda_sr_carotenoid,20129,"Wheat flours, bread, unenriched",,Cereal Grains and Pasta
usda_sr_carotenoid,20134,"Rice noodles, cooked",,Cereal Grains and Pasta
usda_sr_carotenoid,20137,"Quinoa, cooked",,Cereal Grains and Pasta
usda_sr_carotenoid,20310,"Noodles, egg, cooked, enriched, with added salt",,Cereal Grains and Pasta
usda_sr_carotenoid,20322,"Cornmeal, degermed, enriched, white",,Cereal Grains and Pasta
usda_sr_carotenoid,20410,"Noodles, egg, unenriched, cooked, without added salt",,Cereal Grains and Pasta
usda_sr_carotenoid,20421,"Pasta, cooked, unenriched, without added salt",,Cereal Grains and Pasta
usda_sr_carotenoid,20422,"Cornmeal, degermed, unenriched, yellow",,Cereal Grains and Pasta
usda_sr_carotenoid,20545,"Rice, white, long-grain, regular, cooked, unenriched, with salt",,Cereal Grains and Pasta
usda_sr_carotenoid,20581,"Wheat flour, white, all-purpose, enriched, unbleached",,Cereal Grains and Pasta
usda_sr_carotenoid,20630,"Wheat flour, white (industrial), 10% protein, unbleached, enriched",,Cereal Grains and Pasta
usda_sr_carotenoid,20634,"Wheat flour, white (industrial), 11.5% protein, bleached, enriched",,Cereal Grains and Pasta
usda_sr_carotenoid,20635,"Wheat flour, white (industrial), 11.5% protein, bleached, unenriched",,Cereal Grains and Pasta
usda_sr_carotenoid,20636,"Wheat flour, white (industrial), 11.5% protein, unbleached, enriched",,Cereal Grains and Pasta
usda_sr_carotenoid,20640,"Wheat flour, white (industrial), 13% protein, bleached, enriched",,Cereal Grains and Pasta
usda_sr_carotenoid,20649,"Wheat flour, whole-grain, soft wheat",,Cereal Grains and Pasta
usda_sr_carotenoid,32000,"Rice and vermicelli mix, beef flavor, unprepared",,"Meals, Entrees, and Side Dishes"
usda_sr_carotenoid,32002,"Rice and vermicelli mix, rice pilaf flavor, unprepared",,"Meals, Entrees, and Side Dishes"
usda_sr_carotenoid,32008,"Pasta mix, classic cheeseburger macaroni, unprepared",,"Meals, Entrees, and Side Dishes"
usda_sr_carotenoid,32009,"Pasta mix, classic beef, unprepared",,"Meals, Entrees, and Side Dishes"
usda_sr_carotenoid,32010,"Pasta mix, Italian lasagna, unprepared",,"Meals, Entrees, and Side Dishes"
usda_sr_carotenoid,32011,"Yellow rice with seasoning, dry packet mix, unprepared",,"Meals, Entrees, and Side Dishes"
usda_sr_carotenoid,32012,"Pizza rolls, frozen, unprepared",,"Meals, Entrees, and Side Dishes"
usda_sr_carotenoid,32018,"Spanish rice mix, dry mix, unprepared",,"Meals, Entrees, and Side Dishes"
usda_sr_carotenoid,32019,"Lasagna, cheese, frozen, unprepared",,"Meals, Entrees, and Side Dishes"
usda_sr_carotenoid,32027,"Turnover, meat- and cheese-filled, tomato-based sauce, reduced fat, frozen",,"Meals, Entrees, and Side Dishes"
usda_sr_carotenoid,32028,"Turnover, filled with egg, meat and cheese, frozen",,"Meals, Entrees, and Side Dishes"
usda_sr_carotenoid,32029,"Rice mix, white and wild, flavored, unprepared",,"Meals, Entrees, and Side Dishes"
usda_sr_carotenoid,32031,"Salisbury steak with gravy, frozen",,"Meals, Entrees, and Side Dishes"
usda_sr_carotenoid,33862,"Infant Formula, MEAD JOHNSON, ENFAMIL, Newborn, with ARA and DHA, powder",,Baby Foods
usda_sr_carotenoid,33863,"Infant Formula, MEAD JOHNSON, ENFAMIL, Premium LIPIL, Infant, powder",,Baby Foods
usda_sr_carotenoid,33864,"Infant Formula, MEAD JOHNSON, ENFAMIL, Premium LIPIL, Infant, Liquid concentrate, not reconstituted",,Baby Foods
usda_sr_carotenoid,33865,"Infant Formula, MEAD JOHNSON, ENFAMIL, Premium, Infant, Liquid concentrate, not reconstituted",,Baby Foods
usda_sr_carotenoid,33866,"Infant formula, MEAD JOHNSON, ENFAMIL, ENFAGROW, GENTLEASE, Toddler transitions, with ARA and DHA, powder",,Baby Foods
usda_sr_carotenoid,33871,"Infant formula, ABBOTT NUTRITION, SIMILAC, GO AND GROW, powder, with ARA and DHA",,Baby Foods
usda_sr_carotenoid,33872,"Infant formula, GERBER, GOOD START 2 SOY, with iron, powder",,Baby Foods
usda_sr_carotenoid,33873,"Infant formula, MEAD JOHNSON, ENFAMIL, NUTRAMIGEN, PurAmino, powder, not reconstituted",,Baby Foods
usda_sr_carotenoid,33874,"Infant formula, MEAD JOHNSON, ENFAMIL, Premature, 20 calories ready-to-feed Low iron",,Baby Foods
usda_sr_carotenoid,33881,"Babyfood, rice cereal, dry, EARTHS BEST ORGANIC WHOLE GRAIN, fortified only with iron",,Baby Foods
usda_sr_carotenoid,35012,"Whale, beluga, flipper, raw (Alaska Native)",,American Indian/Alaska Native Foods
usda_sr_carotenoid,35014,"Oil, beluga, whale (Alaska Native)",,American Indian/Alaska Native Foods
usda_sr_carotenoid,35015,"Blackberries, wild, raw (Alaska Native)",,American Indian/Alaska Native Foods
usda_sr_carotenoid,35193,"Agave, cooked (Southwest)",,American Indian/Alaska Native Foods
usda_sr_carotenoid,35194,"Agave, dried (Southwest)",,American Indian/Alaska Native Foods
usda_sr_carotenoid,35195,"Cattail, Narrow Leaf Shoots (Northern Plains Indians)",,American Indian/Alaska Native Foods
usda_sr_carotenoid,35196,"Lambsquarters, raw (Northern Plains Indians)",,American Indian/Alaska Native Foods
usda_sr_carotenoid,35202,"Raspberries, wild (Northern Plains Indians)",,American Indian/Alaska Native Foods
usda_sr_carotenoid,35203,"Rose Hips, wild (Northern Plains Indians)",,American Indian/Alaska Native Foods
usda_sr_carotenoid,35204,"Chokecherries, raw, pitted (Northern Plains Indians)",,American Indian/Alaska Native Foods
usda_sr_carotenoid,35234,"Piki bread, made from blue cornmeal (Hopi)",,American Indian/Alaska Native Foods
usda_sr_carotenoid,35236,"Stew, pinto bean and hominy, badufsuki (Hopi)",,American Indian/Alaska Native Foods
usda_sr_carotenoid,35237,"Tamales, masa and pork filling (Hopi)",,American Indian/Alaska Native Foods
usda_sr_carotenoid,36003,"APPLEBEE'S, KRAFT, Macaroni & Cheese, from kid's menu",,Restaurant Foods
usda_sr_carotenoid,36004,"APPLEBEE'S, mozzarella sticks",,Restaurant Foods
usda_sr_carotenoid,36005,"APPLEBEE'S, chicken tenders, from kids' menu",,Restaurant Foods
usda_sr_carotenoid,36010,"T.G.I. FRIDAY'S, chicken fingers, from kids' menu",,Restaurant Foods
usda_sr_carotenoid,36012,"Restaurant, family style, fried mozzarella sticks",,Restaurant Foods
usda_sr_carotenoid,36018,"APPLEBEE'S, fish, hand battered",,Restaurant Foods
usda_sr_carotenoid,36019,"APPLEBEE'S, chili",,Restaurant Foods
usda_sr_carotenoid,36020,"T.G.I. FRIDAY'S, chicken fingers",,Restaurant Foods
usda_sr_carotenoid,36021,"APPLEBEE'S, coleslaw",,Restaurant Foods
usda_sr_carotenoid,36026,"CRACKER BARREL, onion rings, thick-cut",,Restaurant Foods
usda_sr_carotenoid,36027,"DENNY'S, chicken strips",,Restaurant Foods
usda_sr_carotenoid,36028,"DENNY'S, coleslaw",,Restaurant Foods
usda_sr_carotenoid,36029,"DENNY'S, fish fillet, battered or breaded, fried",,Restaurant Foods
usda_sr_carotenoid,36035,"Restaurant, family style, coleslaw",,Restaurant Foods
usda_sr_carotenoid,36036,"Restaurant, family style, onion rings",,Restaurant Foods
usda_sr_carotenoid,36037,"Restaurant, family style, chili with meat and beans",,Restaurant Foods
usda_sr_carotenoid,36038,"Restaurant, family style, spaghetti and meatballs",,Restaurant Foods
usda_sr_carotenoid,36043,"CARRABBA'S ITALIAN GRILL, lasagne",,Restaurant Foods
usda_sr_carotenoid,36044,"ON THE BORDER, Mexican rice",,Restaurant Foods
usda_sr_carotenoid,36046,"Restaurant, Italian, spaghetti with pomodoro sauce (no meat)",,Restaurant Foods
usda_sr_carotenoid,36053,"CARRABBA'S ITALIAN GRILL, cheese ravioli with marinara sauce",,Restaurant Foods
usda_sr_carotenoid,36054,"OLIVE GARDEN, cheese ravioli with marinara sauce",,Restaurant Foods
usda_sr_carotenoid,36055,"Restaurant, Italian, cheese ravioli with marinara sauce",,Restaurant Foods
usda_sr_carotenoid,42236,"Cereals ready-to-eat, frosted oat cereal with marshmallows",,Breakfast Cereals
usda_sr_carotenoid,42237,"Cereals ready-to-eat, WEETABIX whole grain cereal",,Breakfast Cereals
usda_sr_carotenoid,42265,"Cereals ready-to-eat, POST, GREAT GRAINS, Raisin, Date & Pecan",,Breakfast Cereals
usda_sr_carotenoid,42266,"Babyfood, juice, apple-sweet potato",,Baby Foods
usda_sr_carotenoid,42267,"Babyfood, juice, orange-carrot",,Baby Foods
usda_sr_carotenoid,42270,"Beverages, Orange juice drink",,Beverages
usda_sr_carotenoid,42281,"Gums, seed gums (includes locust bean, guar)",,Sweets
usda_sr_carotenoid,42283,"Snacks, potato chips, white, restructured, baked",,Snacks
usda_sr_carotenoid,42284,"Babyfood, baked product, finger snacks cereal fortified",,Baby Foods
usda_sr_carotenoid,42285,"Babyfood, cereal, brown rice, dry, instant",,Baby Foods
usda_sr_carotenoid,42286,"Babyfood, green beans and turkey, strained",,Baby Foods
usda_sr_carotenoid,42303,"Cheese, muenster, low fat",,Dairy and Egg Products
usda_sr_carotenoid,42304,"Cheese, mozzarella, nonfat",,Dairy and Egg Products
usda_sr_carotenoid,42307,"Margarine-like, butter-margarine blend, 80% fat, stick, without salt",,Fats and Oils
usda_sr_carotenoid,42309,"Margarine-like, vegetable oil-butter spread, reduced calorie, tub, with salt",,Fats and Oils
usda_sr_carotenoid,43008,"Babyfood, dinner, chicken and rice",,Baby Foods
usda_sr_carotenoid,43015,"Salad dressing, caesar dressing, regular",,Fats and Oils
usda_sr_carotenoid,43016,"Salad dressing, coleslaw",,Fats and Oils
usda_sr_carotenoid,43017,"Salad dressing, green goddess, regular",,Fats and Oils
usda_sr_carotenoid,43028,"Jams and preserves, no sugar (with sodium saccharin), any flavor",,Sweets
usda_sr_carotenoid,43031,"Candies, chocolate covered, caramel with nuts",,Sweets
usda_sr_carotenoid,43046,"Candies, nougat, with almonds",,Sweets
usda_sr_carotenoid,43057,"Candies, gum drops, no sugar or low calorie (sorbitol)",,Sweets
usda_sr_carotenoid,43098,"Pie fillings, cherry, low calorie",,Sweets
usda_sr_carotenoid,43100,"Breakfast bars, oats, sugar, raisins, coconut (include granola bar)",,Snacks
usda_sr_carotenoid,43109,"Pretzels, soft",,Snacks
usda_sr_carotenoid,43112,"Beans, chili, barbecue, ranch style, cooked",,Legumes and Legume Products
usda_sr_carotenoid,43131,"Luncheon slices, meatless",,Legumes and Legume Products
usda_sr_carotenoid,43132,"Meatballs, meatless",,Legumes and Legume Products
usda_sr_carotenoid,43134,Vegetarian fillets,,Legumes and Legume Products
usda_sr_carotenoid,43135,"Sandwich spread, meatless",,Legumes and Legume Products
usda_sr_carotenoid,43154,"Alcoholic beverage, wine, cooking",,Beverages
usda_sr_carotenoid,43155,"Alcoholic beverage, wine, light",,Beverages
usda_sr_carotenoid,43158,"Sweeteners, tabletop, saccharin (sodium saccharin)",,Sweets
usda_sr_carotenoid,43205,"Beverage, instant breakfast powder, chocolate, not reconstituted",,Dairy and Egg Products
usda_sr_carotenoid,43217,"Tomato sauce, canned, no salt added",,Vegetables and Vegetable Products
usda_sr_carotenoid,43218,"Cereals ready-to-eat, ALPEN",,Breakfast Cereals
usda_sr_carotenoid,43241,"Cereals ready-to-eat, FAMILIA",,Breakfast Cereals
usda_sr_carotenoid,43245,"Cereals ready-to-eat, wheat and bran, presweetened with nuts and fruits",,Breakfast Cereals
usda_sr_carotenoid,43273,"Cheese, cottage, with vegetables",,Dairy and Egg Products
usda_sr_carotenoid,43274,"Cheese, cream, low fat",,Dairy and Egg Products
usda_sr_carotenoid,43275,"Cheese, pasteurized process, American, low fat",,Dairy and Egg Products
usda_sr_carotenoid,43276,"Cheese spread, cream cheese base",,Dairy and Egg Products
usda_sr_carotenoid,43297,"Pork, oriental style, dehydrated",,Pork Products
usda_sr_carotenoid,43299,"Soybean, curd cheese",,Legumes and Legume Products
usda_sr_carotenoid,43311,"Potatoes, canned, drained solids, no salt added",,Vegetables and Vegetable Products
usda_sr_carotenoid,43312,"Vegetables, mixed (corn, lima beans, peas, green beans, carrots) canned, no salt added",,Vegetables and Vegetable Products
usda_sr_carotenoid,9164,"Litchis, raw",,Fruits and Fruit Juices
usda_sr_carotenoid,9165,"Litchis, dried",,Fruits and Fruit Juices
usda_sr_carotenoid,9167,"Loganberries, frozen",,Fruits and Fruit Juices
usda_sr_carotenoid,9177,"Mangosteen, canned, syrup pack",,Fruits and Fruit Juices
usda_sr_carotenoid,9178,"Mango, dried, sweetened",,Fruits and Fruit Juices
usda_sr_carotenoid,9181,"Melons, cantaloupe, raw",,Fruits and Fruit Juices
usda_sr_carotenoid,9183,"Melons, casaba, raw",,Fruits and Fruit Juices
usda_sr_carotenoid,9193,"Olives, ripe, canned (small-extra large)",,Fruits and Fruit Juices
usda_sr_carotenoid,9194,"Olives, ripe, canned (jumbo-super colossal)",,Fruits and Fruit Juices
usda_sr_carotenoid,9195,"Olives, pickled, canned or bottled, green",,Fruits and Fruit Juices
usda_sr_carotenoid,9200,"Oranges, raw, all commercial varieties",,Fruits and Fruit Juices
usda_sr_carotenoid,9206,"Orange juice, raw (Includes foods for USDA's Food Distribution Program)",,Fruits and Fruit Juices
usda_sr_carotenoid,9207,"Orange juice, canned, unsweetened",,Fruits and Fruit Juices
usda_sr_carotenoid,9209,"Orange juice, chilled, includes from concentrate",,Fruits and Fruit Juices
usda_sr_carotenoid,9210,"Orange juice, chilled, includes from concentrate, with added calcium and vitamin D",,Fruits and Fruit Juices
usda_sr_carotenoid,9215,"Orange juice, frozen concentrate, unsweetened, diluted with 3 volume water",,Fruits and Fruit Juices
usda_sr_carotenoid,9217,"Orange-grapefruit juice, canned or bottled, unsweetened",,Fruits and Fruit Juices
usda_sr_carotenoid,9218,"Tangerines, (mandarin oranges), raw",,Fruits and Fruit Juices
usda_sr_carotenoid,9219,"Tangerines, (mandarin oranges), canned, juice pack",,Fruits and Fruit Juices
usda_sr_carotenoid,9229,"Papaya nectar, canned",,Fruits and Fruit Juices
usda_sr_carotenoid,9231,"Passion-fruit, (granadilla), purple, raw",,Fruits and Fruit Juices
usda_sr_carotenoid,9232,"Passion-fruit juice, purple, raw",,Fruits and Fruit Juices
usda_sr_carotenoid,9233,"Passion-fruit juice, yellow, raw",,Fruits and Fruit Juices
usda_sr_carotenoid,9240,"Peaches, canned, light syrup pack, solids and liquids",,Fruits and Fruit Juices
usda_sr_carotenoid,9241,"Peaches, canned, heavy syrup pack, solids and liquids",,Fruits and Fruit Juices
usda_sr_carotenoid,9243,"Peaches, spiced, canned, heavy syrup pack, solids and liquids",,Fruits and Fruit Juices
usda_sr_carotenoid,9250,"Peaches, frozen, sliced, sweetened",,Fruits and Fruit Juices
usda_sr_carotenoid,9251,"Peach nectar, canned, with sucralose, without added ascorbic acid",,Fruits and Fruit Juices
usda_sr_carotenoid,9252,"Pears, raw",,Fruits and Fruit Juices
usda_sr_carotenoid,9253,"Pears, canned, water pack, solids and liquids",,Fruits and Fruit Juices
usda_sr_carotenoid,9259,"Pears, dried, sulfured, uncooked",,Fruits and Fruit Juices
usda_sr_carotenoid,9260,"Pears, dried, sulfured, stewed, without added sugar",,Fruits and Fruit Juices
usda_sr_carotenoid,9266,"Pineapple, raw, all varieties",,Fruits and Fruit Juices
usda_sr_carotenoid,9267,"Pineapple, canned, water pack, solids and liquids",,Fruits and Fruit Juices
usda_sr_carotenoid,9268,"Pineapple, canned, juice pack, solids and liquids",,Fruits and Fruit Juices
usda_sr_carotenoid,9269,"Pineapple, canned, light syrup pack, solids and liquids",,Fruits and Fruit Juices
usda_sr_carotenoid,9275,"Pineapple juice, frozen concentrate, unsweetened, diluted with 3 volume water",,Fruits and Fruit Juices
usda_sr_carotenoid,9277,"Plantains, yellow, raw",,Fruits and Fruit Juices
usda_sr_carotenoid,9278,"Plantains, yellow, baked",,Fruits and Fruit Juices
usda_sr_carotenoid,9284,"Plums, canned, purple, heavy syrup pack, solids and liquids",,Fruits and Fruit Juices
usda_sr_carotenoid,9286,"Pomegranates, raw",,Fruits and Fruit Juices
usda_sr_carotenoid,11032,"Lima beans, immature seeds, cooked, boiled, drained, without salt",,Vegetables and Vegetable Products
usda_sr_carotenoid,11044,"Mung beans, mature seeds, sprouted, cooked, boiled, drained, without salt",,Vegetables and Vegetable Products
usda_sr_carotenoid,11053,"Beans, snap, green, cooked, boiled, drained, without salt",,Vegetables and Vegetable Products
usda_sr_carotenoid,11054,"Beans, snap, green, canned, regular pack, solids and liquids",,Vegetables and Vegetable Products
usda_sr_carotenoid,11056,"Beans, snap, green, canned, regular pack, drained solids",,Vegetables and Vegetable Products
usda_sr_carotenoid,11080,"Beets, raw",,Vegetables and Vegetable Products
usda_sr_carotenoid,11081,"Beets, cooked, boiled, drained",,Vegetables and Vegetable Products
usda_sr_carotenoid,11082,"Beets, canned, regular pack, solids and liquids",,Vegetables and Vegetable Products
usda_sr_carotenoid,10879,"Pork, cured, ham -- water added, whole, boneless, separable lean only, heated, roasted",,Pork Products
usda_sr_carotenoid,10880,"Pork, cured, ham -- water added, whole, boneless, separable lean only, unheated",,Pork Products
usda_sr_carotenoid,10881,"Pork, cured, ham and water product, shank, bone-in, separable lean only, heated, roasted",,Pork Products
usda_sr_carotenoid,10886,"Pork, cured, ham -- water added, slice, bone-in, separable lean only, unheated",,Pork Products
usda_sr_carotenoid,10887,"Pork, cured, ham and water product, rump, bone-in, separable lean only, unheated",,Pork Products
usda_sr_carotenoid,10888,"Pork, cured, ham and water product, slice, bone-in, separable lean only, unheated",,Pork Products
usda_sr_carotenoid,10889,"Pork, cured, ham and water product, shank, bone-in, unheated, separable lean only",,Pork Products
usda_sr_carotenoid,10894,"Pork, cured, ham, separable fat, boneless, heated",,Pork Products
usda_sr_carotenoid,10895,"Pork, cured, ham, separable fat, boneless, unheated",,Pork Products
usda_sr_carotenoid,10898,"Pork, pickled pork hocks",,Pork Products
usda_sr_carotenoid,10899,"Pork, cured, ham, slice, bone-in, separable lean only, heated, pan-broil",,Pork Products
usda_sr_carotenoid,10900,"Pork, cured, ham with natural juices, whole, boneless, separable lean and fat, unheated",,Pork Products
usda_sr_carotenoid,10905,"Pork, cured, ham and water product, whole, boneless, separable lean and fat, unheated",,Pork Products
usda_sr_carotenoid,10906,"Pork, cured, ham and water product, slice, bone-in, separable lean and fat, unheated",,Pork Products
usda_sr_carotenoid,10907,"Pork, cured, ham and water product, shank, bone-in, separable lean and fat, unheated",,Pork Products
usda_sr_carotenoid,10908,"Pork, cured, ham and water product, rump, bone-in, separable lean and fat, unheated",,Pork Products
usda_sr_carotenoid,10913,"Pork, cured, ham -- water added, rump, bone-in, separable lean and fat, heated, roasted",,Pork Products
usda_sr_carotenoid,10914,"Pork, cured, ham -- water added, shank, bone-in, separable lean and fat, heated, roasted",,Pork Products
usda_sr_carotenoid,10915,"Pork, cured, ham -- water added, slice, bone-in, separable lean and fat, heated, pan-broil",,Pork Products
usda_sr_carotenoid,10916,"Pork, cured, ham -- water added, slice, boneless, separable lean and fat, heated, pan-broil",,Pork Products
usda_sr_carotenoid,10921,"Pork, cured, ham and water product, slice, boneless, separable lean and fat, heated, pan-broil",,Pork Products
usda_sr_carotenoid,10922,"Pork, cured, ham and water product, whole, boneless, separable lean and fat, heated, roasted",,Pork Products
usda_sr_carotenoid,10923,"Pork, cured, ham with natural juices, rump, bone-in, separable lean and fat, heated, roasted",,Pork Products
usda_sr_carotenoid,10924,"Pork, cured, ham with natural juices, shank, bone-in, separable lean and fat, heated, roasted",,Pork Products
usda_sr_carotenoid,10925,"Pork, cured, ham with natural juices, slice, bone-in, separable lean and fat, heated, pan-broil",,Pork Products
usda_sr_carotenoid,10931,"Pork, cured, ham, rump, bone-in, separable lean only, heated, roasted",,Pork Products
usda_sr_carotenoid,10932,"Pork, cured, ham, rump, bone-in, separable lean only, unheated",,Pork Products
usda_sr_carotenoid,10933,"Pork, cured, ham, shank, bone-in, separable lean only, heated, roasted",,Pork Products
usda_sr_carotenoid,10934,"Pork, cured, ham, shank, bone-in, separable lean only, unheated",,Pork Products
usda_sr_carotenoid,10939,"Pork, cured, ham, slice, bone-in, separable lean and fat, unheated",,Pork Products
usda_sr_carotenoid,10940,"Pork, fresh, spareribs, separable lean and fat, cooked, roasted",,Pork Products
usda_sr_carotenoid,10942,"Pork, fresh, composite of separable fat, with added solution, raw",,Pork Products
usda_sr_carotenoid,10943,"Pork, fresh, loin, tenderloin, separable lean only, with added solution, cooked, roasted",,Pork Products
usda_sr_carotenoid,10948,"Pork, fresh, loin, top loin (chops), boneless, separable lean only, with added solution, raw",,Pork Products
usda_sr_carotenoid,10949,"Pork, fresh, loin, top loin (chops), boneless, separable lean and fat, with added solution, raw",,Pork Products
usda_sr_carotenoid,10950,"Pork, fresh, loin, top loin (chops), boneless, separable lean and fat, with added solution, cooked, broiled",,Pork Products
usda_sr_carotenoid,10951,"Pork, fresh, loin, tenderloin, separable lean and fat, with added solution, raw",,Pork Products
usda_sr_carotenoid,10952,"Pork, fresh, loin, tenderloin, separable lean and fat, with added solution, cooked, roasted",,Pork Products
usda_sr_carotenoid,10957,"Pork, Leg Cap Steak, boneless, separable lean and fat, raw",,Pork Products
usda_sr_carotenoid,10958,"Pork, Shoulder breast, boneless, separable lean and fat, raw",,Pork Products
usda_sr_carotenoid,10959,"Pork, Shoulder breast, boneless, separable lean and fat, cooked, broiled",,Pork Products
usda_sr_carotenoid,10960,"Pork, shoulder, petite tender, boneless, separable lean and fat, cooked, broiled",,Pork Products
usda_sr_carotenoid,10973,"Pork, ground, 96% lean / 4% fat, raw",,Pork Products
usda_sr_carotenoid,10974,"Pork, ground, 72% lean / 28% fat, cooked, crumbles",,Pork Products
usda_sr_carotenoid,10975,"Pork, ground, 84% lean / 16% fat, cooked, crumbles",,Pork Products
usda_sr_carotenoid,10976,"Pork, ground, 96% lean / 4% fat, cooked, crumbles",,Pork Products
usda_sr_carotenoid,10982,"Pork, fresh, loin, blade (chops or roasts), boneless, separable lean only, raw",,Pork Products
usda_sr_carotenoid,10983,"Pork, fresh, loin, blade (roasts), boneless, separable lean only, cooked, roasted",,Pork Products
usda_sr_carotenoid,10984,"Pork, fresh, loin, blade (chops), boneless, separable lean only, boneless, cooked, broiled",,Pork Products
usda_sr_carotenoid,10985,"Pork, fresh, loin, country-style ribs, separable lean only, boneless, cooked, broiled",,Pork Products
usda_sr_carotenoid,10990,"Pork, fresh, loin, blade (roasts), boneless, separable lean and fat, cooked, roasted",,Pork Products
usda_sr_carotenoid,10991,"Pork, fresh, loin, country-style ribs, separable lean and fat, boneless, cooked, broiled",,Pork Products
usda_sr_carotenoid,10992,"Pork, fresh, loin, country-style ribs, separable lean and fat, bone-in, cooked, broiled",,Pork Products
usda_sr_carotenoid,10993,"Pork, fresh, loin, country-style ribs, separable lean and fat, boneless, cooked, roasted",,Pork Products
usda_sr_carotenoid,11007,"Artichokes, (globe or french), raw",,Vegetables and Vegetable Products
usda_sr_carotenoid,11015,"Asparagus, canned, drained solids",,Vegetables and Vegetable Products
usda_sr_carotenoid,11019,"Asparagus, frozen, cooked, boiled, drained, without salt",,Vegetables and Vegetable Products
usda_sr_carotenoid,11026,"Bamboo shoots, raw",,Vegetables and Vegetable Products
usda_sr_carotenoid,11028,"Bamboo shoots, canned, drained solids",,Vegetables and Vegetable Products
usda_sr_carotenoid,11172,"Corn, sweet, yellow, canned, whole kernel, drained solids",,Vegetables and Vegetable Products
usda_sr_carotenoid,11174,"Corn, sweet, yellow, canned, cream style, regular pack",,Vegetables and Vegetable Products
usda_sr_carotenoid,11176,"Corn, sweet, yellow, canned, vacuum pack, regular pack",,Vegetables and Vegetable Products
usda_sr_carotenoid,11182,"Corn, yellow, whole kernel, frozen, microwaved",,Vegetables and Vegetable Products
usda_sr_carotenoid,11206,"Cucumber, peeled, raw",,Vegetables and Vegetable Products
usda_sr_carotenoid,11207,"Dandelion greens, raw",,Vegetables and Vegetable Products
usda_sr_carotenoid,11208,"Dandelion greens, cooked, boiled, drained, without salt",,Vegetables and Vegetable Products
usda_sr_carotenoid,11209,"Eggplant, raw",,Vegetables and Vegetable Products
usda_sr_carotenoid,11210,"Eggplant, cooked, boiled, drained, without salt",,Vegetables and Vegetable Products
usda_sr_carotenoid,11215,"Garlic, raw",,Vegetables and Vegetable Products
usda_sr_carotenoid,11216,"Ginger root, raw",,Vegetables and Vegetable Products
usda_sr_carotenoid,11224,"Hyacinth-beans, immature seeds, raw",,Vegetables and Vegetable Products
usda_sr_carotenoid,11226,"Jerusalem-artichokes, raw",,Vegetables and Vegetable Products
usda_sr_carotenoid,11234,"Kale, cooked, boiled, drained, without salt",,Vegetables and Vegetable Products
usda_sr_carotenoid,11235,"Kale, frozen, unprepared",,Vegetables and Vegetable Products
usda_sr_carotenoid,11236,"Kale, frozen, cooked, boiled, drained, without salt",,Vegetables and Vegetable Products
usda_sr_carotenoid,11243,"Mushrooms, portabella, grilled",,Vegetables and Vegetable Products
usda_sr_carotenoid,11245,"Lambsquarters, cooked, boiled, drained, without salt",,Vegetables and Vegetable Products
usda_sr_carotenoid,11246,"Leeks, (bulb and lower leaf-portion), raw",,Vegetables and Vegetable Products
usda_sr_carotenoid,11251,"Lettuce, cos or romaine, raw",,Vegetables and Vegetable Products
usda_sr_carotenoid,11252,"Lettuce, iceberg (includes crisphead types), raw",,Vegetables and Vegetable Products
usda_sr_carotenoid,11253,"Lettuce, green leaf, raw",,Vegetables and Vegetable Products
usda_sr_carotenoid,11254,"Lotus root, raw",,Vegetables and Vegetable Products
usda_sr_carotenoid,11260,"Mushrooms, white, raw",,Vegetables and Vegetable Products
usda_sr_carotenoid,11261,"Mushrooms, white, cooked, boiled, drained, without salt",,Vegetables and Vegetable Products
usda_sr_carotenoid,11263,"Mushrooms, white, stir-fried",,Vegetables and Vegetable Products
usda_sr_carotenoid,11264,"Mushrooms, canned, drained solids",,Vegetables and Vegetable Products
usda_sr_carotenoid,11265,"Mushrooms, portabella, raw",,Vegetables and Vegetable Products
usda_sr_carotenoid,11270,"Mustard greens, raw",,Vegetables and Vegetable Products
usda_sr_carotenoid,11271,"Mustard greens, cooked, boiled, drained, without salt",,Vegetables and Vegetable Products
usda_sr_carotenoid,11273,"Mustard greens, frozen, cooked, boiled, drained, without salt",,Vegetables and Vegetable Products
usda_sr_carotenoid,11278,"Okra, raw",,Vegetables and Vegetable Products
usda_sr_carotenoid,11279,"Okra, cooked, boiled, drained, without salt",,Vegetables and Vegetable Products
usda_sr_carotenoid,11280,"Okra, frozen, unprepared",,Vegetables and Vegetable Products
usda_sr_carotenoid,11281,"Okra, frozen, cooked, boiled, drained, without salt",,Vegetables and Vegetable Products
usda_sr_carotenoid,11403,"Potatoes, french fried, all types, salt added in processing, frozen, home-prepared, oven heated",,Vegetables and Vegetable Products
usda_sr_carotenoid,11414,"Potato salad, home-prepared",,Vegetables and Vegetable Products
usda_sr_carotenoid,11417,"Pumpkin flowers, cooked, boiled, drained, without salt",,Vegetables and Vegetable Products
usda_sr_carotenoid,11429,"Radishes, raw",,Vegetables and Vegetable Products
usda_sr_carotenoid,11438,"Salsify, cooked, boiled, drained, without salt",,Vegetables and Vegetable Products
usda_sr_carotenoid,11439,"Sauerkraut, canned, solids and liquids",,Vegetables and Vegetable Products
usda_sr_carotenoid,11442,"Seaweed, agar, raw",,Vegetables and Vegetable Products
usda_sr_carotenoid,11459,"Spinach, canned, regular pack, solids and liquids",,Vegetables and Vegetable Products
usda_sr_carotenoid,11461,"Spinach, canned, regular pack, drained solids",,Vegetables and Vegetable Products
usda_sr_carotenoid,11463,"Spinach, frozen, chopped or leaf, unprepared (Includes foods for USDA's Food Distribution Program)",,Vegetables and Vegetable Products
usda_sr_carotenoid,11464,"Spinach, frozen, chopped or leaf, cooked, boiled, drained, without salt",,Vegetables and Vegetable Products
usda_sr_carotenoid,11475,"Squash, summer, scallop, raw",,Vegetables and Vegetable Products
usda_sr_carotenoid,11476,"Squash, summer, scallop, cooked, boiled, drained, without salt",,Vegetables and Vegetable Products
usda_sr_carotenoid,11477,"Squash, summer, zucchini, includes skin, raw",,Vegetables and Vegetable Products
usda_sr_carotenoid,11478,"Squash, summer, zucchini, includes skin, cooked, boiled, drained, without salt",,Vegetables and Vegetable Products
usda_sr_carotenoid,11484,"Squash, winter, acorn, cooked, boiled, mashed, without salt",,Vegetables and Vegetable Products
usda_sr_carotenoid,11485,"Squash, winter, butternut, raw",,Vegetables and Vegetable Products
usda_sr_carotenoid,11486,"Squash, winter, butternut, cooked, baked, without salt",,Vegetables and Vegetable Products
usda_sr_carotenoid,11491,"Squash, winter, hubbard, cooked, boiled, mashed, without salt",,Vegetables and Vegetable Products
usda_sr_carotenoid,11492,"Squash, winter, spaghetti, raw",,Vegetables and Vegetable Products
usda_sr_carotenoid,11493,"Squash, winter, spaghetti, cooked, boiled, drained, or baked, without salt",,Vegetables and Vegetable Products
usda_sr_carotenoid,11505,"Sweet potato leaves, raw",,Vegetables and Vegetable Products
usda_sr_carotenoid,11506,"Sweet potato leaves, cooked, steamed, without salt",,Vegetables and Vegetable Products
usda_sr_carotenoid,11514,"Sweet potato, canned, mashed",,Vegetables and Vegetable Products
usda_sr_carotenoid,11516,"Sweet potato, frozen, unprepared (Includes foods for USDA's Food Distribution Program)",,Vegetables and Vegetable Products
usda_sr_carotenoid,11517,"Sweet potato, frozen, cooked, baked, without salt",,Vegetables and Vegetable Products
usda_sr_carotenoid,11518,"Taro, raw",,Vegetables and Vegetable Products
usda_sr_carotenoid,11702,"Artichokes, (globe or french), cooked, boiled, drained, with salt",,Vegetables and Vegetable Products
usda_sr_carotenoid,11703,"Artichokes, (globe or french), frozen, cooked, boiled, drained, with salt",,Vegetables and Vegetable Products
usda_sr_carotenoid,11705,"Asparagus, cooked, boiled, drained, with salt",,Vegetables and Vegetable Products
usda_sr_carotenoid,11707,"Asparagus, canned, no salt added, solids and liquids",,Vegetables and Vegetable Products
usda_sr_carotenoid,11714,"Lima beans, immature seeds, cooked, boiled, drained, with salt",,Vegetables and Vegetable Products
usda_sr_carotenoid,11715,"Lima beans, immature seeds, canned, no salt added, solids and liquids",,Vegetables and Vegetable Products
usda_sr_carotenoid,11716,"Lima beans, immature seeds, frozen, baby, cooked, boiled, drained, with salt",,Vegetables and Vegetable Products
usda_sr_carotenoid,11723,"Beans, snap, green, cooked, boiled, drained, with salt",,Vegetables and Vegetable Products
usda_sr_carotenoid,11724,"Beans, snap, yellow, cooked, boiled, drained, without salt",,Vegetables and Vegetable Products
usda_sr_carotenoid,11725,"Beans, snap, yellow, cooked, boiled, drained, with salt",,Vegetables and Vegetable Products
usda_sr_carotenoid,11730,"Beans, snap, yellow, frozen, all styles, unprepared",,Vegetables and Vegetable Products
usda_sr_carotenoid,11731,"Beans, snap, green, frozen, cooked, boiled, drained, with salt",,Vegetables and Vegetable Products
usda_sr_carotenoid,11732,"Beans, snap, yellow, frozen, cooked, boiled, drained, without salt",,Vegetables and Vegetable Products
usda_sr_carotenoid,11733,"Beans, snap, yellow, frozen, cooked, boiled, drained, with salt",,Vegetables and Vegetable Products
usda_sr_carotenoid,11746,"Brussels sprouts, frozen, cooked, boiled, drained, with salt",,Vegetables and Vegetable Products
usda_sr_carotenoid,11747,"Burdock root, cooked, boiled, drained, with salt",,Vegetables and Vegetable Products
usda_sr_carotenoid,11757,"Carrots, cooked, boiled, drained, with salt",,Vegetables and Vegetable Products
usda_sr_carotenoid,11758,"Carrots, canned, no salt added, solids and liquids",,Vegetables and Vegetable Products
usda_sr_carotenoid,11764,"Celery, cooked, boiled, drained, with salt",,Vegetables and Vegetable Products
usda_sr_carotenoid,11765,"Chard, swiss, cooked, boiled, drained, with salt",,Vegetables and Vegetable Products
usda_sr_carotenoid,11766,"Chayote, fruit, cooked, boiled, drained, with salt",,Vegetables and Vegetable Products
usda_sr_carotenoid,11771,"Corn, sweet, yellow, canned, no salt added, solids and liquids (Includes foods for USDA's Food Distribution Program)",,Vegetables and Vegetable Products
usda_sr_carotenoid,11772,"Corn, sweet, yellow, canned, cream style, no salt added",,Vegetables and Vegetable Products
usda_sr_carotenoid,11773,"Corn, sweet, yellow, canned, vacuum pack, no salt added",,Vegetables and Vegetable Products
usda_sr_carotenoid,11774,"Corn, sweet, yellow, frozen, kernels, cut off cob, boiled, drained, with salt",,Vegetables and Vegetable Products
usda_sr_carotenoid,11775,"Corn, sweet, yellow, frozen, kernels on cob, cooked, boiled, drained, with salt",,Vegetables and Vegetable Products
usda_sr_carotenoid,11781,"Cress, garden, cooked, boiled, drained, with salt",,Vegetables and Vegetable Products
usda_sr_carotenoid,11782,"Dandelion greens, cooked, boiled, drained, with salt",,Vegetables and Vegetable Products
usda_sr_carotenoid,11783,"Eggplant, cooked, boiled, drained, with salt",,Vegetables and Vegetable Products
usda_sr_carotenoid,11789,"Jute, potherb, cooked, boiled, drained, with salt",,Vegetables and Vegetable Products
usda_sr_carotenoid,11790,"Kale, cooked, boiled, drained, with salt",,Vegetables and Vegetable Products
usda_sr_carotenoid,11791,"Kale, frozen, cooked, boiled, drained, with salt",,Vegetables and Vegetable Products
usda_sr_carotenoid,11793,"Kohlrabi, cooked, boiled, drained, with salt",,Vegetables and Vegetable Products
usda_sr_carotenoid,11904,"Corn, sweet, white, canned, whole kernel, no salt added, solids and liquids",,Vegetables and Vegetable Products
usda_sr_carotenoid,11905,"Corn, sweet, white, canned, whole kernel, drained solids",,Vegetables and Vegetable Products
usda_sr_carotenoid,11906,"Corn, sweet, white, canned, cream style, regular pack",,Vegetables and Vegetable Products
usda_sr_carotenoid,11907,"Corn, sweet, white, canned, cream style, no salt added",,Vegetables and Vegetable Products
usda_sr_carotenoid,11912,"Corn, sweet, white, frozen, kernels cut off cob, boiled, drained, with salt",,Vegetables and Vegetable Products
usda_sr_carotenoid,11913,"Corn, sweet, white, frozen, kernels on cob, unprepared",,Vegetables and Vegetable Products
usda_sr_carotenoid,11914,"Corn, sweet, white, frozen, kernels on cob, cooked, boiled, drained, without salt",,Vegetables and Vegetable Products
usda_sr_carotenoid,11915,"Corn, sweet, white, frozen, kernels on cob, cooked, boiled, drained, with salt",,Vegetables and Vegetable Products
usda_sr_carotenoid,11923,"Soybeans, mature seeds, sprouted, cooked, steamed, with salt",,Vegetables and Vegetable Products
usda_sr_carotenoid,11930,"Potatoes, mashed, dehydrated, prepared from flakes without milk, whole milk and margarine added",,Vegetables and Vegetable Products
usda_sr_carotenoid,11931,"Peppers, sweet, red, freeze-dried",,Vegetables and Vegetable Products
usda_sr_carotenoid,11932,"Beans, snap, yellow, canned, regular pack, drained solids",,Vegetables and Vegetable Products
usda_sr_carotenoid,11933,"Beans, snap, yellow, canned, no salt added, drained solids",,Vegetables and Vegetable Products
usda_sr_carotenoid,11940,"Pickles, cucumber, sweet (includes bread and butter pickles)",,Vegetables and Vegetable Products
usda_sr_carotenoid,11941,"Pickles, cucumber, sour",,Vegetables and Vegetable Products
usda_sr_carotenoid,11948,"Pickles, cucumber, sweet, low sodium (includes bread and butter pickles)",,Vegetables and Vegetable Products
usda_sr_carotenoid,11949,"Catsup, low sodium",,Vegetables and Vegetable Products
usda_sr_carotenoid,11951,"Peppers, sweet, yellow, raw",,Vegetables and Vegetable Products
usda_sr_carotenoid,11957,"Fennel, bulb, raw",,Vegetables and Vegetable Products
usda_sr_carotenoid,11959,"Arugula, raw",,Vegetables and Vegetable Products
usda_sr_carotenoid,11964,"Nopales, cooked, without salt",,Vegetables and Vegetable Products
usda_sr_carotenoid,11965,"Cauliflower, green, raw",,Vegetables and Vegetable Products
usda_sr_carotenoid,11967,"Cauliflower, green, cooked, no salt added",,Vegetables and Vegetable Products
usda_sr_carotenoid,11969,"Broccoli, chinese, cooked",,Vegetables and Vegetable Products
usda_sr_carotenoid,11975,"Grape leaves, canned",,Vegetables and Vegetable Products
usda_sr_carotenoid,11976,"Pepper, banana, raw",,Vegetables and Vegetable Products
usda_sr_carotenoid,11977,"Peppers, serrano, raw",,Vegetables and Vegetable Products
usda_sr_carotenoid,11983,"Pickles, chowchow, with cauliflower onion mustard, sweet",,Vegetables and Vegetable Products
usda_sr_carotenoid,11984,"Epazote, raw",,Vegetables and Vegetable Products
usda_sr_carotenoid,11991,"Yautia (tannier), raw",,Vegetables and Vegetable Products
usda_sr_carotenoid,11992,"Mushrooms, white, microwaved",,Vegetables and Vegetable Products
usda_sr_carotenoid,11993,"Mushrooms, maitake, raw",,Vegetables and Vegetable Products
usda_sr_carotenoid,11994,"Broccoli, chinese, raw",,Vegetables and Vegetable Products
usda_sr_carotenoid,11995,"Fiddlehead ferns, raw",,Vegetables and Vegetable Products
usda_sr_carotenoid,12201,"Seeds, sesame seed kernels, dried (decorticated)",,Nut and Seed Products
usda_sr_carotenoid,12220,"Seeds, flaxseed",,Nut and Seed Products
usda_sr_carotenoid,12516,"Seeds, pumpkin and squash seed kernels, roasted, with salt added",,Nut and Seed Products
usda_sr_carotenoid,12529,"Seeds, sesame seed kernels, toasted, with salt added (decorticated)",,Nut and Seed Products
usda_sr_carotenoid,12536,"Seeds, sunflower seed kernels from shell, dry roasted, with salt added",,Nut and Seed Products
usda_sr_carotenoid,12537,"Seeds, sunflower seed kernels, dry roasted, with salt added",,Nut and Seed Products
usda_sr_carotenoid,12565,"Nuts, almonds, oil roasted, with salt added",,Nut and Seed Products
usda_sr_carotenoid,12585,"Nuts, cashew nuts, dry roasted, with salt added",,Nut and Seed Products
usda_sr_carotenoid,12586,"Nuts, cashew nuts, oil roasted, with salt added",,Nut and Seed Products
usda_sr_carotenoid,12638,"Nuts, mixed nuts, oil roasted, without peanuts, with salt added",,Nut and Seed Products
usda_sr_carotenoid,12643,"Nuts, pecans, dry roasted, with salt added",,Nut and Seed Products
usda_sr_carotenoid,12644,"Nuts, pecans, oil roasted, with salt added",,Nut and Seed Products
usda_sr_carotenoid,12652,"Nuts, pistachio nuts, dry roasted, with salt added",,Nut and Seed Products
usda_sr_carotenoid,12737,"Nuts, mixed nuts, oil roasted, with peanuts, lightly salted",,Nut and Seed Products
usda_sr_carotenoid,12738,"Nuts, mixed nuts, oil roasted, without peanuts, lightly salted",,Nut and Seed Products
usda_sr_carotenoid,13000,"Beef, grass-fed, strip steaks, lean only, raw",,Beef Products
usda_sr_carotenoid,13055,"Beef, brisket, flat half, separable lean and fat, trimmed to 1/8"" fat, select, cooked, braised",,Beef Products
usda_sr_carotenoid,13065,"Beef, flank, steak, separable lean and fat, trimmed to 0"" fat, choice, raw",,Beef Products
usda_sr_carotenoid,13066,"Beef, flank, steak, separable lean and fat, trimmed to 0"" fat, choice, cooked, braised",,Beef Products
usda_sr_carotenoid,13067,"Beef, flank, steak, separable lean and fat, trimmed to 0"" fat, choice, cooked, broiled",,Beef Products
usda_sr_carotenoid,13096,"Beef, rib, eye, small end (ribs 10-12), separable lean and fat, trimmed to 0"" fat, choice, cooked, broiled",,Beef Products
usda_sr_carotenoid,13098,"Beef, rib, eye, small end (ribs 10-12), separable lean only, trimmed to 0"" fat, choice, cooked, broiled",,Beef Products
usda_sr_carotenoid,13165,"Beef, brisket, flat half, separable lean and fat, trimmed to 0"" fat, choice, cooked, braised",,Beef Products
usda_sr_carotenoid,13231,"Beef, short loin, porterhouse steak, separable lean only, trimmed to 1/8"" fat, choice, raw",,Beef Products
usda_sr_carotenoid,13285,"Beef, chuck, under blade pot roast, boneless, separable lean only, trimmed to 0"" fat, all grades, cooked, braised",,Beef Products
usda_sr_carotenoid,13293,"Beef, chuck, under blade pot roast or steak, boneless, separable lean only, trimmed to 0"" fat, all grades, raw",,Beef Products
usda_sr_carotenoid,13294,"Beef, chuck, under blade pot roast or steak, boneless, separable lean only, trimmed to 0"" fat, choice, raw",,Beef Products
usda_sr_carotenoid,13317,"Beef, ground, patties, frozen, cooked, broiled",,Beef Products
usda_sr_carotenoid,13322,"Beef, variety meats and by-products, heart, cooked, simmered",,Beef Products
usda_sr_carotenoid,13323,"Beef, variety meats and by-products, kidneys, raw",,Beef Products
usda_sr_carotenoid,13324,"Beef, variety meats and by-products, kidneys, cooked, simmered",,Beef Products
usda_sr_carotenoid,13325,"Beef, variety meats and by-products, liver, raw",,Beef Products
usda_sr_carotenoid,13449,"Beef, loin, top loin steak, boneless, lip off, separable lean only, trimmed to 0"" fat, choice, cooked, grilled",,Beef Products
usda_sr_carotenoid,13450,"Beef, loin, top loin steak, boneless, lip off, separable lean only, trimmed to 0"" fat, select, cooked, grilled",,Beef Products
usda_sr_carotenoid,13451,"Beef, top sirloin, steak, separable lean and fat, trimmed to 0"" fat, all grades, cooked, broiled",,Beef Products
usda_sr_carotenoid,13452,"Beef, top sirloin, steak, separable lean and fat, trimmed to 0"" fat, choice, cooked, broiled",,Beef Products
usda_sr_carotenoid,13459,"Beef, short loin, porterhouse steak, separable lean and fat, trimmed to 0"" fat, all grades, cooked, broiled",,Beef Products
usda_sr_carotenoid,13460,"Beef, short loin, porterhouse steak, separable lean and fat, trimmed to 0"" fat, USDA choice, cooked, broiled",,Beef Products
usda_sr_carotenoid,13463,"Beef, short loin, porterhouse steak, separable lean and fat, trimmed to 0"" fat, USDA select, cooked, broiled",,Beef Products
usda_sr_carotenoid,13464,"Beef, short loin, porterhouse steak, separable lean only, trimmed to 1/8"" fat, all grades, raw",,Beef Products
usda_sr_carotenoid,13470,"Beef, short loin, porterhouse steak, separable lean only, trimmed to 0"" fat, select, cooked, broiled",,Beef Products
usda_sr_carotenoid,13473,"Beef, short loin, t-bone steak, separable lean and fat, trimmed to 0"" fat, all grades, cooked, broiled",,Beef Products
usda_sr_carotenoid,13474,"Beef, short loin, t-bone steak, separable lean and fat, trimmed to 0"" fat, USDA choice, cooked, broiled",,Beef Products
usda_sr_carotenoid,13477,"Beef, short loin, t-bone steak, separable lean and fat, trimmed to 0"" fat, USDA select, cooked, broiled",,Beef Products
usda_sr_carotenoid,13483,"Beef, short loin, t-bone steak, bone-in, separable lean only, trimmed to 1/8"" fat, select, cooked, grilled",,Beef Products
usda_sr_carotenoid,13484,"Beef, short loin, t-bone steak, separable lean only, trimmed to 0"" fat, select, cooked, broiled",,Beef Products
usda_sr_carotenoid,13485,"Beef, brisket, flat half, separable lean only, trimmed to 0"" fat, select, cooked, braised",,Beef Products
usda_sr_carotenoid,13486,"Beef, round, tip round, roast, separable lean and fat, trimmed to 0"" fat, all grades, raw",,Beef Products
usda_sr_carotenoid,13492,"Beef, round, top round steak, boneless, separable lean only, trimmed to 0"" fat, choice, cooked, grilled",,Beef Products
usda_sr_carotenoid,13493,"Beef, round, top round steak, boneless, separable lean only, trimmed to 0"" fat, select, cooked, grilled",,Beef Products
usda_sr_carotenoid,13494,"Beef, ground, 70% lean meat / 30% fat, crumbles, cooked, pan-browned",,Beef Products
usda_sr_carotenoid,13495,"Beef, ground, 70% lean meat / 30% fat, loaf, cooked, baked",,Beef Products
usda_sr_carotenoid,13501,"Beef, shoulder top blade steak, boneless, separable lean only, trimmed to 0"" fat, choice, cooked, grilled",,Beef Products
usda_sr_carotenoid,13502,"Beef, shoulder top blade steak, boneless, separable lean only, trimmed to 0"" fat, select, cooked, grilled",,Beef Products
usda_sr_carotenoid,13519,"Beef, shoulder top blade steak, boneless, separable lean only, trimmed to 0"" fat, all grades, raw",,Beef Products
usda_sr_carotenoid,13520,"Beef, shoulder top blade steak, boneless, separable lean only, trimmed to 0"" fat, choice, raw",,Beef Products
usda_sr_carotenoid,13598,"Beef, shoulder top blade steak, boneless, separable lean and fat, trimmed to 0"" fat, all grades, cooked, grilled",,Beef Products
usda_sr_carotenoid,13647,"Beef, shoulder pot roast or steak, boneless, separable lean only, trimmed to 0"" fat, all grades, raw",,Beef Products
usda_sr_carotenoid,13648,"Beef, shoulder pot roast or steak, boneless, separable lean only, trimmed to 0"" fat, choice, raw",,Beef Products
usda_sr_carotenoid,13649,"Beef, shoulder pot roast or steak, boneless, separable lean only, trimmed to 0"" fat, select, raw",,Beef Products
usda_sr_carotenoid,13795,"Beef, composite of trimmed retail cuts, separable lean and fat, trimmed to 1/8"" fat, all grades, raw",,Beef Products
usda_sr_carotenoid,13796,"Beef, composite of trimmed retail cuts, separable lean and fat, trimmed to 1/8"" fat, all grades, cooked",,Beef Products
usda_sr_carotenoid,13797,"Beef, composite of trimmed retail cuts, separable lean and fat, trimmed to 1/8"" fat, choice, raw",,Beef Products
usda_sr_carotenoid,13798,"Beef, composite of trimmed retail cuts, separable lean and fat, trimmed to 1/8"" fat, choice, cooked",,Beef Products
usda_sr_carotenoid,13799,"Beef, composite of trimmed retail cuts, separable lean and fat, trimmed to 1/8"" fat, select, raw",,Beef Products
usda_sr_carotenoid,13806,"Beef, brisket, flat half, separable lean and fat, trimmed to 1/8"" fat, all grades, cooked, braised",,Beef Products
usda_sr_carotenoid,13807,"Beef, brisket, point half, separable lean and fat, trimmed to 1/8"" fat, all grades, raw",,Beef Products
usda_sr_carotenoid,13808,"Beef, brisket, point half, separable lean and fat, trimmed to 1/8"" fat, all grades, cooked, braised",,Beef Products
usda_sr_carotenoid,13809,"Beef, chuck, arm pot roast, separable lean and fat, trimmed to 1/8"" fat, all grades, raw",,Beef Products
usda_sr_carotenoid,13814,"Beef, chuck, arm pot roast, separable lean and fat, trimmed to 1/8"" fat, select, cooked, braised",,Beef Products
usda_sr_carotenoid,13815,"Beef, chuck, blade roast, separable lean and fat, trimmed to 1/8"" fat, all grades, raw",,Beef Products
usda_sr_carotenoid,13816,"Beef, chuck, blade roast, separable lean and fat, trimmed to 1/8"" fat, all grades, cooked, braised",,Beef Products
usda_sr_carotenoid,13817,"Beef, chuck, blade roast, separable lean and fat, trimmed to 1/8"" fat, choice, raw",,Beef Products
usda_sr_carotenoid,13822,"Beef, chuck eye roast, boneless, America's Beef Roast, separable lean only, trimmed to 0"" fat, choice, cooked, roasted",,Beef Products
usda_sr_carotenoid,13823,"Beef, chuck eye roast, boneless, America's Beef Roast, separable lean only, trimmed to 0"" fat, select, cooked, roasted",,Beef Products
usda_sr_carotenoid,13850,"Beef, rib, small end (ribs 10-12), separable lean and fat, trimmed to 1/8"" fat, all grades, raw",,Beef Products
usda_sr_carotenoid,13851,"Beef, rib, small end (ribs 10-12), separable lean and fat, trimmed to 1/8"" fat, all grades, cooked, broiled",,Beef Products
usda_sr_carotenoid,13853,"Beef, rib, small end (ribs 10-12), separable lean and fat, trimmed to 1/8"" fat, choice, raw",,Beef Products
usda_sr_carotenoid,13866,"Beef, round, full cut, separable lean and fat, trimmed to 1/8"" fat, select, raw",,Beef Products
usda_sr_carotenoid,13867,"Beef, round, full cut, separable lean and fat, trimmed to 1/8"" fat, select, cooked, broiled",,Beef Products
usda_sr_carotenoid,13868,"Beef, round, bottom round, steak, separable lean and fat, trimmed to 1/8"" fat, all grades, raw",,Beef Products
usda_sr_carotenoid,13869,"Beef, round, bottom round, steak, separable lean and fat, trimmed to 1/8"" fat, all grades, cooked, braised",,Beef Products
usda_sr_carotenoid,13875,"Beef, round, bottom round, steak, separable lean and fat, trimmed to 1/8"" fat, select, cooked, braised",,Beef Products
usda_sr_carotenoid,13876,"Beef, round, bottom round, roast, separable lean and fat, trimmed to 1/8"" fat, select, cooked, roasted",,Beef Products
usda_sr_carotenoid,13877,"Beef, round, eye of round, roast, separable lean and fat, trimmed to 1/8"" fat, all grades, raw",,Beef Products
usda_sr_carotenoid,13878,"Beef, round, eye of round, roast, separable lean and fat, trimmed to 1/8"" fat, all grades, cooked, roasted",,Beef Products
usda_sr_carotenoid,13884,"Beef, round, tip round, roast, separable lean and fat, trimmed to 1/8"" fat, all grades, cooked, roasted",,Beef Products
usda_sr_carotenoid,13885,"Beef, round, tip round, separable lean and fat, trimmed to 1/8"" fat, choice, raw",,Beef Products
usda_sr_carotenoid,13886,"Beef, round, tip round, roast, separable lean and fat, trimmed to 1/8"" fat, choice, cooked, roasted",,Beef Products
usda_sr_carotenoid,13891,"Beef, round, top round, steak, separable lean and fat, trimmed to 1/8"" fat, all grades, raw",,Beef Products
usda_sr_carotenoid,13892,"Beef, round, top round, separable lean and fat, trimmed to 1/8"" fat, all grades, cooked, braised",,Beef Products
usda_sr_carotenoid,13893,"Beef, round, top round steak, separable lean and fat, trimmed to 1/8"" fat, all grades, cooked, broiled",,Beef Products
usda_sr_carotenoid,13894,"Beef, round, top round, steak, separable lean and fat, trimmed to 1/8"" fat, choice, raw",,Beef Products
usda_sr_carotenoid,13900,"Beef, round, top round, steak, separable lean and fat, trimmed to 1/8"" fat, select, cooked, broiled",,Beef Products
usda_sr_carotenoid,13901,"Beef, round, top round, separable lean and fat, trimmed to 1/8"" fat, prime, raw",,Beef Products
usda_sr_carotenoid,13902,"Beef, round, top round, steak, separable lean and fat, trimmed to 1/8"" fat, prime, cooked, broiled",,Beef Products
usda_sr_carotenoid,13903,"Beef, shoulder top blade steak, boneless, separable lean and fat, trimmed to 0"" fat, select, raw",,Beef Products
usda_sr_carotenoid,13908,"Beef, short loin, t-bone steak, separable lean and fat, trimmed to 1/8"" fat, choice, cooked, grilled",,Beef Products
usda_sr_carotenoid,13909,"Beef, short loin, top loin, steak, separable lean and fat, trimmed to 1/8"" fat, all grades, raw",,Beef Products
usda_sr_carotenoid,13910,"Beef, loin, top loin, separable lean and fat, trimmed to 1/8"" fat, all grades, cooked, grilled",,Beef Products
usda_sr_carotenoid,13911,"Beef, loin, top loin, separable lean and fat, trimmed to 1/8"" fat, choice, raw",,Beef Products
usda_sr_carotenoid,13916,"Beef, short loin, top loin, separable lean and fat, trimmed to 1/8"" fat, prime, cooked, broiled",,Beef Products
usda_sr_carotenoid,13917,"Beef, tenderloin, steak, separable lean and fat, trimmed to 1/8"" fat, all grades, raw",,Beef Products
usda_sr_carotenoid,13918,"Beef, tenderloin, steak, separable lean and fat, trimmed to 1/8"" fat, all grades, cooked, broiled",,Beef Products
usda_sr_carotenoid,13919,"Beef, tenderloin, roast, separable lean and fat, trimmed to 1/8"" fat, all grades, cooked, roasted",,Beef Products
usda_sr_carotenoid,13920,"Beef, tenderloin, steak, separable lean and fat, trimmed to 1/8"" fat, choice, raw",,Beef Products
usda_sr_carotenoid,13925,"Beef, tenderloin, roast, separable lean and fat, trimmed to 1/8"" fat, select, cooked, roasted",,Beef Products
usda_sr_carotenoid,13926,"Beef, tenderloin, separable lean and fat, trimmed to 1/8"" fat, prime, raw",,Beef Products
usda_sr_carotenoid,13927,"Beef, tenderloin, steak, separable lean and fat, trimmed to 1/8"" fat, prime, cooked, broiled",,Beef Products
usda_sr_carotenoid,13928,"Beef, tenderloin, roast, separable lean and fat, trimmed to 1/8"" fat, prime, cooked, roasted",,Beef Products
usda_sr_carotenoid,13933,"Beef, top sirloin, steak, separable lean and fat, trimmed to 1/8"" fat, choice, cooked, pan-fried",,Beef Products
usda_sr_carotenoid,13934,"Beef, top sirloin, steak, separable lean and fat, trimmed to 1/8"" fat, select, raw",,Beef Products
usda_sr_carotenoid,13935,"Beef, top sirloin, steak, separable lean and fat, trimmed to 1/8"" fat, select, cooked, broiled",,Beef Products
usda_sr_carotenoid,13937,"Beef, chuck, clod roast, separable lean only, trimmed to 0"" fat, choice, cooked, roasted",,Beef Products
usda_sr_carotenoid,13949,"Beef, flank, steak, separable lean and fat, trimmed to 0"" fat, select, cooked, broiled",,Beef Products
usda_sr_carotenoid,13950,"Beef, brisket, flat half, separable lean and fat, trimmed to 0"" fat, select, cooked, braised",,Beef Products
usda_sr_carotenoid,13951,"Beef, rib eye, small end (ribs 10-12), separable lean and fat, trimmed to 0"" fat, select, cooked, broiled",,Beef Products
usda_sr_carotenoid,13952,"Beef, rib eye, small end (ribs 10-12), separable lean and fat, trimmed to 0"" fat, all grades, cooked, broiled",,Beef Products
usda_sr_carotenoid,13953,"Beef, bottom sirloin, tri-tip roast, separable lean and fat, trimmed to 0"" fat, all grades, cooked, roasted",,Beef Products
usda_sr_carotenoid,13958,"Beef, bottom sirloin, tri-tip roast, separable lean and fat, trimmed to 0"" fat, select, raw",,Beef Products
usda_sr_carotenoid,13959,"Beef, round, top round steak, boneless, separable lean and fat, trimmed to 0"" fat, all grades, cooked, grilled",,Beef Products
usda_sr_carotenoid,13961,"Beef, chuck, mock tender steak, separable lean only, trimmed to 0"" fat, choice, cooked, broiled",,Beef Products
usda_sr_carotenoid,13963,"Beef, chuck, mock tender steak, separable lean only, trimmed to 0"" fat, select, cooked, broiled",,Beef Products
usda_sr_carotenoid,13970,"Beef, flank, steak, separable lean and fat, trimmed to 0"" fat, all grades, raw",,Beef Products
usda_sr_carotenoid,13971,"Beef, flank, steak, separable lean and fat, trimmed to 0"" fat, select, raw",,Beef Products
usda_sr_carotenoid,13972,"Beef, chuck eye roast, boneless, America's Beef Roast, separable lean only, trimmed to 0"" fat, all grades, raw",,Beef Products
usda_sr_carotenoid,13973,"Beef, chuck eye roast, boneless, America's Beef Roast, separable lean only, trimmed to 0"" fat, choice, raw",,Beef Products
usda_sr_carotenoid,13980,"Beef, chuck, short ribs, boneless, separable lean only, trimmed to 0"" fat, choice, cooked, braised",,Beef Products
usda_sr_carotenoid,13981,"Beef, chuck, short ribs, boneless, separable lean only, trimmed to 0"" fat, select, cooked, braised",,Beef Products
usda_sr_carotenoid,13982,"Beef, chuck, short ribs, boneless, separable lean only, trimmed to 0"" fat, all grades, cooked, braised",,Beef Products
usda_sr_carotenoid,13983,"Beef, brisket, flat half, boneless, separable lean and fat, trimmed to 0"" fat, select, raw",,Beef Products
usda_sr_carotenoid,13985,"Beef, loin, bottom sirloin butt, tri-tip roast, separable lean only, trimmed to 0"" fat, all grades, cooked, roasted",,Beef Products
usda_sr_carotenoid,14010,"Alcoholic beverage, daiquiri, prepared-from-recipe",,Beverages
usda_sr_carotenoid,14013,"Alcoholic beverage, beer, light, low carb",,Beverages
usda_sr_carotenoid,19127,"Candies, milk chocolate coated raisins",,Sweets
usda_sr_carotenoid,19128,"Syrups, table blends, pancake, reduced-calorie",,Sweets
usda_sr_carotenoid,19129,"Syrups, table blends, pancake",,Sweets
usda_sr_carotenoid,19138,"Candies, truffles, prepared-from-recipe",,Sweets
usda_sr_carotenoid,19140,"Candies, MARS SNACKFOOD US, M&M's Peanut Chocolate Candies",,Sweets
usda_sr_carotenoid,19141,"Candies, MARS SNACKFOOD US, M&M's Milk Chocolate Candies",,Sweets
usda_sr_carotenoid,19147,"Candies, peanut bar",,Sweets
usda_sr_carotenoid,19148,"Candies, peanut brittle, prepared-from-recipe",,Sweets
usda_sr_carotenoid,19154,"Candies, sesame crunch",,Sweets
usda_sr_carotenoid,19155,"Candies, MARS SNACKFOOD US, SNICKERS Bar",,Sweets
usda_sr_carotenoid,19156,"Candies, MARS SNACKFOOD US, STARBURST Fruit Chews, Original fruits",,Sweets
usda_sr_carotenoid,19165,"Cocoa, dry powder, unsweetened",,Sweets
usda_sr_carotenoid,19166,"Cocoa, dry powder, unsweetened, processed with alkali",,Sweets
usda_sr_carotenoid,19168,"Desserts, egg custard, baked, prepared-from-recipe",,Sweets
usda_sr_carotenoid,19173,"Gelatin desserts, dry mix, prepared with water",,Sweets
usda_sr_carotenoid,19175,"Gelatin desserts, dry mix, reduced calorie, with aspartame",,Sweets
usda_sr_carotenoid,19176,"Gelatin desserts, dry mix, reduced calorie, with aspartame, prepared with water",,Sweets
usda_sr_carotenoid,19177,"Gelatins, dry powder, unsweetened",,Sweets
usda_sr_carotenoid,19185,"Puddings, chocolate, dry mix, instant, prepared with whole milk",,Sweets
usda_sr_carotenoid,19186,"Desserts, apple crisp, prepared-from-recipe",,Sweets
usda_sr_carotenoid,19188,"Puddings, chocolate, dry mix, regular",,Sweets
usda_sr_carotenoid,19189,"Puddings, chocolate, dry mix, regular, prepared with whole milk",,Sweets
usda_sr_carotenoid,19195,"Puddings, rice, dry mix, prepared with whole milk",,Sweets
usda_sr_carotenoid,19199,"Puddings, tapioca, dry mix, prepared with whole milk",,Sweets
usda_sr_carotenoid,19201,"Puddings, vanilla, ready-to-eat",,Sweets
usda_sr_carotenoid,19206,"Puddings, vanilla, dry mix, regular",,Sweets
usda_sr_carotenoid,19207,"Puddings, vanilla, dry mix, regular, prepared with whole milk",,Sweets
usda_sr_carotenoid,19208,"Puddings, rice, dry mix, prepared with 2% milk",,Sweets
usda_sr_carotenoid,19209,"Puddings, tapioca, dry mix, prepared with 2% milk",,Sweets
usda_sr_carotenoid,19218,"Puddings, tapioca, ready-to-eat",,Sweets
usda_sr_carotenoid,19219,"Puddings, coconut cream, dry mix, regular, prepared with 2% milk",,Sweets
usda_sr_carotenoid,19221,"Rennin, chocolate, dry mix, prepared with whole milk",,Sweets
usda_sr_carotenoid,19227,"Frostings, coconut-nut, ready-to-eat",,Sweets
usda_sr_carotenoid,19230,"Frostings, vanilla, creamy, ready-to-eat",,Sweets
usda_sr_carotenoid,19231,"Flan, caramel custard, dry mix, prepared with 2% milk",,Sweets
usda_sr_carotenoid,19249,"Candies, HERSHEY, REESESTICKS crispy wafers, peanut butter, milk chocolate",,Sweets
usda_sr_carotenoid,19260,"Ice creams, vanilla, light, no sugar added",,Sweets
usda_sr_carotenoid,19263,"Frozen novelties, fruit and juice bars",,Sweets
usda_sr_carotenoid,19265,"Ice creams, chocolate, light, no sugar added",,Sweets
usda_sr_carotenoid,19268,"Candies, dark chocolate coated coffee beans",,Sweets
usda_sr_carotenoid,19279,"Candies, milk chocolate coated coffee beans",,Sweets
usda_sr_carotenoid,19280,"Frozen novelties, ice type, lime",,Sweets
usda_sr_carotenoid,19296,Honey,,Sweets
usda_sr_carotenoid,19297,Jams and preserves,,Sweets
usda_sr_carotenoid,19300,Jellies,,Sweets
usda_sr_carotenoid,19319,"Puddings, banana, dry mix, instant, prepared with whole milk",,Sweets
usda_sr_carotenoid,19335,"Sugars, granulated",,Sweets
usda_sr_carotenoid,19336,"Sugars, powdered",,Sweets
usda_sr_carotenoid,19337,"Sweeteners, tabletop, aspartame, EQUAL, packets",,Sweets
usda_sr_carotenoid,19340,"Sugars, maple",,Sweets
usda_sr_carotenoid,19351,"Syrups, corn, high-fructose",,Sweets
usda_sr_carotenoid,19353,"Syrups, maple",,Sweets
usda_sr_carotenoid,19355,"Syrups, sorghum",,Sweets
usda_sr_carotenoid,19365,"Toppings, marshmallow cream",,Sweets
usda_sr_carotenoid,19366,"Toppings, pineapple",,Sweets
usda_sr_carotenoid,19367,"Toppings, nuts in syrup",,Sweets
usda_sr_carotenoid,19375,"Frostings, glaze, prepared-from-recipe",,Sweets
usda_sr_carotenoid,19379,"Candies, fudge, chocolate marshmallow, prepared-from-recipe",,Sweets
usda_sr_carotenoid,19382,"Candies, taffy, prepared-from-recipe",,Sweets
usda_sr_carotenoid,19383,"Candies, toffee, prepared-from-recipe",,Sweets
usda_sr_carotenoid,19404,"Snacks, granola bars, soft, uncoated, chocolate chip",,Snacks
usda_sr_carotenoid,19411,"Snacks, potato chips, plain, salted",,Snacks
usda_sr_carotenoid,19422,"Snacks, potato chips, reduced fat",,Snacks
usda_sr_carotenoid,19423,"Snacks, potato chips, fat-free, made with olestra",,Snacks
usda_sr_carotenoid,19436,"Popcorn, sugar syrup/caramel, fat-free",,Snacks
usda_sr_carotenoid,19437,"Snacks, potato chips, fat free, salted",,Snacks
usda_sr_carotenoid,19438,"Snacks, KELLOGG, KELLOGG'S RICE KRISPIES TREATS Squares",,Snacks
usda_sr_carotenoid,19440,"Snacks, M&M MARS, KUDOS Whole Grain Bar, chocolate chip",,Snacks
usda_sr_carotenoid,20017,"Corn flour, masa, enriched, white",,Cereal Grains and Pasta
usda_sr_carotenoid,20018,"Corn flour, yellow, degermed, unenriched",,Cereal Grains and Pasta
usda_sr_carotenoid,20019,"Corn flour, masa, unenriched, white",,Cereal Grains and Pasta
usda_sr_carotenoid,20020,"Cornmeal, whole-grain, yellow",,Cereal Grains and Pasta
usda_sr_carotenoid,20027,Cornstarch,,Cereal Grains and Pasta
usda_sr_carotenoid,20029,"Couscous, cooked",,Cereal Grains and Pasta
usda_sr_carotenoid,20030,"Hominy, canned, white",,Cereal Grains and Pasta
usda_sr_carotenoid,20036,"Rice, brown, long-grain, raw (Includes foods for USDA's Food Distribution Program)",,Cereal Grains and Pasta
usda_sr_carotenoid,20037,"Rice, brown, long-grain, cooked (Includes foods for USDA's Food Distribution Program)",,Cereal Grains and Pasta
usda_sr_carotenoid,20046,"Rice, white, long-grain, parboiled, enriched, dry",,Cereal Grains and Pasta
usda_sr_carotenoid,20047,"Rice, white, long-grain, parboiled, enriched, cooked",,Cereal Grains and Pasta
usda_sr_carotenoid,20048,"Rice, white, long-grain, precooked or instant, enriched, dry",,Cereal Grains and Pasta
usda_sr_carotenoid,20049,"Rice, white, long-grain, precooked or instant, enriched, prepared",,Cereal Grains and Pasta
usda_sr_carotenoid,20055,"Rice, white, glutinous, unenriched, cooked",,Cereal Grains and Pasta
usda_sr_carotenoid,20060,"Rice bran, crude",,Cereal Grains and Pasta
usda_sr_carotenoid,20061,"Rice flour, white, unenriched",,Cereal Grains and Pasta
usda_sr_carotenoid,20068,"Tapioca, pearl, dry",,Cereal Grains and Pasta
usda_sr_carotenoid,20074,"Wheat, hard white",,Cereal Grains and Pasta
usda_sr_carotenoid,20075,"Wheat, soft white",,Cereal Grains and Pasta
usda_sr_carotenoid,20077,"Wheat bran, crude",,Cereal Grains and Pasta
usda_sr_carotenoid,20084,"Wheat flour, white, cake, enriched",,Cereal Grains and Pasta
usda_sr_carotenoid,20088,"Wild rice, raw",,Cereal Grains and Pasta
usda_sr_carotenoid,20109,"Noodles, egg, dry, enriched",,Cereal Grains and Pasta
usda_sr_carotenoid,20110,"Noodles, egg, enriched, cooked",,Cereal Grains and Pasta
usda_sr_carotenoid,20112,"Noodles, egg, spinach, enriched, cooked",,Cereal Grains and Pasta
usda_sr_carotenoid,20118,"Noodles, flat, crunchy, Chinese restaurant",,Cereal Grains and Pasta
usda_sr_carotenoid,20120,"Pasta, dry, enriched",,Cereal Grains and Pasta
usda_sr_carotenoid,20121,"Pasta, cooked, enriched, without added salt",,Cereal Grains and Pasta
usda_sr_carotenoid,20130,Barley flour or meal,,Cereal Grains and Pasta
usda_sr_carotenoid,20131,Barley malt flour,,Cereal Grains and Pasta
usda_sr_carotenoid,20132,"Oat flour, partially debranned",,Cereal Grains and Pasta
usda_sr_carotenoid,20133,"Rice noodles, dry",,Cereal Grains and Pasta
usda_sr_carotenoid,20138,"Wheat, KAMUT khorasan, uncooked",,Cereal Grains and Pasta
usda_sr_carotenoid,20140,"Spelt, uncooked",,Cereal Grains and Pasta
usda_sr_carotenoid,20142,"Teff, uncooked",,Cereal Grains and Pasta
usda_sr_carotenoid,20316,"Corn flour, whole-grain, white",,Cereal Grains and Pasta
usda_sr_carotenoid,20317,"Corn flour, yellow, masa, enriched",,Cereal Grains and Pasta
usda_sr_carotenoid,20320,"Cornmeal, whole-grain, white",,Cereal Grains and Pasta
usda_sr_carotenoid,20321,"Pasta, cooked, enriched, with added salt",,Cereal Grains and Pasta
usda_sr_carotenoid,20345,"Rice, white, long-grain, regular, cooked, enriched, with salt",,Cereal Grains and Pasta
usda_sr_carotenoid,20409,"Noodles, egg, dry, unenriched",,Cereal Grains and Pasta
usda_sr_carotenoid,20444,"Rice, white, long-grain, regular, raw, unenriched",,Cereal Grains and Pasta
usda_sr_carotenoid,20445,"Rice, white, long-grain, regular, unenriched, cooked without salt",,Cereal Grains and Pasta
usda_sr_carotenoid,20481,"Wheat flour, white, all-purpose, unenriched",,Cereal Grains and Pasta
usda_sr_carotenoid,20510,"Noodles, egg, cooked, unenriched, with added salt",,Cereal Grains and Pasta
usda_sr_carotenoid,31033,"Ginger root, pickled, canned, with artificial sweetener",,Vegetables and Vegetable Products
usda_sr_carotenoid,31034,"Peppers, hot pickled, canned",,Vegetables and Vegetable Products
usda_sr_carotenoid,31035,"Vegetable juice, BOLTHOUSE FARMS, DAILY GREENS",,Vegetables and Vegetable Products
usda_sr_carotenoid,31036,"Potatoes, mashed, ready-to-eat",,Vegetables and Vegetable Products
usda_sr_carotenoid,32004,"Macaroni and cheese, box mix with cheese sauce, unprepared",,"Meals, Entrees, and Side Dishes"
usda_sr_carotenoid,32006,"Taquitos, frozen, chicken and cheese, oven-heated",,"Meals, Entrees, and Side Dishes"
usda_sr_carotenoid,32007,"Taquitos, frozen, beef and cheese, oven-heated",,"Meals, Entrees, and Side Dishes"
usda_sr_carotenoid,32013,"Potsticker or wonton, pork and vegetable, frozen, unprepared",,"Meals, Entrees, and Side Dishes"
usda_sr_carotenoid,32014,"Macaroni or noodles with cheese, made from reduced fat packaged mix, unprepared",,"Meals, Entrees, and Side Dishes"
usda_sr_carotenoid,32015,"Turnover, cheese-filled, tomato-based sauce, frozen, unprepared",,"Meals, Entrees, and Side Dishes"
usda_sr_carotenoid,32016,"Macaroni or noodles with cheese, microwaveable, unprepared",,"Meals, Entrees, and Side Dishes"
usda_sr_carotenoid,32021,"Spanish rice mix, dry mix, prepared (with canola/vegetable oil blend or diced tomatoes and margarine)",,"Meals, Entrees, and Side Dishes"
usda_sr_carotenoid,32024,"Rice mix, cheese flavor, dry mix, unprepared",,"Meals, Entrees, and Side Dishes"
usda_sr_carotenoid,32025,"Dumpling, potato- or cheese-filled, frozen",,"Meals, Entrees, and Side Dishes"
usda_sr_carotenoid,32026,"Turnover, chicken- or turkey-, and vegetable-filled, reduced fat, frozen",,"Meals, Entrees, and Side Dishes"
usda_sr_carotenoid,32032,"Sausage, egg and cheese breakfast biscuit",,"Meals, Entrees, and Side Dishes"
usda_sr_carotenoid,33867,"Infant formula, GERBER, GOOD START, PROTECT PLUS, powder",,Baby Foods
usda_sr_carotenoid,33868,"Infant Formula, GERBER GOOD START 2, GENTLE PLUS, powder",,Baby Foods
usda_sr_carotenoid,33869,"Infant formula, GERBER, GOOD START 2, PROTECT PLUS, powder",,Baby Foods
usda_sr_carotenoid,33870,"Infant formula, MEAD JOHNSON, ENFAMIL, ENFAGROW, Soy, Toddler transitions, with ARA and DHA,  powder",,Baby Foods
usda_sr_carotenoid,33875,"Infant formula, MEAD JOHNSON, ENFAMIL, Premature, 24 calories ready-to-feed Low iron",,Baby Foods
usda_sr_carotenoid,33876,"Infant Formula, MEAD JOHNSON, ENFAMIL, Premium, Infant, ready-to-feed",,Baby Foods
usda_sr_carotenoid,33877,"Infant Formula, MEAD JOHNSON, ENFAMIL, Premium, Infant, powder",,Baby Foods
usda_sr_carotenoid,33878,"Babyfood, GERBER, Banana with orange medley",,Baby Foods
usda_sr_carotenoid,35009,"Whale, beluga, meat, dried (Alaska Native)",,American Indian/Alaska Native Foods
usda_sr_carotenoid,35010,"Whale, beluga, eyes (Alaska Native)",,American Indian/Alaska Native Foods
usda_sr_carotenoid,35011,"Whale, beluga, meat, raw (Alaska Native)",,American Indian/Alaska Native Foods
usda_sr_carotenoid,35188,"Fish, halibut, cooked, with skin (Alaska Native)",,American Indian/Alaska Native Foods
usda_sr_carotenoid,35190,"Salmon, red (sockeye), filets with skin, smoked (Alaska Native)",,American Indian/Alaska Native Foods
usda_sr_carotenoid,35192,"Agave, raw (Southwest)",,American Indian/Alaska Native Foods
usda_sr_carotenoid,35197,"Lambsquarters, steamed (Northern Plains Indians)",,American Indian/Alaska Native Foods
usda_sr_carotenoid,35205,"Stinging Nettles, blanched (Northern Plains Indians)",,American Indian/Alaska Native Foods
usda_sr_carotenoid,35206,"Plums, wild (Northern Plains Indians)",,American Indian/Alaska Native Foods
usda_sr_carotenoid,35211,"Caribou, hind quarter, meat, cooked (Alaska Native)",,American Indian/Alaska Native Foods
usda_sr_carotenoid,35239,"Tortilla, blue corn, Sakwavikaviki (Hopi)",,American Indian/Alaska Native Foods
usda_sr_carotenoid,35240,"Bread, blue corn, somiviki (Hopi)",,American Indian/Alaska Native Foods
usda_sr_carotenoid,36008,"T.G.I. FRIDAY'S, fried mozzarella",,Restaurant Foods
usda_sr_carotenoid,36009,"T.G.I. FRIDAY'S, macaroni & cheese, from kid's menu",,Restaurant Foods
usda_sr_carotenoid,36015,"Restaurant, family style, chicken fingers, from kid's menu",,Restaurant Foods
usda_sr_carotenoid,36016,"Restaurant, family style, shrimp, breaded and fried",,Restaurant Foods
usda_sr_carotenoid,36017,"Restaurant, family style, macaroni & cheese, from kids' menu",,Restaurant Foods
usda_sr_carotenoid,36022,"APPLEBEE'S, crunchy onion rings",,Restaurant Foods
usda_sr_carotenoid,36023,"APPLEBEE'S, chicken tenders platter",,Restaurant Foods
usda_sr_carotenoid,36024,"CRACKER BARREL, chicken tenderloin platter, fried",,Restaurant Foods
usda_sr_carotenoid,36025,"CRACKER BARREL, coleslaw",,Restaurant Foods
usda_sr_carotenoid,36031,"DENNY'S, onion rings",,Restaurant Foods
usda_sr_carotenoid,36032,"DENNY'S, spaghetti and meatballs",,Restaurant Foods
usda_sr_carotenoid,36033,"Restaurant, family style, fish fillet, battered or breaded, fried",,Restaurant Foods
usda_sr_carotenoid,36034,"Restaurant, family style, chicken tenders",,Restaurant Foods
usda_sr_carotenoid,36040,"CRACKER BARREL, macaroni n' cheese",,Restaurant Foods
usda_sr_carotenoid,36041,"Restaurant, Italian, lasagna with meat",,Restaurant Foods
usda_sr_carotenoid,36042,"OLIVE GARDEN, lasagna classico",,Restaurant Foods
usda_sr_carotenoid,36047,"OLIVE GARDEN, spaghetti with pomodoro sauce",,Restaurant Foods
usda_sr_carotenoid,36048,"CARRABBA'S ITALIAN GRILL, spaghetti with pomodoro sauce",,Restaurant Foods
usda_sr_carotenoid,36049,"ON THE BORDER, cheese enchilada",,Restaurant Foods
usda_sr_carotenoid,36050,"Restaurant, Mexican, cheese enchilada",,Restaurant Foods
usda_sr_carotenoid,36056,"Restaurant, Mexican, cheese tamales",,Restaurant Foods
usda_sr_carotenoid,36057,"CARRABBA'S ITALIAN GRILL, chicken parmesan without cavatappi pasta",,Restaurant Foods
usda_sr_carotenoid,36058,"OLIVE GARDEN, chicken parmigiana without pasta",,Restaurant Foods
usda_sr_carotenoid,42240,"Cereals ready-to-eat, POST, HONEY BUNCHES OF OATS, with almonds",,Breakfast Cereals
usda_sr_carotenoid,42256,"Margarine-like, vegetable oil spread, stick or tub, sweetened",,Fats and Oils
usda_sr_carotenoid,42259,"Snacks, popcorn, home-prepared, oil-popped, unsalted",,Snacks
usda_sr_carotenoid,42261,"Cereals ready-to-eat, POST, GREAT GRAINS Crunchy Pecan Cereal",,Breakfast Cereals
usda_sr_carotenoid,42272,"Snacks, granola bar, with coconut, chocolate coated",,Snacks
usda_sr_carotenoid,42278,"Babyfood, vegetable and brown rice, strained",,Baby Foods
usda_sr_carotenoid,42279,"Babyfood, peas and brown rice",,Baby Foods
usda_sr_carotenoid,42280,"Frankfurter, meat and poultry, low fat",,Sausages and Luncheon Meats
usda_sr_carotenoid,42289,"Oil, corn and canola",,Fats and Oils
usda_sr_carotenoid,42290,"Milk, fluid, nonfat, calcium fortified (fat free or skim)",,Dairy and Egg Products
usda_sr_carotenoid,42291,"Peanut butter, reduced sodium",,Legumes and Legume Products
usda_sr_carotenoid,42297,"Cereals ready-to-eat, POST GREAT GRAINS Banana Nut Crunch",,Breakfast Cereals
usda_sr_carotenoid,42316,"Babyfood, carrots, toddler",,Baby Foods
usda_sr_carotenoid,43004,"Babyfood, dessert, banana pudding, strained",,Baby Foods
usda_sr_carotenoid,43006,"Babyfood, fruit, tutti frutti, strained",,Baby Foods
usda_sr_carotenoid,43007,"Babyfood, fruit, tutti frutti, junior",,Baby Foods
usda_sr_carotenoid,43019,"Salad dressing, sweet and sour",,Fats and Oils
usda_sr_carotenoid,43020,"Salad dressing, blue or roquefort cheese, low calorie",,Fats and Oils
usda_sr_carotenoid,43021,"Salad dressing, caesar, low calorie",,Fats and Oils
usda_sr_carotenoid,43026,"Syrups, sugar free",,Sweets
usda_sr_carotenoid,43027,"Jellies, no sugar (with sodium saccharin), any flavors",,Sweets
usda_sr_carotenoid,43058,"Candies, hard, dietetic or low calorie (sorbitol)",,Sweets
usda_sr_carotenoid,43059,"Candies, chocolate covered, low sugar or low calorie",,Sweets
usda_sr_carotenoid,43060,"Chewing gum, sugarless",,Sweets
usda_sr_carotenoid,43075,"Fluid replacement, electrolyte solution (include PEDIALYTE)",,Baby Foods
usda_sr_carotenoid,43114,"Vermicelli, made from soy",,Legumes and Legume Products
usda_sr_carotenoid,43125,"Beans, liquid from stewed kidney beans",,Legumes and Legume Products
usda_sr_carotenoid,43128,"Chicken, meatless",,Legumes and Legume Products
usda_sr_carotenoid,43130,"Frankfurter, meatless",,Legumes and Legume Products
usda_sr_carotenoid,43137,Vegetarian meatloaf or patties,,Legumes and Legume Products
usda_sr_carotenoid,43142,"Radishes, hawaiian style, pickled",,Vegetables and Vegetable Products
usda_sr_carotenoid,43143,"Cabbage, japanese style, fresh, pickled",,Vegetables and Vegetable Products
usda_sr_carotenoid,43144,"Cabbage, mustard, salted",,Vegetables and Vegetable Products
usda_sr_carotenoid,43146,"Eggplant, pickled",,Vegetables and Vegetable Products
usda_sr_carotenoid,43212,"Bacon bits, meatless",,Legumes and Legume Products
usda_sr_carotenoid,43214,"Butter replacement, without fat, powder",,Fats and Oils
usda_sr_carotenoid,43215,"Salad dressing, buttermilk, lite",,Fats and Oils
usda_sr_carotenoid,43216,"Sweeteners, tabletop, fructose, dry, powder",,Sweets
usda_sr_carotenoid,43260,"Beverage, instant breakfast powder, chocolate, sugar-free, not reconstituted",,Dairy and Egg Products
usda_sr_carotenoid,43261,"Yogurt, fruit variety, nonfat",,Dairy and Egg Products
usda_sr_carotenoid,43268,"Whipped cream substitute, dietetic, made from powdered mix",,Dairy and Egg Products
usda_sr_carotenoid,43269,"Frozen novelties, ice cream type, sundae, prepackaged",,Sweets
usda_sr_carotenoid,43278,"Cheese, american cheddar, imitation",,Dairy and Egg Products
usda_sr_carotenoid,43282,"Quail, cooked, total edible",,Poultry Products
usda_sr_carotenoid,43283,"Pheasant, cooked, total edible",,Poultry Products
usda_sr_carotenoid,43285,"Eggs, scrambled, frozen mixture",,Dairy and Egg Products
usda_sr_carotenoid,43287,"Dove, cooked (includes squab)",,Poultry Products
usda_sr_carotenoid,43325,"Pork, cured, ham, boneless, low sodium, extra lean and regular, roasted",,Pork Products
usda_sr_carotenoid,9176,"Mangos, raw",,Fruits and Fruit Juices
usda_sr_carotenoid,9184,"Melons, honeydew, raw",,Fruits and Fruit Juices
usda_sr_carotenoid,9190,"Mulberries, raw",,Fruits and Fruit Juices
usda_sr_carotenoid,9191,"Nectarines, raw",,Fruits and Fruit Juices
usda_sr_carotenoid,9202,"Oranges, raw, navels (Includes foods for USDA's Food Distribution Program)",,Fruits and Fruit Juices
usda_sr_carotenoid,9203,"Oranges, raw, Florida",,Fruits and Fruit Juices
usda_sr_carotenoid,9211,"Orange juice, chilled, includes from concentrate, with added calcium",,Fruits and Fruit Juices
usda_sr_carotenoid,9212,"Orange juice, frozen concentrate, unsweetened, diluted with 3 volume water, with added calcium",,Fruits and Fruit Juices
usda_sr_carotenoid,9213,"Orange juice, frozen concentrate, unsweetened, undiluted, with added calcium",,Fruits and Fruit Juices
usda_sr_carotenoid,9214,"Orange juice, frozen concentrate, unsweetened, undiluted",,Fruits and Fruit Juices
usda_sr_carotenoid,9220,"Tangerines, (mandarin oranges), canned, light syrup pack",,Fruits and Fruit Juices
usda_sr_carotenoid,9221,"Tangerine juice, raw",,Fruits and Fruit Juices
usda_sr_carotenoid,9226,"Papayas, raw",,Fruits and Fruit Juices
usda_sr_carotenoid,9228,"Papaya, canned, heavy syrup, drained",,Fruits and Fruit Juices
usda_sr_carotenoid,9236,"Peaches, yellow, raw",,Fruits and Fruit Juices
usda_sr_carotenoid,9237,"Peaches, canned, water pack, solids and liquids",,Fruits and Fruit Juices
usda_sr_carotenoid,9238,"Peaches, canned, juice pack, solids and liquids",,Fruits and Fruit Juices
usda_sr_carotenoid,9246,"Peaches, dried, sulfured, uncooked",,Fruits and Fruit Juices
usda_sr_carotenoid,9247,"Peaches, dried, sulfured, stewed, without added sugar",,Fruits and Fruit Juices
usda_sr_carotenoid,9254,"Pears, canned, juice pack, solids and liquids",,Fruits and Fruit Juices
usda_sr_carotenoid,9256,"Pears, canned, light syrup pack, solids and liquids",,Fruits and Fruit Juices
usda_sr_carotenoid,9257,"Pears, canned, heavy syrup pack, solids and liquids",,Fruits and Fruit Juices
usda_sr_carotenoid,9262,"Pear nectar, canned, without added ascorbic acid",,Fruits and Fruit Juices
usda_sr_carotenoid,9263,"Persimmons, japanese, raw",,Fruits and Fruit Juices
usda_sr_carotenoid,9264,"Persimmons, japanese, dried",,Fruits and Fruit Juices
usda_sr_carotenoid,9270,"Pineapple, canned, heavy syrup pack, solids and liquids",,Fruits and Fruit Juices
usda_sr_carotenoid,9272,"Pineapple, frozen, chunks, sweetened",,Fruits and Fruit Juices
usda_sr_carotenoid,9273,"Pineapple juice, canned or bottled, unsweetened, without added ascorbic acid",,Fruits and Fruit Juices
usda_sr_carotenoid,9274,"Pineapple juice, frozen concentrate, unsweetened, undiluted",,Fruits and Fruit Juices
usda_sr_carotenoid,9279,"Plums, raw",,Fruits and Fruit Juices
usda_sr_carotenoid,9281,"Plums, canned, purple, water pack, solids and liquids",,Fruits and Fruit Juices
usda_sr_carotenoid,9282,"Plums, canned, purple, juice pack, solids and liquids",,Fruits and Fruit Juices
usda_sr_carotenoid,9283,"Plums, canned, purple, light syrup pack, solids and liquids",,Fruits and Fruit Juices
usda_sr_carotenoid,11037,"Lima beans, immature seeds, frozen, fordhook, unprepared",,Vegetables and Vegetable Products
usda_sr_carotenoid,11038,"Lima beans, immature seeds, frozen, fordhook, cooked, boiled, drained, without salt",,Vegetables and Vegetable Products
usda_sr_carotenoid,11040,"Lima beans, immature seeds, frozen, baby, cooked, boiled, drained, without salt",,Vegetables and Vegetable Products
usda_sr_carotenoid,11043,"Mung beans, mature seeds, sprouted, raw",,Vegetables and Vegetable Products
usda_sr_carotenoid,11050,"Beans, shellie, canned, solids and liquids",,Vegetables and Vegetable Products
usda_sr_carotenoid,11052,"Beans, snap, green, raw",,Vegetables and Vegetable Products
usda_sr_carotenoid,11060,"Beans, snap, green, frozen, all styles, unprepared (Includes foods for USDA's Food Distribution Program)",,Vegetables and Vegetable Products
usda_sr_carotenoid,11061,"Beans, snap, green, frozen, cooked, boiled, drained without salt",,Vegetables and Vegetable Products
usda_sr_carotenoid,11062,"Beans, snap, green, frozen, all styles, microwaved",,Vegetables and Vegetable Products
usda_sr_carotenoid,11084,"Beets, canned, drained solids",,Vegetables and Vegetable Products
usda_sr_carotenoid,11091,"Broccoli, cooked, boiled, drained, without salt",,Vegetables and Vegetable Products
usda_sr_carotenoid,11092,"Broccoli, frozen, chopped, unprepared",,Vegetables and Vegetable Products
usda_sr_carotenoid,11093,"Broccoli, frozen, chopped, cooked, boiled, drained, without salt",,Vegetables and Vegetable Products
usda_sr_carotenoid,11094,"Broccoli, frozen, spears, unprepared (Includes foods for USDA's Food Distribution Program)",,Vegetables and Vegetable Products
usda_sr_carotenoid,11099,"Brussels sprouts, cooked, boiled, drained, without salt",,Vegetables and Vegetable Products
usda_sr_carotenoid,11100,"Brussels sprouts, frozen, unprepared",,Vegetables and Vegetable Products
usda_sr_carotenoid,11101,"Brussels sprouts, frozen, cooked, boiled, drained, without salt",,Vegetables and Vegetable Products
usda_sr_carotenoid,11104,"Burdock root, raw",,Vegetables and Vegetable Products
usda_sr_carotenoid,11109,"Cabbage, raw",,Vegetables and Vegetable Products
usda_sr_carotenoid,11110,"Cabbage, cooked, boiled, drained, without salt",,Vegetables and Vegetable Products
usda_sr_carotenoid,11112,"Cabbage, red, raw",,Vegetables and Vegetable Products
usda_sr_carotenoid,11113,"Cabbage, red, cooked, boiled, drained, without salt",,Vegetables and Vegetable Products
usda_sr_carotenoid,11119,"Cabbage, chinese (pe-tsai), raw",,Vegetables and Vegetable Products
usda_sr_carotenoid,11130,"Carrots, frozen, unprepared (Includes foods for USDA's Food Distribution Program)",,Vegetables and Vegetable Products
usda_sr_carotenoid,11131,"Carrots, frozen, cooked, boiled, drained, without salt",,Vegetables and Vegetable Products
usda_sr_carotenoid,11134,"Cassava, raw",,Vegetables and Vegetable Products
usda_sr_carotenoid,11135,"Cauliflower, raw",,Vegetables and Vegetable Products
usda_sr_carotenoid,11143,"Celery, raw",,Vegetables and Vegetable Products
usda_sr_carotenoid,11144,"Celery, cooked, boiled, drained, without salt",,Vegetables and Vegetable Products
usda_sr_carotenoid,11147,"Chard, swiss, raw",,Vegetables and Vegetable Products
usda_sr_carotenoid,11152,"Chicory greens, raw",,Vegetables and Vegetable Products
usda_sr_carotenoid,11156,"Chives, raw",,Vegetables and Vegetable Products
usda_sr_carotenoid,11157,"Chrysanthemum, garland, raw",,Vegetables and Vegetable Products
usda_sr_carotenoid,11164,"Collards, frozen, chopped, cooked, boiled, drained, without salt",,Vegetables and Vegetable Products
usda_sr_carotenoid,11165,"Coriander (cilantro) leaves, raw",,Vegetables and Vegetable Products
usda_sr_carotenoid,11167,"Corn, sweet, yellow, raw",,Vegetables and Vegetable Products
usda_sr_carotenoid,11168,"Corn, sweet, yellow, cooked, boiled, drained, without salt",,Vegetables and Vegetable Products
usda_sr_carotenoid,11282,"Onions, raw",,Vegetables and Vegetable Products
usda_sr_carotenoid,11283,"Onions, cooked, boiled, drained, without salt",,Vegetables and Vegetable Products
usda_sr_carotenoid,11284,"Onions, dehydrated flakes",,Vegetables and Vegetable Products
usda_sr_carotenoid,11285,"Onions, canned, solids and liquids",,Vegetables and Vegetable Products
usda_sr_carotenoid,11291,"Onions, spring or scallions (includes tops and bulb), raw",,Vegetables and Vegetable Products
usda_sr_carotenoid,11292,"Onions, young green, tops only",,Vegetables and Vegetable Products
usda_sr_carotenoid,11294,"Onions, sweet, raw",,Vegetables and Vegetable Products
usda_sr_carotenoid,11299,"Parsnips, cooked, boiled, drained, without salt",,Vegetables and Vegetable Products
usda_sr_carotenoid,11300,"Peas, edible-podded, raw",,Vegetables and Vegetable Products
usda_sr_carotenoid,11301,"Peas, edible-podded, boiled, drained, without salt",,Vegetables and Vegetable Products
usda_sr_carotenoid,11308,"Peas, green (includes baby and lesuer types), canned, drained solids, unprepared",,Vegetables and Vegetable Products
usda_sr_carotenoid,11312,"Peas, green, frozen, unprepared (Includes foods for USDA's Food Distribution Program)",,Vegetables and Vegetable Products
usda_sr_carotenoid,11313,"Peas, green, frozen, cooked, boiled, drained, without salt",,Vegetables and Vegetable Products
usda_sr_carotenoid,11323,"Peas and carrots, frozen, cooked, boiled, drained, without salt",,Vegetables and Vegetable Products
usda_sr_carotenoid,11327,"Peas and onions, frozen, cooked, boiled, drained, without salt",,Vegetables and Vegetable Products
usda_sr_carotenoid,11339,"Peppers, sweet, green, sauteed",,Vegetables and Vegetable Products
usda_sr_carotenoid,11344,"Pigeonpeas, immature seeds, raw",,Vegetables and Vegetable Products
usda_sr_carotenoid,11352,"Potatoes, flesh and skin, raw",,Vegetables and Vegetable Products
usda_sr_carotenoid,11353,"Potatoes, russet, flesh and skin, raw (Includes foods for USDA's Food Distribution Program)",,Vegetables and Vegetable Products
usda_sr_carotenoid,11354,"Potatoes, white, flesh and skin, raw",,Vegetables and Vegetable Products
usda_sr_carotenoid,11355,"Potatoes, red, flesh and skin, raw",,Vegetables and Vegetable Products
usda_sr_carotenoid,11356,"Potatoes, Russet, flesh and skin, baked",,Vegetables and Vegetable Products
usda_sr_carotenoid,11363,"Potatoes, baked, flesh, without salt",,Vegetables and Vegetable Products
usda_sr_carotenoid,11364,"Potatoes, baked, skin, without salt",,Vegetables and Vegetable Products
usda_sr_carotenoid,11370,"Potatoes, hash brown, home-prepared",,Vegetables and Vegetable Products
usda_sr_carotenoid,11371,"Potatoes, mashed, home-prepared, whole milk and margarine added",,Vegetables and Vegetable Products
usda_sr_carotenoid,11380,"Potatoes, mashed, dehydrated, granules without milk, dry form",,Vegetables and Vegetable Products
usda_sr_carotenoid,11381,"Potatoes, mashed, dehydrated, prepared from granules without milk, whole milk and butter added",,Vegetables and Vegetable Products
usda_sr_carotenoid,11382,"Potatoes, mashed, dehydrated, granules with milk, dry form",,Vegetables and Vegetable Products
usda_sr_carotenoid,11383,"Potatoes, mashed, dehydrated, prepared from granules with milk, water and margarine added",,Vegetables and Vegetable Products
usda_sr_carotenoid,11391,"Potatoes, hash brown, frozen, plain, prepared, pan fried in canola oil",,Vegetables and Vegetable Products
usda_sr_carotenoid,11398,"Potato puffs, frozen, unprepared",,Vegetables and Vegetable Products
usda_sr_carotenoid,11399,"Potato puffs, frozen, oven-heated",,Vegetables and Vegetable Products
usda_sr_carotenoid,11530,"Tomatoes, red, ripe, cooked",,Vegetables and Vegetable Products
usda_sr_carotenoid,11531,"Tomatoes, red, ripe, canned, packed in tomato juice",,Vegetables and Vegetable Products
usda_sr_carotenoid,11533,"Tomatoes, red, ripe, canned, stewed",,Vegetables and Vegetable Products
usda_sr_carotenoid,11549,"Tomato products, canned, sauce",,Vegetables and Vegetable Products
usda_sr_carotenoid,11551,"Tomato products, canned, sauce, with mushrooms",,Vegetables and Vegetable Products
usda_sr_carotenoid,11565,"Turnips, cooked, boiled, drained, without salt",,Vegetables and Vegetable Products
usda_sr_carotenoid,11567,"Turnips, frozen, cooked, boiled, drained, without salt",,Vegetables and Vegetable Products
usda_sr_carotenoid,11568,"Turnip greens, raw",,Vegetables and Vegetable Products
usda_sr_carotenoid,11577,"Turnip greens and turnips, frozen, cooked, boiled, drained, without salt",,Vegetables and Vegetable Products
usda_sr_carotenoid,11578,"Vegetable juice cocktail, canned",,Vegetables and Vegetable Products
usda_sr_carotenoid,11581,"Vegetables, mixed, canned, drained solids",,Vegetables and Vegetable Products
usda_sr_carotenoid,11588,"Waterchestnuts, chinese, (matai), raw",,Vegetables and Vegetable Products
usda_sr_carotenoid,11590,"Waterchestnuts, chinese, canned, solids and liquids",,Vegetables and Vegetable Products
usda_sr_carotenoid,11591,"Watercress, raw",,Vegetables and Vegetable Products
usda_sr_carotenoid,11601,"Yam, raw",,Vegetables and Vegetable Products
usda_sr_carotenoid,11602,"Yam, cooked, boiled, drained, or baked, without salt",,Vegetables and Vegetable Products
usda_sr_carotenoid,11603,"Yambean (jicama), raw",,Vegetables and Vegetable Products
usda_sr_carotenoid,11626,"Beans, mung, mature seeds, sprouted, canned, drained solids",,Vegetables and Vegetable Products
usda_sr_carotenoid,11632,"Peppers, jalapeno, canned, solids and liquids",,Vegetables and Vegetable Products
usda_sr_carotenoid,11640,"Shallots, freeze-dried",,Vegetables and Vegetable Products
usda_sr_carotenoid,11645,"Sweet potato, canned, syrup pack, solids and liquids",,Vegetables and Vegetable Products
usda_sr_carotenoid,11647,"Sweet potato, canned, syrup pack, drained solids",,Vegetables and Vegetable Products
usda_sr_carotenoid,11659,"Sweet potato, cooked, candied, home-prepared",,Vegetables and Vegetable Products
usda_sr_carotenoid,11663,"Seaweed, agar, dried",,Vegetables and Vegetable Products
usda_sr_carotenoid,11666,"Seaweed, spirulina, raw",,Vegetables and Vegetable Products
usda_sr_carotenoid,11672,Potato pancakes,,Vegetables and Vegetable Products
usda_sr_carotenoid,11674,"Potatoes, baked, flesh and skin, without salt",,Vegetables and Vegetable Products
usda_sr_carotenoid,11798,"Mushrooms, shiitake, cooked, with salt",,Vegetables and Vegetable Products
usda_sr_carotenoid,11803,"Okra, cooked, boiled, drained, with salt",,Vegetables and Vegetable Products
usda_sr_carotenoid,11804,"Okra, frozen, cooked, boiled, drained, with salt",,Vegetables and Vegetable Products
usda_sr_carotenoid,11805,"Onions, cooked, boiled, drained, with salt",,Vegetables and Vegetable Products
usda_sr_carotenoid,11806,"Onions, frozen, chopped, cooked, boiled, drained, with salt",,Vegetables and Vegetable Products
usda_sr_carotenoid,11811,"Peas, green, cooked, boiled, drained, with salt",,Vegetables and Vegetable Products
usda_sr_carotenoid,11812,"Peas, green, canned, no salt added, solids and liquids",,Vegetables and Vegetable Products
usda_sr_carotenoid,11813,"Peas, green, canned, no salt added, drained solids",,Vegetables and Vegetable Products
usda_sr_carotenoid,11814,"Peas, green, frozen, cooked, boiled, drained, with salt",,Vegetables and Vegetable Products
usda_sr_carotenoid,11819,"Peppers, hot chili, red, raw",,Vegetables and Vegetable Products
usda_sr_carotenoid,11820,"Peppers, hot chili, red, canned, excluding seeds, solids and liquids",,Vegetables and Vegetable Products
usda_sr_carotenoid,11821,"Peppers, sweet, red, raw",,Vegetables and Vegetable Products
usda_sr_carotenoid,11822,"Peppers, sweet, green, cooked, boiled, drained, with salt",,Vegetables and Vegetable Products
usda_sr_carotenoid,11823,"Peppers, sweet, red, cooked, boiled, drained, without salt",,Vegetables and Vegetable Products
usda_sr_carotenoid,11828,"Potatoes, baked, flesh and skin, with salt",,Vegetables and Vegetable Products
usda_sr_carotenoid,11829,"Potatoes, baked, flesh, with salt",,Vegetables and Vegetable Products
usda_sr_carotenoid,11830,"Potatoes, baked, skin only, with salt",,Vegetables and Vegetable Products
usda_sr_carotenoid,11831,"Potatoes, boiled, cooked in skin, flesh, with salt",,Vegetables and Vegetable Products
usda_sr_carotenoid,11847,"Pumpkin, flowers, cooked, boiled, drained, with salt",,Vegetables and Vegetable Products
usda_sr_carotenoid,11848,"Pumpkin leaves, cooked, boiled, drained, with salt",,Vegetables and Vegetable Products
usda_sr_carotenoid,11850,"Radishes, oriental, cooked, boiled, drained, with salt",,Vegetables and Vegetable Products
usda_sr_carotenoid,11855,"Spinach, canned, no salt added, solids and liquids",,Vegetables and Vegetable Products
usda_sr_carotenoid,11856,"Spinach, frozen, chopped or leaf, cooked, boiled, drained, with salt",,Vegetables and Vegetable Products
usda_sr_carotenoid,11857,"Squash, summer, all varieties, cooked, boiled, drained, with salt",,Vegetables and Vegetable Products
usda_sr_carotenoid,11858,"Squash, summer, crookneck and straightneck, cooked, boiled, drained, with salt",,Vegetables and Vegetable Products
usda_sr_carotenoid,11863,"Squash, winter, all varieties, cooked, baked, with salt",,Vegetables and Vegetable Products
usda_sr_carotenoid,11866,"Squash, winter, butternut, cooked, baked, with salt",,Vegetables and Vegetable Products
usda_sr_carotenoid,11872,"Succotash, (corn and limas), frozen, cooked, boiled, drained, with salt",,Vegetables and Vegetable Products
usda_sr_carotenoid,11874,"Sweet potato leaves, cooked, steamed, with salt",,Vegetables and Vegetable Products
usda_sr_carotenoid,11884,"Tomatoes, red, ripe, cooked, with salt",,Vegetables and Vegetable Products
usda_sr_carotenoid,11885,"Tomatoes, red, ripe, canned, packed in tomato juice, no salt added",,Vegetables and Vegetable Products
usda_sr_carotenoid,11891,"Turnip greens, cooked, boiled, drained, with salt",,Vegetables and Vegetable Products
usda_sr_carotenoid,11892,"Turnip greens, frozen, cooked, boiled, drained, with salt",,Vegetables and Vegetable Products
usda_sr_carotenoid,11893,"Turnip greens and turnips, frozen, cooked, boiled, drained, with salt",,Vegetables and Vegetable Products
usda_sr_carotenoid,11894,"Vegetables, mixed, frozen, cooked, boiled, drained, with salt",,Vegetables and Vegetable Products
usda_sr_carotenoid,11998,"Mushrooms, portabella, exposed to ultraviolet light, raw",,Vegetables and Vegetable Products
usda_sr_carotenoid,12012,"Seeds, hemp seed, hulled",,Nut and Seed Products
usda_sr_carotenoid,12023,"Seeds, sesame seeds, whole, dried",,Nut and Seed Products
usda_sr_carotenoid,12029,"Seeds, sesame seed kernels, toasted, without salt added (decorticated)",,Nut and Seed Products
usda_sr_carotenoid,12063,"Nuts, almonds, dry roasted, without salt added",,Nut and Seed Products
usda_sr_carotenoid,12065,"Nuts, almonds, oil roasted, without salt added",,Nut and Seed Products
usda_sr_carotenoid,12071,"Nuts, almond paste",,Nut and Seed Products
usda_sr_carotenoid,12087,"Nuts, cashew nuts, raw",,Nut and Seed Products
usda_sr_carotenoid,12104,"Nuts, coconut meat, raw",,Nut and Seed Products
usda_sr_carotenoid,12108,"Nuts, coconut meat, dried (desiccated), not sweetened",,Nut and Seed Products
usda_sr_carotenoid,12116,"Nuts, coconut cream, canned, sweetened",,Nut and Seed Products
usda_sr_carotenoid,12117,"Nuts, coconut milk, raw (liquid expressed from grated meat and water)",,Nut and Seed Products
usda_sr_carotenoid,12119,"Nuts, coconut water (liquid from coconuts)",,Nut and Seed Products
usda_sr_carotenoid,12132,"Nuts, macadamia nuts, dry roasted, without salt added",,Nut and Seed Products
usda_sr_carotenoid,12142,"Nuts, pecans",,Nut and Seed Products
usda_sr_carotenoid,12143,"Nuts, pecans, dry roasted, without salt added",,Nut and Seed Products
usda_sr_carotenoid,12151,"Nuts, pistachio nuts, raw",,Nut and Seed Products
usda_sr_carotenoid,12152,"Nuts, pistachio nuts, dry roasted, without salt added",,Nut and Seed Products
usda_sr_carotenoid,12154,"Nuts, walnuts, black, dried",,Nut and Seed Products
usda_sr_carotenoid,12155,"Nuts, walnuts, english",,Nut and Seed Products
usda_sr_carotenoid,12166,"Seeds, sesame butter, tahini, from roasted and toasted kernels (most common type)",,Nut and Seed Products
usda_sr_carotenoid,12167,"Nuts, chestnuts, european, roasted",,Nut and Seed Products
usda_sr_carotenoid,13335,"Beef, variety meats and by-products, suet, raw",,Beef Products
usda_sr_carotenoid,13345,"Beef, cured, breakfast strips, cooked",,Beef Products
usda_sr_carotenoid,13347,"Beef, cured, corned beef, brisket, cooked",,Beef Products
usda_sr_carotenoid,13352,"Beef, chuck, under blade center steak, boneless, Denver Cut, separable lean only, trimmed to 0"" fat, choice, cooked, grilled",,Beef Products
usda_sr_carotenoid,13354,"Beef, chuck, under blade center steak, boneless, Denver Cut, separable lean only, trimmed to 0"" fat, select, cooked, grilled",,Beef Products
usda_sr_carotenoid,13355,"Beef, cured, pastrami",,Sausages and Luncheon Meats
usda_sr_carotenoid,13356,"Beef, chuck, under blade center steak, boneless, Denver Cut, separable lean only, trimmed to 0"" fat, all grades, raw",,Beef Products
usda_sr_carotenoid,13362,"Beef, composite of trimmed retail cuts, separable lean and fat, trimmed to 0"" fat, choice, cooked",,Beef Products
usda_sr_carotenoid,13363,"Beef, composite of trimmed retail cuts, separable lean and fat, trimmed to 0"" fat, select, cooked",,Beef Products
usda_sr_carotenoid,13364,"Beef, composite of trimmed retail cuts, separable lean only, trimmed to 0"" fat, all grades, cooked",,Beef Products
usda_sr_carotenoid,13365,"Beef, composite of trimmed retail cuts, separable lean only, trimmed to 0"" fat, choice, cooked",,Beef Products
usda_sr_carotenoid,13370,"Beef, brisket, flat half, separable lean only, trimmed to 0"" fat, all grades, cooked, braised",,Beef Products
usda_sr_carotenoid,13371,"Beef, brisket, point half, separable lean and fat, trimmed to 0"" fat, all grades, cooked, braised",,Beef Products
usda_sr_carotenoid,13372,"Beef, brisket, point half, separable lean only, trimmed to 0"" fat, all grades, cooked, braised",,Beef Products
usda_sr_carotenoid,13373,"Beef, chuck, arm pot roast, separable lean and fat, trimmed to 0"" fat, all grades, cooked, braised",,Beef Products
usda_sr_carotenoid,13381,"Beef, chuck, under blade pot roast, boneless, separable lean and fat, trimmed to 0"" fat, select, cooked, braised",,Beef Products
usda_sr_carotenoid,13382,"Beef, chuck, blade roast, separable lean only, trimmed to 0"" fat, all grades, cooked, braised",,Beef Products
usda_sr_carotenoid,13383,"Beef, chuck, under blade pot roast, boneless, separable lean only, trimmed to 0"" fat, choice, cooked, braised",,Beef Products
usda_sr_carotenoid,13384,"Beef, chuck, under blade pot roast, boneless, separable lean only, trimmed to 0"" fat, select, cooked, braised",,Beef Products
usda_sr_carotenoid,13391,"Beef, rib, small end (ribs 10-12), separable lean and fat, trimmed to 0"" fat, all grades, cooked, broiled",,Beef Products
usda_sr_carotenoid,13399,"Beef, round, bottom round, roast, separable lean and fat, trimmed to 0"" fat, all grades, cooked, roasted",,Beef Products
usda_sr_carotenoid,13401,"Beef, round, bottom round, steak, separable lean and fat, trimmed to 0"" fat, choice, cooked, braised",,Beef Products
usda_sr_carotenoid,13402,"Beef, round, bottom round, roast, separable lean and fat, trimmed to 0"" fat, choice, cooked, roasted",,Beef Products
usda_sr_carotenoid,13404,"Beef, round, bottom round, steak, separable lean and fat, trimmed to 0"" fat, select, cooked, braised",,Beef Products
usda_sr_carotenoid,13413,"Beef, round, bottom round, steak, separable lean only, trimmed to 0"" fat, select, cooked, braised",,Beef Products
usda_sr_carotenoid,13414,"Beef, round, bottom round roast, separable lean only, trimmed to 0"" fat, select, cooked, roasted",,Beef Products
usda_sr_carotenoid,13415,"Beef, round, eye of round roast, boneless, separable lean and fat, trimmed to 0"" fat, all grades, cooked, roasted",,Beef Products
usda_sr_carotenoid,13416,"Beef, round, eye of round roast, boneless, separable lean and fat, trimmed to 0"" fat, choice, cooked, roasted",,Beef Products
usda_sr_carotenoid,13421,"Beef, round, tip round, roast, separable lean and fat, trimmed to 0"" fat, all grades, cooked, roasted",,Beef Products
usda_sr_carotenoid,13422,"Beef, round, tip round, roast, separable lean and fat, trimmed to 0"" fat, choice, cooked, roasted",,Beef Products
usda_sr_carotenoid,13423,"Beef, round, tip round, roast, separable lean and fat, trimmed to 0"" fat, select, cooked, roasted",,Beef Products
usda_sr_carotenoid,13424,"Beef, round, tip round, roast, separable lean only, trimmed to 0"" fat, all grades, cooked, roasted",,Beef Products
usda_sr_carotenoid,13432,"Beef, round, top round, separable lean and fat, trimmed to 0"" fat, select, cooked, braised",,Beef Products
usda_sr_carotenoid,13436,"Beef, round, top round, separable lean only, trimmed to 0"" fat, choice, cooked, braised",,Beef Products
usda_sr_carotenoid,13438,"Beef, round, top round, separable lean only, trimmed to 0"" fat, select, cooked, braised",,Beef Products
usda_sr_carotenoid,13439,"Beef, loin, tenderloin steak, boneless, separable lean and fat, trimmed to 0"" fat, all grades, cooked, grilled",,Beef Products
usda_sr_carotenoid,13440,"Beef, loin, tenderloin steak, boneless, separable lean and fat, trimmed to 0"" fat, choice, cooked, grilled",,Beef Products
usda_sr_carotenoid,13445,"Beef, loin, top loin steak, boneless, lip off, separable lean and fat, trimmed to 0"" fat, all grades, cooked, grilled",,Beef Products
usda_sr_carotenoid,13446,"Beef, loin, top loin steak, boneless, lip off, separable lean and fat, trimmed to 0"" fat, choice, cooked, grilled",,Beef Products
usda_sr_carotenoid,19802,"Snacks, corn-based, extruded, puffs or twists, cheese-flavor, unenriched",,Snacks
usda_sr_carotenoid,19814,"Snacks, pretzels, hard, plain, made with enriched flour, unsalted",,Snacks
usda_sr_carotenoid,19816,"Snacks, rice cakes, brown rice, plain, unsalted",,Snacks
usda_sr_carotenoid,19823,"Potato chips, without salt, reduced fat",,Snacks
usda_sr_carotenoid,19833,"Snacks, tortilla chips, low fat, unsalted",,Snacks
usda_sr_carotenoid,19868,"Sweeteners, tabletop, sucralose, SPLENDA packets",,Sweets
usda_sr_carotenoid,19871,"Frozen novelties, No Sugar Added, FUDGSICLE pops",,Sweets
usda_sr_carotenoid,19899,"Ice creams, regular, low carbohydrate, chocolate",,Sweets
usda_sr_carotenoid,19902,"Chocolate, dark, 45- 59% cacao solids",,Sweets
usda_sr_carotenoid,19903,"Chocolate, dark, 60-69% cacao solids",,Sweets
usda_sr_carotenoid,19904,"Chocolate, dark, 70-85% cacao solids",,Sweets
usda_sr_carotenoid,19905,"Candies, chocolate, dark, NFS (45-59% cacao solids 90%; 60-69% cacao solids 5%; 70-85% cacao solids 5%)",,Sweets
usda_sr_carotenoid,19910,"Candies, crispy bar with peanut butter filling",,Sweets
usda_sr_carotenoid,19912,"Sweetener, syrup, agave",,Sweets
usda_sr_carotenoid,19913,"Candies, NESTLE, BUTTERFINGER Crisp",,Sweets
usda_sr_carotenoid,19919,"Candies, fruit snacks, with high vitamin C",,Sweets
usda_sr_carotenoid,19920,"Jams, preserves, marmalades, sweetened with fruit juice",,Sweets
usda_sr_carotenoid,19921,"Candies, Tamarind",,Sweets
usda_sr_carotenoid,19922,"Candies, coconut bar, not chocolate covered",,Sweets
usda_sr_carotenoid,20004,"Barley, hulled",,Cereal Grains and Pasta
usda_sr_carotenoid,20005,"Barley, pearled, raw",,Cereal Grains and Pasta
usda_sr_carotenoid,20006,"Barley, pearled, cooked",,Cereal Grains and Pasta
usda_sr_carotenoid,20013,"Bulgur, cooked",,Cereal Grains and Pasta
usda_sr_carotenoid,20014,"Corn grain, yellow",,Cereal Grains and Pasta
usda_sr_carotenoid,20015,"Corn bran, crude",,Cereal Grains and Pasta
usda_sr_carotenoid,20016,"Corn flour, whole-grain, yellow",,Cereal Grains and Pasta
usda_sr_carotenoid,21078,"Fast foods, nachos, with cheese",,Fast Foods
usda_sr_carotenoid,21080,"Fast foods, nachos, with cheese, beans, ground beef, and tomatoes",,Fast Foods
usda_sr_carotenoid,21094,"Fast foods, cheeseburger, double, regular patty and bun, with condiments",,Fast Foods
usda_sr_carotenoid,21096,"Fast foods, cheeseburger; single, large patty; plain",,Fast Foods
usda_sr_carotenoid,21102,"Fast foods, chicken fillet sandwich, plain with pickles",,Fast Foods
usda_sr_carotenoid,21105,"Fast foods, fish sandwich, with tartar sauce",,Fast Foods
usda_sr_carotenoid,21106,"Fast foods, fish sandwich, with tartar sauce and cheese",,Fast Foods
usda_sr_carotenoid,21125,"Fast foods, submarine sandwich, roast beef on white bread with lettuce and tomato",,Fast Foods
usda_sr_carotenoid,21126,"Fast foods, submarine sandwich, tuna on white bread with lettuce and tomato",,Fast Foods
usda_sr_carotenoid,21129,"Fast foods, hush puppies",,Fast Foods
usda_sr_carotenoid,21142,"Fast food, biscuit",,Fast Foods
usda_sr_carotenoid,21144,"CHICK-FIL-A, hash browns",,Fast Foods
usda_sr_carotenoid,21145,"School Lunch, pizza, BIG DADDY'S LS 16"" 51% Whole Grain Rolled Edge Cheese Pizza, frozen",,Fast Foods
usda_sr_carotenoid,21151,"Fast foods, submarine sandwich, sweet onion chicken teriyaki on white bread with lettuce, tomato and sweet onion sauce",,Fast Foods
usda_sr_carotenoid,21152,"SUBWAY, SUBWAY CLUB sub on white bread with lettuce and tomato",,Fast Foods
usda_sr_carotenoid,21153,"Fast foods, submarine sandwich, turkey, roast beef and ham on white bread with lettuce and tomato",,Fast Foods
usda_sr_carotenoid,21154,"Fast foods, submarine sandwich, oven roasted chicken on white bread with lettuce and tomato",,Fast Foods
usda_sr_carotenoid,21159,"SUBWAY, steak & cheese sub on white bread with American cheese, lettuce and tomato",,Fast Foods
usda_sr_carotenoid,21160,"Fast foods, submarine sandwich, steak and cheese on white bread with cheese, lettuce and tomato",,Fast Foods
usda_sr_carotenoid,21161,"SUBWAY, B.L.T. sub on white bread with bacon, lettuce and tomato",,Fast Foods
usda_sr_carotenoid,21162,"Fast foods, submarine sandwich, bacon, lettuce, and tomato on white bread",,Fast Foods
usda_sr_carotenoid,21211,"SUBWAY, oven roasted chicken sub on white bread with lettuce and tomato",,Fast Foods
usda_sr_carotenoid,21213,"SUBWAY, cold cut sub on white bread with lettuce and tomato",,Fast Foods
usda_sr_carotenoid,21214,"SUBWAY, tuna sub on white bread with lettuce and tomato",,Fast Foods
usda_sr_carotenoid,21224,"Pizza, cheese topping, regular crust, frozen, cooked",,Fast Foods
usda_sr_carotenoid,21230,"Fast Foods, crispy chicken filet sandwich, with lettuce and mayonnaise",,Fast Foods
usda_sr_carotenoid,21260,"TACO BELL, Original Taco with beef, cheese and lettuce",,Fast Foods
usda_sr_carotenoid,21261,"TACO BELL, Soft Taco with beef, cheese and lettuce",,Fast Foods
usda_sr_carotenoid,21266,"TACO BELL, BURRITO SUPREME with chicken",,Fast Foods
usda_sr_carotenoid,21267,"TACO BELL, BURRITO SUPREME with steak",,Fast Foods
usda_sr_carotenoid,21268,"TACO BELL, Nachos",,Fast Foods
usda_sr_carotenoid,21269,"TACO BELL, Nachos Supreme",,Fast Foods
usda_sr_carotenoid,21463,"Yogurt parfait, lowfat, with fruit and granola",,Fast Foods
usda_sr_carotenoid,21464,"Fast Foods, Fried Chicken, Breast, meat only, skin and breading removed",,Fast Foods
usda_sr_carotenoid,21465,"Fast Foods, Fried Chicken, Drumstick, meat only, skin and breading removed",,Fast Foods
usda_sr_carotenoid,21466,"Fast Foods, Fried Chicken, Thigh, meat only, skin and breading removed",,Fast Foods
usda_sr_carotenoid,21471,"Fast Foods, Fried Chicken, Thigh, meat and skin and breading",,Fast Foods
usda_sr_carotenoid,21472,"Fast Foods, Fried Chicken, Wing, meat and skin and breading",,Fast Foods
usda_sr_carotenoid,21482,"Fast Food, Pizza Chain, 14"" pizza, sausage topping, thick crust",,Fast Foods
usda_sr_carotenoid,21483,"Fast Food, Pizza Chain, 14"" pizza, sausage topping, thin crust",,Fast Foods
usda_sr_carotenoid,21484,"Fast Food, Pizza Chain, 14"" pizza, sausage topping, regular crust",,Fast Foods
usda_sr_carotenoid,21490,"Fast Foods, grilled chicken filet sandwich, with lettuce, tomato and spread",,Fast Foods
usda_sr_carotenoid,21505,"Pizza, cheese topping, thin crust, frozen, cooked",,Fast Foods
usda_sr_carotenoid,11086,"Beet greens, raw",,Vegetables and Vegetable Products
usda_sr_carotenoid,11087,"Beet greens, cooked, boiled, drained, without salt",,Vegetables and Vegetable Products
usda_sr_carotenoid,11090,"Broccoli, raw",,Vegetables and Vegetable Products
usda_sr_carotenoid,11095,"Broccoli, frozen, spears, cooked, boiled, drained, without salt",,Vegetables and Vegetable Products
usda_sr_carotenoid,11096,"Broccoli raab, raw",,Vegetables and Vegetable Products
usda_sr_carotenoid,11097,"Broccoli raab, cooked",,Vegetables and Vegetable Products
usda_sr_carotenoid,11098,"Brussels sprouts, raw",,Vegetables and Vegetable Products
usda_sr_carotenoid,11105,"Burdock root, cooked, boiled, drained, without salt",,Vegetables and Vegetable Products
usda_sr_carotenoid,11114,"Cabbage, savoy, raw",,Vegetables and Vegetable Products
usda_sr_carotenoid,11116,"Cabbage, chinese (pak-choi), raw",,Vegetables and Vegetable Products
usda_sr_carotenoid,11117,"Cabbage, chinese (pak-choi), cooked, boiled, drained, without salt",,Vegetables and Vegetable Products
usda_sr_carotenoid,11118,"Cabbage, kimchi",,Vegetables and Vegetable Products
usda_sr_carotenoid,11124,"Carrots, raw",,Vegetables and Vegetable Products
usda_sr_carotenoid,11125,"Carrots, cooked, boiled, drained, without salt",,Vegetables and Vegetable Products
usda_sr_carotenoid,11126,"Carrots, canned, regular pack, solids and liquids",,Vegetables and Vegetable Products
usda_sr_carotenoid,11128,"Carrots, canned, regular pack, drained solids",,Vegetables and Vegetable Products
usda_sr_carotenoid,11136,"Cauliflower, cooked, boiled, drained, without salt",,Vegetables and Vegetable Products
usda_sr_carotenoid,11137,"Cauliflower, frozen, unprepared",,Vegetables and Vegetable Products
usda_sr_carotenoid,11138,"Cauliflower, frozen, cooked, boiled, drained, without salt",,Vegetables and Vegetable Products
usda_sr_carotenoid,11141,"Celeriac, raw",,Vegetables and Vegetable Products
usda_sr_carotenoid,11148,"Chard, swiss, cooked, boiled, drained, without salt",,Vegetables and Vegetable Products
usda_sr_carotenoid,11149,"Chayote, fruit, raw",,Vegetables and Vegetable Products
usda_sr_carotenoid,11150,"Chayote, fruit, cooked, boiled, drained, without salt",,Vegetables and Vegetable Products
usda_sr_carotenoid,11158,"Chrysanthemum, garland, cooked, boiled, drained, without salt",,Vegetables and Vegetable Products
usda_sr_carotenoid,11161,"Collards, raw",,Vegetables and Vegetable Products
usda_sr_carotenoid,11162,"Collards, cooked, boiled, drained, without salt",,Vegetables and Vegetable Products
usda_sr_carotenoid,11163,"Collards, frozen, chopped, unprepared",,Vegetables and Vegetable Products
usda_sr_carotenoid,11170,"Corn, sweet, yellow, canned, brine pack, regular pack, solids and liquids",,Vegetables and Vegetable Products
usda_sr_carotenoid,11288,"Onions, frozen, chopped, cooked, boiled, drained, without salt",,Vegetables and Vegetable Products
usda_sr_carotenoid,11289,"Onions, frozen, whole, unprepared",,Vegetables and Vegetable Products
usda_sr_carotenoid,11290,"Onions, frozen, whole, cooked, boiled, drained, without salt",,Vegetables and Vegetable Products
usda_sr_carotenoid,11296,"Onion rings, breaded, par fried, frozen, prepared, heated in oven",,Vegetables and Vegetable Products
usda_sr_carotenoid,11297,"Parsley, fresh",,Vegetables and Vegetable Products
usda_sr_carotenoid,11298,"Parsnips, raw",,Vegetables and Vegetable Products
usda_sr_carotenoid,11303,"Peas, edible-podded, frozen, cooked, boiled, drained, without salt",,Vegetables and Vegetable Products
usda_sr_carotenoid,11304,"Peas, green, raw",,Vegetables and Vegetable Products
usda_sr_carotenoid,11305,"Peas, green, cooked, boiled, drained, without salt",,Vegetables and Vegetable Products
usda_sr_carotenoid,11306,"Peas, green, canned, regular pack, solids and liquids",,Vegetables and Vegetable Products
usda_sr_carotenoid,11329,"Peppers, hot chili, green, canned, pods, excluding seeds, solids and liquids",,Vegetables and Vegetable Products
usda_sr_carotenoid,11333,"Peppers, sweet, green, raw",,Vegetables and Vegetable Products
usda_sr_carotenoid,11334,"Peppers, sweet, green, cooked, boiled, drained, without salt",,Vegetables and Vegetable Products
usda_sr_carotenoid,11345,"Pigeonpeas, immature seeds, cooked, boiled, drained, without salt",,Vegetables and Vegetable Products
usda_sr_carotenoid,11349,Poi,,Vegetables and Vegetable Products
usda_sr_carotenoid,11351,"Pokeberry shoots, (poke), cooked, boiled, drained, without salt",,Vegetables and Vegetable Products
usda_sr_carotenoid,11357,"Potatoes, white, flesh and skin, baked",,Vegetables and Vegetable Products
usda_sr_carotenoid,11358,"Potatoes, red, flesh and skin, baked",,Vegetables and Vegetable Products
usda_sr_carotenoid,11359,"Potatoes, french fried, crinkle or regular cut, salt added in processing, frozen, as purchased",,Vegetables and Vegetable Products
usda_sr_carotenoid,11360,"Potatoes, french fried, crinkle or regular cut, salt added in processing, frozen, oven-heated",,Vegetables and Vegetable Products
usda_sr_carotenoid,11365,"Potatoes, boiled, cooked in skin, flesh, without salt",,Vegetables and Vegetable Products
usda_sr_carotenoid,11367,"Potatoes, boiled, cooked without skin, flesh, without salt",,Vegetables and Vegetable Products
usda_sr_carotenoid,11378,"Potatoes, mashed, dehydrated, flakes without milk, dry form",,Vegetables and Vegetable Products
usda_sr_carotenoid,11379,"Potatoes, mashed, dehydrated, prepared from flakes without milk, whole milk and butter added",,Vegetables and Vegetable Products
usda_sr_carotenoid,11384,"Potatoes, au gratin, dry mix, unprepared",,Vegetables and Vegetable Products
usda_sr_carotenoid,11394,"Potatoes, french fried, shoestring, salt added in processing, frozen, as purchased",,Vegetables and Vegetable Products
usda_sr_carotenoid,11395,"Potatoes, french fried, shoestring, salt added in processing, frozen, oven-heated",,Vegetables and Vegetable Products
usda_sr_carotenoid,11527,"Tomatoes, green, raw",,Vegetables and Vegetable Products
usda_sr_carotenoid,11529,"Tomatoes, red, ripe, raw, year round average",,Vegetables and Vegetable Products
usda_sr_carotenoid,11540,"Tomato juice, canned, with salt added",,Vegetables and Vegetable Products
usda_sr_carotenoid,11546,"Tomato products, canned, paste, without salt added (Includes foods for USDA's Food Distribution Program)",,Vegetables and Vegetable Products
usda_sr_carotenoid,11547,"Tomato products, canned, puree, without salt added",,Vegetables and Vegetable Products
usda_sr_carotenoid,11548,Tomato powder,,Vegetables and Vegetable Products
usda_sr_carotenoid,11557,"Tomato products, canned, sauce, with onions, green peppers, and celery",,Vegetables and Vegetable Products
usda_sr_carotenoid,11564,"Turnips, raw",,Vegetables and Vegetable Products
usda_sr_carotenoid,11569,"Turnip greens, cooked, boiled, drained, without salt",,Vegetables and Vegetable Products
usda_sr_carotenoid,11575,"Turnip greens, frozen, cooked, boiled, drained, without salt",,Vegetables and Vegetable Products
usda_sr_carotenoid,11584,"Vegetables, mixed, frozen, cooked, boiled, drained, without salt",,Vegetables and Vegetable Products
usda_sr_carotenoid,11585,"Vegetable juice cocktail, low sodium, canned",,Vegetables and Vegetable Products
usda_sr_carotenoid,11594,"Waxgourd, (chinese preserving melon), cooked, boiled, drained, without salt",,Vegetables and Vegetable Products
usda_sr_carotenoid,11609,"Beets, pickled, canned, solids and liquids",,Vegetables and Vegetable Products
usda_sr_carotenoid,11641,"Squash, summer, all varieties, raw",,Vegetables and Vegetable Products
usda_sr_carotenoid,11642,"Squash, summer, all varieties, cooked, boiled, drained, without salt",,Vegetables and Vegetable Products
usda_sr_carotenoid,11643,"Squash, winter, all varieties, raw",,Vegetables and Vegetable Products
usda_sr_carotenoid,11644,"Squash, winter, all varieties, cooked, baked, without salt",,Vegetables and Vegetable Products
usda_sr_carotenoid,11655,"Carrot juice, canned",,Vegetables and Vegetable Products
usda_sr_carotenoid,11656,"Corn pudding, home prepared",,Vegetables and Vegetable Products
usda_sr_carotenoid,11657,"Potatoes, mashed, home-prepared, whole milk added",,Vegetables and Vegetable Products
usda_sr_carotenoid,11658,Spinach souffle,,Vegetables and Vegetable Products
usda_sr_carotenoid,11667,"Seaweed, spirulina, dried",,Vegetables and Vegetable Products
usda_sr_carotenoid,11669,"Seaweed, wakame, raw",,Vegetables and Vegetable Products
usda_sr_carotenoid,11670,"Peppers, hot chili, green, raw",,Vegetables and Vegetable Products
usda_sr_carotenoid,11677,"Shallots, raw",,Vegetables and Vegetable Products
usda_sr_carotenoid,11683,"Carrot, dehydrated",,Vegetables and Vegetable Products
usda_sr_carotenoid,11693,"Tomatoes, crushed, canned",,Vegetables and Vegetable Products
usda_sr_carotenoid,11799,"Mustard greens, cooked, boiled, drained, with salt",,Vegetables and Vegetable Products
usda_sr_carotenoid,11800,"Mustard greens, frozen, cooked, boiled, drained, with salt",,Vegetables and Vegetable Products
usda_sr_carotenoid,11807,"Onions, frozen, whole, cooked, boiled, drained, with salt",,Vegetables and Vegetable Products
usda_sr_carotenoid,11808,"Parsnips, cooked, boiled, drained, with salt",,Vegetables and Vegetable Products
usda_sr_carotenoid,11809,"Peas, edible-podded, cooked, boiled, drained, with salt",,Vegetables and Vegetable Products
usda_sr_carotenoid,11810,"Peas, edible-podded, frozen, cooked, boiled, drained, with salt",,Vegetables and Vegetable Products
usda_sr_carotenoid,11816,"Peas and carrots, canned, no salt added, solids and liquids",,Vegetables and Vegetable Products
usda_sr_carotenoid,11817,"Peas and carrots, frozen, cooked, boiled, drained, with salt",,Vegetables and Vegetable Products
usda_sr_carotenoid,11818,"Peas and onions, frozen, cooked, boiled, drained, with salt",,Vegetables and Vegetable Products
usda_sr_carotenoid,11824,"Peppers, sweet, red, cooked, boiled, drained, with salt",,Vegetables and Vegetable Products
usda_sr_carotenoid,11826,"Pigeonpeas, immature seeds, cooked, boiled, drained, with salt",,Vegetables and Vegetable Products
usda_sr_carotenoid,11827,"Pokeberry shoots, (poke), cooked, boiled, drained, with salt",,Vegetables and Vegetable Products
usda_sr_carotenoid,11833,"Potatoes, boiled, cooked without skin, flesh, with salt",,Vegetables and Vegetable Products
usda_sr_carotenoid,11843,"Potatoes, au gratin, home-prepared from recipe using margarine",,Vegetables and Vegetable Products
usda_sr_carotenoid,11844,"Potatoes, scalloped, home-prepared with margarine",,Vegetables and Vegetable Products
usda_sr_carotenoid,11845,"Pumpkin, cooked, boiled, drained, with salt",,Vegetables and Vegetable Products
usda_sr_carotenoid,11846,"Pumpkin, canned, with salt",,Vegetables and Vegetable Products
usda_sr_carotenoid,11851,"Rutabagas, cooked, boiled, drained, with salt",,Vegetables and Vegetable Products
usda_sr_carotenoid,11852,"Salsify, cooked, boiled, drained, with salt",,Vegetables and Vegetable Products
usda_sr_carotenoid,11854,"Spinach, cooked, boiled, drained, with salt",,Vegetables and Vegetable Products
usda_sr_carotenoid,11859,"Squash, summer, crookneck and straightneck, frozen, cooked, boiled, drained, with salt",,Vegetables and Vegetable Products
usda_sr_carotenoid,11860,"Squash, summer, scallop, cooked, boiled, drained, with salt",,Vegetables and Vegetable Products
usda_sr_carotenoid,11861,"Squash, summer, zucchini, includes skin, cooked, boiled, drained, with salt",,Vegetables and Vegetable Products
usda_sr_carotenoid,11862,"Squash, summer, zucchini, includes skin, frozen, cooked, boiled, drained, with salt",,Vegetables and Vegetable Products
usda_sr_carotenoid,11868,"Squash, winter, hubbard, baked, with salt",,Vegetables and Vegetable Products
usda_sr_carotenoid,11869,"Squash, winter, hubbard, cooked, boiled, mashed, with salt",,Vegetables and Vegetable Products
usda_sr_carotenoid,11870,"Squash, winter, spaghetti, cooked, boiled, drained, or baked, with salt",,Vegetables and Vegetable Products
usda_sr_carotenoid,11876,"Sweet potato, cooked, boiled, without skin, with salt",,Vegetables and Vegetable Products
usda_sr_carotenoid,11878,"Taro, cooked, with salt",,Vegetables and Vegetable Products
usda_sr_carotenoid,11886,"Tomato juice, canned, without salt added",,Vegetables and Vegetable Products
usda_sr_carotenoid,11888,"Tomato products, canned, puree, with salt added",,Vegetables and Vegetable Products
usda_sr_carotenoid,11889,"Turnips, cooked, boiled, drained, with salt",,Vegetables and Vegetable Products
usda_sr_carotenoid,11890,"Turnips, frozen, cooked, boiled, drained, with salt",,Vegetables and Vegetable Products
usda_sr_carotenoid,11895,"Waxgourd, (chinese preserving melon), cooked, boiled, drained, with salt",,Vegetables and Vegetable Products
usda_sr_carotenoid,11897,"Yam, cooked, boiled, drained, or baked, with salt",,Vegetables and Vegetable Products
usda_sr_carotenoid,12014,"Seeds, pumpkin and squash seed kernels, dried",,Nut and Seed Products
usda_sr_carotenoid,12016,"Seeds, pumpkin and squash seed kernels, roasted, without salt",,Nut and Seed Products
usda_sr_carotenoid,12036,"Seeds, sunflower seed kernels, dried",,Nut and Seed Products
usda_sr_carotenoid,12037,"Seeds, sunflower seed kernels, dry roasted, without salt",,Nut and Seed Products
usda_sr_carotenoid,12038,"Seeds, sunflower seed kernels, oil roasted, without salt",,Nut and Seed Products
usda_sr_carotenoid,12061,"Nuts, almonds",,Nut and Seed Products
usda_sr_carotenoid,12062,"Nuts, almonds, blanched",,Nut and Seed Products
usda_sr_carotenoid,12078,"Nuts, brazilnuts, dried, unblanched",,Nut and Seed Products
usda_sr_carotenoid,12085,"Nuts, cashew nuts, dry roasted, without salt added",,Nut and Seed Products
usda_sr_carotenoid,12086,"Nuts, cashew nuts, oil roasted, without salt added",,Nut and Seed Products
usda_sr_carotenoid,12109,"Nuts, coconut meat, dried (desiccated), sweetened, flaked, packaged",,Nut and Seed Products
usda_sr_carotenoid,12120,"Nuts, hazelnuts or filberts",,Nut and Seed Products
usda_sr_carotenoid,12121,"Nuts, hazelnuts or filberts, blanched",,Nut and Seed Products
usda_sr_carotenoid,12122,"Nuts, hazelnuts or filberts, dry roasted, without salt added",,Nut and Seed Products
usda_sr_carotenoid,12135,"Nuts, mixed nuts, dry roasted, with peanuts, without salt added",,Nut and Seed Products
usda_sr_carotenoid,12136,"Nuts, mixed nuts, dry roasted, with peanuts, salt added, PLANTERS pistachio blend",,Nut and Seed Products
usda_sr_carotenoid,12137,"Nuts, mixed nuts, oil roasted, with peanuts, without salt added",,Nut and Seed Products
usda_sr_carotenoid,12144,"Nuts, pecans, oil roasted, without salt added",,Nut and Seed Products
usda_sr_carotenoid,12147,"Nuts, pine nuts, dried",,Nut and Seed Products
usda_sr_carotenoid,12157,"Nuts, walnuts, dry roasted, with salt added",,Nut and Seed Products
usda_sr_carotenoid,13340,"Beef, variety meats and by-products, tongue, cooked, simmered",,Beef Products
usda_sr_carotenoid,13341,"Beef, variety meats and by-products, tripe, raw",,Beef Products
usda_sr_carotenoid,13342,"Beef, sandwich steaks, flaked, chopped, formed and thinly sliced, raw",,Beef Products
usda_sr_carotenoid,13343,"Beef, brisket, flat half, separable lean only, trimmed to 0"" fat, choice, cooked, braised",,Beef Products
usda_sr_carotenoid,13348,"Beef, cured, corned beef, canned",,Sausages and Luncheon Meats
usda_sr_carotenoid,13349,"Beef, chuck, under blade pot roast or steak, boneless, separable lean only, trimmed to 0"" fat, select, raw",,Beef Products
usda_sr_carotenoid,13350,"Beef, cured, dried",,Sausages and Luncheon Meats
usda_sr_carotenoid,13351,"Beef, chuck, under blade center steak, boneless, Denver Cut, separable lean only, trimmed to 0"" fat, all grades, cooked, grilled",,Beef Products
usda_sr_carotenoid,13359,"Beef, chuck, under blade center steak, boneless, Denver Cut, separable lean only, trimmed to 0"" fat, choice, raw",,Beef Products
usda_sr_carotenoid,13361,"Beef, composite of trimmed retail cuts, separable lean and fat, trimmed to 0"" fat, all grades, cooked",,Beef Products
usda_sr_carotenoid,13366,"Beef, composite of trimmed retail cuts, separable lean only, trimmed to 0"" fat, select, cooked",,Beef Products
usda_sr_carotenoid,13367,"Beef, brisket, whole, separable lean and fat, trimmed to 0"" fat, all grades, cooked, braised",,Beef Products
usda_sr_carotenoid,13368,"Beef, brisket, whole, separable lean only, trimmed to 0"" fat, all grades, cooked, braised",,Beef Products
usda_sr_carotenoid,13369,"Beef, brisket, flat half, separable lean and fat, trimmed to 0"" fat, all grades, cooked, braised",,Beef Products
usda_sr_carotenoid,13375,"Beef, chuck, arm pot roast, separable lean and fat, trimmed to 0"" fat, select, cooked, braised",,Beef Products
usda_sr_carotenoid,13377,"Beef, chuck, arm pot roast, separable lean only, trimmed to 0"" fat, choice, cooked, braised",,Beef Products
usda_sr_carotenoid,13378,"Beef, chuck, arm pot roast, separable lean only, trimmed to 0"" fat, select, cooked, braised",,Beef Products
usda_sr_carotenoid,13379,"Beef, chuck, blade roast, separable lean and fat, trimmed to 0"" fat, all grades, cooked, braised",,Beef Products
usda_sr_carotenoid,13380,"Beef, chuck, under blade pot roast, boneless, separable lean and fat, trimmed to 0"" fat, choice, cooked, braised",,Beef Products
usda_sr_carotenoid,13388,"Beef, rib, large end (ribs 6-9), separable lean only, trimmed to 0"" fat, all grades, cooked, roasted",,Beef Products
usda_sr_carotenoid,13394,"Beef, rib, small end (ribs 10-12), separable lean only, trimmed to 0"" fat, all grades, cooked, broiled",,Beef Products
usda_sr_carotenoid,13398,"Beef, round, bottom round, steak, separable lean and fat, trimmed to 0"" fat, all grades, cooked, braised",,Beef Products
usda_sr_carotenoid,13405,"Beef, round, bottom round, roast, separable lean and fat, trimmed to 0"" fat, select, cooked, roasted",,Beef Products
usda_sr_carotenoid,13407,"Beef, round, bottom round, steak, separable lean only, trimmed to 0"" fat, all grades, cooked, braised",,Beef Products
usda_sr_carotenoid,13408,"Beef, round, bottom round, roast, separable lean only, trimmed to 0"" fat, all grades, cooked, roasted",,Beef Products
usda_sr_carotenoid,13410,"Beef, round, bottom round, steak, separable lean only, trimmed to 0"" fat, choice, cooked, braised",,Beef Products
usda_sr_carotenoid,13411,"Beef, round, bottom round, roast, separable lean only, trimmed to 0"" fat, choice, cooked, roasted",,Beef Products
usda_sr_carotenoid,13417,"Beef, round, eye of round roast, boneless, separable lean and fat, trimmed to 0"" fat, select, cooked, roasted",,Beef Products
usda_sr_carotenoid,13418,"Beef, round, eye of round roast, boneless, separable lean only, trimmed to 0"" fat, all grades, cooked, roasted",,Beef Products
usda_sr_carotenoid,13419,"Beef, round, eye of round roast, boneless, separable lean only, trimmed to 0"" fat, choice, cooked, roasted",,Beef Products
usda_sr_carotenoid,13420,"Beef, round, eye of round roast, boneless, separable lean only, trimmed to 0"" fat, select, cooked, roasted",,Beef Products
usda_sr_carotenoid,13425,"Beef, round, tip round, roast, separable lean only, trimmed to 0"" fat, choice, cooked, roasted",,Beef Products
usda_sr_carotenoid,13426,"Beef, round, tip round, roast, separable lean only, trimmed to 0"" fat, select, cooked, roasted",,Beef Products
usda_sr_carotenoid,13428,"Beef, round, top round, separable lean and fat, trimmed to 0"" fat, all grades, cooked, braised",,Beef Products
usda_sr_carotenoid,13430,"Beef, round, top round, separable lean and fat, trimmed to 0"" fat, choice, cooked, braised",,Beef Products
usda_sr_carotenoid,13441,"Beef, loin, tenderloin steak, boneless, separable lean and fat, trimmed to 0"" fat, select, cooked, grilled",,Beef Products
usda_sr_carotenoid,13442,"Beef, loin, tenderloin steak, boneless, separable lean only, trimmed to 0"" fat, all grades, cooked, grilled",,Beef Products
usda_sr_carotenoid,13443,"Beef, loin, tenderloin steak, boneless, separable lean only, trimmed to 0"" fat, choice, cooked, grilled",,Beef Products
usda_sr_carotenoid,13444,"Beef, loin, tenderloin steak, boneless, separable lean only, trimmed to 0"" fat, select, cooked, grilled",,Beef Products
usda_sr_carotenoid,19719,"Jams and preserves, apricot",,Sweets
usda_sr_carotenoid,19811,"Snacks, potato chips, plain, unsalted",,Snacks
usda_sr_carotenoid,19858,"Candies, sugar-coated almonds",,Sweets
usda_sr_carotenoid,19860,"Cocoa, dry powder, hi-fat or breakfast, processed with alkali",,Sweets
usda_sr_carotenoid,19866,"Candies, soft fruit and nut squares",,Sweets
usda_sr_carotenoid,19867,"Ice creams, vanilla, fat free",,Sweets
usda_sr_carotenoid,19896,"Candies, REESE's Fast Break, milk chocolate, peanut butter, soft nougats, candy bar",,Sweets
usda_sr_carotenoid,19898,"Ice creams, regular, low carbohydrate, vanilla",,Sweets
usda_sr_carotenoid,19914,"Candies, M&M MARS 3 MUSKETEERS Truffle Crisp",,Sweets
usda_sr_carotenoid,19916,"Syrups, chocolate, HERSHEY'S Sugar free, Genuine Chocolate Flavored, Lite Syrup",,Sweets
usda_sr_carotenoid,19917,"Candies, M&M MARS Pretzel Chocolate Candies",,Sweets
usda_sr_carotenoid,19918,"Sweetener, herbal extract powder from Stevia leaf",,Sweets
usda_sr_carotenoid,19923,"Candies, HERSHEYS, PAYDAY Bar",,Sweets
usda_sr_carotenoid,19924,"Syrup, NESTLE, chocolate",,Sweets
usda_sr_carotenoid,20001,"Amaranth grain, uncooked",,Cereal Grains and Pasta
usda_sr_carotenoid,20010,"Buckwheat groats, roasted, cooked",,Cereal Grains and Pasta
usda_sr_carotenoid,20011,"Buckwheat flour, whole-groat",,Cereal Grains and Pasta
usda_sr_carotenoid,20012,"Bulgur, dry",,Cereal Grains and Pasta
usda_sr_carotenoid,21082,"Fast foods, taco with beef, cheese and lettuce, hard shell",,Fast Foods
usda_sr_carotenoid,21089,"Fast foods, cheeseburger; single, regular patty; plain",,Fast Foods
usda_sr_carotenoid,21090,"Fast foods, cheeseburger; single, regular patty, with condiments",,Fast Foods
usda_sr_carotenoid,21091,"Fast foods, cheeseburger; single, regular patty, with condiments and vegetables",,Fast Foods
usda_sr_carotenoid,21107,"Fast foods, hamburger; single, regular patty; plain",,Fast Foods
usda_sr_carotenoid,21108,"Fast foods, hamburger; single, regular patty; with condiments",,Fast Foods
usda_sr_carotenoid,21121,"Fast foods, roast beef sandwich, plain",,Fast Foods
usda_sr_carotenoid,21124,"Fast foods, submarine sandwich, cold cut on white bread with lettuce and tomato",,Fast Foods
usda_sr_carotenoid,21130,"Fast foods, onion rings, breaded and fried",,Fast Foods
usda_sr_carotenoid,21138,"Fast foods, potato, french fried in vegetable oil",,Fast Foods
usda_sr_carotenoid,21139,"Fast foods, potato, mashed",,Fast Foods
usda_sr_carotenoid,21146,"School Lunch, pizza, BIG DADDY'S LS 16"" 51% Whole Grain Rolled Edge Turkey Pepperoni Pizza, frozen",,Fast Foods
usda_sr_carotenoid,21147,"School Lunch, pizza, TONY'S SMARTPIZZA Whole Grain 4x6 Cheese Pizza 50/50 Cheese, frozen",,Fast Foods
usda_sr_carotenoid,21148,"School Lunch, pizza, TONY'S SMARTPIZZA Whole Grain 4x6 Pepperoni Pizza 50/50 Cheese, frozen",,Fast Foods
usda_sr_carotenoid,21149,"School Lunch, pizza, TONY'S Breakfast Pizza Sausage, frozen",,Fast Foods
usda_sr_carotenoid,21150,"SUBWAY, sweet onion chicken teriyaki sub on white bread with lettuce, tomato and sweet onion sauce",,Fast Foods
usda_sr_carotenoid,21155,"Fast foods, submarine sandwich, turkey breast on white bread with lettuce and tomato",,Fast Foods
usda_sr_carotenoid,21156,"Fast foods, submarine sandwich, ham on white bread with lettuce and tomato",,Fast Foods
usda_sr_carotenoid,21157,"SUBWAY, meatball marinara sub on white bread (no toppings)",,Fast Foods
usda_sr_carotenoid,21158,"Fast foods, submarine sandwich, meatball marinara on white bread",,Fast Foods
usda_sr_carotenoid,21202,"Fast foods, hamburger, large, single patty, with condiments",,Fast Foods
usda_sr_carotenoid,21207,"SUBWAY, turkey breast sub on white bread with lettuce and tomato",,Fast Foods
usda_sr_carotenoid,21209,"SUBWAY, black forest ham sub on white bread with lettuce and tomato",,Fast Foods
usda_sr_carotenoid,21210,"SUBWAY, roast beef sub on white bread with lettuce and tomato",,Fast Foods
usda_sr_carotenoid,21225,"Pizza, cheese topping, rising crust, frozen, cooked",,Fast Foods
usda_sr_carotenoid,21226,"Pizza, meat and vegetable topping, regular crust, frozen, cooked",,Fast Foods
usda_sr_carotenoid,21227,"Pizza, meat and vegetable topping, rising crust, frozen, cooked",,Fast Foods
usda_sr_carotenoid,21229,"Fast foods, chicken, breaded and fried, boneless pieces, plain",,Fast Foods
usda_sr_carotenoid,21238,"McDONALD'S, french fries",,Fast Foods
usda_sr_carotenoid,21256,"BURGER KING, Chicken Strips",,Fast Foods
usda_sr_carotenoid,21262,"TACO BELL, Soft Taco with chicken, cheese and lettuce",,Fast Foods
usda_sr_carotenoid,21263,"TACO BELL, Soft Taco with steak",,Fast Foods
usda_sr_carotenoid,21264,"TACO BELL, Bean Burrito",,Fast Foods
usda_sr_carotenoid,21265,"TACO BELL, BURRITO SUPREME with beef",,Fast Foods
usda_sr_carotenoid,21270,"TACO BELL, Taco Salad",,Fast Foods
usda_sr_carotenoid,21461,"Fast foods, grilled chicken, bacon and tomato club sandwich, with cheese, lettuce, and mayonnaise",,Fast Foods
usda_sr_carotenoid,21462,"Fast foods, crispy chicken, bacon, and tomato club sandwich, with cheese, lettuce, and mayonnaise",,Fast Foods
usda_sr_carotenoid,21467,"Fast Foods, Fried Chicken, Wing, meat only, skin and breading removed",,Fast Foods
usda_sr_carotenoid,21468,"Fast Foods, Fried Chicken, Skin and breading from all pieces",,Fast Foods
usda_sr_carotenoid,21469,"Fast Foods, Fried Chicken, Breast, meat and skin and breading",,Fast Foods
usda_sr_carotenoid,21470,"Fast Foods, Fried Chicken, Drumstick, meat and skin with breading",,Fast Foods
usda_sr_carotenoid,21485,"Fast Food, Pizza Chain, 14"" pizza, pepperoni topping, thin crust",,Fast Foods
usda_sr_carotenoid,21486,"Fast foods, taco with beef, cheese and lettuce, soft",,Fast Foods
usda_sr_carotenoid,21487,"Fast foods, taco with chicken, lettuce and cheese, soft",,Fast Foods
usda_sr_carotenoid,21488,"Fast foods, quesadilla, with chicken",,Fast Foods
usda_sr_carotenoid,21509,"BURGER KING, Onion Rings",,Fast Foods
usda_sr_carotenoid,21510,"WENDY'S, DAVE'S Hot 'N Juicy 1/4 LB, single",,Fast Foods
usda_sr_carotenoid,21511,"Fast Food, Pizza Chain, 14"" pizza, cheese topping, stuffed crust",,Fast Foods
usda_sr_carotenoid,21512,"PIZZA HUT 14"" Cheese Pizza, Stuffed Crust",,Fast Foods
usda_sr_carotenoid,21521,"Fast foods, strawberry banana smoothie made with ice and low-fat yogurt",,Fast Foods
usda_sr_carotenoid,21523,"McDONALD'S, RANCH SNACK WRAP, Crispy",,Fast Foods
usda_sr_carotenoid,21601,"School Lunch, pizza, cheese topping, thick crust, whole grain, frozen, cooked",,Fast Foods
usda_sr_carotenoid,21602,"School Lunch, pizza, pepperoni topping, thin crust, whole grain, frozen, cooked",,Fast Foods
usda_sr_carotenoid,21603,"School Lunch, pizza, pepperoni topping, thick crust, whole grain, frozen, cooked",,Fast Foods
usda_sr_carotenoid,21604,"School Lunch, pizza, sausage topping, thin crust, whole grain, frozen, cooked",,Fast Foods
usda_sr_carotenoid,23066,"Beef, chuck, short ribs, boneless, separable lean only, trimmed to 0"" fat, choice, raw",,Beef Products
usda_sr_carotenoid,21517,"Fast foods, crispy chicken in tortilla, with lettuce, cheese, and ranch sauce",,Fast Foods
usda_sr_carotenoid,21518,"Fast foods, grilled chicken in tortilla, with lettuce, cheese, and ranch sauce",,Fast Foods
usda_sr_carotenoid,21519,"Fast foods, breakfast burrito, with egg, cheese, and sausage",,Fast Foods
usda_sr_carotenoid,21520,"Fast foods, breadstick, soft, prepared with garlic and parmesan cheese",,Fast Foods
usda_sr_carotenoid,21600,"School Lunch, pizza, cheese topping, thin crust, whole grain, frozen, cooked",,Fast Foods
usda_sr_carotenoid,21605,"School Lunch, pizza, sausage topping, thick crust, whole grain, frozen, cooked",,Fast Foods
usda_sr_carotenoid,21610,"School Lunch, chicken patty, whole grain breaded",,Fast Foods
usda_sr_carotenoid,21611,"School Lunch, chicken nuggets, whole grain breaded",,Fast Foods
usda_sr_carotenoid,23068,"Beef, chuck, short ribs, boneless, separable lean only, trimmed to 0"" fat, all grades, raw",,Beef Products
usda_sr_carotenoid,23069,"Beef, chuck eye Country-Style ribs, boneless, separable lean only, trimmed to 0"" fat, choice, cooked, braised",,Beef Products
usda_sr_carotenoid,23070,"Beef, chuck eye Country-Style ribs, boneless, separable lean only, trimmed to 0"" fat, select, cooked, braised",,Beef Products
usda_sr_carotenoid,23071,"Beef, chuck eye Country-Style ribs, boneless, separable lean only, trimmed to 0"" fat, all grades, cooked, braised",,Beef Products
usda_sr_carotenoid,23072,"Beef, chuck eye Country-Style ribs, boneless, separable lean only, trimmed to 0"" fat, choice, raw",,Beef Products
usda_sr_carotenoid,23077,"Beef, chuck eye steak, boneless, separable lean only, trimmed to 0"" fat, all grades, cooked, grilled",,Beef Products
usda_sr_carotenoid,23078,"Beef, chuck eye steak, boneless, separable lean only, trimmed to 0"" fat, choice, raw",,Beef Products
usda_sr_carotenoid,23079,"Beef, chuck eye steak, boneless, separable lean only, trimmed to 0"" fat, select, raw",,Beef Products
usda_sr_carotenoid,23080,"Beef, chuck eye steak, boneless, separable lean only, trimmed to 0"" fat, all grades, raw",,Beef Products
usda_sr_carotenoid,23085,"Beef, chuck, mock tender steak, boneless, separable lean only, trimmed to 0"" fat, select, cooked, braised",,Beef Products
usda_sr_carotenoid,23086,"Beef, chuck, mock tender steak, boneless, separable lean only, trimmed to 0"" fat, all grades, cooked, braised",,Beef Products
usda_sr_carotenoid,23087,"Beef, chuck, mock tender steak, boneless, separable lean only, trimmed to 0"" fat, choice, raw",,Beef Products
usda_sr_carotenoid,23088,"Beef, chuck, mock tender steak, boneless, separable lean only, trimmed to 0"" fat, select, raw",,Beef Products
usda_sr_carotenoid,23094,"Beef, chuck for stew, separable lean and fat, select, raw",,Beef Products
usda_sr_carotenoid,23095,"Beef, chuck for stew, separable lean and fat, choice, raw",,Beef Products
usda_sr_carotenoid,23096,"Beef, chuck, under blade steak, boneless, separable lean only, trimmed to 0"" fat, choice, cooked, braised",,Beef Products
usda_sr_carotenoid,23097,"Beef, chuck, under blade steak, boneless, separable lean only, trimmed to 0"" fat, select, cooked, braised",,Beef Products
usda_sr_carotenoid,23102,"Beef, chuck, under blade pot roast or steak, boneless, separable lean and fat, trimmed to 0"" fat, all grades, raw",,Beef Products
usda_sr_carotenoid,23103,"Beef, chuck, under blade pot roast or steak, boneless, separable lean and fat, trimmed to 0"" fat, choice, raw",,Beef Products
usda_sr_carotenoid,23104,"Beef, chuck, under blade pot roast or steak, boneless, separable lean and fat, trimmed to 0"" fat, select, raw",,Beef Products
usda_sr_carotenoid,23105,"Beef, chuck, under blade center steak, boneless, Denver Cut, separable lean and fat, trimmed to 0"" fat, all grades, cooked, grilled",,Beef Products
usda_sr_carotenoid,23110,"Beef, chuck, under blade center steak, boneless, Denver Cut, separable lean and fat, trimmed to 0"" fat, select, raw",,Beef Products
usda_sr_carotenoid,23111,"Beef, shoulder pot roast or steak, boneless, separable lean and fat, trimmed to 0"" fat, choice, raw",,Beef Products
usda_sr_carotenoid,23112,"Beef, shoulder pot roast or steak, boneless, separable lean and fat, trimmed to 0"" fat, select, raw",,Beef Products
usda_sr_carotenoid,23113,"Beef, chuck eye roast, boneless, America's Beef Roast, separable lean and fat, trimmed to 0"" fat, all grades, cooked, roasted",,Beef Products
usda_sr_carotenoid,23119,"Beef, chuck, mock tender steak, boneless, separable lean and fat, trimmed to 0"" fat, all grades, cooked, braised",,Beef Products
usda_sr_carotenoid,23120,"Beef, chuck, mock tender steak, boneless, separable lean and fat, trimmed to 0"" fat, choice, cooked, braised",,Beef Products
usda_sr_carotenoid,23121,"Beef, chuck, mock tender steak, boneless, separable lean and fat, trimmed to 0"" fat, select, cooked, braised",,Beef Products
usda_sr_carotenoid,23122,"Beef, chuck, mock tender steak, boneless, separable lean and fat, trimmed to 0"" fat, all grades, raw",,Beef Products
usda_sr_carotenoid,23127,"Beef, chuck, short ribs, boneless, separable lean and fat, trimmed to 0"" fat, select, cooked, braised",,Beef Products
usda_sr_carotenoid,23128,"Beef, chuck, short ribs, boneless, separable lean and fat, trimmed to 0"" fat, all grades, raw",,Beef Products
usda_sr_carotenoid,23129,"Beef, chuck, short ribs, boneless, separable lean and fat, trimmed to 0"" fat, choice, raw",,Beef Products
usda_sr_carotenoid,23130,"Beef, chuck, short ribs, boneless, separable lean and fat, trimmed to 0"" fat, select, raw",,Beef Products
usda_sr_carotenoid,23135,"Beef, chuck eye Country-Style ribs, boneless, separable lean and fat, trimmed to 0"" fat, choice, cooked, braised",,Beef Products
usda_sr_carotenoid,23136,"Beef, chuck eye Country-Style ribs, boneless, separable lean and fat, trimmed to 0"" fat, select, cooked, braised",,Beef Products
usda_sr_carotenoid,23137,"Beef, chuck eye Country-Style ribs, boneless, separable lean and fat, trimmed to 0"" fat, all grades, raw",,Beef Products
usda_sr_carotenoid,23138,"Beef, chuck eye Country-Style ribs, boneless, separable lean and fat, trimmed to 0"" fat, choice, raw",,Beef Products
usda_sr_carotenoid,23139,"Beef, chuck eye Country-Style ribs, boneless, separable lean and fat, trimmed to 0"" fat, select, raw",,Beef Products
usda_sr_carotenoid,23144,"Beef, chuck eye steak, boneless, separable lean and fat, trimmed to 0"" fat, choice, raw",,Beef Products
usda_sr_carotenoid,23145,"Beef, chuck eye steak, boneless, separable lean and fat, trimmed to 0"" fat, select, raw",,Beef Products
usda_sr_carotenoid,23146,"Beef, rib eye roast, bone-in, lip-on, separable lean only, trimmed to 1/8"" fat, all grades, cooked, roasted",,Beef Products
usda_sr_carotenoid,23147,"Beef, rib eye roast, bone-in, lip-on, separable lean only, trimmed to 1/8"" fat, select, cooked, roasted",,Beef Products
usda_sr_carotenoid,23152,"Beef, rib eye steak/roast, bone-in, lip-on, separable lean only, trimmed to 1/8"" fat, select, raw",,Beef Products
usda_sr_carotenoid,23153,"Beef, rib eye steak/roast, boneless, lip-on, separable lean only, trimmed to 1/8"" fat, all grades, raw",,Beef Products
usda_sr_carotenoid,23154,"Beef, rib eye steak/roast, boneless, lip-on, separable lean only, trimmed to 1/8"" fat, choice, raw",,Beef Products
usda_sr_carotenoid,23155,"Beef, rib eye steak/roast, boneless, lip-on, separable lean only, trimmed to 1/8"" fat, select, raw",,Beef Products
usda_sr_carotenoid,23160,"Beef, rib eye roast, boneless, lip-on, separable lean only, trimmed to 1/8"" fat, choice, cooked, roasted",,Beef Products
usda_sr_carotenoid,1020,"Cheese, fontina",,Dairy and Egg Products
usda_sr_carotenoid,1025,"Cheese, monterey",,Dairy and Egg Products
usda_sr_carotenoid,1026,"Cheese, mozzarella, whole milk",,Dairy and Egg Products
usda_sr_carotenoid,1027,"Cheese, mozzarella, whole milk, low moisture",,Dairy and Egg Products
usda_sr_carotenoid,1028,"Cheese, mozzarella, part skim milk",,Dairy and Egg Products
usda_sr_carotenoid,1033,"Cheese, parmesan, hard",,Dairy and Egg Products
usda_sr_carotenoid,1034,"Cheese, port de salut",,Dairy and Egg Products
usda_sr_carotenoid,1035,"Cheese, provolone",,Dairy and Egg Products
usda_sr_carotenoid,1036,"Cheese, ricotta, whole milk",,Dairy and Egg Products
usda_sr_carotenoid,1042,"Cheese, pasteurized process, American, fortified with vitamin D",,Dairy and Egg Products
usda_sr_carotenoid,1043,"Cheese, pasteurized process, pimento",,Dairy and Egg Products
usda_sr_carotenoid,1044,"Cheese, pasteurized process, swiss",,Dairy and Egg Products
usda_sr_carotenoid,1050,"Cream, fluid, light (coffee cream or table cream)",,Dairy and Egg Products
usda_sr_carotenoid,1052,"Cream, fluid, light whipping",,Dairy and Egg Products
usda_sr_carotenoid,1053,"Cream, fluid, heavy whipping",,Dairy and Egg Products
usda_sr_carotenoid,1054,"Cream, whipped, cream topping, pressurized",,Dairy and Egg Products
usda_sr_carotenoid,1060,"Milk, filled, fluid, with lauric acid oil",,Dairy and Egg Products
usda_sr_carotenoid,1061,"Cheese, American, nonfat or fat free",,Dairy and Egg Products
usda_sr_carotenoid,1064,"Yogurt, Greek, 2% fat, apricot, CHOBANI",,Dairy and Egg Products
usda_sr_carotenoid,1070,"Dessert topping, powdered",,Dairy and Egg Products
usda_sr_carotenoid,1071,"Dessert topping, powdered, 1.5 ounce prepared with 1/2 cup milk",,Dairy and Egg Products
usda_sr_carotenoid,1072,"Dessert topping, pressurized",,Dairy and Egg Products
usda_sr_carotenoid,1073,"Dessert topping, semi solid, frozen",,Dairy and Egg Products
usda_sr_carotenoid,1074,"Sour cream, imitation, cultured",,Dairy and Egg Products
usda_sr_carotenoid,1081,"Milk, reduced fat, fluid, 2% milkfat, protein fortified, with added vitamin A and vitamin D",,Dairy and Egg Products
usda_sr_carotenoid,1082,"Milk, lowfat, fluid, 1% milkfat, with added vitamin A and vitamin D",,Dairy and Egg Products
usda_sr_carotenoid,1088,"Milk, buttermilk, fluid, cultured, lowfat",,Dairy and Egg Products
usda_sr_carotenoid,1089,"Milk, low sodium, fluid",,Dairy and Egg Products
usda_sr_carotenoid,1090,"Milk, dry, whole, with added vitamin D",,Dairy and Egg Products
usda_sr_carotenoid,1091,"Milk, dry, nonfat, regular, without added vitamin A and vitamin D",,Dairy and Egg Products
usda_sr_carotenoid,1097,"Milk, canned, evaporated, nonfat, with added vitamin A and vitamin D",,Dairy and Egg Products
usda_sr_carotenoid,1102,"Milk, chocolate, fluid, commercial, whole, with added vitamin A and vitamin D",,Dairy and Egg Products
usda_sr_carotenoid,1103,"Milk, chocolate, fluid, commercial, reduced fat, with added vitamin A and vitamin D",,Dairy and Egg Products
usda_sr_carotenoid,1104,"Milk, chocolate, lowfat, with added vitamin A and vitamin D",,Dairy and Egg Products
usda_sr_carotenoid,1110,"Milk shakes, thick chocolate",,Dairy and Egg Products
usda_sr_carotenoid,1111,"Milk shakes, thick vanilla",,Dairy and Egg Products
usda_sr_carotenoid,1112,"Whey, acid, fluid",,Dairy and Egg Products
usda_sr_carotenoid,1117,"Yogurt, plain, low fat",,Dairy and Egg Products
usda_sr_carotenoid,1118,"Yogurt, plain, skim milk",,Dairy and Egg Products
usda_sr_carotenoid,1119,"Yogurt, vanilla, low fat.",,Dairy and Egg Products
usda_sr_carotenoid,1120,"Yogurt, fruit, low fat,9 g protein/8 oz",,Dairy and Egg Products
usda_sr_carotenoid,1244,"Milk dessert bar, frozen, made from lowfat milk",,Dairy and Egg Products
usda_sr_carotenoid,1249,"Yogurt, Greek, 2% fat,mixed berry blend, CHOBANI",,Dairy and Egg Products
usda_sr_carotenoid,1250,"Nutritional supplement for people with diabetes, liquid",,Dairy and Egg Products
usda_sr_carotenoid,1255,"Egg, whole, raw, frozen, salted, pasteurized",,Dairy and Egg Products
usda_sr_carotenoid,1256,"Yogurt, Greek, plain, nonfat (Includes foods for USDA's Food Distribution Program)",,Dairy and Egg Products
usda_sr_carotenoid,1258,"Egg, white, dried, stabilized, glucose reduced",,Dairy and Egg Products
usda_sr_carotenoid,1259,"Cheese spread, American or Cheddar cheese base, reduced fat",,Dairy and Egg Products
usda_sr_carotenoid,1266,"Cheese, Swiss, nonfat or fat free",,Dairy and Egg Products
usda_sr_carotenoid,1267,"Cheese, mexican, queso cotija",,Dairy and Egg Products
usda_sr_carotenoid,1270,"Cheese, cheddar, sharp, sliced",,Dairy and Egg Products
usda_sr_carotenoid,1271,"Cheese, mozzarella, low moisture, part-skim, shredded",,Dairy and Egg Products
usda_sr_carotenoid,1285,"Yogurt, Greek, strawberry, nonfat",,Dairy and Egg Products
usda_sr_carotenoid,1286,"Yogurt, Greek, vanilla, nonfat",,Dairy and Egg Products
usda_sr_carotenoid,1287,"Yogurt, Greek, plain, lowfat",,Dairy and Egg Products
usda_sr_carotenoid,1289,"Kefir, lowfat, plain, LIFEWAY",,Dairy and Egg Products
usda_sr_carotenoid,1294,"Yogurt, Greek, fruit, whole milk",,Dairy and Egg Products
usda_sr_carotenoid,1295,"Yogurt, vanilla, non-fat",,Dairy and Egg Products
usda_sr_carotenoid,1297,"Yogurt, Greek, vanilla, lowfat",,Dairy and Egg Products
usda_sr_carotenoid,1298,"Yogurt, frozen, flavors other than chocolate, lowfat",,Dairy and Egg Products
usda_sr_carotenoid,1304,"Yogurt, Greek, 2% fat, pineapple, CHOBANI",,Dairy and Egg Products
usda_sr_carotenoid,1305,"Milk, chocolate, lowfat, reduced sugar",,Dairy and Egg Products
usda_sr_carotenoid,1306,"Ice cream, lowfat, no sugar added, cone, added peanuts and chocolate sauce",,Dairy and Egg Products
usda_sr_carotenoid,1307,"Yogurt, Greek, 2% fat, strawberry banana, CHOBANI",,Dairy and Egg Products
usda_sr_carotenoid,1319,"Yogurt, Greek, nonfat, Fruit on Bottom, Pomegranate, CHOBANI",,Dairy and Egg Products
usda_sr_carotenoid,1320,"Yogurt, Greek, Blueberry, CHOBANI",,Dairy and Egg Products
usda_sr_carotenoid,1321,"Yogurt, Greek, nonfat, Fruit on Bottom, Strawberry, CHOBANI",,Dairy and Egg Products
usda_sr_carotenoid,1322,"Yogurt, Greek, nonfat, Fruit on Bottom, Blackberry, CHOBANI",,Dairy and Egg Products
usda_sr_carotenoid,2005,"Spices, caraway seed",,Spices and Herbs
usda_sr_carotenoid,2007,"Spices, celery seed",,Spices and Herbs
usda_sr_carotenoid,2012,"Spices, coriander leaf, dried",,Spices and Herbs
usda_sr_carotenoid,2014,"Spices, cumin seed",,Spices and Herbs
usda_sr_carotenoid,2015,"Spices, curry powder",,Spices and Herbs
usda_sr_carotenoid,2021,"Spices, ginger, ground",,Spices and Herbs
usda_sr_carotenoid,2023,"Spices, marjoram, dried",,Spices and Herbs
usda_sr_carotenoid,2024,"Spices, mustard seed, ground",,Spices and Herbs
usda_sr_carotenoid,2029,"Spices, parsley, dried",,Spices and Herbs
usda_sr_carotenoid,2030,"Spices, pepper, black",,Spices and Herbs
usda_sr_carotenoid,2031,"Spices, pepper, red or cayenne",,Spices and Herbs
usda_sr_carotenoid,2038,"Spices, sage, ground",,Spices and Herbs
usda_sr_carotenoid,2042,"Spices, thyme, dried",,Spices and Herbs
usda_sr_carotenoid,3121,"Babyfood, vegetables, peas, strained",,Baby Foods
usda_sr_carotenoid,3122,"Babyfood, peas, dices, toddler",,Baby Foods
usda_sr_carotenoid,3127,"Babyfood, vegetables, spinach, creamed, strained",,Baby Foods
usda_sr_carotenoid,3128,"Babyfood, fruit, apricot with tapioca, junior",,Baby Foods
usda_sr_carotenoid,3133,"Babyfood, fruit, pears, junior",,Baby Foods
usda_sr_carotenoid,3134,"Babyfood, fruit, plums with tapioca, without ascorbic acid, strained",,Baby Foods
usda_sr_carotenoid,3135,"Babyfood, fruit, plums with tapioca, without ascorbic acid, junior",,Baby Foods
usda_sr_carotenoid,3136,"Babyfood, fruit, prunes with tapioca, without ascorbic acid, strained",,Baby Foods
usda_sr_carotenoid,3142,"Babyfood, fruit, applesauce and apricots, strained",,Baby Foods
usda_sr_carotenoid,3143,"Babyfood, fruit, applesauce and apricots, junior",,Baby Foods
usda_sr_carotenoid,3144,"Babyfood, fruit, applesauce and cherries, strained",,Baby Foods
usda_sr_carotenoid,3145,"Babyfood, fruit, applesauce and cherries, junior",,Baby Foods
usda_sr_carotenoid,3147,"Babyfood, fruit, applesauce with banana, junior",,Baby Foods
usda_sr_carotenoid,3154,"Babyfood, fruit and vegetable, apple and sweet potato",,Baby Foods
usda_sr_carotenoid,3156,"Babyfood, fruit, bananas and pineapple with tapioca, junior",,Baby Foods
usda_sr_carotenoid,3157,"Babyfood, fruit, bananas and pineapple with tapioca, strained",,Baby Foods
usda_sr_carotenoid,3158,"Babyfood, fruit, pears and pineapple, strained",,Baby Foods
usda_sr_carotenoid,3163,"Babyfood, fruit, bananas with apples and pears, strained",,Baby Foods
usda_sr_carotenoid,3164,"Babyfood, fruit, apple and blueberry, strained",,Baby Foods
usda_sr_carotenoid,3165,"Babyfood, fruit, apple and blueberry, junior",,Baby Foods
usda_sr_carotenoid,3166,"Babyfood, juice, apple",,Baby Foods
usda_sr_carotenoid,3174,"Babyfood, juice, orange and apple and banana",,Baby Foods
usda_sr_carotenoid,3185,"Babyfood, cereal, mixed, dry fortified",,Baby Foods
usda_sr_carotenoid,3186,"Babyfood, cereal, mixed, with bananas, dry",,Baby Foods
usda_sr_carotenoid,3187,"Babyfood, cereal, mixed, with applesauce and bananas, strained",,Baby Foods
usda_sr_carotenoid,3188,"Babyfood, cereal, mixed, with applesauce and bananas, junior, fortified",,Baby Foods
usda_sr_carotenoid,3194,"Babyfood, cereal, rice, dry fortified",,Baby Foods
usda_sr_carotenoid,3195,"Babyfood, cereal, rice, with applesauce and bananas, strained",,Baby Foods
usda_sr_carotenoid,3209,"Babyfood, crackers, vegetable",,Baby Foods
usda_sr_carotenoid,3212,"Babyfood, cereal, rice, with bananas, dry",,Baby Foods
usda_sr_carotenoid,3213,"Babyfood, cookies",,Baby Foods
usda_sr_carotenoid,3220,"Babyfood, dessert, dutch apple, strained",,Baby Foods
usda_sr_carotenoid,3221,"Babyfood, dessert, dutch apple, junior",,Baby Foods
usda_sr_carotenoid,3222,"Babyfood, cherry cobbler, junior",,Baby Foods
usda_sr_carotenoid,3224,"Babyfood, dessert, cherry vanilla pudding, strained",,Baby Foods
usda_sr_carotenoid,3233,"Babyfood, dessert, fruit pudding, pineapple, strained",,Baby Foods
usda_sr_carotenoid,3235,"Babyfood, dessert, fruit dessert, without ascorbic acid, strained",,Baby Foods
usda_sr_carotenoid,3267,"Babyfood, juice, fruit punch, with calcium",,Baby Foods
usda_sr_carotenoid,3269,"Babyfood, juice, apple, with calcium",,Baby Foods
usda_sr_carotenoid,3955,"Infant Formula, MEAD JOHNSON, ENFAMIL, ENFACARE, ready-to-feed, with ARA and DHA",,Baby Foods
usda_sr_carotenoid,3956,"Babyfood, yogurt, whole milk, with fruit, multigrain cereal and added DHA fortified",,Baby Foods
usda_sr_carotenoid,3957,"Infant formula, ABBOTT NUTRITION, ALIMENTUM ADVANCE, with iron, powder, not reconstituted, with DHA and ARA",,Baby Foods
usda_sr_carotenoid,3959,"Babyfood, mashed cheddar potatoes and broccoli, toddlers",,Baby Foods
usda_sr_carotenoid,3965,"Babyfood, yogurt, whole milk, with fruit, multigrain cereal and added iron fortified",,Baby Foods
usda_sr_carotenoid,3966,"Infant formula, NESTLE, GOOD START SOY, with DHA and ARA, liquid concentrate",,Baby Foods
usda_sr_carotenoid,3967,"Toddler formula, MEAD JOHNSON, ENFAGROW, Toddler Transitions, with ARA and DHA, powder",,Baby Foods
usda_sr_carotenoid,3968,"Toddler formula, MEAD JOHNSON, ENFAGROW PREMIUM (formerly ENFAMIL, LIPIL, NEXT STEP), ready-to-feed",,Baby Foods
usda_sr_carotenoid,3986,"Infant Formula, MEAD JOHNSON, ENFAMIL, Newborn, with DHA and ARA, ready-to-feed",,Baby Foods
usda_sr_carotenoid,3987,"Infant formula, GERBER, GOOD START 2 Soy, with iron, ready-to-feed",,Baby Foods
usda_sr_carotenoid,3988,"Infant formula, GERBER, GOOD START, PROTECT PLUS, ready-to-feed",,Baby Foods
usda_sr_carotenoid,3989,"Infant Formula, GERBER GOOD START 2, GENTLE PLUS, ready-to-feed",,Baby Foods
usda_sr_carotenoid,3994,"Babyfood, fruit, banana and strawberry, junior",,Baby Foods
usda_sr_carotenoid,3995,"Babyfood, banana with mixed berries, strained",,Baby Foods
usda_sr_carotenoid,3996,"Babyfood, Multigrain whole grain cereal, dry fortified",,Baby Foods
usda_sr_carotenoid,3997,"Babyfood, Baby MUM MUM Rice Biscuits",,Baby Foods
usda_sr_carotenoid,4013,"Salad dressing, KRAFT Mayo Fat Free Mayonnaise Dressing",,Fats and Oils
usda_sr_carotenoid,4015,"Salad dressing, russian dressing",,Fats and Oils
usda_sr_carotenoid,4016,"Salad dressing, sesame seed dressing, regular",,Fats and Oils
usda_sr_carotenoid,4022,"Salad dressing, russian dressing, low calorie",,Fats and Oils
usda_sr_carotenoid,4023,"Salad dressing, thousand island dressing, reduced fat",,Fats and Oils
usda_sr_carotenoid,4025,"Salad dressing, mayonnaise, regular",,Fats and Oils
usda_sr_carotenoid,4026,"Salad dressing, mayonnaise, soybean and safflower oil, with salt",,Fats and Oils
usda_sr_carotenoid,4031,"Shortening, household, soybean (partially hydrogenated)-cottonseed (partially hydrogenated)",,Fats and Oils
usda_sr_carotenoid,4034,"Oil, soybean, salad or cooking, (partially hydrogenated)",,Fats and Oils
usda_sr_carotenoid,4037,"Oil, rice bran",,Fats and Oils
usda_sr_carotenoid,4038,"Oil, wheat germ",,Fats and Oils
usda_sr_carotenoid,4055,"Oil, palm",,Fats and Oils
usda_sr_carotenoid,4058,"Oil, sesame, salad or cooking",,Fats and Oils
usda_sr_carotenoid,4060,"Oil, sunflower, linoleic (less than 60%)",,Fats and Oils
usda_sr_carotenoid,4073,"Margarine, regular, hard, soybean (hydrogenated)",,Fats and Oils
usda_sr_carotenoid,4114,"Salad dressing, italian dressing, commercial, regular",,Fats and Oils
usda_sr_carotenoid,4141,"Salad dressing, french dressing, commercial, regular, without salt",,Fats and Oils
usda_sr_carotenoid,4142,"Salad dressing, french dressing, reduced fat, without salt",,Fats and Oils
usda_sr_carotenoid,4143,"Salad dressing, italian dressing, commercial, regular, without salt",,Fats and Oils
usda_sr_carotenoid,4144,"Salad dressing, italian dressing, reduced fat, without salt",,Fats and Oils
usda_sr_carotenoid,4502,"Oil, cottonseed, salad or cooking",,Fats and Oils
usda_sr_carotenoid,4506,"Oil, sunflower, linoleic, (approx. 65%)",,Fats and Oils
usda_sr_carotenoid,4510,"Oil, safflower, salad or cooking, linoleic, (over 70%)",,Fats and Oils
usda_sr_carotenoid,4511,"Oil, safflower, salad or cooking, high oleic (primary safflower oil of commerce)",,Fats and Oils
usda_sr_carotenoid,4517,"Oil, grapeseed",,Fats and Oils
usda_sr_carotenoid,4518,"Oil, corn, industrial and retail, all purpose salad or cooking",,Fats and Oils
usda_sr_carotenoid,4528,"Oil, walnut",,Fats and Oils
usda_sr_carotenoid,4529,"Oil, almond",,Fats and Oils
usda_sr_carotenoid,4530,"Oil, apricot kernel",,Fats and Oils
usda_sr_carotenoid,4686,"Salad dressing, honey mustard dressing, reduced calorie",,Fats and Oils
usda_sr_carotenoid,4694,"Margarine-like, vegetable oil spread, 60% fat, tub, with salt, with added vitamin D",,Fats and Oils
usda_sr_carotenoid,4695,"Margarine-like vegetable-oil spread, stick/tub/bottle, 60% fat, with added vitamin D",,Fats and Oils
usda_sr_carotenoid,4696,"Margarine, regular, 80% fat, composite, stick, without salt, with added vitamin D",,Fats and Oils
usda_sr_carotenoid,4697,"Margarine-like, vegetable oil spread, 60% fat, stick/tub/bottle, without salt, with added vitamin D",,Fats and Oils
usda_sr_carotenoid,4698,"Oil, industrial, canola, high oleic",,Fats and Oils
usda_sr_carotenoid,4703,"Salad dressing, honey mustard, regular",,Fats and Oils
usda_sr_carotenoid,4704,"Salad dressing, poppyseed, creamy",,Fats and Oils
usda_sr_carotenoid,4705,"Salad dressing, caesar, fat-free",,Fats and Oils
usda_sr_carotenoid,4706,"Dressing, honey mustard, fat-free",,Fats and Oils
usda_sr_carotenoid,5004,"Chicken, broilers or fryers, meat and skin and giblets and neck, roasted",,Poultry Products
usda_sr_carotenoid,5010,"Chicken, broilers or fryers, meat and skin, cooked, stewed",,Poultry Products
usda_sr_carotenoid,5011,"Chicken, broilers or fryers, meat only, raw",,Poultry Products
usda_sr_carotenoid,5012,"Chicken, broilers or fryers, meat only, cooked, fried",,Poultry Products
usda_sr_carotenoid,5013,"Chicken, broilers or fryers, meat only, cooked, roasted",,Poultry Products
usda_sr_carotenoid,5018,"Chicken, broilers or fryers, skin only, cooked, roasted",,Poultry Products
usda_sr_carotenoid,5027,"Chicken, liver, all classes, raw",,Poultry Products
usda_sr_carotenoid,5028,"Chicken, liver, all classes, cooked, simmered",,Poultry Products
usda_sr_carotenoid,5029,"Chicken, broilers or fryers, light meat, meat and skin, raw",,Poultry Products
usda_sr_carotenoid,5036,"Chicken, broilers or fryers, dark meat, meat and skin, cooked, fried, flour",,Poultry Products
usda_sr_carotenoid,5043,"Chicken, broilers or fryers, dark meat, meat only, raw",,Poultry Products
usda_sr_carotenoid,5045,"Chicken, broilers or fryers, dark meat, meat only, cooked, roasted",,Poultry Products
usda_sr_carotenoid,5046,"Chicken, broilers or fryers, dark meat, meat only, cooked, stewed",,Poultry Products
usda_sr_carotenoid,5051,"Chicken, broilers or fryers, back, meat and skin, cooked, roasted",,Poultry Products
usda_sr_carotenoid,5052,"Chicken, broilers or fryers, back, meat and skin, cooked, stewed",,Poultry Products
usda_sr_carotenoid,5053,"Chicken, broilers or fryers, back, meat only, raw",,Poultry Products
usda_sr_carotenoid,5060,"Chicken, broilers or fryers, breast, meat and skin, cooked, roasted",,Poultry Products
usda_sr_carotenoid,5061,"Chicken, broilers or fryers, breast, meat and skin, cooked, stewed",,Poultry Products
usda_sr_carotenoid,5062,"Chicken, broiler or fryers, breast, skinless, boneless, meat only, raw",,Poultry Products
usda_sr_carotenoid,5063,"Chicken, broilers or fryers, breast, meat only, cooked, fried",,Poultry Products
usda_sr_carotenoid,5165,"Turkey, whole, meat and skin, raw",,Poultry Products
usda_sr_carotenoid,5170,"Turkey, whole, skin (light and dark), roasted",,Poultry Products
usda_sr_carotenoid,5171,"Turkey, whole, giblets, raw",,Poultry Products
usda_sr_carotenoid,5172,"Turkey, whole, giblets, cooked, simmered",,Poultry Products
usda_sr_carotenoid,5173,"Turkey, gizzard, all classes, raw",,Poultry Products
usda_sr_carotenoid,5179,"Turkey, whole, neck, meat only, raw",,Poultry Products
usda_sr_carotenoid,5180,"Turkey, whole, neck, meat only, cooked, simmered",,Poultry Products
usda_sr_carotenoid,5181,"Turkey, whole, light meat, meat and skin, raw",,Poultry Products
usda_sr_carotenoid,5182,"Turkey, whole, light meat, meat and skin, cooked, roasted",,Poultry Products
usda_sr_carotenoid,5187,"Turkey, whole, dark meat, meat only, raw",,Poultry Products
usda_sr_carotenoid,5188,"Turkey, whole, dark meat, cooked, roasted",,Poultry Products
usda_sr_carotenoid,5190,"Turkey, all classes, back, meat and skin, cooked, roasted",,Poultry Products
usda_sr_carotenoid,5196,"Turkey, all classes, wing, meat and skin, cooked, roasted",,Poultry Products
usda_sr_carotenoid,5200,"Turkey, fryer-roasters, meat and skin, cooked, roasted",,Poultry Products
usda_sr_carotenoid,5215,"Turkey, whole, back, meat only, raw",,Poultry Products
usda_sr_carotenoid,5216,"Turkey, whole, back, meat only, cooked, roasted",,Poultry Products
usda_sr_carotenoid,5219,"Turkey, whole, breast, meat only, raw",,Poultry Products
usda_sr_carotenoid,5277,"Chicken, canned, meat only, with broth",,Poultry Products
usda_sr_carotenoid,5284,"Turkey, canned, meat only, with broth",,Poultry Products
usda_sr_carotenoid,5308,"Chicken, cornish game hens, meat and skin, cooked, roasted",,Poultry Products
usda_sr_carotenoid,5309,"Chicken, cornish game hens, meat only, raw",,Poultry Products
usda_sr_carotenoid,5310,"Chicken, cornish game hens, meat only, cooked, roasted",,Poultry Products
usda_sr_carotenoid,5311,"Chicken, canned, no broth",,Poultry Products
usda_sr_carotenoid,5312,"Chicken, wing, frozen, glazed, barbecue flavored",,Poultry Products
usda_sr_carotenoid,5319,"Chicken, broiler, rotisserie, BBQ, drumstick, meat only",,Poultry Products
usda_sr_carotenoid,5320,"Chicken, wing, frozen, glazed, barbecue flavored, heated (conventional oven)",,Poultry Products
usda_sr_carotenoid,5332,"Chicken, ground, raw",,Poultry Products
usda_sr_carotenoid,5333,"Chicken, ground, crumbles, cooked, pan-browned",,Poultry Products
usda_sr_carotenoid,5334,"Chicken, broiler, rotisserie, BBQ, thigh, meat only",,Poultry Products
usda_sr_carotenoid,5335,"Chicken, feet, boiled",,Poultry Products
usda_sr_carotenoid,5345,"Chicken, broilers or fryers, rotisserie, original seasoning, thigh, meat only, cooked",,Poultry Products
usda_sr_carotenoid,5346,"Chicken, broilers or fryers, rotisserie, original seasoning, wing, meat only, cooked",,Poultry Products
usda_sr_carotenoid,5347,"Chicken, broilers or fryers, rotisserie, original seasoning, back, meat and skin, cooked",,Poultry Products
usda_sr_carotenoid,5348,"Chicken, broilers or fryers, rotisserie, original seasoning, breast, meat and skin, cooked",,Poultry Products
usda_sr_carotenoid,5357,"Chicken, broiler, rotisserie, BBQ, back, meat and skin",,Poultry Products
usda_sr_carotenoid,5358,"Chicken, broiler, rotisserie, BBQ, breast, meat and skin",,Poultry Products
usda_sr_carotenoid,5359,"Chicken, broiler, rotisserie, BBQ, drumstick, meat and skin",,Poultry Products
usda_sr_carotenoid,5361,"Chicken, broiler, rotisserie, BBQ, thigh, meat and skin",,Poultry Products
usda_sr_carotenoid,5725,"Turkey, drumstick, from whole bird, meat only, with added solution, roasted",,Poultry Products
usda_sr_carotenoid,5726,"Turkey, thigh, from whole bird, meat only, with added solution, raw",,Poultry Products
usda_sr_carotenoid,5727,"Turkey, retail parts, breast, meat and skin, with added solution, raw",,Poultry Products
usda_sr_carotenoid,5728,"Turkey, thigh, from whole bird, meat only, with added solution, roasted",,Poultry Products
usda_sr_carotenoid,5734,"Turkey, retail parts, wing, meat and skin, raw",,Poultry Products
usda_sr_carotenoid,5735,"Turkey, retail parts, wing, meat and skin, cooked, roasted",,Poultry Products
usda_sr_carotenoid,5736,"Turkey, retail parts, drumstick, meat and skin, raw",,Poultry Products
usda_sr_carotenoid,5737,"Turkey, retail parts, drumstick, meat and skin, cooked, roasted",,Poultry Products
usda_sr_carotenoid,5738,"Turkey, drumstick, from whole bird, meat only, raw",,Poultry Products
usda_sr_carotenoid,5743,"Turkey, retail parts, thigh, meat and skin, cooked, roasted",,Poultry Products
usda_sr_carotenoid,5744,"Turkey, back, from whole bird, meat and skin, with added solution, raw",,Poultry Products
usda_sr_carotenoid,5745,"Turkey, back, from whole bird, meat and skin, with added solution, roasted",,Poultry Products
usda_sr_carotenoid,5746,"Chicken, broiler or fryers, breast, skinless, boneless, meat only, cooked, braised",,Poultry Products
usda_sr_carotenoid,6002,"Soup, black bean, canned, condensed",,"Soups, Sauces, and Gravies"
usda_sr_carotenoid,6004,"Soup, bean with pork, canned, condensed",,"Soups, Sauces, and Gravies"
usda_sr_carotenoid,6015,"Soup, chicken, canned, chunky, ready-to-serve",,"Soups, Sauces, and Gravies"
usda_sr_carotenoid,6016,"Soup, cream of chicken, canned, condensed",,"Soups, Sauces, and Gravies"
usda_sr_carotenoid,6017,"Soup, chicken gumbo, canned, condensed",,"Soups, Sauces, and Gravies"
usda_sr_carotenoid,6018,"Soup, chunky chicken noodle, canned, ready-to-serve",,"Soups, Sauces, and Gravies"
usda_sr_carotenoid,6025,"Soup, chicken vegetable, canned, condensed",,"Soups, Sauces, and Gravies"
usda_sr_carotenoid,6026,"Soup, chili beef, canned, condensed",,"Soups, Sauces, and Gravies"
usda_sr_carotenoid,6027,"Soup, clam chowder, manhattan style, canned, chunky, ready-to-serve",,"Soups, Sauces, and Gravies"
usda_sr_carotenoid,6028,"Soup, clam chowder, manhattan, canned, condensed",,"Soups, Sauces, and Gravies"
usda_sr_carotenoid,6040,"Soup, minestrone, canned, condensed",,"Soups, Sauces, and Gravies"
usda_sr_carotenoid,6043,"Soup, cream of mushroom, canned, condensed",,"Soups, Sauces, and Gravies"
usda_sr_carotenoid,6044,"Soup, mushroom with beef stock, canned, condensed",,"Soups, Sauces, and Gravies"
usda_sr_carotenoid,6053,"Soup, cream of potato, canned, condensed",,"Soups, Sauces, and Gravies"
usda_sr_carotenoid,6068,"Soup, vegetarian vegetable, canned, condensed",,"Soups, Sauces, and Gravies"
usda_sr_carotenoid,6070,"Soup, chunky beef, canned, ready-to-serve",,"Soups, Sauces, and Gravies"
usda_sr_carotenoid,6071,"Soup, vegetable beef, canned, condensed",,"Soups, Sauces, and Gravies"
usda_sr_carotenoid,6072,"Soup, vegetable with beef broth, canned, condensed",,"Soups, Sauces, and Gravies"
usda_sr_carotenoid,6094,"Soup, onion, dry, mix",,"Soups, Sauces, and Gravies"
usda_sr_carotenoid,6101,"Soup, cream of vegetable, dry, powder",,"Soups, Sauces, and Gravies"
usda_sr_carotenoid,6112,"Sauce, teriyaki, ready-to-serve",,"Soups, Sauces, and Gravies"
usda_sr_carotenoid,6122,"Gravy, mushroom, dry, powder",,"Soups, Sauces, and Gravies"
usda_sr_carotenoid,6124,"Gravy, pork, dry, powder",,"Soups, Sauces, and Gravies"
usda_sr_carotenoid,6559,"Soup, tomato, canned, prepared with equal volume water, commercial",,"Soups, Sauces, and Gravies"
usda_sr_carotenoid,6583,"Soup, ramen noodle, any flavor, dry",,"Soups, Sauces, and Gravies"
usda_sr_carotenoid,6584,"Soup, broccoli cheese, canned, condensed, commercial",,"Soups, Sauces, and Gravies"
usda_sr_carotenoid,6615,"Soup, SWANSON, vegetable broth",,"Soups, Sauces, and Gravies"
usda_sr_carotenoid,6622,"SMART SOUP, Indian Bean Masala",,"Soups, Sauces, and Gravies"
usda_sr_carotenoid,6623,"SMART SOUP, Moroccan Chick Pea",,"Soups, Sauces, and Gravies"
usda_sr_carotenoid,6624,"SMART SOUP, Thai Coconut Curry",,"Soups, Sauces, and Gravies"
usda_sr_carotenoid,6625,"SMART SOUP, Vietnamese Carrot Lemongrass",,"Soups, Sauces, and Gravies"
usda_sr_carotenoid,6630,"Sauce, pesto, MEZZETTA, NAPA VALLEY BISTRO, basil pesto, ready-to-serve",,"Soups, Sauces, and Gravies"
usda_sr_carotenoid,6631,"Sauce, hot chile, sriracha",,"Soups, Sauces, and Gravies"
usda_sr_carotenoid,6632,"Sauce, hot chile, sriracha, CHA! BY TEXAS PETE",,"Soups, Sauces, and Gravies"
usda_sr_carotenoid,6633,"Sauce, hot chile, sriracha, TUONG OT SRIRACHA",,"Soups, Sauces, and Gravies"
usda_sr_carotenoid,6742,"Soup, vegetable beef, microwavable, ready-to-serve, single brand",,"Soups, Sauces, and Gravies"
usda_sr_carotenoid,6749,"Soup, beef and vegetables, canned, ready-to-serve",,"Soups, Sauces, and Gravies"
usda_sr_carotenoid,6931,"Sauce, pasta, spaghetti/marinara, ready-to-serve",,"Soups, Sauces, and Gravies"
usda_sr_carotenoid,23067,"Beef, chuck, short ribs, boneless, separable lean only, trimmed to 0"" fat, select, raw",,Beef Products
usda_sr_carotenoid,23073,"Beef, chuck eye Country-Style ribs, boneless, separable lean only, trimmed to 0"" fat, select, raw",,Beef Products
usda_sr_carotenoid,23074,"Beef, chuck eye Country-Style ribs, boneless, separable lean only, trimmed to 0"" fat, all grades, raw",,Beef Products
usda_sr_carotenoid,23075,"Beef, chuck eye steak, boneless, separable lean only, trimmed to 0"" fat, choice, cooked, grilled",,Beef Products
usda_sr_carotenoid,23076,"Beef, chuck eye steak, boneless, separable lean only, trimmed to 0"" fat, select, cooked, grilled",,Beef Products
usda_sr_carotenoid,23081,"Beef, shoulder pot roast, boneless, separable lean only, trimmed to 0"" fat, choice, cooked, braised",,Beef Products
usda_sr_carotenoid,23082,"Beef, shoulder pot roast, boneless, separable lean only, trimmed to 0"" fat, select, cooked, braised",,Beef Products
usda_sr_carotenoid,23083,"Beef, shoulder pot roast, boneless, separable lean only, trimmed to 0"" fat, all grades, cooked, braised",,Beef Products
usda_sr_carotenoid,23084,"Beef, chuck, mock tender steak, boneless, separable lean only, trimmed to 0"" fat, choice, cooked, braised",,Beef Products
usda_sr_carotenoid,23089,"Beef, chuck, mock tender steak, boneless, separable lean only, trimmed to 0"" fat, all grades, raw",,Beef Products
usda_sr_carotenoid,23090,"Beef, chuck for stew, separable lean and fat, all grades, cooked, braised",,Beef Products
usda_sr_carotenoid,23091,"Beef, chuck for stew, separable lean and fat, select, cooked, braised",,Beef Products
usda_sr_carotenoid,23092,"Beef, chuck for stew, separable lean and fat, choice, cooked, braised",,Beef Products
usda_sr_carotenoid,23093,"Beef, chuck for stew, separable lean and fat, all grades, raw",,Beef Products
usda_sr_carotenoid,23098,"Beef, chuck, under blade steak, boneless, separable lean only, trimmed to 0"" fat, all grades, cooked, braised",,Beef Products
usda_sr_carotenoid,23099,"Beef, chuck, under blade pot roast, boneless, separable lean and fat, trimmed to 0"" fat, all grades, cooked, braised",,Beef Products
usda_sr_carotenoid,23100,"Beef, rib eye steak, boneless, lip-on, separable lean only, trimmed to 1/8"" fat, all grades, cooked, grilled",,Beef Products
usda_sr_carotenoid,23101,"Beef, rib eye roast, bone-in, lip-on, separable lean only, trimmed to 1/8"" fat, choice, cooked, roasted",,Beef Products
usda_sr_carotenoid,23106,"Beef, chuck, under blade center steak, boneless, Denver Cut, separable lean and fat, trimmed to 0"" fat, choice, cooked, grilled",,Beef Products
usda_sr_carotenoid,23107,"Beef, chuck, under blade center steak, boneless, Denver Cut, separable lean and fat, trimmed to 0"" fat, select, cooked, grilled",,Beef Products
usda_sr_carotenoid,23108,"Beef, chuck, under blade center steak, boneless, Denver Cut, separable lean and fat, trimmed to 0"" fat, all grades, raw",,Beef Products
usda_sr_carotenoid,23109,"Beef, chuck, under blade center steak, boneless, Denver Cut, separable lean and fat, trimmed to 0"" fat, choice, raw",,Beef Products
usda_sr_carotenoid,23114,"Beef, chuck eye roast, boneless, America's Beef Roast, separable lean and fat, trimmed to 0"" fat, choice, cooked, roasted",,Beef Products
usda_sr_carotenoid,23115,"Beef, chuck eye roast, boneless, America's Beef Roast, separable lean and fat, trimmed to 0"" fat, select, cooked, roasted",,Beef Products
usda_sr_carotenoid,23116,"Beef, chuck, under blade steak, boneless, separable lean and fat, trimmed to 0"" fat, all grades, cooked, braised",,Beef Products
usda_sr_carotenoid,23117,"Beef, chuck, under blade steak, boneless, separable lean and fat, trimmed to 0"" fat, choice, cooked, braised",,Beef Products
usda_sr_carotenoid,23118,"Beef, chuck, under blade steak, boneless, separable lean and fat, trimmed to 0"" fat, select, cooked, braised",,Beef Products
usda_sr_carotenoid,23123,"Beef, chuck, mock tender steak, boneless, separable lean and fat, trimmed to 0"" fat, choice, raw",,Beef Products
usda_sr_carotenoid,23124,"Beef, chuck, mock tender steak, boneless, separable lean and fat, trimmed to 0"" fat, select, raw",,Beef Products
usda_sr_carotenoid,23125,"Beef, chuck, short ribs, boneless, separable lean and fat, trimmed to 0"" fat, all grades, cooked, braised",,Beef Products
usda_sr_carotenoid,23126,"Beef, chuck, short ribs, boneless, separable lean and fat, trimmed to 0"" fat, choice, cooked, braised",,Beef Products
usda_sr_carotenoid,23131,"Beef, shoulder pot roast, boneless, separable lean and fat, trimmed to 0"" fat, all grades, cooked, braised",,Beef Products
usda_sr_carotenoid,23132,"Beef, shoulder pot roast, boneless, separable lean and fat, trimmed to 0"" fat, choice, cooked, braised",,Beef Products
usda_sr_carotenoid,23133,"Beef, shoulder pot roast, boneless, separable lean and fat, trimmed to 0"" fat, select, cooked, braised",,Beef Products
usda_sr_carotenoid,23134,"Beef, chuck eye Country-Style ribs, boneless, separable lean and fat, trimmed to 0"" fat, all grades, cooked, braised",,Beef Products
usda_sr_carotenoid,23140,"Beef, chuck eye steak, boneless, separable lean and fat, trimmed to 0"" fat, all grades, cooked, grilled",,Beef Products
usda_sr_carotenoid,23141,"Beef, chuck eye steak, boneless, separable lean and fat, trimmed to 0"" fat, choice, cooked, grilled",,Beef Products
usda_sr_carotenoid,23142,"Beef, chuck eye steak, boneless, separable lean and fat, trimmed to 0"" fat, select, cooked, grilled",,Beef Products
usda_sr_carotenoid,23143,"Beef, chuck eye steak, boneless, separable lean and fat, trimmed to 0"" fat, all grades, raw",,Beef Products
usda_sr_carotenoid,23148,"Beef, rib eye steak, boneless, lip-on, separable lean only, trimmed to 1/8"" fat, choice, cooked, grilled",,Beef Products
usda_sr_carotenoid,23149,"Beef, rib eye steak, boneless, lip-on, separable lean only, trimmed to 1/8"" fat, select, cooked, grilled",,Beef Products
usda_sr_carotenoid,23150,"Beef, rib eye steak/roast, bone-in, lip-on, separable lean only, trimmed to 1/8"" fat, all grades, raw",,Beef Products
usda_sr_carotenoid,23151,"Beef, rib eye steak/roast, bone-in, lip-on, separable lean only, trimmed to 1/8"" fat, choice, raw",,Beef Products
usda_sr_carotenoid,23156,"Beef, rib eye steak, bone-in, lip-on, separable lean only, trimmed to 1/8"" fat, all grades, cooked, grilled",,Beef Products
usda_sr_carotenoid,23157,"Beef, rib eye steak, bone-in, lip-on, separable lean only, trimmed to 1/8"" fat, choice, cooked, grilled",,Beef Products
usda_sr_carotenoid,23158,"Beef, rib eye steak, bone-in, lip-on, separable lean only, trimmed to 1/8"" fat, select, cooked, grilled",,Beef Products
usda_sr_carotenoid,23159,"Beef, rib eye roast, boneless, lip-on, separable lean only, trimmed to 1/8"" fat, all grades, cooked, roasted",,Beef Products
usda_sr_carotenoid,1022,"Cheese, gouda",,Dairy and Egg Products
usda_sr_carotenoid,1023,"Cheese, gruyere",,Dairy and Egg Products
usda_sr_carotenoid,1024,"Cheese, limburger",,Dairy and Egg Products
usda_sr_carotenoid,1029,"Cheese, mozzarella, low moisture, part-skim",,Dairy and Egg Products
usda_sr_carotenoid,1030,"Cheese, muenster",,Dairy and Egg Products
usda_sr_carotenoid,1031,"Cheese, neufchatel",,Dairy and Egg Products
usda_sr_carotenoid,1032,"Cheese, parmesan, grated",,Dairy and Egg Products
usda_sr_carotenoid,1037,"Cheese, ricotta, part skim milk",,Dairy and Egg Products
usda_sr_carotenoid,1038,"Cheese, romano",,Dairy and Egg Products
usda_sr_carotenoid,1040,"Cheese, swiss",,Dairy and Egg Products
usda_sr_carotenoid,1046,"Cheese food, pasteurized process, American, vitamin D fortified",,Dairy and Egg Products
usda_sr_carotenoid,1048,"Cheese spread, pasteurized process, American",,Dairy and Egg Products
usda_sr_carotenoid,1049,"Cream, fluid, half and half",,Dairy and Egg Products
usda_sr_carotenoid,1055,"Cream, sour, reduced fat, cultured",,Dairy and Egg Products
usda_sr_carotenoid,1056,"Cream, sour, cultured",,Dairy and Egg Products
usda_sr_carotenoid,1057,Eggnog,,Dairy and Egg Products
usda_sr_carotenoid,1058,"Sour dressing, non-butterfat, cultured, filled cream-type",,Dairy and Egg Products
usda_sr_carotenoid,1065,"Yogurt, Greek, 2%fat, coconut blend, CHOBANI",,Dairy and Egg Products
usda_sr_carotenoid,1067,"Cream substitute, liquid, with hydrogenated vegetable oil and soy protein",,Dairy and Egg Products
usda_sr_carotenoid,1069,"Cream substitute, powdered",,Dairy and Egg Products
usda_sr_carotenoid,1077,"Milk, whole, 3.25% milkfat, with added vitamin D",,Dairy and Egg Products
usda_sr_carotenoid,1079,"Milk, reduced fat, fluid, 2% milkfat, with added vitamin A and vitamin D",,Dairy and Egg Products
usda_sr_carotenoid,1085,"Milk, nonfat, fluid, with added vitamin A and vitamin D (fat free or skim)",,Dairy and Egg Products
usda_sr_carotenoid,1086,"Milk, nonfat, fluid, with added nonfat milk solids, vitamin A and vitamin D (fat free or skim)",,Dairy and Egg Products
usda_sr_carotenoid,1092,"Milk, dry, nonfat, instant, with added vitamin A and vitamin D",,Dairy and Egg Products
usda_sr_carotenoid,1094,"Milk, buttermilk, dried",,Dairy and Egg Products
usda_sr_carotenoid,1095,"Milk, canned, condensed, sweetened",,Dairy and Egg Products
usda_sr_carotenoid,1096,"Milk, canned, evaporated, with added vitamin D and without added vitamin A",,Dairy and Egg Products
usda_sr_carotenoid,1105,"Milk, chocolate beverage, hot cocoa, homemade",,Dairy and Egg Products
usda_sr_carotenoid,1106,"Milk, goat, fluid, with added vitamin D",,Dairy and Egg Products
usda_sr_carotenoid,1107,"Milk, human, mature, fluid",,Dairy and Egg Products
usda_sr_carotenoid,1113,"Whey, acid, dried",,Dairy and Egg Products
usda_sr_carotenoid,1114,"Whey, sweet, fluid",,Dairy and Egg Products
usda_sr_carotenoid,1115,"Whey, sweet, dried",,Dairy and Egg Products
usda_sr_carotenoid,1116,"Yogurt, plain, whole milk",,Dairy and Egg Products
usda_sr_carotenoid,1121,"Yogurt, fruit, low fat, 10 grams protein per 8 ounce",,Dairy and Egg Products
usda_sr_carotenoid,1123,"Egg, whole, raw, fresh",,Dairy and Egg Products
usda_sr_carotenoid,1251,"Cheese, Mexican blend",,Dairy and Egg Products
usda_sr_carotenoid,1252,"Cheese product, pasteurized process, American, vitamin D fortified",,Dairy and Egg Products
usda_sr_carotenoid,1253,"Cheese, pasteurized process, American, without added vitamin D",,Dairy and Egg Products
usda_sr_carotenoid,1254,"Cheese food, pasteurized process, American, without added vitamin D",,Dairy and Egg Products
usda_sr_carotenoid,1260,"Cheese, cheddar, reduced fat (Includes foods for USDA's Food Distribution Program)",,Dairy and Egg Products
usda_sr_carotenoid,1263,"Ice cream, light, soft serve, chocolate",,Dairy and Egg Products
usda_sr_carotenoid,1264,"Ice cream bar, stick or nugget, with crunch coating",,Dairy and Egg Products
usda_sr_carotenoid,1265,"Cheese, cheddar, nonfat or fat free",,Dairy and Egg Products
usda_sr_carotenoid,1276,"Yogurt, Greek, strawberry, DANNON OIKOS",,Dairy and Egg Products
usda_sr_carotenoid,1284,"Yogurt, Greek, strawberry, lowfat",,Dairy and Egg Products
usda_sr_carotenoid,1290,"Kefir, lowfat, strawberry, LIFEWAY",,Dairy and Egg Products
usda_sr_carotenoid,1291,"Milk, evaporated, 2% fat, with added vitamin A and vitamin D",,Dairy and Egg Products
usda_sr_carotenoid,1292,"Milk, chocolate, fat free, with added vitamin A and vitamin D",,Dairy and Egg Products
usda_sr_carotenoid,1293,"Yogurt, Greek, plain, whole milk",,Dairy and Egg Products
usda_sr_carotenoid,1300,"Ice cream bar, covered with chocolate and nuts",,Dairy and Egg Products
usda_sr_carotenoid,1301,Ice cream sundae cone,,Dairy and Egg Products
usda_sr_carotenoid,1302,"Light ice cream, Creamsicle",,Dairy and Egg Products
usda_sr_carotenoid,1303,"Cream, half and half, lowfat",,Dairy and Egg Products
usda_sr_carotenoid,1308,"Yogurt, Greek, whole, plain, CHOBANI",,Dairy and Egg Products
usda_sr_carotenoid,1312,"Yogurt, Greek, nonfat, lemon blend, CHOBANI",,Dairy and Egg Products
usda_sr_carotenoid,1313,"Yogurt, Greek, nonfat, peach, CHOBANI",,Dairy and Egg Products
usda_sr_carotenoid,1314,"Yogurt, Greek, nonfat, plain, CHOBANI",,Dairy and Egg Products
usda_sr_carotenoid,1316,"Yogurt, Greek, nonfat, raspberry, CHOBANI",,Dairy and Egg Products
usda_sr_carotenoid,2003,"Spices, basil, dried",,Spices and Herbs
usda_sr_carotenoid,2009,"Spices, chili powder",,Spices and Herbs
usda_sr_carotenoid,2010,"Spices, cinnamon, ground",,Spices and Herbs
usda_sr_carotenoid,2011,"Spices, cloves, ground",,Spices and Herbs
usda_sr_carotenoid,2020,"Spices, garlic powder",,Spices and Herbs
usda_sr_carotenoid,2025,"Spices, nutmeg, ground",,Spices and Herbs
usda_sr_carotenoid,2026,"Spices, onion powder",,Spices and Herbs
usda_sr_carotenoid,2027,"Spices, oregano, dried",,Spices and Herbs
usda_sr_carotenoid,2028,"Spices, paprika",,Spices and Herbs
usda_sr_carotenoid,2033,"Spices, poppy seed",,Spices and Herbs
usda_sr_carotenoid,2034,"Spices, poultry seasoning",,Spices and Herbs
usda_sr_carotenoid,2035,"Spices, pumpkin pie spice",,Spices and Herbs
usda_sr_carotenoid,3120,"Babyfood, vegetables, corn, creamed, junior",,Baby Foods
usda_sr_carotenoid,3129,"Babyfood, fruit, bananas with tapioca, strained",,Baby Foods
usda_sr_carotenoid,3130,"Babyfood, fruit, peaches, strained",,Baby Foods
usda_sr_carotenoid,3131,"Babyfood, fruit, peaches, junior",,Baby Foods
usda_sr_carotenoid,3132,"Babyfood, fruit, pears, strained",,Baby Foods
usda_sr_carotenoid,3137,"Babyfood, fruit, prunes with tapioca, without ascorbic acid, junior",,Baby Foods
usda_sr_carotenoid,3139,"Babyfood, prunes, without vitamin c, strained",,Baby Foods
usda_sr_carotenoid,3140,"Babyfood, fruit dessert, mango with tapioca",,Baby Foods
usda_sr_carotenoid,3141,"Babyfood, pears, dices, toddler",,Baby Foods
usda_sr_carotenoid,3152,"Babyfood, fruit, apple and raspberry, strained",,Baby Foods
usda_sr_carotenoid,3153,"Babyfood, fruit, apple and raspberry, junior",,Baby Foods
usda_sr_carotenoid,3159,"Babyfood, fruit, pears and pineapple, junior",,Baby Foods
usda_sr_carotenoid,3161,"Babyfood, peaches, dices, toddler",,Baby Foods
usda_sr_carotenoid,3167,"Babyfood, apple-banana juice",,Baby Foods
usda_sr_carotenoid,3168,"Babyfood, juice, apple and peach",,Baby Foods
usda_sr_carotenoid,3171,"Babyfood, juice, apple and prune",,Baby Foods
usda_sr_carotenoid,3172,"Babyfood, juice, orange",,Baby Foods
usda_sr_carotenoid,3179,"Babyfood, juice, mixed fruit",,Baby Foods
usda_sr_carotenoid,3181,"Babyfood, cereal, barley, dry fortified",,Baby Foods
usda_sr_carotenoid,3184,"Babyfood, cereal, whole wheat, with apples, dry fortified",,Baby Foods
usda_sr_carotenoid,3189,"Babyfood, cereal, oatmeal, dry fortified",,Baby Foods
usda_sr_carotenoid,3190,"Babyfood, cereal, oatmeal, with bananas, dry",,Baby Foods
usda_sr_carotenoid,3191,"Babyfood, cereal, oatmeal, with applesauce and bananas, strained",,Baby Foods
usda_sr_carotenoid,3192,"Babyfood, cereal, oatmeal, with applesauce and bananas, junior, fortified",,Baby Foods
usda_sr_carotenoid,3205,"Babyfood, oatmeal cereal with fruit, dry, instant, toddler fortified",,Baby Foods
usda_sr_carotenoid,3206,"Babyfood, cookie, baby, fruit",,Baby Foods
usda_sr_carotenoid,3214,"Babyfood, cookies, arrowroot",,Baby Foods
usda_sr_carotenoid,3215,"Babyfood, pretzels",,Baby Foods
usda_sr_carotenoid,3216,"Babyfood, GERBER, GRADUATES Lil Biscuits Vanilla Wheat",,Baby Foods
usda_sr_carotenoid,3217,Zwieback,,Baby Foods
usda_sr_carotenoid,3225,"Babyfood, dessert, cherry vanilla pudding, junior",,Baby Foods
usda_sr_carotenoid,3227,"Babyfood, dessert, peach cobbler, strained",,Baby Foods
usda_sr_carotenoid,3228,"Babyfood, dessert, peach cobbler, junior",,Baby Foods
usda_sr_carotenoid,3236,"Babyfood, dessert, fruit dessert, without ascorbic acid, junior",,Baby Foods
usda_sr_carotenoid,3245,"Babyfood, dessert, custard pudding, vanilla, strained",,Baby Foods
usda_sr_carotenoid,3246,"Babyfood, dessert, custard pudding, vanilla, junior",,Baby Foods
usda_sr_carotenoid,3265,"Babyfood, juice, apple and grape",,Baby Foods
usda_sr_carotenoid,3952,"Infant formula, ABBOTT NUTRITION, SIMILAC, ISOMIL, ADVANCE with iron, liquid concentrate",,Baby Foods
usda_sr_carotenoid,3953,"Infant formula, ABBOTT NUTRITION, SIMILAC, ISOMIL, ADVANCE with iron, ready-to-feed",,Baby Foods
usda_sr_carotenoid,3954,"Infant formula, ABBOTT NUTRITION, SIMILAC, ISOMIL, ADVANCE with iron, powder, not reconstituted",,Baby Foods
usda_sr_carotenoid,3960,"Infant formula, NESTLE, GOOD START SUPREME, with iron, DHA and ARA, ready-to-feed",,Baby Foods
usda_sr_carotenoid,3961,"Infant formula, NESTLE, GOOD START SUPREME, with iron, DHA and ARA, prepared from liquid concentrate",,Baby Foods
usda_sr_carotenoid,3963,"Infant Formula, MEAD JOHNSON, ENFAMIL GENTLEASE, with iron, prepared from powder",,Baby Foods
usda_sr_carotenoid,3964,"Babyfood, fortified cereal bar, fruit filling",,Baby Foods
usda_sr_carotenoid,3980,"Infant Formula, MEAD JOHNSON, ENFAMIL, GENTLEASE, with ARA and DHA powder not reconstituted",,Baby Foods
usda_sr_carotenoid,3982,"Infant formula, MEAD JOHNSON, ENFAMIL, Enfagrow, Soy, Toddler ready-to-feed",,Baby Foods
usda_sr_carotenoid,3983,"Infant formula, MEAD JOHNSON, ENFAMIL, NUTRAMIGEN AA, ready-to-feed",,Baby Foods
usda_sr_carotenoid,3984,"Infant formula, MEAD JOHNSON, ENFAMIL, Premature, with iron, 20 calories, ready-to-feed",,Baby Foods
usda_sr_carotenoid,3985,"Infant formula, MEAD JOHNSON, ENFAMIL, Premature, with iron, 24 calories, ready-to-feed",,Baby Foods
usda_sr_carotenoid,3990,"Infant formula, GERBER, GOOD START 2, PROTECT PLUS, ready-to-feed",,Baby Foods
usda_sr_carotenoid,3991,"Infant formula, ABBOTT NUTRITION, SIMILAC, GO AND GROW, ready-to-feed, with ARA and DHA",,Baby Foods
usda_sr_carotenoid,3992,"Infant formula, ABBOTT NUTRITION, SIMILAC, Expert Care, Diarrhea, ready- to- feed with ARA and DHA",,Baby Foods
usda_sr_carotenoid,3993,"Infant formula, ABBOTT NUTRITION, SIMILAC, For Spit Up, ready-to-feed, with ARA and DHA",,Baby Foods
usda_sr_carotenoid,3998,"Babyfood, Snack, GERBER, GRADUATES, LIL CRUNCHIES, baked whole grain corn snack",,Baby Foods
usda_sr_carotenoid,3999,"Infant formula, ABBOTT NUTRITION, SIMILAC, For Spit Up, powder, with ARA and DHA",,Baby Foods
usda_sr_carotenoid,4001,"Fat, beef tallow",,Fats and Oils
usda_sr_carotenoid,4002,Lard,,Fats and Oils
usda_sr_carotenoid,4017,"Salad dressing, thousand island, commercial, regular",,Fats and Oils
usda_sr_carotenoid,4018,"Salad dressing, mayonnaise type, regular, with salt",,Fats and Oils
usda_sr_carotenoid,4020,"Salad dressing, french dressing, reduced fat",,Fats and Oils
usda_sr_carotenoid,4021,"Salad dressing, italian dressing, commercial, reduced fat",,Fats and Oils
usda_sr_carotenoid,4027,"Salad dressing, mayonnaise, imitation, soybean",,Fats and Oils
usda_sr_carotenoid,4029,"Salad dressing, mayonnaise, imitation, soybean without cholesterol",,Fats and Oils
usda_sr_carotenoid,4030,"Sandwich spread, with chopped pickle, regular, unspecified oils",,Fats and Oils
usda_sr_carotenoid,4042,"Oil, peanut, salad or cooking",,Fats and Oils
usda_sr_carotenoid,4044,"Oil, soybean, salad or cooking",,Fats and Oils
usda_sr_carotenoid,4047,"Oil, coconut",,Fats and Oils
usda_sr_carotenoid,4053,"Oil, olive, salad or cooking",,Fats and Oils
usda_sr_carotenoid,4120,"Salad dressing, french dressing, commercial, regular",,Fats and Oils
usda_sr_carotenoid,4128,"Margarine,spread, 35-39% fat, tub",,Fats and Oils
usda_sr_carotenoid,4135,"Salad dressing, home recipe, vinegar and oil",,Fats and Oils
usda_sr_carotenoid,4367,"Salad dressing, french dressing, fat-free",,Fats and Oils
usda_sr_carotenoid,4501,"Oil, cocoa butter",,Fats and Oils
usda_sr_carotenoid,4513,"Vegetable oil, palm kernel",,Fats and Oils
usda_sr_carotenoid,4514,"Oil, poppyseed",,Fats and Oils
usda_sr_carotenoid,4515,"Oil, tomatoseed",,Fats and Oils
usda_sr_carotenoid,4516,"Oil, teaseed",,Fats and Oils
usda_sr_carotenoid,4531,"Oil, soybean lecithin",,Fats and Oils
usda_sr_carotenoid,4532,"Oil, hazelnut",,Fats and Oils
usda_sr_carotenoid,4534,"Oil, babassu",,Fats and Oils
usda_sr_carotenoid,4536,"Oil, sheanut",,Fats and Oils
usda_sr_carotenoid,4679,"Oil, PAM cooking spray, original",,Fats and Oils
usda_sr_carotenoid,4690,"Margarine-like, vegetable oil spread, approximately 37% fat, unspecified oils, with salt, with added vitamin D",,Fats and Oils
usda_sr_carotenoid,4691,"Margarine, regular, 80% fat, composite, stick, with salt, with added vitamin D",,Fats and Oils
usda_sr_carotenoid,4692,"Margarine, regular, 80% fat, composite, tub, with salt, with added vitamin D",,Fats and Oils
usda_sr_carotenoid,4693,"Margarine-like, vegetable oil spread, 60% fat, stick, with salt, with added vitamin D",,Fats and Oils
usda_sr_carotenoid,4699,"Oil, industrial, soy, low linolenic",,Fats and Oils
usda_sr_carotenoid,4700,"Oil, industrial, soy, ultra low linolenic",,Fats and Oils
usda_sr_carotenoid,4701,"Oil, industrial, soy, fully hydrogenated",,Fats and Oils
usda_sr_carotenoid,4702,"Oil, industrial, cottonseed, fully hydrogenated",,Fats and Oils
usda_sr_carotenoid,4708,"Mayonnaise, reduced fat, with olive oil",,Fats and Oils
usda_sr_carotenoid,4709,"Salad dressing, mayonnaise-type, light",,Fats and Oils
usda_sr_carotenoid,5000,"Chicken, broiler, rotisserie, BBQ, breast, meat only",,Poultry Products
usda_sr_carotenoid,5006,"Chicken, broilers or fryers, meat and skin, raw",,Poultry Products
usda_sr_carotenoid,5007,"Chicken, broilers or fryers, meat and skin, cooked, fried, batter",,Poultry Products
usda_sr_carotenoid,5008,"Chicken, broilers or fryers, meat and skin, cooked, fried, flour",,Poultry Products
usda_sr_carotenoid,5009,"Chicken, broilers or fryers, meat and skin, cooked, roasted",,Poultry Products
usda_sr_carotenoid,5014,"Chicken, broilers or fryers, meat only, cooked, stewed",,Poultry Products
usda_sr_carotenoid,5015,"Chicken, broilers or fryers, skin only, raw",,Poultry Products
usda_sr_carotenoid,5022,"Chicken, broilers or fryers, giblets, cooked, simmered",,Poultry Products
usda_sr_carotenoid,5023,"Chicken, gizzard, all classes, raw",,Poultry Products
usda_sr_carotenoid,5024,"Chicken, gizzard, all classes, cooked, simmered",,Poultry Products
usda_sr_carotenoid,5031,"Chicken, broilers or fryers, light meat, meat and skin, cooked, fried, flour",,Poultry Products
usda_sr_carotenoid,5034,"Chicken, broilers or fryers, dark meat, meat and skin, raw",,Poultry Products
usda_sr_carotenoid,5039,"Chicken, broilers or fryers, light meat, meat only, raw",,Poultry Products
usda_sr_carotenoid,5041,"Chicken, broilers or fryers, light meat, meat only, cooked, roasted",,Poultry Products
usda_sr_carotenoid,5042,"Chicken, broilers or fryers, light meat, meat only, cooked, stewed",,Poultry Products
usda_sr_carotenoid,5047,"Chicken, broilers or fryers, separable fat, raw",,Poultry Products
usda_sr_carotenoid,5048,"Chicken, broilers or fryers, back, meat and skin, raw",,Poultry Products
usda_sr_carotenoid,5055,"Chicken, broilers or fryers, back, meat only, cooked, roasted",,Poultry Products
usda_sr_carotenoid,5056,"Chicken, broilers or fryers, back, meat only, cooked, stewed",,Poultry Products
usda_sr_carotenoid,5057,"Chicken, broilers or fryers, breast, meat and skin, raw",,Poultry Products
usda_sr_carotenoid,5058,"Chicken, broilers or fryers, breast, meat and skin, cooked, fried, batter",,Poultry Products
usda_sr_carotenoid,5064,"Chicken, broilers or fryers, breast, meat only, cooked, roasted",,Poultry Products
usda_sr_carotenoid,5065,"Chicken, broilers or fryers, breast, meat only, cooked, stewed",,Poultry Products
usda_sr_carotenoid,5166,"Turkey, whole, meat and skin, cooked, roasted",,Poultry Products
usda_sr_carotenoid,5167,"Turkey, whole, meat only, raw",,Poultry Products
usda_sr_carotenoid,5168,"Turkey, whole, meat only, cooked, roasted",,Poultry Products
usda_sr_carotenoid,5169,"Turkey, whole, skin (light and dark), raw",,Poultry Products
usda_sr_carotenoid,5174,"Turkey, all classes, gizzard, cooked, simmered",,Poultry Products
usda_sr_carotenoid,5175,"Turkey, all classes, heart, raw",,Poultry Products
usda_sr_carotenoid,5176,"Turkey, all classes, heart, cooked, simmered",,Poultry Products
usda_sr_carotenoid,5177,"Turkey, all classes, liver, raw",,Poultry Products
usda_sr_carotenoid,5178,"Turkey, all classes, liver, cooked, simmered",,Poultry Products
usda_sr_carotenoid,5183,"Turkey, dark meat, meat and skin, raw",,Poultry Products
usda_sr_carotenoid,5184,"Turkey, whole, dark meat, meat and skin, cooked, roasted",,Poultry Products
usda_sr_carotenoid,5185,"Turkey, whole, light meat, raw",,Poultry Products
usda_sr_carotenoid,5186,"Turkey, all classes, light meat, cooked, roasted",,Poultry Products
usda_sr_carotenoid,5194,"Turkey, all classes, leg, meat and skin, cooked, roasted",,Poultry Products
usda_sr_carotenoid,5220,"Turkey, whole, breast, meat only, cooked, roasted",,Poultry Products
usda_sr_carotenoid,5227,"Turkey, whole, wing, meat only, raw",,Poultry Products
usda_sr_carotenoid,5228,"Turkey, whole, wing, meat only, cooked, roasted",,Poultry Products
usda_sr_carotenoid,5305,"Turkey, Ground, raw",,Poultry Products
usda_sr_carotenoid,5306,"Turkey, Ground, cooked",,Poultry Products
usda_sr_carotenoid,5307,"Chicken, cornish game hens, meat and skin, raw",,Poultry Products
usda_sr_carotenoid,5313,"Chicken, wing, frozen, glazed, barbecue flavored, heated (microwave)",,Poultry Products
usda_sr_carotenoid,5314,"Chicken, broilers or fryers, breast, skinless, boneless, meat only, with added solution, raw",,Poultry Products
usda_sr_carotenoid,5323,"Chicken patty, frozen, uncooked",,Poultry Products
usda_sr_carotenoid,5324,"Chicken patty, frozen, cooked",,Poultry Products
usda_sr_carotenoid,5326,"Chicken breast tenders, breaded, cooked, microwaved",,Poultry Products
usda_sr_carotenoid,5327,"Chicken breast tenders, breaded, uncooked",,Poultry Products
usda_sr_carotenoid,5339,"Chicken, broiler, rotisserie, BBQ, wing, meat only",,Poultry Products
usda_sr_carotenoid,5341,"Chicken, broilers or fryers, rotisserie, original seasoning, back, meat only, cooked",,Poultry Products
usda_sr_carotenoid,5342,"Chicken, broilers or fryers, rotisserie, original seasoning, breast, meat only, cooked",,Poultry Products
usda_sr_carotenoid,5343,"Chicken, broilers or fryers, drumstick, rotisserie, original seasoning, meat only, cooked",,Poultry Products
usda_sr_carotenoid,5344,"Chicken, broilers or fryers, rotisserie, original seasoning, skin only, cooked",,Poultry Products
usda_sr_carotenoid,5349,"Chicken, broilers or fryers,  rotisserie, original seasoning, drumstick, meat and skin, cooked",,Poultry Products
usda_sr_carotenoid,5351,"Chicken, broilers or fryers, rotisserie, original seasoning, thigh, meat and skin, cooked",,Poultry Products
usda_sr_carotenoid,5352,"Chicken, broilers or fryers, rotisserie, original seasoning, wing, meat and skin, cooked",,Poultry Products
usda_sr_carotenoid,5356,"Chicken, broiler, rotisserie, BBQ, skin",,Poultry Products
usda_sr_carotenoid,5724,"Turkey, drumstick, from whole bird, meat only, with added solution, raw",,Poultry Products
usda_sr_carotenoid,5729,"Turkey, wing, from whole bird, meat only, with added solution, raw",,Poultry Products
usda_sr_carotenoid,5730,"Turkey, wing, from whole bird, meat only, with added solution, roasted",,Poultry Products
usda_sr_carotenoid,5732,"Turkey, retail parts, breast, meat and skin, raw",,Poultry Products
usda_sr_carotenoid,5733,"Turkey, retail parts, breast, meat and skin, cooked, roasted",,Poultry Products
usda_sr_carotenoid,5739,"Turkey, drumstick, from whole bird, meat only, roasted",,Poultry Products
usda_sr_carotenoid,5740,"Turkey, thigh, from whole bird, meat only, raw",,Poultry Products
usda_sr_carotenoid,5741,"Turkey, thigh, from whole bird, meat only, roasted",,Poultry Products
usda_sr_carotenoid,5742,"Turkey, retail parts, thigh, meat and skin, raw",,Poultry Products
usda_sr_carotenoid,5747,"Chicken, broiler or fryers, breast, skinless, boneless, meat only, cooked, grilled",,Poultry Products
usda_sr_carotenoid,5748,"Chicken, broiler or fryers, breast, skinless, boneless, meat only, with added solution, cooked, braised",,Poultry Products
usda_sr_carotenoid,5749,"Chicken, broiler or fryers, breast, skinless, boneless, meat only, with added solution, cooked, grilled",,Poultry Products
usda_sr_carotenoid,6001,"Soup, cream of asparagus, canned, condensed",,"Soups, Sauces, and Gravies"
usda_sr_carotenoid,6008,"Soup, beef broth or bouillon canned, ready-to-serve",,"Soups, Sauces, and Gravies"
usda_sr_carotenoid,6009,"Soup, beef noodle, canned, condensed",,"Soups, Sauces, and Gravies"
usda_sr_carotenoid,6010,"Soup, cream of celery, canned, condensed",,"Soups, Sauces, and Gravies"
usda_sr_carotenoid,6011,"Soup, cheese, canned, condensed",,"Soups, Sauces, and Gravies"
usda_sr_carotenoid,6013,"Soup, chicken broth, canned, condensed",,"Soups, Sauces, and Gravies"
usda_sr_carotenoid,6019,"Soup, chicken noodle, canned, condensed",,"Soups, Sauces, and Gravies"
usda_sr_carotenoid,6022,"Soup, chicken rice, canned, chunky, ready-to-serve",,"Soups, Sauces, and Gravies"
usda_sr_carotenoid,6023,"Soup, chicken with rice, canned, condensed",,"Soups, Sauces, and Gravies"
usda_sr_carotenoid,6024,"Soup, chicken and vegetable, canned, ready-to-serve",,"Soups, Sauces, and Gravies"
usda_sr_carotenoid,6030,"Soup, clam chowder, new england, canned, condensed",,"Soups, Sauces, and Gravies"
usda_sr_carotenoid,6032,"Soup, beef broth bouillon and consomme, canned, condensed",,"Soups, Sauces, and Gravies"
usda_sr_carotenoid,6039,"Soup, minestrone, canned, chunky, ready-to-serve",,"Soups, Sauces, and Gravies"
usda_sr_carotenoid,6045,"Soup, onion, canned, condensed",,"Soups, Sauces, and Gravies"
usda_sr_carotenoid,6046,"Soup, cream of onion, canned, condensed",,"Soups, Sauces, and Gravies"
usda_sr_carotenoid,6049,"Soup, pea, green, canned, condensed",,"Soups, Sauces, and Gravies"
usda_sr_carotenoid,6050,"Soup, pea, split with ham, canned, chunky, ready-to-serve",,"Soups, Sauces, and Gravies"
usda_sr_carotenoid,6063,"Soup, tomato rice, canned, condensed",,"Soups, Sauces, and Gravies"
usda_sr_carotenoid,6067,"Soup, chunky vegetable, canned, ready-to-serve",,"Soups, Sauces, and Gravies"
usda_sr_carotenoid,6075,"Soup, beef broth or bouillon, powder, dry",,"Soups, Sauces, and Gravies"
usda_sr_carotenoid,6076,"Soup, beef broth, cubed, dry",,"Soups, Sauces, and Gravies"
usda_sr_carotenoid,6080,"Soup, chicken broth or bouillon, dry",,"Soups, Sauces, and Gravies"
usda_sr_carotenoid,6081,"Soup, chicken broth cubes, dry",,"Soups, Sauces, and Gravies"
usda_sr_carotenoid,6116,"Gravy, beef, canned, ready-to-serve",,"Soups, Sauces, and Gravies"
usda_sr_carotenoid,6119,"Gravy, chicken, canned or bottled, ready-to-serve",,"Soups, Sauces, and Gravies"
usda_sr_carotenoid,6125,"Gravy, turkey, canned, ready-to-serve",,"Soups, Sauces, and Gravies"
usda_sr_carotenoid,6128,"Soup, chicken noodle, dry, mix",,"Soups, Sauces, and Gravies"
usda_sr_carotenoid,6618,"Sauce, peanut, made from coconut, water, sugar, peanuts",,"Soups, Sauces, and Gravies"
usda_sr_carotenoid,6619,"SMART SOUP, Santa Fe Corn Chowder",,"Soups, Sauces, and Gravies"
usda_sr_carotenoid,6620,"SMART SOUP, French Lentil",,"Soups, Sauces, and Gravies"
usda_sr_carotenoid,6621,"SMART SOUP, Greek Minestrone",,"Soups, Sauces, and Gravies"
usda_sr_carotenoid,6626,"Sauce, pesto, ready-to-serve, refrigerated",,"Soups, Sauces, and Gravies"
usda_sr_carotenoid,6627,"Sauce, pesto, ready-to-serve, shelf stable",,"Soups, Sauces, and Gravies"
usda_sr_carotenoid,6628,"Sauce, pesto, BUITONI, pesto with basil, ready-to-serve, refrigerated",,"Soups, Sauces, and Gravies"
usda_sr_carotenoid,6629,"Sauce, pesto, CLASSICO, basil pesto, ready-to-serve",,"Soups, Sauces, and Gravies"
usda_sr_carotenoid,6700,"Soup, vegetable broth, ready to serve",,"Soups, Sauces, and Gravies"
usda_sr_carotenoid,6725,"Soup, chicken corn chowder, chunky, ready-to-serve, single brand",,"Soups, Sauces, and Gravies"
usda_sr_carotenoid,6731,"Soup, bean with bacon, condensed, single brand",,"Soups, Sauces, and Gravies"
usda_sr_carotenoid,6956,"Soup, tomato, canned, condensed, reduced sodium",,"Soups, Sauces, and Gravies"
usda_sr_carotenoid,6957,"Gravy, brown instant, dry",,"Soups, Sauces, and Gravies"
usda_sr_carotenoid,6958,"Gravy, instant beef, dry",,"Soups, Sauces, and Gravies"
usda_sr_carotenoid,6959,"Gravy, instant turkey, dry",,"Soups, Sauces, and Gravies"
usda_sr_carotenoid,6964,"Soup, tomato, low sodium, with water",,"Soups, Sauces, and Gravies"
usda_sr_carotenoid,6965,"Soup, pea, low sodium, prepared with equal volume water",,"Soups, Sauces, and Gravies"
usda_sr_carotenoid,6966,"Soup, chicken noodle, low sodium, canned, prepared with equal volume water",,"Soups, Sauces, and Gravies"
usda_sr_carotenoid,6967,"Soup, vegetable soup, condensed, low sodium, prepared with equal volume water",,"Soups, Sauces, and Gravies"
usda_sr_carotenoid,6972,"Sauce, tomato chili sauce, bottled, with salt",,"Soups, Sauces, and Gravies"
usda_sr_carotenoid,6974,"Soup, vegetable chicken, canned, prepared with water, low sodium",,"Soups, Sauces, and Gravies"
usda_sr_carotenoid,6976,"Sauce, pasta, spaghetti/marinara, ready-to-serve, low sodium",,"Soups, Sauces, and Gravies"
usda_sr_carotenoid,6977,"Gravy, meat or poultry, low sodium, prepared",,"Soups, Sauces, and Gravies"
usda_sr_carotenoid,6955,"Soup, cream of chicken, canned, condensed, reduced sodium",,"Soups, Sauces, and Gravies"
usda_sr_carotenoid,6960,"Sauce, alfredo mix, dry",,"Soups, Sauces, and Gravies"
usda_sr_carotenoid,6961,"Sauce, peppers, hot, chili, mature red, canned",,"Soups, Sauces, and Gravies"
usda_sr_carotenoid,6962,"Sauce, chili, peppers, hot, immature green, canned",,"Soups, Sauces, and Gravies"
usda_sr_carotenoid,6963,Fish broth,,"Soups, Sauces, and Gravies"
usda_sr_carotenoid,6968,"Soup, cream of mushroom, low sodium, ready-to-serve, canned",,"Soups, Sauces, and Gravies"
usda_sr_carotenoid,6969,"Potato soup, instant, dry mix",,"Soups, Sauces, and Gravies"
usda_sr_carotenoid,6970,"Soup, chicken broth, low sodium, canned",,"Soups, Sauces, and Gravies"
usda_sr_carotenoid,6971,"Sauce, worcestershire",,"Soups, Sauces, and Gravies"
usda_sr_carotenoid,6978,"Soup, beef and mushroom, low sodium, chunk style",,"Soups, Sauces, and Gravies"
usda_sr_carotenoid,6980,"Soup, beef stroganoff, canned, chunky style, ready-to-serve",,"Soups, Sauces, and Gravies"
usda_sr_carotenoid,6981,"Soup, bouillon cubes and granules, low sodium, dry",,"Soups, Sauces, and Gravies"
usda_sr_carotenoid,6983,"Soup, ramen noodle, chicken flavor, dry",,"Soups, Sauces, and Gravies"
usda_sr_carotenoid,7004,"Sausage, Berliner, pork, beef",,Sausages and Luncheon Meats
usda_sr_carotenoid,7005,Blood sausage,,Sausages and Luncheon Meats
usda_sr_carotenoid,7006,"Bockwurst, pork, veal, raw",,Sausages and Luncheon Meats
usda_sr_carotenoid,7013,"Bratwurst, pork, cooked",,Sausages and Luncheon Meats
usda_sr_carotenoid,7014,"Braunschweiger (a liver sausage), pork",,Sausages and Luncheon Meats
usda_sr_carotenoid,7015,"Bratwurst, pork, beef, link",,Sausages and Luncheon Meats
usda_sr_carotenoid,7016,"Cheesefurter, cheese smokie, pork, beef",,Sausages and Luncheon Meats
usda_sr_carotenoid,7024,"Frankfurter, chicken",,Sausages and Luncheon Meats
usda_sr_carotenoid,7025,"Frankfurter, turkey",,Sausages and Luncheon Meats
usda_sr_carotenoid,7026,"Ham, chopped, canned",,Sausages and Luncheon Meats
usda_sr_carotenoid,7027,"Ham, chopped, not canned",,Sausages and Luncheon Meats
usda_sr_carotenoid,7032,Ham and cheese loaf or roll,,Sausages and Luncheon Meats
usda_sr_carotenoid,7034,"Headcheese, pork",,Sausages and Luncheon Meats
usda_sr_carotenoid,7036,"Sausage, Italian, pork, mild, raw",,Sausages and Luncheon Meats
usda_sr_carotenoid,7957,"Sausage, pork and turkey, pre-cooked",,Sausages and Luncheon Meats
usda_sr_carotenoid,7963,"Frankfurter, meat and poultry, cooked, boiled",,Sausages and Luncheon Meats
usda_sr_carotenoid,7964,"Frankfurter, meat and poultry, cooked, grilled",,Sausages and Luncheon Meats
usda_sr_carotenoid,7965,"Pork sausage, link/patty, reduced fat, unprepared",,Sausages and Luncheon Meats
usda_sr_carotenoid,7966,"Pork sausage, link/patty, reduced fat, cooked, pan-fried",,Sausages and Luncheon Meats
usda_sr_carotenoid,7971,"Bologna, meat and poultry",,Sausages and Luncheon Meats
usda_sr_carotenoid,7972,"Meatballs, frozen, Italian style",,Sausages and Luncheon Meats
usda_sr_carotenoid,7973,"Bacon, turkey, microwaved",,Sausages and Luncheon Meats
usda_sr_carotenoid,7974,"Bacon, turkey, low sodium",,Sausages and Luncheon Meats
usda_sr_carotenoid,8002,"Cereals ready-to-eat, POST, ALPHA-BITS",,Breakfast Cereals
usda_sr_carotenoid,8010,"Cereals ready-to-eat, QUAKER, CAP'N CRUNCH",,Breakfast Cereals
usda_sr_carotenoid,8011,"Cereals ready-to-eat, QUAKER, CAP'N CRUNCH with CRUNCHBERRIES",,Breakfast Cereals
usda_sr_carotenoid,8012,"Cereals ready-to-eat, QUAKER, CAP'N CRUNCH'S PEANUT BUTTER CRUNCH",,Breakfast Cereals
usda_sr_carotenoid,8034,"Cereals ready-to-eat, POST, FRUITY PEBBLES",,Breakfast Cereals
usda_sr_carotenoid,8037,"Cereals ready-to-eat, granola, homemade",,Breakfast Cereals
usda_sr_carotenoid,8038,"Cereals ready-to-eat, POST, GRAPE-NUTS Cereal",,Breakfast Cereals
usda_sr_carotenoid,8039,"Cereals ready-to-eat, POST, GRAPE-NUTS Flakes",,Breakfast Cereals
usda_sr_carotenoid,8059,"Cereals ready-to-eat, QUAKER, SWEET CRUNCH/QUISP",,Breakfast Cereals
usda_sr_carotenoid,8061,"Cereals ready-to-eat, POST Raisin Bran Cereal",,Breakfast Cereals
usda_sr_carotenoid,8066,"Cereals ready-to-eat, QUAKER, QUAKER Puffed Rice",,Breakfast Cereals
usda_sr_carotenoid,8073,"Cereals ready-to-eat, POST, GOLDEN CRISP",,Breakfast Cereals
usda_sr_carotenoid,8085,"Cereals ready-to-eat, SUN COUNTRY, KRETSCHMER Honey Crunch Wheat Germ",,Breakfast Cereals
usda_sr_carotenoid,8090,"Cereals, corn grits, white, regular and quick, enriched, dry",,Breakfast Cereals
usda_sr_carotenoid,8091,"Cereals, corn grits, white, regular and quick, enriched, cooked with water, without salt",,Breakfast Cereals
usda_sr_carotenoid,8092,"Cereals, QUAKER, corn grits, instant, plain, dry",,Breakfast Cereals
usda_sr_carotenoid,8103,"Cereals, CREAM OF WHEAT, regular (10 minute), cooked with water, without salt",,Breakfast Cereals
usda_sr_carotenoid,8104,"Cereals, farina, enriched, assorted brands including CREAM OF WHEAT, quick (1-3 minutes), dry",,Breakfast Cereals
usda_sr_carotenoid,8106,"Cereals, CREAM OF WHEAT, instant, dry",,Breakfast Cereals
usda_sr_carotenoid,8122,"Cereals, oats, instant, fortified, plain, dry",,Breakfast Cereals
usda_sr_carotenoid,8123,"Cereals, oats, instant, fortified, plain, prepared with water (boiling water added or microwaved)",,Breakfast Cereals
usda_sr_carotenoid,8128,"Cereals, oats, instant, fortified, with cinnamon and spice, dry",,Breakfast Cereals
usda_sr_carotenoid,8142,"Cereals, WHEATENA, dry",,Breakfast Cereals
usda_sr_carotenoid,8144,"Cereals, whole wheat hot natural cereal, dry",,Breakfast Cereals
usda_sr_carotenoid,8145,"Cereals, whole wheat hot natural cereal, cooked with water, without salt",,Breakfast Cereals
usda_sr_carotenoid,8146,"Cereals ready-to-eat, QUAKER, QUAKER Puffed Wheat",,Breakfast Cereals
usda_sr_carotenoid,8160,"Cereals, corn grits, yellow, regular and quick, unenriched, dry",,Breakfast Cereals
usda_sr_carotenoid,8161,"Cereals, corn grits, white, regular and quick, enriched, cooked with water, with salt",,Breakfast Cereals
usda_sr_carotenoid,8164,"Cereals, corn grits, yellow, regular and quick, enriched, cooked with water, without salt",,Breakfast Cereals
usda_sr_carotenoid,8165,"Cereals, corn grits, yellow, regular, quick, enriched, cooked with water, with salt",,Breakfast Cereals
usda_sr_carotenoid,8177,"Cereals, MALT-O-MEAL, chocolate, dry",,Breakfast Cereals
usda_sr_carotenoid,8180,"Cereals, oats, regular and quick and instant, unenriched, cooked with water (includes boiling and microwaving), with salt",,Breakfast Cereals
usda_sr_carotenoid,8182,"Cereals, WHEATENA, cooked with water, with salt",,Breakfast Cereals
usda_sr_carotenoid,8183,"Cereals, whole wheat hot natural cereal, cooked with water, with salt",,Breakfast Cereals
usda_sr_carotenoid,9002,"Acerola juice, raw",,Fruits and Fruit Juices
usda_sr_carotenoid,9003,"Apples, raw, with skin (Includes foods for USDA's Food Distribution Program)",,Fruits and Fruit Juices
usda_sr_carotenoid,9004,"Apples, raw, without skin",,Fruits and Fruit Juices
usda_sr_carotenoid,9011,"Apples, dried, sulfured, uncooked",,Fruits and Fruit Juices
usda_sr_carotenoid,9012,"Apples, dried, sulfured, stewed, without added sugar",,Fruits and Fruit Juices
usda_sr_carotenoid,9019,"Applesauce, canned, unsweetened, without added ascorbic acid (Includes foods for USDA's Food Distribution Program)",,Fruits and Fruit Juices
usda_sr_carotenoid,9020,"Applesauce, canned, sweetened, without salt",,Fruits and Fruit Juices
usda_sr_carotenoid,9021,"Apricots, raw",,Fruits and Fruit Juices
usda_sr_carotenoid,9022,"Apricots, canned, water pack, with skin, solids and liquids",,Fruits and Fruit Juices
usda_sr_carotenoid,9027,"Apricots, canned, heavy syrup pack, with skin, solids and liquids",,Fruits and Fruit Juices
usda_sr_carotenoid,9036,"Apricot nectar, canned, with added ascorbic acid",,Fruits and Fruit Juices
usda_sr_carotenoid,9037,"Avocados, raw, all commercial varieties",,Fruits and Fruit Juices
usda_sr_carotenoid,9038,"Avocados, raw, California",,Fruits and Fruit Juices
usda_sr_carotenoid,9039,"Avocados, raw, Florida",,Fruits and Fruit Juices
usda_sr_carotenoid,9044,"Cherries, tart, dried, sweetened (Includes foods for USDA's Food Distribution Program)",,Fruits and Fruit Juices
usda_sr_carotenoid,9046,"Blackberries, canned, heavy syrup, solids and liquids",,Fruits and Fruit Juices
usda_sr_carotenoid,9048,"Blackberries, frozen, unsweetened",,Fruits and Fruit Juices
usda_sr_carotenoid,9050,"Blueberries, raw",,Fruits and Fruit Juices
usda_sr_carotenoid,9057,"Boysenberries, frozen, unsweetened",,Fruits and Fruit Juices
usda_sr_carotenoid,9059,"Breadfruit, raw",,Fruits and Fruit Juices
usda_sr_carotenoid,9060,"Carambola, (starfruit), raw",,Fruits and Fruit Juices
usda_sr_carotenoid,9066,"Cherries, sour, red, canned, heavy syrup pack, solids and liquids",,Fruits and Fruit Juices
usda_sr_carotenoid,9068,"Cherries, sour, red, frozen, unsweetened (Includes foods for USDA's Food Distribution Program)",,Fruits and Fruit Juices
usda_sr_carotenoid,9070,"Cherries, sweet, raw",,Fruits and Fruit Juices
usda_sr_carotenoid,9078,"Cranberries, raw",,Fruits and Fruit Juices
usda_sr_carotenoid,9079,"Cranberries, dried, sweetened (Includes foods for USDA's Food Distribution Program)",,Fruits and Fruit Juices
usda_sr_carotenoid,9085,"Currants, zante, dried",,Fruits and Fruit Juices
usda_sr_carotenoid,9087,"Dates, deglet noor",,Fruits and Fruit Juices
usda_sr_carotenoid,23304,"Beef, Australian, imported, Wagyu, loin, tenderloin steak/roast, boneless, separable lean and fat, Aust. marble score 4/5, raw",,Beef Products
usda_sr_carotenoid,23305,"Beef, Australian, imported, grass-fed, loin, top loin steak/roast, boneless, separable lean and fat, raw",,Beef Products
usda_sr_carotenoid,23306,"Beef, Australian, imported, grass-fed, loin, top sirloin cap-off steak/roast, boneless, separable lean only, raw",,Beef Products
usda_sr_carotenoid,23307,"Beef, Australian, imported, grass-fed, rib, ribeye steak/roast lip-on, boneless, separable lean only, raw",,Beef Products
usda_sr_carotenoid,23312,"Beef, Australian, imported, Wagyu, loin, top loin steak/roast, boneless, separable lean only, Aust. marble score 9, raw",,Beef Products
usda_sr_carotenoid,23313,"Beef, Australian, imported, Wagyu, rib, small end rib steak/roast, boneless, separable lean only, Aust. marble score 4/5, raw",,Beef Products
usda_sr_carotenoid,23314,"Beef, Australian, imported, Wagyu, rib, small end rib steak/roast, boneless, separable lean only, Aust. marble score 9, raw",,Beef Products
usda_sr_carotenoid,23315,"Beef, Australian, imported, grass-fed, loin, top sirloin cap-off steak/roast, boneless, separable lean and fat, raw",,Beef Products
usda_sr_carotenoid,23321,"Beef, Australian, imported, Wagyu, rib, small end rib steak/roast, boneless, separable lean and fat, Aust. marble score 4/5, raw",,Beef Products
usda_sr_carotenoid,23322,"Beef, Australian, imported, Wagyu, rib, small end rib steak/roast, boneless, separable lean and fat, Aust. marble score 9, raw",,Beef Products
usda_sr_carotenoid,23323,"Beef, Australian, imported, Wagyu, loin, tenderloin steak/roast, boneless, separable lean and fat, Aust. marble score 9, raw",,Beef Products
usda_sr_carotenoid,23324,"Beef, round, top round steak, boneless, separable lean and fat, trimmed to 0"" fat, all grades, raw",,Beef Products
usda_sr_carotenoid,23329,"Beef, round, top round roast, boneless, separable lean and fat, trimmed to 0"" fat, select, raw",,Beef Products
usda_sr_carotenoid,23330,"Beef, round, eye of round roast, boneless, separable lean and fat, trimmed to 0"" fat, all grades, raw",,Beef Products
usda_sr_carotenoid,23331,"Beef, round, eye of round roast, boneless, separable lean and fat, trimmed to 0"" fat, choice, raw",,Beef Products
usda_sr_carotenoid,23332,"Beef, round, eye of round roast, boneless, separable lean and fat, trimmed to 0"" fat, select, raw",,Beef Products
usda_sr_carotenoid,23337,"Beef, loin, tenderloin roast, boneless, separable lean and fat, trimmed to 0"" fat, choice, raw",,Beef Products
usda_sr_carotenoid,23338,"Beef, loin, tenderloin roast, boneless, separable lean and fat, trimmed to 0"" fat, select, raw",,Beef Products
usda_sr_carotenoid,23339,"Beef, loin, top loin steak, boneless, lip off, separable lean and fat, trimmed to 0"" fat, all grades, raw",,Beef Products
usda_sr_carotenoid,23340,"Beef, loin, top loin steak, boneless, lip off, separable lean and fat, trimmed to 0"" fat, choice, raw",,Beef Products
usda_sr_carotenoid,23341,"Beef, loin, top loin steak, boneless, lip off, separable lean and fat, trimmed to 0"" fat, select, raw",,Beef Products
usda_sr_carotenoid,23346,"Beef, loin, tenderloin roast, boneless, separable lean and fat, trimmed to 0"" fat, choice, cooked, roasted",,Beef Products
usda_sr_carotenoid,23347,"Beef, loin, tenderloin roast, boneless, separable lean and fat, trimmed to 0"" fat, select, cooked, roasted",,Beef Products
usda_sr_carotenoid,23348,"Beef, round, top round roast, boneless, separable lean and fat, trimmed to 0"" fat, all grades, cooked, roasted",,Beef Products
usda_sr_carotenoid,23349,"Beef, round, top round roast, boneless, separable lean and fat, trimmed to 0"" fat, choice, cooked, roasted",,Beef Products
usda_sr_carotenoid,23354,"Beef, round, top round steak, boneless, separable lean only, trimmed to 0"" fat, all grades, raw",,Beef Products
usda_sr_carotenoid,23355,"Beef, round, top round steak, boneless, separable lean only, trimmed to 0"" fat, choice, raw",,Beef Products
usda_sr_carotenoid,23356,"Beef, round, top round steak, boneless, separable lean only, trimmed to 0"" fat, select, raw",,Beef Products
usda_sr_carotenoid,23357,"Beef, round, top round roast, boneless, separable lean only, trimmed to 0"" fat, all grades, raw",,Beef Products
usda_sr_carotenoid,23362,"Beef, round, eye of round roast, boneless, separable lean only, trimmed to 0"" fat, select, raw",,Beef Products
usda_sr_carotenoid,23363,"Beef, round, eye of round steak, boneless, separable lean only, trimmed to 0"" fat, all grades, raw",,Beef Products
usda_sr_carotenoid,23364,"Beef, round, eye of round steak, boneless, separable lean only, trimmed to 0"" fat, choice, raw",,Beef Products
usda_sr_carotenoid,23365,"Beef, round, eye of round steak, boneless, separable lean only, trimmed to 0"" fat, select, raw",,Beef Products
usda_sr_carotenoid,23366,"Beef, loin, tenderloin roast, boneless, separable lean only, trimmed to 0"" fat, all grades, raw",,Beef Products
usda_sr_carotenoid,23371,"Beef, loin, top loin steak, boneless, lip off, separable lean only, trimmed to 0"" fat, select, raw",,Beef Products
usda_sr_carotenoid,23372,"Beef, loin, tenderloin steak, boneless, separable lean only, trimmed to 0"" fat, all grades, raw",,Beef Products
usda_sr_carotenoid,23373,"Beef, loin, tenderloin steak, boneless, separable lean only, trimmed to 0"" fat, choice, raw",,Beef Products
usda_sr_carotenoid,23374,"Beef, loin, tenderloin steak, boneless, separable lean only, trimmed to 0"" fat, select, raw",,Beef Products
usda_sr_carotenoid,23379,"Beef, round, top round roast, boneless, separable lean only, trimmed to 0"" fat, choice, cooked, roasted",,Beef Products
usda_sr_carotenoid,23380,"Beef, round, top round roast, boneless, separable lean only, trimmed to 0"" fat, select, cooked, roasted",,Beef Products
usda_sr_carotenoid,23381,"Beef, round, eye of round steak, boneless, separable lean only, trimmed to 0"" fat, all grades, cooked, grilled",,Beef Products
usda_sr_carotenoid,23382,"Beef, round, eye of round steak, boneless, separable lean only, trimmed to 0"" fat, choice, cooked, grilled",,Beef Products
usda_sr_carotenoid,23387,"Beef, loin, top loin steak, boneless, lip-on, separable lean and fat, trimmed to 1/8"" fat, select, raw",,Beef Products
usda_sr_carotenoid,23388,"Beef, loin, top loin steak, boneless, lip-on, separable lean and fat, trimmed to 1/8"" fat, all grades, raw",,Beef Products
usda_sr_carotenoid,23496,"Beef, composite of trimmed retail cuts, separable lean only, trimmed to 0"" fat, select, raw",,Beef Products
usda_sr_carotenoid,23497,"Beef, composite of trimmed retail cuts, separable lean and fat, trimmed to 0"" fat, select, raw",,Beef Products
usda_sr_carotenoid,23498,"Beef, composite of trimmed retail cuts, separable lean only, trimmed to 1/8"" fat, select, cooked",,Beef Products
usda_sr_carotenoid,23499,"Beef, composite of trimmed retail cuts, separable lean only, trimmed to 1/8"" fat, select, raw",,Beef Products
usda_sr_carotenoid,23515,"Beef, chuck, clod roast, separable lean only, trimmed to 1/4"" fat, all grades, cooked, roasted",,Beef Products
usda_sr_carotenoid,23516,"Beef, shoulder steak, boneless, separable lean only, trimmed to 0"" fat, all grades, cooked, grilled",,Beef Products
usda_sr_carotenoid,23517,"Beef, chuck, clod steak, separable lean only, trimmed to 1/4"" fat, all grades, cooked, braised",,Beef Products
usda_sr_carotenoid,23519,"Beef, chuck, mock tender steak, separable lean and fat, trimmed to 0"" fat, USDA choice, cooked, broiled",,Beef Products
usda_sr_carotenoid,23531,"Beef, chuck, clod roast, separable lean and fat, trimmed to 0"" fat, select, cooked, roasted",,Beef Products
usda_sr_carotenoid,23533,"Beef, shoulder steak, boneless, separable lean and fat, trimmed to 0"" fat, choice, cooked, grilled",,Beef Products
usda_sr_carotenoid,23536,"Beef, shoulder steak, boneless, separable lean and fat, trimmed to 0"" fat, select, cooked, grilled",,Beef Products
usda_sr_carotenoid,23540,"Beef, plate, inside skirt steak, separable lean and fat, trimmed to 0"" fat, all grades, cooked, broiled",,Beef Products
usda_sr_carotenoid,23541,"Beef, plate, outside skirt steak, separable lean and fat, trimmed to 0"" fat, all grades, cooked, broiled",,Beef Products
usda_sr_carotenoid,23554,"Beef, shoulder steak, boneless, separable lean and fat, trimmed to 0"" fat, all grades, cooked, grilled",,Beef Products
usda_sr_carotenoid,23557,"Beef, ground, 95% lean meat / 5% fat, raw",,Beef Products
usda_sr_carotenoid,23558,"Beef, ground, 95% lean meat / 5% fat, patty, cooked, broiled",,Beef Products
usda_sr_carotenoid,23559,"Beef, ground, 95% lean meat / 5% fat, patty, cooked, pan-broiled",,Beef Products
usda_sr_carotenoid,23564,"Beef, ground, 90% lean meat / 10% fat, patty, cooked, pan-broiled",,Beef Products
usda_sr_carotenoid,23565,"Beef, ground, 90% lean meat / 10% fat, crumbles, cooked, pan-browned",,Beef Products
usda_sr_carotenoid,23566,"Beef, ground, 90% lean meat / 10% fat, loaf, cooked, baked",,Beef Products
usda_sr_carotenoid,23567,"Beef, ground, 85% lean meat / 15% fat, raw (Includes foods for USDA's Food Distribution Program)",,Beef Products
usda_sr_carotenoid,23573,"Beef, ground, 80% lean meat / 20% fat, patty, cooked, broiled",,Beef Products
usda_sr_carotenoid,23574,"Beef, ground, 80% lean meat / 20% fat, patty, cooked, pan-broiled",,Beef Products
usda_sr_carotenoid,23575,"Beef, ground, 80% lean meat / 20% fat, crumbles, cooked, pan-browned",,Beef Products
usda_sr_carotenoid,23576,"Beef, ground, 80% lean meat / 20% fat, loaf, cooked, baked",,Beef Products
usda_sr_carotenoid,23581,"Beef, ground, 75% lean meat / 25% fat, loaf, cooked, baked",,Beef Products
usda_sr_carotenoid,23582,"Beef, rib, small end (ribs 10-12), separable lean only, trimmed to 1/8"" fat, select, raw",,Beef Products
usda_sr_carotenoid,23583,"Beef, tenderloin, steak, separable lean only, trimmed to 1/8"" fat, select, raw",,Beef Products
usda_sr_carotenoid,23584,"Beef, top sirloin, steak, separable lean only, trimmed to 1/8"" fat, select, raw",,Beef Products
usda_sr_carotenoid,23589,"Beef, short loin, top loin, steak, separable lean only, trimmed to 1/8"" fat, select, cooked, grilled",,Beef Products
usda_sr_carotenoid,23590,"Beef, round, bottom round , roast, separable lean only, trimmed to 1/8"" fat, select, cooked, roasted",,Beef Products
usda_sr_carotenoid,23591,"Beef, round, eye of round, roast, separable lean only, trimmed to 1/8"" fat, select, cooked, roasted",,Beef Products
usda_sr_carotenoid,23592,"Beef, round, top round, steak, separable lean only, trimmed to 1/8"" fat, select, cooked, broiled",,Beef Products
usda_sr_carotenoid,23598,"Beef, round, eye of round, roast, separable lean only, trimmed to 1/8"" fat, all grades, cooked, roasted",,Beef Products
usda_sr_carotenoid,23599,"Beef, rib, small end (ribs 10-12), separable lean only, trimmed to 1/8"" fat, all grades, raw",,Beef Products
usda_sr_carotenoid,23600,"Beef, tenderloin, steak, separable lean only, trimmed to 1/8"" fat, all grades, cooked, broiled",,Beef Products
usda_sr_carotenoid,23601,"Beef, tenderloin, steak, separable lean only, trimmed to 1/8"" fat, all grades, raw",,Beef Products
usda_sr_carotenoid,23606,"Beef, short loin, top loin, steak, separable lean only, trimmed to 1/8"" fat, all grades, cooked, broiled",,Beef Products
usda_sr_carotenoid,23607,"Beef, short loin, top loin steak, separable lean only, trimmed to 1/8"" fat, all grades, raw",,Beef Products
usda_sr_carotenoid,23608,"Beef, round, top round, steak, separable lean only, trimmed to 1/8"" fat, all grades, cooked, broiled",,Beef Products
usda_sr_carotenoid,23609,"Beef, round, top round, steak, separable lean only, trimmed to 1/8"" fat, all grades, raw",,Beef Products
usda_sr_carotenoid,23614,"Beef, chuck, arm pot roast, separable lean only, trimmed to 1/8"" fat, choice, cooked, braised",,Beef Products
usda_sr_carotenoid,23615,"Beef, brisket, flat half, separable lean only, trimmed to 1/8"" fat, choice, cooked, braised",,Beef Products
usda_sr_carotenoid,23616,"Beef, round, eye of round, roast, separable lean only, trimmed to 1/8"" fat, choice, raw",,Beef Products
usda_sr_carotenoid,23617,"Beef, round, top round, steak, separable lean only, trimmed to 1/8"" fat, choice, raw",,Beef Products
usda_sr_carotenoid,27002,"Soup, wonton, Chinese restaurant",,"Soups, Sauces, and Gravies"
usda_sr_carotenoid,27035,"Soup, ramen noodle, dry, any flavor, reduced fat, reduced sodium",,"Soups, Sauces, and Gravies"
usda_sr_carotenoid,27046,"Sauce, duck, ready-to-serve",,"Soups, Sauces, and Gravies"
usda_sr_carotenoid,27047,"Sauce, salsa, verde, ready-to-serve",,"Soups, Sauces, and Gravies"
usda_sr_carotenoid,27048,"Sauce, steak, tomato based",,"Soups, Sauces, and Gravies"
usda_sr_carotenoid,27049,"Sauce, tartar, ready-to-serve",,"Soups, Sauces, and Gravies"
usda_sr_carotenoid,27055,"Sauce, barbecue, SWEET BABY RAY'S, original",,"Soups, Sauces, and Gravies"
usda_sr_carotenoid,27056,"Sauce, barbecue, BULL'S-EYE, original",,"Soups, Sauces, and Gravies"
usda_sr_carotenoid,27057,"Sauce, barbecue, KC MASTERPIECE, original",,"Soups, Sauces, and Gravies"
usda_sr_carotenoid,27058,"Sauce, barbecue, OPEN PIT, original",,"Soups, Sauces, and Gravies"
usda_sr_carotenoid,27064,Wasabi,,"Soups, Sauces, and Gravies"
usda_sr_carotenoid,27065,"Dip, bean, original flavor",,"Soups, Sauces, and Gravies"
usda_sr_carotenoid,27066,"Sauce, horseradish",,"Soups, Sauces, and Gravies"
usda_sr_carotenoid,28289,"Cookie, vanilla with caramel, coconut, and chocolate coating",,Baked Products
usda_sr_carotenoid,28290,"Cookie, with peanut butter filling, chocolate-coated",,Baked Products
usda_sr_carotenoid,28291,"Cookies, animal, with frosting or icing",,Baked Products
usda_sr_carotenoid,28292,"Crackers, multigrain",,Baked Products
usda_sr_carotenoid,28297,"Cake, snack cakes, not chocolate, with icing or filling, low-fat, with added fiber",,Baked Products
usda_sr_carotenoid,28298,"Cookies, brownies, commercially prepared, reduced fat, with added fiber",,Baked Products
usda_sr_carotenoid,28299,"Cookies, chocolate sandwich, with creme filling, reduced fat",,Baked Products
usda_sr_carotenoid,28300,"Cookies, oatmeal sandwich, with creme filling",,Baked Products
usda_sr_carotenoid,28301,"Cookies, peanut butter, commercially prepared, sugar free",,Baked Products
usda_sr_carotenoid,28308,"Crackers, standard snack-type, with whole wheat",,Baked Products
usda_sr_carotenoid,28309,"Cookies, coconut macaroon",,Baked Products
usda_sr_carotenoid,28314,"Crackers, sandwich-type, peanut butter filled, reduced fat",,Baked Products
usda_sr_carotenoid,28315,"Bread, cinnamon",,Baked Products
usda_sr_carotenoid,28316,"Bread, wheat, sprouted",,Baked Products
usda_sr_carotenoid,28317,"Bread, wheat, sprouted, toasted",,Baked Products
usda_sr_carotenoid,28322,"Bagels, multigrain",,Baked Products
usda_sr_carotenoid,28324,"Pancakes, whole wheat, dry mix, incomplete",,Baked Products
usda_sr_carotenoid,28325,"Crackers, toast thins, low sodium",,Baked Products
usda_sr_carotenoid,28326,"Crackers, whole grain, sandwich-type, with peanut butter filling",,Baked Products
usda_sr_carotenoid,28327,"Crackers, water biscuits",,Baked Products
usda_sr_carotenoid,28332,"Cookies, gluten-free, chocolate sandwich, with creme filling",,Baked Products
usda_sr_carotenoid,28341,"Rolls, gluten-free, white, made with rice flour, rice starch, and corn starch",,Baked Products
usda_sr_carotenoid,28349,"Cookies, oatmeal, reduced fat",,Baked Products
usda_sr_carotenoid,28350,"Cookies, chocolate cream covered biscuit sticks",,Baked Products
usda_sr_carotenoid,28351,"Cookies, Marie biscuit",,Baked Products
usda_sr_carotenoid,28352,"Cookies, vanilla sandwich with creme filling, reduced fat",,Baked Products
usda_sr_carotenoid,14155,"Beverages, carbonated, tonic water",,Beverages
usda_sr_carotenoid,14156,"Beverages, Energy drink, RED BULL, sugar free, with added caffeine, niacin, pantothenic acid, vitamins B6 and B12",,Beverages
usda_sr_carotenoid,14157,"Beverages, carbonated, root beer",,Beverages
usda_sr_carotenoid,14163,"Beverages, chocolate drink, milk and soy based, ready to drink, fortified",,Beverages
usda_sr_carotenoid,14164,"Beverages, chocolate malt powder, prepared with 1% milk, fortified",,Beverages
usda_sr_carotenoid,14165,"Beverages, carbonated, limeade, high caffeine",,Beverages
usda_sr_carotenoid,14166,"Beverages, carbonated, low calorie, cola or pepper-types, with sodium saccharin, contains caffeine",,Beverages
usda_sr_carotenoid,14173,"Beverages, coffee, ready to drink, vanilla, light, milk based, sweetened",,Beverages
usda_sr_carotenoid,14174,"Beverages, Lemonade fruit juice drink light, fortified with vitamin E and C",,Beverages
usda_sr_carotenoid,14177,"Beverages, chocolate-flavor beverage mix, powder, prepared with whole milk",,Beverages
usda_sr_carotenoid,14179,"Beverages, coffee, ready to drink, milk based, sweetened",,Beverages
usda_sr_carotenoid,14180,"Beverages, coffee, brewed, breakfast blend",,Beverages
usda_sr_carotenoid,14187,"Beverages, Clam and tomato juice, canned",,Beverages
usda_sr_carotenoid,14188,"Beverages, tea, green, ready to drink, ginseng and honey, sweetened",,Beverages
usda_sr_carotenoid,14189,"Beverages, The COCA-COLA company, Minute Maid, Lemonade",,Beverages
usda_sr_carotenoid,14190,"Beverages, tea, green, ready-to-drink, diet",,Beverages
usda_sr_carotenoid,14196,"Beverages, Cocoa mix, no sugar added, powder",,Beverages
usda_sr_carotenoid,14199,"Beverages, tea, black, ready-to-drink, lemon, sweetened",,Beverages
usda_sr_carotenoid,14201,"Beverages, coffee, brewed, prepared with tap water, decaffeinated",,Beverages
usda_sr_carotenoid,14209,"Beverages, coffee, brewed, prepared with tap water",,Beverages
usda_sr_carotenoid,14210,"Beverages, coffee, brewed, espresso, restaurant-prepared",,Beverages
usda_sr_carotenoid,14211,"Beverages, tea, black, ready-to-drink, lemon, diet",,Beverages
usda_sr_carotenoid,14214,"Beverages, coffee, instant, regular, powder",,Beverages
usda_sr_carotenoid,14219,"Beverages, coffee, instant, decaffeinated, prepared with water",,Beverages
usda_sr_carotenoid,14220,"Beverages, OCEAN SPRAY, Cranberry-Apple Juice Drink, bottled",,Beverages
usda_sr_carotenoid,14221,"Beverages, OCEAN SPRAY, Diet Cranberry Juice",,Beverages
usda_sr_carotenoid,14233,"Beverages, OCEAN SPRAY, Cran Raspberry Juice Drink",,Beverages
usda_sr_carotenoid,14234,"Beverages, OCEAN SPRAY, Cran Lemonade",,Beverages
usda_sr_carotenoid,14235,"Beverages, OCEAN SPRAY, Diet Cran Cherry",,Beverages
usda_sr_carotenoid,14242,"Cranberry juice cocktail, bottled",,Beverages
usda_sr_carotenoid,14243,"Cranberry juice cocktail, bottled, low calorie, with calcium, saccharin and corn sweetener",,Beverages
usda_sr_carotenoid,14245,"Beverages, Eggnog-flavor mix, powder, prepared with whole milk",,Beverages
usda_sr_carotenoid,14251,"Alcoholic beverages, beer, higher alcohol",,Beverages
usda_sr_carotenoid,14252,"Beverages, Malt liquor beverage",,Beverages
usda_sr_carotenoid,14253,"Alcoholic beverages, wine, rose",,Beverages
usda_sr_carotenoid,14255,"Beverages, OCEAN SPRAY, Cran Pomegranate",,Beverages
usda_sr_carotenoid,14260,"Beverages, tea, green, brewed, decaffeinated",,Beverages
usda_sr_carotenoid,14261,"Beverages, tea, green, ready to drink, unsweetened",,Beverages
usda_sr_carotenoid,14262,"Beverages, citrus fruit juice drink, frozen concentrate",,Beverages
usda_sr_carotenoid,14263,"Beverages, citrus fruit juice drink, frozen concentrate, prepared with water",,Beverages
usda_sr_carotenoid,14264,"Beverages, fruit punch drink, without added nutrients, canned",,Beverages
usda_sr_carotenoid,14276,"Beverages, Tropical Punch, ready-to-drink",,Beverages
usda_sr_carotenoid,14277,"Beverages, grape drink, canned",,Beverages
usda_sr_carotenoid,14278,"Beverages, tea, green, brewed, regular",,Beverages
usda_sr_carotenoid,14550,"Alcoholic beverage, distilled, all (gin, rum, vodka, whiskey) 86 proof",,Beverages
usda_sr_carotenoid,14551,"Alcoholic beverage, distilled, all (gin, rum, vodka, whiskey) 90 proof",,Beverages
usda_sr_carotenoid,14552,"Carbonated beverage, chocolate-flavored soda",,Beverages
usda_sr_carotenoid,14599,"Beverages, Powerade Zero Ion4, calorie-free, assorted flavors",,Beverages
usda_sr_carotenoid,14604,"Water, non-carbonated, bottles, natural fruit flavors, sweetened with low calorie sweetener",,Beverages
usda_sr_carotenoid,14627,"Beverages, Energy Drink, Monster, fortified with vitamins C, B2, B3, B6, B12",,Beverages
usda_sr_carotenoid,14628,"Beverages, Energy drink, AMP, sugar free",,Beverages
usda_sr_carotenoid,14629,"Beverages, Energy drink, ROCKSTAR",,Beverages
usda_sr_carotenoid,14630,"Beverages, Energy drink, ROCKSTAR, sugar free",,Beverages
usda_sr_carotenoid,14637,"Water, with corn syrup and/or sugar and low calorie sweetener, fruit flavored",,Beverages
usda_sr_carotenoid,14639,"Beverages, rice milk, unsweetened",,Beverages
usda_sr_carotenoid,14640,"Beverages, Energy drink, VAULT, citrus flavor",,Beverages
usda_sr_carotenoid,14647,"Beverages, Fruit flavored drink, reduced sugar, greater than 3% fruit juice, high vitamin C, added calcium",,Beverages
usda_sr_carotenoid,14648,"Beverages, fruit juice drink, greater than 3% fruit juice, high vitamin C and added thiamin",,Beverages
usda_sr_carotenoid,14649,"Beverages, tea, hibiscus, brewed",,Beverages
usda_sr_carotenoid,14651,"Beverages, fruit juice drink, greater than 3% juice, high vitamin C",,Beverages
usda_sr_carotenoid,15008,"Fish, carp, raw",,Finfish and Shellfish Products
usda_sr_carotenoid,15014,"Fish, cisco, smoked",,Finfish and Shellfish Products
usda_sr_carotenoid,15015,"Fish, cod, Atlantic, raw",,Finfish and Shellfish Products
usda_sr_carotenoid,15016,"Fish, cod, Atlantic, cooked, dry heat",,Finfish and Shellfish Products
usda_sr_carotenoid,15033,"Fish, haddock, raw",,Finfish and Shellfish Products
usda_sr_carotenoid,15038,"Fish, halibut, Greenland, raw",,Finfish and Shellfish Products
usda_sr_carotenoid,15141,"Crustaceans, crab, blue, canned",,Finfish and Shellfish Products
usda_sr_carotenoid,15151,"Crustaceans, shrimp, mixed species, cooked, moist heat (may contain additives to retain moisture)",,Finfish and Shellfish Products
usda_sr_carotenoid,15152,"Crustaceans, shrimp, mixed species, canned",,Finfish and Shellfish Products
usda_sr_carotenoid,15160,"Mollusks, clam, mixed species, canned, drained solids",,Finfish and Shellfish Products
usda_sr_carotenoid,15162,"Mollusks, clam, mixed species, canned, liquid",,Finfish and Shellfish Products
usda_sr_carotenoid,15167,"Mollusks, oyster, eastern, wild, raw",,Finfish and Shellfish Products
usda_sr_carotenoid,15169,"Mollusks, oyster, eastern, wild, cooked, moist heat",,Finfish and Shellfish Products
usda_sr_carotenoid,15170,"Mollusks, oyster, eastern, canned",,Finfish and Shellfish Products
usda_sr_carotenoid,15177,"Mollusks, whelk, unspecified, raw",,Finfish and Shellfish Products
usda_sr_carotenoid,15192,"Fish, cod, Pacific, cooked, dry heat (may contain additives to retain moisture)",,Finfish and Shellfish Products
usda_sr_carotenoid,15201,"Fish, mackerel, Pacific and jack, mixed species, cooked, dry heat",,Finfish and Shellfish Products
usda_sr_carotenoid,15212,"Fish, salmon, pink, cooked, dry heat",,Finfish and Shellfish Products
usda_sr_carotenoid,15221,"Fish, tuna, yellowfin, fresh, cooked, dry heat",,Finfish and Shellfish Products
usda_sr_carotenoid,7002,"Beerwurst, beer salami, pork and beef",,Sausages and Luncheon Meats
usda_sr_carotenoid,7007,"Bologna, beef",,Sausages and Luncheon Meats
usda_sr_carotenoid,7008,"Bologna, beef and pork",,Sausages and Luncheon Meats
usda_sr_carotenoid,20522,"Cornmeal, degermed, unenriched, white",,Cereal Grains and Pasta
usda_sr_carotenoid,20623,"Wheat flour, white (industrial), 9% protein, bleached, enriched",,Cereal Grains and Pasta
usda_sr_carotenoid,20624,"Wheat flour, white (industrial), 9% protein, bleached, unenriched",,Cereal Grains and Pasta
usda_sr_carotenoid,20628,"Wheat flour, white (industrial), 10% protein, bleached, enriched",,Cereal Grains and Pasta
usda_sr_carotenoid,20629,"Wheat flour, white (industrial), 10% protein, bleached, unenriched",,Cereal Grains and Pasta
usda_sr_carotenoid,20641,"Wheat flour, white (industrial), 13% protein, bleached, unenriched",,Cereal Grains and Pasta
usda_sr_carotenoid,20645,"Wheat flour, white (industrial), 15% protein, bleached, enriched",,Cereal Grains and Pasta
usda_sr_carotenoid,20646,"Wheat flour, white (industrial), 15% protein, bleached, unenriched",,Cereal Grains and Pasta
usda_sr_carotenoid,20654,"Pasta, gluten-free, brown rice flour, cooked, TINKYADA",,Cereal Grains and Pasta
usda_sr_carotenoid,20655,"Pasta, gluten-free, corn flour and quinoa flour, cooked, ANCIENT HARVEST",,Cereal Grains and Pasta
usda_sr_carotenoid,21005,"Fast Foods, biscuit, with egg and sausage",,Fast Foods
usda_sr_carotenoid,21007,"Fast foods, biscuit, with egg, cheese, and bacon",,Fast Foods
usda_sr_carotenoid,21008,"Fast foods, biscuit, with ham",,Fast Foods
usda_sr_carotenoid,21009,"Fast foods, biscuit, with sausage",,Fast Foods
usda_sr_carotenoid,21020,"Fast foods, english muffin, with cheese and sausage",,Fast Foods
usda_sr_carotenoid,21021,"Fast foods, english muffin, with egg, cheese, and canadian bacon",,Fast Foods
usda_sr_carotenoid,21022,"Fast foods, english muffin, with egg, cheese, and sausage",,Fast Foods
usda_sr_carotenoid,21024,"Fast foods, french toast sticks",,Fast Foods
usda_sr_carotenoid,21059,"Fast foods, shrimp, breaded and fried",,Fast Foods
usda_sr_carotenoid,21061,"Fast foods, burrito, with beans and cheese",,Fast Foods
usda_sr_carotenoid,21271,"PIZZA HUT 12"" Cheese Pizza, Hand-Tossed Crust",,Fast Foods
usda_sr_carotenoid,21304,"Fast Food, Pizza Chain, 14"" pizza, meat and vegetable topping, regular crust",,Fast Foods
usda_sr_carotenoid,21305,"Fast foods, griddle cake sandwich, egg, cheese, and sausage",,Fast Foods
usda_sr_carotenoid,21306,"Fast foods, griddle cake sandwich, sausage",,Fast Foods
usda_sr_carotenoid,21307,"Fast foods, griddle cake sandwich, egg, cheese, and bacon",,Fast Foods
usda_sr_carotenoid,21340,"McDONALD'S, Sausage Burrito",,Fast Foods
usda_sr_carotenoid,21387,"BURGER KING, Hash Brown Rounds",,Fast Foods
usda_sr_carotenoid,21389,"Fast foods, hamburger; double, large patty; with condiments, vegetables and mayonnaise",,Fast Foods
usda_sr_carotenoid,21397,"Fast foods, cheeseburger; single, large patty; with condiments, vegetables and mayonnaise",,Fast Foods
usda_sr_carotenoid,21398,"Fast foods, cheeseburger; single, large patty; with condiments",,Fast Foods
usda_sr_carotenoid,21399,"Fast Foods, cheeseburger; double, large patty; with condiments, vegetables and mayonnaise",,Fast Foods
usda_sr_carotenoid,21400,"Fast foods, cheeseburger; double, regular patty; double decker bun with condiments and special sauce",,Fast Foods
usda_sr_carotenoid,21413,"Light Ice Cream, soft serve, blended with cookie pieces",,Fast Foods
usda_sr_carotenoid,22401,"Spaghetti with meat sauce, frozen entree",,"Meals, Entrees, and Side Dishes"
usda_sr_carotenoid,22402,"Beef macaroni with tomato sauce, frozen entree, reduced fat",,"Meals, Entrees, and Side Dishes"
usda_sr_carotenoid,22522,"Pasta with Sliced Franks in Tomato Sauce, canned entree",,"Meals, Entrees, and Side Dishes"
usda_sr_carotenoid,22528,"Turkey Pot Pie, frozen entree",,"Meals, Entrees, and Side Dishes"
usda_sr_carotenoid,22901,"Tortellini, pasta with cheese filling, fresh-refrigerated, as purchased",,"Meals, Entrees, and Side Dishes"
usda_sr_carotenoid,22902,"Pizza, meat topping, thick crust, frozen, cooked",,Fast Foods
usda_sr_carotenoid,22903,"Pizza, pepperoni topping, regular crust, frozen, cooked",,Fast Foods
usda_sr_carotenoid,22904,"Chili con carne with beans, canned entree",,"Meals, Entrees, and Side Dishes"
usda_sr_carotenoid,22911,"Chili, no beans, canned entree",,"Meals, Entrees, and Side Dishes"
usda_sr_carotenoid,22912,"Spaghetti, with meatballs in tomato sauce, canned",,"Meals, Entrees, and Side Dishes"
usda_sr_carotenoid,22914,"Pasta with tomato sauce, no meat, canned",,"Meals, Entrees, and Side Dishes"
usda_sr_carotenoid,22928,"Burrito, beef and bean, microwaved",,"Meals, Entrees, and Side Dishes"
usda_sr_carotenoid,22953,"Egg rolls, pork, refrigerated, heated",,"Meals, Entrees, and Side Dishes"
usda_sr_carotenoid,22954,"Egg rolls, chicken, refrigerated, heated",,"Meals, Entrees, and Side Dishes"
usda_sr_carotenoid,22955,"Egg rolls, vegetable, frozen, prepared",,"Meals, Entrees, and Side Dishes"
usda_sr_carotenoid,22956,"Lasagna, Vegetable, frozen, baked",,"Meals, Entrees, and Side Dishes"
usda_sr_carotenoid,22961,"HOT POCKETS, meatballs & mozzarella stuffed sandwich, frozen",,"Meals, Entrees, and Side Dishes"
usda_sr_carotenoid,22962,"LEAN POCKETS, Ham N Cheddar",,"Meals, Entrees, and Side Dishes"
usda_sr_carotenoid,22963,"Lean Pockets, Meatballs & Mozzarella",,"Meals, Entrees, and Side Dishes"
usda_sr_carotenoid,22969,"Chili with beans, microwavable bowls",,"Meals, Entrees, and Side Dishes"
usda_sr_carotenoid,22974,"Chicken, nuggets, dark and white meat, precooked, frozen, not reheated",,"Meals, Entrees, and Side Dishes"
usda_sr_carotenoid,22975,"Chicken, nuggets, white meat, precooked, frozen, not reheated",,"Meals, Entrees, and Side Dishes"
usda_sr_carotenoid,22976,"Ravioli, cheese with tomato sauce, frozen, not prepared, includes regular and light entrees",,"Meals, Entrees, and Side Dishes"
usda_sr_carotenoid,22977,"Lasagna with meat sauce, frozen, prepared",,"Meals, Entrees, and Side Dishes"
usda_sr_carotenoid,23002,"Beef, short loin, porterhouse steak, separable lean and fat, trimmed to 1/8"" fat, all grades, cooked, grilled",,Beef Products
usda_sr_carotenoid,23003,"Beef, short loin, porterhouse steak, separable lean and fat, trimmed to 1/8"" fat, select, raw",,Beef Products
usda_sr_carotenoid,23004,"Beef, short loin, porterhouse steak, separable lean and fat, trimmed to 1/8"" fat, select, cooked, grilled",,Beef Products
usda_sr_carotenoid,23005,"Beef, short loin, t-bone steak, separable lean and fat, trimmed to 1/8"" fat, all grades, raw",,Beef Products
usda_sr_carotenoid,23031,"Beef, round, knuckle, tip side, steak, separable lean and fat, trimmed to 0"" fat, choice, cooked, grilled",,Beef Products
usda_sr_carotenoid,23032,"Beef, round, knuckle, tip side, steak, separable lean and fat , trimmed to 0"" fat, select, raw",,Beef Products
usda_sr_carotenoid,23033,"Beef, round, knuckle, tip side, steak, separable lean and fat, trimmed to 0"" fat, select, cooked, grilled",,Beef Products
usda_sr_carotenoid,23034,"Beef, chuck, shoulder clod, shoulder tender, medallion, separable lean and fat, trimmed to 0"" fat, choice, raw",,Beef Products
usda_sr_carotenoid,23039,"Beef, chuck, shoulder clod, shoulder top and center steaks, separable lean and fat, trimmed to 0"" fat, select, raw",,Beef Products
usda_sr_carotenoid,23040,"Beef, chuck, shoulder clod, shoulder top and center steaks, separable lean and fat, trimmed to 0"" fat, select, cooked, grilled",,Beef Products
usda_sr_carotenoid,23041,"Beef, chuck, shoulder clod, top blade, steak, separable lean and fat, trimmed to 0"" fat, choice, raw",,Beef Products
usda_sr_carotenoid,23042,"Beef, chuck, shoulder clod, top blade, steak, separable lean and fat, trimmed to 0"" fat, choice, cooked, grilled",,Beef Products
usda_sr_carotenoid,23048,"Beef, round, knuckle, tip center, steak, separable lean and fat, trimmed to 0"" fat, select, cooked, grilled",,Beef Products
usda_sr_carotenoid,23049,"Beef, round, outside round, bottom round, steak, separable lean and fat, trimmed to 0"" fat, choice, raw",,Beef Products
usda_sr_carotenoid,23050,"Beef, round, outside round, bottom round, steak, separable lean and fat, trimmed to 0"" fat, choice, cooked, grilled",,Beef Products
usda_sr_carotenoid,23051,"Beef, round, outside round, bottom round, steak, separable lean and fat, trimmed to 0"" fat, select, raw",,Beef Products
usda_sr_carotenoid,23056,"Beef, round, knuckle, tip side, steak, separable lean and fat, trimmed to 0"" fat, all grades, cooked, grilled",,Beef Products
usda_sr_carotenoid,23057,"Beef, chuck, shoulder clod, shoulder top and center steaks, separable lean and fat, trimmed to 0"" fat, all grades, raw",,Beef Products
usda_sr_carotenoid,23058,"Beef, chuck, shoulder clod, shoulder top and center steaks, separable lean and fat, trimmed to 0"" fat, all grades, cooked, grilled",,Beef Products
usda_sr_carotenoid,23059,"Beef, chuck, shoulder clod, top blade, steak, separable lean and fat, trimmed to 0"" fat, all grades, raw",,Beef Products
usda_sr_carotenoid,23064,"Beef, round, outside round, bottom round, steak, separable lean and fat, trimmed to 0"" fat, all grades, cooked, grilled",,Beef Products
usda_sr_carotenoid,23065,"Beef, chuck, shoulder clod, shoulder tender, medallion, separable lean and fat, trimmed to 0"" fat, select, cooked, grilled",,Beef Products
usda_sr_carotenoid,23165,"Beef, plate steak, boneless, inside skirt, separable lean only, trimmed to 0"" fat, choice, raw",,Beef Products
usda_sr_carotenoid,23166,"Beef, plate steak, boneless, inside skirt, separable lean only, trimmed to 0"" fat, select, cooked, grilled",,Beef Products
usda_sr_carotenoid,23167,"Beef, plate steak, boneless, inside skirt, separable lean only, trimmed to 0"" fat, select, raw",,Beef Products
usda_sr_carotenoid,23168,"Beef, plate steak, boneless, outside skirt, separable lean only, trimmed to 0"" fat, all grades, cooked, grilled",,Beef Products
usda_sr_carotenoid,23173,"Beef, plate steak, boneless, outside skirt, separable lean only, trimmed to 0"" fat, select, raw",,Beef Products
usda_sr_carotenoid,23174,"Beef, rib eye steak, boneless, lip off, separable lean only, trimmed to 0"" fat, all grades, cooked, grilled",,Beef Products
usda_sr_carotenoid,23175,"Beef, rib eye steak, boneless, lip off, separable lean only, trimmed to 0"" fat, all grades, raw",,Beef Products
usda_sr_carotenoid,23176,"Beef, rib eye steak, boneless, lip off, separable lean only, trimmed to 0"" fat, choice, cooked, grilled",,Beef Products
usda_sr_carotenoid,23181,"Beef, rib, back ribs, bone-in, separable lean only, trimmed to 0"" fat, all grades, raw",,Beef Products
usda_sr_carotenoid,23182,"Beef, rib, back ribs, bone-in, separable lean only, trimmed to 0"" fat, choice, cooked, braised",,Beef Products
usda_sr_carotenoid,23183,"Beef, rib, back ribs, bone-in, separable lean only, trimmed to 0"" fat, choice, raw",,Beef Products
usda_sr_carotenoid,23184,"Beef, rib, back ribs, bone-in, separable lean only, trimmed to 0"" fat, select, cooked, braised",,Beef Products
usda_sr_carotenoid,23190,"Beef, rib eye roast, bone-in, lip-on, separable lean and fat, trimmed to 1/8"" fat, select, cooked, roasted",,Beef Products
usda_sr_carotenoid,23191,"Beef, rib eye roast, bone-in, lip-on, separable lean and fat, trimmed to 1/8"" fat, all grades, cooked, roasted",,Beef Products
usda_sr_carotenoid,23192,"Beef, rib eye steak/roast, bone-in, lip-on, separable lean and fat, trimmed to 1/8"" fat, all grades, raw",,Beef Products
usda_sr_carotenoid,23193,"Beef, rib eye steak/roast, bone-in, lip-on, separable lean and fat, trimmed to 1/8"" fat, choice, raw",,Beef Products
usda_sr_carotenoid,23198,"Beef, rib eye roast, boneless, lip-on, separable lean and fat, trimmed to 1/8"" fat, all grades, cooked, roasted",,Beef Products
usda_sr_carotenoid,23199,"Beef, rib eye roast, boneless, lip-on, separable lean and fat, trimmed to 1/8"" fat, choice, cooked, roasted",,Beef Products
usda_sr_carotenoid,23200,"Beef, rib eye roast, boneless, lip-on, separable lean and fat, trimmed to 1/8"" fat, select, cooked, roasted",,Beef Products
usda_sr_carotenoid,23201,"Beef, rib eye steak/roast, boneless, lip-on, separable lean and fat, trimmed to 1/8"" fat, all grades, raw",,Beef Products
usda_sr_carotenoid,23216,"Beef, plate steak, boneless, inside skirt, separable lean and fat, trimmed to 0"" fat, select, cooked, grilled",,Beef Products
usda_sr_carotenoid,23217,"Beef, plate steak, boneless, inside skirt, separable lean and fat, trimmed to 0"" fat, all grades, raw",,Beef Products
usda_sr_carotenoid,23218,"Beef, plate steak, boneless, inside skirt, separable lean and fat, trimmed to 0"" fat, choice, raw",,Beef Products
usda_sr_carotenoid,23219,"Beef, plate steak, boneless, inside skirt, separable lean and fat, trimmed to 0"" fat, select, raw",,Beef Products
usda_sr_carotenoid,23220,"Beef, ground, unspecified fat content, cooked",,Beef Products
usda_sr_carotenoid,23225,"Beef, plate steak, boneless, outside skirt, separable lean and fat, trimmed to 0"" fat, choice, raw",,Beef Products
usda_sr_carotenoid,23226,"Beef, plate steak, boneless, outside skirt, separable lean and fat, trimmed to 0"" fat, select, raw",,Beef Products
usda_sr_carotenoid,23227,"Beef, rib eye steak, boneless, lip off, separable lean and fat, trimmed to 0"" fat, all grades, cooked, grilled",,Beef Products
usda_sr_carotenoid,23228,"Beef, rib eye steak, boneless, lip off, separable lean and fat, trimmed to 0"" fat, choice, cooked, grilled",,Beef Products
usda_sr_carotenoid,23233,"Beef, rib, back ribs, bone-in, separable lean and fat, trimmed to 0"" fat, all grades, cooked, braised",,Beef Products
usda_sr_carotenoid,23234,"Beef, rib, back ribs, bone-in, separable lean and fat, trimmed to 0"" fat, choice, cooked, braised",,Beef Products
usda_sr_carotenoid,23235,"Beef, rib, back ribs, bone-in, separable lean and fat, trimmed to 0"" fat, select, cooked, braised",,Beef Products
usda_sr_carotenoid,23236,"Beef, rib, back ribs, bone-in, separable lean and fat, trimmed to 0"" fat, all grades, raw",,Beef Products
usda_sr_carotenoid,23241,"Beef, loin, top sirloin cap steak, boneless, separable lean only, trimmed to 1/8"" fat, all grades, cooked, grilled",,Beef Products
usda_sr_carotenoid,23242,"Beef, loin, top sirloin cap steak, boneless, separable lean only, trimmed to 1/8"" fat, choice, cooked, grilled",,Beef Products
usda_sr_carotenoid,23243,"Beef, loin, top sirloin cap steak, boneless, separable lean only, trimmed to 1/8"" fat, select, cooked, grilled",,Beef Products
usda_sr_carotenoid,23244,"Beef, loin, top sirloin cap steak, boneless, separable lean only, trimmed to 1/8"" fat, all grades, raw",,Beef Products
usda_sr_carotenoid,23245,"Beef, loin, top sirloin cap steak, boneless, separable lean only, trimmed to 1/8"" fat, choice, raw",,Beef Products
usda_sr_carotenoid,1004,"Cheese, blue",,Dairy and Egg Products
usda_sr_carotenoid,1005,"Cheese, brick",,Dairy and Egg Products
usda_sr_carotenoid,1006,"Cheese, brie",,Dairy and Egg Products
usda_sr_carotenoid,1007,"Cheese, camembert",,Dairy and Egg Products
usda_sr_carotenoid,1012,"Cheese, cottage, creamed, large or small curd",,Dairy and Egg Products
usda_sr_carotenoid,1013,"Cheese, cottage, creamed, with fruit",,Dairy and Egg Products
usda_sr_carotenoid,1014,"Cheese, cottage, nonfat, uncreamed, dry, large or small curd",,Dairy and Egg Products
usda_sr_carotenoid,1015,"Cheese, cottage, lowfat, 2% milkfat",,Dairy and Egg Products
usda_sr_carotenoid,1124,"Egg, white, raw, fresh",,Dairy and Egg Products
usda_sr_carotenoid,1125,"Egg, yolk, raw, fresh",,Dairy and Egg Products
usda_sr_carotenoid,1130,"Egg, whole, cooked, omelet",,Dairy and Egg Products
usda_sr_carotenoid,1131,"Egg, whole, cooked, poached",,Dairy and Egg Products
usda_sr_carotenoid,1132,"Egg, whole, cooked, scrambled",,Dairy and Egg Products
usda_sr_carotenoid,1133,"Egg, whole, dried",,Dairy and Egg Products
usda_sr_carotenoid,1138,"Egg, duck, whole, fresh, raw",,Dairy and Egg Products
usda_sr_carotenoid,1139,"Egg, goose, whole, fresh, raw",,Dairy and Egg Products
usda_sr_carotenoid,1140,"Egg, quail, whole, fresh, raw",,Dairy and Egg Products
usda_sr_carotenoid,1154,"Milk, dry, nonfat, regular, with added vitamin A and vitamin D",,Dairy and Egg Products
usda_sr_carotenoid,1155,"Milk, dry, nonfat, instant, without added vitamin A and vitamin D",,Dairy and Egg Products
usda_sr_carotenoid,1156,"Cheese, goat, hard type",,Dairy and Egg Products
usda_sr_carotenoid,1161,"Cheese substitute, mozzarella",,Dairy and Egg Products
usda_sr_carotenoid,1162,"Yogurt, Greek, 2% fat, mango, CHOBANI",,Dairy and Egg Products
usda_sr_carotenoid,1164,"Cheese sauce, prepared from recipe",,Dairy and Egg Products
usda_sr_carotenoid,1165,"Cheese, mexican, queso anejo",,Dairy and Egg Products
usda_sr_carotenoid,1171,"Egg, whole, raw, frozen, pasteurized (Includes foods for USDA's Food Distribution Program)",,Dairy and Egg Products
usda_sr_carotenoid,1172,"Egg, white, raw, frozen, pasteurized",,Dairy and Egg Products
usda_sr_carotenoid,1173,"Egg, white, dried",,Dairy and Egg Products
usda_sr_carotenoid,1174,"Milk, reduced fat, fluid, 2% milkfat, without added vitamin A and vitamin D",,Dairy and Egg Products
usda_sr_carotenoid,1185,"Parmesan cheese topping, fat free",,Dairy and Egg Products
usda_sr_carotenoid,1186,"Cheese, cream, fat free",,Dairy and Egg Products
usda_sr_carotenoid,1187,"Yogurt, chocolate, nonfat milk",,Dairy and Egg Products
usda_sr_carotenoid,1199,"Cream, half and half, fat free",,Dairy and Egg Products
usda_sr_carotenoid,1200,Reddi Wip Fat Free Whipped Topping,,Dairy and Egg Products
usda_sr_carotenoid,1206,"Cream substitute, flavored, powdered",,Dairy and Egg Products
usda_sr_carotenoid,1208,"Cheese, provolone, reduced fat",,Dairy and Egg Products
usda_sr_carotenoid,1209,"Cheese, Mexican, blend, reduced fat",,Dairy and Egg Products
usda_sr_carotenoid,1211,"Milk, whole, 3.25% milkfat, without added vitamin A and vitamin D",,Dairy and Egg Products
usda_sr_carotenoid,1219,"Yogurt, fruit, lowfat, with low calorie sweetener, fortified with vitamin D",,Dairy and Egg Products
usda_sr_carotenoid,1220,"Yogurt, vanilla, low fat, fortified with vitamin D",,Dairy and Egg Products
usda_sr_carotenoid,1221,"Yogurt, vanilla or lemon flavor, nonfat milk, sweetened with low-calorie sweetener, fortified with vitamin D",,Dairy and Egg Products
usda_sr_carotenoid,1222,"Yogurt, chocolate, nonfat milk, fortified with vitamin D",,Dairy and Egg Products
usda_sr_carotenoid,1227,"Cheese, dry white, queso seco",,Dairy and Egg Products
usda_sr_carotenoid,1228,"Cheese, fresh, queso fresco",,Dairy and Egg Products
usda_sr_carotenoid,1229,"Cheese, white, queso blanco",,Dairy and Egg Products
usda_sr_carotenoid,1230,"Milk, buttermilk, fluid, whole",,Dairy and Egg Products
usda_sr_carotenoid,1238,Ice cream sandwich,,Dairy and Egg Products
usda_sr_carotenoid,1239,Ice cream cookie sandwich,,Dairy and Egg Products
usda_sr_carotenoid,1240,"Ice cream cone, chocolate covered, with nuts, flavors other than chocolate",,Dairy and Egg Products
usda_sr_carotenoid,1241,"Ice cream sandwich, made with light ice cream, vanilla",,Dairy and Egg Products
usda_sr_carotenoid,1242,"Ice cream sandwich, vanilla, light, no sugar added",,Dairy and Egg Products
usda_sr_carotenoid,2043,"Spices, turmeric, ground",,Spices and Herbs
usda_sr_carotenoid,2044,"Basil, fresh",,Spices and Herbs
usda_sr_carotenoid,2046,"Mustard, prepared, yellow",,Spices and Herbs
usda_sr_carotenoid,2052,"Vanilla extract, imitation, no alcohol",,Spices and Herbs
usda_sr_carotenoid,2053,"Vinegar, distilled",,Spices and Herbs
usda_sr_carotenoid,2054,"Capers, canned",,Spices and Herbs
usda_sr_carotenoid,3003,"Babyfood, meat, beef, junior",,Baby Foods
usda_sr_carotenoid,3005,"Babyfood, meat, veal, strained",,Baby Foods
usda_sr_carotenoid,3007,"Babyfood, meat, pork, strained",,Baby Foods
usda_sr_carotenoid,3008,"Babyfood, meat, ham, strained",,Baby Foods
usda_sr_carotenoid,3013,"Babyfood, meat, chicken, junior",,Baby Foods
usda_sr_carotenoid,3014,"Babyfood, meat, chicken sticks, junior",,Baby Foods
usda_sr_carotenoid,3015,"Babyfood, meat, turkey, strained",,Baby Foods
usda_sr_carotenoid,3016,"Babyfood, meat, turkey, junior",,Baby Foods
usda_sr_carotenoid,3023,"Babyfood, finger snacks, GERBER, GRADUATES, PUFFS, apple and cinnamon",,Baby Foods
usda_sr_carotenoid,3024,"Babyfood, water, bottled, GERBER, without added fluoride",,Baby Foods
usda_sr_carotenoid,3025,"Babyfood, GERBER, 3rd Foods, apple, mango and kiwi",,Baby Foods
usda_sr_carotenoid,3026,"Babyfood, tropical fruit medley",,Baby Foods
usda_sr_carotenoid,3046,"Babyfood, ravioli, cheese filled, with tomato sauce",,Baby Foods
usda_sr_carotenoid,3047,"Babyfood, dinner, beef noodle, strained",,Baby Foods
usda_sr_carotenoid,3048,"Babyfood, macaroni and cheese, toddler",,Baby Foods
usda_sr_carotenoid,3055,"Babyfood, dinner, beef with vegetables",,Baby Foods
usda_sr_carotenoid,3068,"Babyfood, dinner, chicken noodle, strained",,Baby Foods
usda_sr_carotenoid,3069,"Babyfood, dinner, chicken noodle, junior",,Baby Foods
usda_sr_carotenoid,3077,"Babyfood, dinner, pasta with vegetables",,Baby Foods
usda_sr_carotenoid,3082,"Babyfood, dinner, turkey and rice, strained",,Baby Foods
usda_sr_carotenoid,3090,"Babyfood, dinner, macaroni and cheese, junior",,Baby Foods
usda_sr_carotenoid,3091,"Babyfood, vegetables, green beans, strained",,Baby Foods
usda_sr_carotenoid,3092,"Babyfood, vegetables, green beans, junior",,Baby Foods
usda_sr_carotenoid,3093,"Babyfood, green beans, dices, toddler",,Baby Foods
usda_sr_carotenoid,3104,"Babyfood, vegetables, squash, strained",,Baby Foods
usda_sr_carotenoid,3105,"Babyfood, vegetables, squash, junior",,Baby Foods
usda_sr_carotenoid,3108,"Babyfood, vegetables, sweet potatoes strained",,Baby Foods
usda_sr_carotenoid,3109,"Babyfood, vegetables, sweet potatoes, junior",,Baby Foods
usda_sr_carotenoid,3117,"Babyfood, fruit, applesauce, junior",,Baby Foods
usda_sr_carotenoid,3118,"Babyfood, fruit, apricot with tapioca, strained",,Baby Foods
usda_sr_carotenoid,3119,"Babyfood, vegetables, corn, creamed, strained",,Baby Foods
usda_sr_carotenoid,3279,"Babyfood, dinner, mixed vegetable, junior",,Baby Foods
usda_sr_carotenoid,3280,"Babyfood, fruit, bananas with tapioca, junior",,Baby Foods
usda_sr_carotenoid,3282,"Babyfood, vegetables, mix vegetables junior",,Baby Foods
usda_sr_carotenoid,3283,"Babyfood, vegetables, garden vegetable, strained",,Baby Foods
usda_sr_carotenoid,3293,"Babyfood, plums, bananas and rice, strained",,Baby Foods
usda_sr_carotenoid,3296,"Babyfood, dinner, turkey, rice, and vegetables, toddler",,Baby Foods
usda_sr_carotenoid,3297,"Babyfood, dinner, apples and chicken, strained",,Baby Foods
usda_sr_carotenoid,3298,"Babyfood, dinner, broccoli and chicken, junior",,Baby Foods
usda_sr_carotenoid,3391,"Infant formula, MEAD JOHNSON, Pregestimil 24 Calories, ready to feed, with ARA and DHA",,Baby Foods
usda_sr_carotenoid,3681,"Babyfood, cereal, barley, prepared with whole milk",,Baby Foods
usda_sr_carotenoid,3690,"Babyfood, cereal, oatmeal, with bananas, prepared with whole milk",,Baby Foods
usda_sr_carotenoid,3694,"Babyfood, cereal, rice, prepared with whole milk",,Baby Foods
usda_sr_carotenoid,3696,"Babyfood, cereal, rice, with honey, prepared with whole milk",,Baby Foods
usda_sr_carotenoid,3805,"Infant formula, MEAD JOHNSON, ENFAMIL, with iron, powder",,Baby Foods
usda_sr_carotenoid,3808,"Infant formula, MEAD JOHNSON, ENFAMIL, Infant, with iron, powder, with ARA and DHA",,Baby Foods
usda_sr_carotenoid,3812,"Infant formula, MEAD JOHNSON, ENFAMIL, Infant, with iron, liquid concentrate, with ARA and DHA, reconstituted",,Baby Foods
usda_sr_carotenoid,3815,"Infant formula, MEAD JOHNSON, ENFAMIL LIPIL, with iron, ready-to-feed, with ARA and DHA",,Baby Foods
usda_sr_carotenoid,3825,"Infant formula, MEAD JOHNSON, ENFAMIL, LIPIL, low iron, ready to feed, with ARA and DHA",,Baby Foods
usda_sr_carotenoid,3832,"Infant formula, MEAD JOHNSON, ENFAMIL, Infant, ready-to-feed, with ARA and DHA",,Baby Foods
usda_sr_carotenoid,3837,"Infant formula, ABBOTT NUTRITION, SIMILAC, PM 60/40, powder not reconstituted",,Baby Foods
usda_sr_carotenoid,3838,"Infant formula, MEAD JOHNSON, ENFAMIL, NUTRAMIGEN WITH LGG, with iron, powder, not reconstituted, with ARA and DHA",,Baby Foods
usda_sr_carotenoid,3845,"Infant formula, MEAD JOHNSON, ENFAMIL, NUTRAMIGEN, with iron, ready-to-feed, with ARA and DHA",,Baby Foods
usda_sr_carotenoid,3846,"Infant formula, ABBOTT NUTRITION, SIMILAC, ALIMENTUM, with iron, ready-to-feed",,Baby Foods
usda_sr_carotenoid,3849,"Infant formula, MEAD JOHNSON, ENFAMIL, ENFACARE, with iron, powder, with ARA and DHA",,Baby Foods
usda_sr_carotenoid,3851,"Infant formula, ABBOTT NUTRITION, SIMILAC, with iron, liquid concentrate, not reconstituted",,Baby Foods
usda_sr_carotenoid,3860,"Child formula, ABBOTT NUTRITION, PEDIASURE, ready-to-feed",,Baby Foods
usda_sr_carotenoid,3861,"Infant formula, MEAD JOHNSON, NEXT STEP, PROSOBEE LIPIL, powder, with ARA and DHA",,Baby Foods
usda_sr_carotenoid,3864,"Infant formula, MEAD JOHNSON, NEXT STEP, PROSOBEE, LIPIL, ready to feed, with ARA and DHA",,Baby Foods
usda_sr_carotenoid,3867,"Infant formula, NESTLE, GOOD START SOY, with ARA and DHA, powder",,Baby Foods
usda_sr_carotenoid,3934,"Babyfood, corn and sweet potatoes, strained",,Baby Foods
usda_sr_carotenoid,3935,"Infant formula, ABBOTT NUTRITION, SIMILAC, ALIMENTUM, ADVANCE, ready-to-feed, with ARA and DHA",,Baby Foods
usda_sr_carotenoid,3936,"Infant formula, PBM PRODUCTS, store brand, ready-to-feed",,Baby Foods
usda_sr_carotenoid,3937,"Infant formula, PBM PRODUCTS, store brand, liquid concentrate, not reconstituted",,Baby Foods
usda_sr_carotenoid,3942,"Infant formula, MEAD JOHNSON, ENFAMIL, AR, ready-to-feed, with ARA and DHA",,Baby Foods
usda_sr_carotenoid,3943,"Infant formula, MEAD JOHNSON, ENFAMIL, AR, powder, with ARA and DHA",,Baby Foods
usda_sr_carotenoid,3944,"Infant formula, ABBOTT NUTRITION, SIMILAC NEOSURE, ready-to-feed, with ARA and DHA",,Baby Foods
usda_sr_carotenoid,3945,"Infant formula, ABBOTT NUTRITION, SIMILAC, NEOSURE, powder, with ARA and DHA",,Baby Foods
usda_sr_carotenoid,3946,"Infant formula, ABBOTT NUTRITION, SIMILAC, SENSITIVE (LACTOSE FREE) ready-to-feed, with ARA and DHA",,Baby Foods
usda_sr_carotenoid,3951,"Infant formula, ABBOTT NUTRITION, SIMILAC, ADVANCE, with iron, liquid concentrate, not reconstituted",,Baby Foods
usda_sr_carotenoid,4544,"Shortening, household, lard and vegetable oil",,Fats and Oils
usda_sr_carotenoid,4545,"Oil, sunflower, linoleic, (partially hydrogenated)",,Fats and Oils
usda_sr_carotenoid,4548,"Shortening cake mix, soybean (hydrogenated) and cottonseed (hydrogenated)",,Fats and Oils
usda_sr_carotenoid,4560,"Shortening frying (heavy duty), soybean (hydrogenated), linoleic (less than 1%)",,Fats and Oils
usda_sr_carotenoid,4572,"Oil, nutmeg butter",,Fats and Oils
usda_sr_carotenoid,4582,"Oil, canola",,Fats and Oils
usda_sr_carotenoid,4584,"Oil, sunflower, high oleic (70% and over)",,Fats and Oils
usda_sr_carotenoid,4585,"Margarine-like, margarine-butter blend, soybean oil and butter",,Fats and Oils
usda_sr_carotenoid,4602,"Butter, light, stick, without salt",,Fats and Oils
usda_sr_carotenoid,4609,"Animal fat, bacon grease",,Fats and Oils
usda_sr_carotenoid,4610,"Margarine, regular, 80% fat, composite, stick, with salt",,Fats and Oils
usda_sr_carotenoid,4611,"Margarine, regular, 80% fat, composite, tub, with salt",,Fats and Oils
usda_sr_carotenoid,4612,"Margarine-like, vegetable oil spread, 60% fat, stick, with salt",,Fats and Oils
usda_sr_carotenoid,4618,"Margarine, regular, 80% fat, composite, tub, without salt",,Fats and Oils
usda_sr_carotenoid,4620,"Margarine-like, vegetable oil spread, 60% fat, stick/tub/bottle, without salt",,Fats and Oils
usda_sr_carotenoid,4624,"Margarine-like, vegetable oil spread, fat free, liquid, with salt",,Fats and Oils
usda_sr_carotenoid,4626,"Margarine-like spread with yogurt, 70% fat, stick, with salt",,Fats and Oils
usda_sr_carotenoid,4631,"Margarine-like, vegetable oil spread, fat-free, tub",,Fats and Oils
usda_sr_carotenoid,4633,"Margarine-like, vegetable oil spread, 20% fat, with salt",,Fats and Oils
usda_sr_carotenoid,4634,"Margarine-like, vegetable oil spread, 20% fat, without salt",,Fats and Oils
usda_sr_carotenoid,4635,"Salad dressing, thousand island dressing, fat-free",,Fats and Oils
usda_sr_carotenoid,4642,"Oil, industrial, mid-oleic, sunflower",,Fats and Oils
usda_sr_carotenoid,4643,"Oil, industrial, canola with antifoaming agent, principal uses salads, woks and light frying",,Fats and Oils
usda_sr_carotenoid,4644,"Oil, industrial, canola for salads, woks and light frying",,Fats and Oils
usda_sr_carotenoid,4645,"Oil, industrial, canola (partially hydrogenated) oil for deep fat frying",,Fats and Oils
usda_sr_carotenoid,4651,"Oil, industrial, soy (partially hydrogenated), multiuse for non-dairy butter flavor",,Fats and Oils
usda_sr_carotenoid,4652,"Oil, industrial, soy ( partially hydrogenated), all purpose",,Fats and Oils
usda_sr_carotenoid,4653,"Oil, industrial, soy (partially hydrogenated ) and soy (winterized), pourable clear fry",,Fats and Oils
usda_sr_carotenoid,4654,"Oil, industrial, soy (partially hydrogenated)  and cottonseed, principal use as a tortilla shortening",,Fats and Oils
usda_sr_carotenoid,4659,"Oil, industrial, coconut, confection fat, typical basis for ice cream coatings",,Fats and Oils
usda_sr_carotenoid,4660,"Oil, industrial, palm kernel (hydrogenated) , used for whipped toppings, non-dairy",,Fats and Oils
usda_sr_carotenoid,4661,"Oil, industrial, coconut (hydrogenated), used for whipped toppings and coffee whiteners",,Fats and Oils
usda_sr_carotenoid,4662,"Oil, industrial, palm and palm kernel, filling fat (non-hydrogenated)",,Fats and Oils
usda_sr_carotenoid,4669,"Oil, vegetable, soybean, refined",,Fats and Oils
usda_sr_carotenoid,5066,"Chicken, broilers or fryers, drumstick, meat and skin, raw",,Poultry Products
usda_sr_carotenoid,5073,"Chicken, broilers or fryers, dark meat, drumstick, meat only, cooked, roasted",,Poultry Products
usda_sr_carotenoid,5074,"Chicken, broilers or fryers, drumstick, meat only, cooked, stewed",,Poultry Products
usda_sr_carotenoid,5075,"Chicken, broilers or fryers, leg, meat and skin, raw",,Poultry Products
usda_sr_carotenoid,5082,"Chicken, broilers or fryers, leg, meat only, cooked, roasted",,Poultry Products
usda_sr_carotenoid,5083,"Chicken, broilers or fryers, leg, meat only, cooked, stewed",,Poultry Products
usda_sr_carotenoid,5091,"Chicken, broilers or fryers, thigh, meat and skin, raw",,Poultry Products
usda_sr_carotenoid,5098,"Chicken, broilers or fryers, thigh, meat only, cooked, roasted",,Poultry Products
usda_sr_carotenoid,5099,"Chicken, broilers or fryers, thigh, meat only, cooked, stewed",,Poultry Products
usda_sr_carotenoid,5100,"Chicken, broilers or fryers, wing, meat and skin, raw",,Poultry Products
usda_sr_carotenoid,5107,"Chicken, broilers or fryers, wing, meat only, cooked, roasted",,Poultry Products
usda_sr_carotenoid,5108,"Chicken, broilers or fryers, wing, meat only, cooked, stewed",,Poultry Products
usda_sr_carotenoid,5117,"Chicken, roasting, light meat, meat only, raw",,Poultry Products
usda_sr_carotenoid,5122,"Chicken, stewing, meat and skin, and giblets and neck, cooked, stewed",,Poultry Products
usda_sr_carotenoid,5123,"Chicken, stewing, meat and skin, raw",,Poultry Products
usda_sr_carotenoid,5125,"Chicken, stewing, meat only, raw",,Poultry Products
usda_sr_carotenoid,5126,"Chicken, stewing, meat only, cooked, stewed",,Poultry Products
usda_sr_carotenoid,5131,"Chicken, stewing, dark meat, meat only, raw",,Poultry Products
usda_sr_carotenoid,5139,"Duck, domesticated, meat and skin, raw",,Poultry Products
usda_sr_carotenoid,5140,"Duck, domesticated, meat and skin, cooked, roasted",,Poultry Products
usda_sr_carotenoid,5141,"Duck, domesticated, meat only, raw",,Poultry Products
usda_sr_carotenoid,5142,"Duck, domesticated, meat only, cooked, roasted",,Poultry Products
usda_sr_carotenoid,5147,"Goose, domesticated, meat and skin, cooked, roasted",,Poultry Products
usda_sr_carotenoid,16069,"Lentils, raw",,Legumes and Legume Products
usda_sr_carotenoid,16070,"Lentils, mature seeds, cooked, boiled, without salt",,Legumes and Legume Products
usda_sr_carotenoid,16076,"Lupins, mature seeds, raw",,Legumes and Legume Products
usda_sr_carotenoid,16084,"Mungo beans, mature seeds, cooked, boiled, without salt",,Legumes and Legume Products
usda_sr_carotenoid,16085,"Peas, green, split, mature seeds, raw",,Legumes and Legume Products
usda_sr_carotenoid,16086,"Peas, split, mature seeds, cooked, boiled, without salt",,Legumes and Legume Products
usda_sr_carotenoid,16087,"Peanuts, all types, raw",,Legumes and Legume Products
usda_sr_carotenoid,16095,"Peanuts, virginia, raw",,Legumes and Legume Products
usda_sr_carotenoid,16103,"Refried beans, canned, traditional style",,Legumes and Legume Products
usda_sr_carotenoid,16104,"Bacon, meatless",,Legumes and Legume Products
usda_sr_carotenoid,16110,"Soybeans, mature seeds, roasted, salted",,Legumes and Legume Products
usda_sr_carotenoid,16112,Miso,,Legumes and Legume Products
usda_sr_carotenoid,16113,Natto,,Legumes and Legume Products
usda_sr_carotenoid,16118,"Soy flour, low-fat",,Legumes and Legume Products
usda_sr_carotenoid,16120,"Soymilk, original and vanilla, unfortified",,Legumes and Legume Products
usda_sr_carotenoid,16121,"Soy protein concentrate, produced by alcohol extraction",,Legumes and Legume Products
usda_sr_carotenoid,16126,"Tofu, firm, prepared with calcium sulfate and magnesium chloride (nigari)",,Legumes and Legume Products
usda_sr_carotenoid,16127,"Tofu, soft, prepared with calcium sulfate and magnesium chloride (nigari)",,Legumes and Legume Products
usda_sr_carotenoid,16129,"Tofu, fried",,Legumes and Legume Products
usda_sr_carotenoid,16137,"Hummus, home prepared",,Legumes and Legume Products
usda_sr_carotenoid,16139,"Soymilk, original and vanilla, with added calcium, vitamins A and D",,Legumes and Legume Products
usda_sr_carotenoid,16149,"Peanut spread, reduced sugar",,Legumes and Legume Products
usda_sr_carotenoid,16150,"Peanut butter, smooth, reduced fat",,Legumes and Legume Products
usda_sr_carotenoid,16155,"Peanut butter, smooth, vitamin and mineral fortified",,Legumes and Legume Products
usda_sr_carotenoid,16156,"Peanut butter, chunky, vitamin and mineral fortified",,Legumes and Legume Products
usda_sr_carotenoid,16172,"Refried beans, canned, fat-free",,Legumes and Legume Products
usda_sr_carotenoid,16397,"Peanut butter, chunk style, without salt",,Legumes and Legume Products
usda_sr_carotenoid,16398,"Peanut butter, smooth style, without salt",,Legumes and Legume Products
usda_sr_carotenoid,16424,"Soy sauce made from soy and wheat (shoyu), low sodium",,Legumes and Legume Products
usda_sr_carotenoid,16425,"Soy sauce, reduced sodium, made from hydrolyzed vegetable protein",,Legumes and Legume Products
usda_sr_carotenoid,17000,"Veal, Australian, rib, rib roast, separable lean only, raw",,"Lamb, Veal, and Game Products"
usda_sr_carotenoid,17002,"Lamb, composite of trimmed retail cuts, separable lean and fat, trimmed to 1/4"" fat, choice, cooked",,"Lamb, Veal, and Game Products"
usda_sr_carotenoid,17008,"Lamb, foreshank, separable lean and fat, trimmed to 1/4"" fat, choice, cooked, braised",,"Lamb, Veal, and Game Products"
usda_sr_carotenoid,17024,"Lamb, loin, separable lean and fat, trimmed to 1/4"" fat, choice, cooked, broiled",,"Lamb, Veal, and Game Products"
usda_sr_carotenoid,17025,"Lamb, loin, separable lean and fat, trimmed to 1/4"" fat, choice, cooked, roasted",,"Lamb, Veal, and Game Products"
usda_sr_carotenoid,17027,"Lamb, loin, separable lean only, trimmed to 1/4"" fat, choice, cooked, broiled",,"Lamb, Veal, and Game Products"
usda_sr_carotenoid,17033,"Lamb, rib, separable lean only, trimmed to 1/4"" fat, choice, cooked, broiled",,"Lamb, Veal, and Game Products"
usda_sr_carotenoid,17035,"Lamb, shoulder, whole (arm and blade), separable lean and fat, trimmed to 1/4"" fat, choice, raw",,"Lamb, Veal, and Game Products"
usda_sr_carotenoid,17041,"Lamb, shoulder, whole (arm and blade), separable lean only, trimmed to 1/4"" fat, choice, cooked, broiled",,"Lamb, Veal, and Game Products"
usda_sr_carotenoid,17042,"Lamb, shoulder, whole (arm and blade), separable lean only, trimmed to 1/4"" fat, choice, cooked, roasted",,"Lamb, Veal, and Game Products"
usda_sr_carotenoid,17060,"Lamb, cubed for stew or kabob (leg and shoulder), separable lean only, trimmed to 1/4"" fat, cooked, braised",,"Lamb, Veal, and Game Products"
usda_sr_carotenoid,17068,"Lamb, New Zealand, imported, fore-shank, separable lean and fat, raw",,"Lamb, Veal, and Game Products"
usda_sr_carotenoid,17069,"Lamb, New Zealand, imported, fore-shank, separable lean and fat, cooked, braised",,"Lamb, Veal, and Game Products"
usda_sr_carotenoid,17074,"Lamb, New Zealand, imported, leg chop/steak, bone-in, separable lean only, raw",,"Lamb, Veal, and Game Products"
usda_sr_carotenoid,17076,"Lamb, New Zealand, imported, loin chop, separable lean and fat, raw",,"Lamb, Veal, and Game Products"
usda_sr_carotenoid,17176,"Game meat, opossum, cooked, roasted",,"Lamb, Veal, and Game Products"
usda_sr_carotenoid,17184,"Game meat, squirrel, cooked, roasted",,"Lamb, Veal, and Game Products"
usda_sr_carotenoid,17202,"Veal, variety meats and by-products, liver, raw",,"Lamb, Veal, and Game Products"
usda_sr_carotenoid,17203,"Veal, variety meats and by-products, liver, cooked, braised",,"Lamb, Veal, and Game Products"
usda_sr_carotenoid,17218,"Veal, variety meats and by-products, thymus, raw",,"Lamb, Veal, and Game Products"
usda_sr_carotenoid,17219,"Veal, variety meats and by-products, thymus, cooked, braised",,"Lamb, Veal, and Game Products"
usda_sr_carotenoid,17225,"Lamb, ground, cooked, broiled",,"Lamb, Veal, and Game Products"
usda_sr_carotenoid,17317,"Lamb, Australian, imported, fresh, rib chop, frenched, bone-in, separable lean only, trimmed to 1/8"" fat, cooked, grilled",,"Lamb, Veal, and Game Products"
usda_sr_carotenoid,17334,"Game meat, bison, chuck, shoulder clod, separable lean only, raw",,"Lamb, Veal, and Game Products"
usda_sr_carotenoid,17335,"Game meat, bison, ribeye, separable lean only, 1"" steak, cooked, broiled",,"Lamb, Veal, and Game Products"
usda_sr_carotenoid,17336,"Game meat, bison, top round, separable lean only, 1"" steak, cooked, broiled",,"Lamb, Veal, and Game Products"
usda_sr_carotenoid,17337,"Game meat, bison, top round, separable lean only, 1"" steak, raw",,"Lamb, Veal, and Game Products"
usda_sr_carotenoid,17343,"Game meat, deer, ground, raw",,"Lamb, Veal, and Game Products"
usda_sr_carotenoid,17344,"Game meat, deer, ground, cooked, pan-broiled",,"Lamb, Veal, and Game Products"
usda_sr_carotenoid,17345,"Game meat, deer, loin, separable lean only, 1"" steak, cooked, broiled",,"Lamb, Veal, and Game Products"
usda_sr_carotenoid,17346,"Game meat, deer, shoulder clod, separable lean only, cooked, braised",,"Lamb, Veal, and Game Products"
usda_sr_carotenoid,17351,"Veal, Australian, shank, hind, bone-in, separable lean only, raw",,"Lamb, Veal, and Game Products"
usda_sr_carotenoid,17352,"Veal, Australian, shank, hind, bone-in, separable lean and fat, raw",,"Lamb, Veal, and Game Products"
usda_sr_carotenoid,17354,"Lamb, New Zealand, imported, Intermuscular fat, cooked",,"Lamb, Veal, and Game Products"
usda_sr_carotenoid,17359,"Lamb, New Zealand, imported, breast, separable lean only, cooked, braised",,"Lamb, Veal, and Game Products"
usda_sr_carotenoid,17360,"Lamb, New Zealand, imported, breast, separable lean only, raw",,"Lamb, Veal, and Game Products"
usda_sr_carotenoid,17361,"Lamb, New Zealand, imported, chump, boneless, separable lean only, cooked, fast roasted",,"Lamb, Veal, and Game Products"
usda_sr_carotenoid,17362,"Lamb, New Zealand, imported, subcutaneous fat, cooked",,"Lamb, Veal, and Game Products"
usda_sr_carotenoid,17368,"Lamb, New Zealand, imported, liver, cooked, soaked and fried",,"Lamb, Veal, and Game Products"
usda_sr_carotenoid,17369,"Lamb, New Zealand, imported, liver, raw",,"Lamb, Veal, and Game Products"
usda_sr_carotenoid,17370,"Lamb, New Zealand, imported, ground lamb, cooked, braised",,"Lamb, Veal, and Game Products"
usda_sr_carotenoid,17371,"Lamb, New Zealand, imported, ground lamb, raw",,"Lamb, Veal, and Game Products"
usda_sr_carotenoid,17376,"Lamb, New Zealand, imported, testes, cooked, soaked and fried",,"Lamb, Veal, and Game Products"
usda_sr_carotenoid,17377,"Lamb, New Zealand, imported, testes, raw",,"Lamb, Veal, and Game Products"
usda_sr_carotenoid,17378,"Lamb, New Zealand, imported, tongue - swiss cut, cooked, soaked and simmered",,"Lamb, Veal, and Game Products"
usda_sr_carotenoid,17379,"Lamb, New Zealand, imported, tongue - swiss cut, raw",,"Lamb, Veal, and Game Products"
usda_sr_carotenoid,17384,"Lamb, New Zealand, imported, tenderloin, separable lean only, cooked, fast fried",,"Lamb, Veal, and Game Products"
usda_sr_carotenoid,17385,"Lamb, New Zealand, imported, tenderloin, separable lean only, raw",,"Lamb, Veal, and Game Products"
usda_sr_carotenoid,17386,"Lamb, New Zealand, imported, loin saddle, separable lean only, cooked, fast roasted",,"Lamb, Veal, and Game Products"
usda_sr_carotenoid,17387,"Lamb, New Zealand, imported, loin saddle, separable lean only, raw",,"Lamb, Veal, and Game Products"
usda_sr_carotenoid,17393,"Lamb, New Zealand, imported, neck chops, separable lean only, cooked, braised",,"Lamb, Veal, and Game Products"
usda_sr_carotenoid,17394,"Lamb, New Zealand, imported, netted shoulder, rolled, boneless, separable lean only, cooked, slow roasted",,"Lamb, Veal, and Game Products"
usda_sr_carotenoid,17395,"Lamb, New Zealand, imported, netted shoulder, rolled, boneless, separable lean only, raw",,"Lamb, Veal, and Game Products"
usda_sr_carotenoid,17396,"Lamb, New Zealand, imported, rack - fully frenched, separable lean only, cooked, fast roasted",,"Lamb, Veal, and Game Products"
usda_sr_carotenoid,17401,"Lamb, New Zealand, imported, flap, boneless, separable lean and fat, cooked, braised",,"Lamb, Veal, and Game Products"
usda_sr_carotenoid,17402,"Lamb, New Zealand, imported, flap, boneless, separable lean and fat, raw",,"Lamb, Veal, and Game Products"
usda_sr_carotenoid,17403,"Lamb, New Zealand, imported, hind-shank, separable lean and fat, cooked, braised",,"Lamb, Veal, and Game Products"
usda_sr_carotenoid,17404,"Lamb, New Zealand, imported, hind-shank, separable lean and fat, raw",,"Lamb, Veal, and Game Products"
usda_sr_carotenoid,17409,"Lamb, New Zealand, imported, loin, boneless, separable lean and fat, cooked, fast roasted",,"Lamb, Veal, and Game Products"
usda_sr_carotenoid,17410,"Lamb, New Zealand, imported, loin, boneless, separable lean and fat, raw",,"Lamb, Veal, and Game Products"
usda_sr_carotenoid,17411,"Lamb, New Zealand, imported, neck chops, separable lean and fat, cooked, braised",,"Lamb, Veal, and Game Products"
usda_sr_carotenoid,17412,"Lamb, New Zealand, imported, neck chops, separable lean and fat, raw",,"Lamb, Veal, and Game Products"
usda_sr_carotenoid,17413,"Lamb, New Zealand, imported, netted shoulder, rolled, boneless, separable lean and fat, cooked, slow roasted",,"Lamb, Veal, and Game Products"
usda_sr_carotenoid,17418,"Lamb, New Zealand, imported, tenderloin, separable lean and fat, cooked, fast fried",,"Lamb, Veal, and Game Products"
usda_sr_carotenoid,17419,"Lamb, New Zealand, imported, rack - fully frenched, separable lean and fat, cooked, fast roasted",,"Lamb, Veal, and Game Products"
usda_sr_carotenoid,17420,"Lamb, New Zealand, imported, rack - fully frenched, separable lean and fat, raw",,"Lamb, Veal, and Game Products"
usda_sr_carotenoid,17421,"Lamb, New Zealand, imported, tunnel-boned leg, chump off, shank off, separable lean and fat, cooked, slow roasted",,"Lamb, Veal, and Game Products"
usda_sr_carotenoid,17426,"Veal, leg, top round, cap off, cutlet, boneless, raw",,"Lamb, Veal, and Game Products"
usda_sr_carotenoid,17427,"Veal, loin, chop, separable lean only, cooked, grilled",,"Lamb, Veal, and Game Products"
usda_sr_carotenoid,17428,"Veal, shank, separable lean only, raw",,"Lamb, Veal, and Game Products"
usda_sr_carotenoid,17429,"Veal, foreshank, osso buco, separable lean only, cooked, braised",,"Lamb, Veal, and Game Products"
usda_sr_carotenoid,17434,"Veal, seam fat only, cooked",,"Lamb, Veal, and Game Products"
usda_sr_carotenoid,17435,"Veal, shank, separable lean and fat, raw",,"Lamb, Veal, and Game Products"
usda_sr_carotenoid,17436,"Veal, foreshank, osso buco, separable lean and fat, cooked, braised",,"Lamb, Veal, and Game Products"
usda_sr_carotenoid,17437,"Veal, loin, chop, separable lean and fat, cooked, grilled",,"Lamb, Veal, and Game Products"
usda_sr_carotenoid,17438,"Veal, shoulder, blade chop, separable lean and fat, cooked, grilled",,"Lamb, Veal, and Game Products"
usda_sr_carotenoid,17443,"Lamb, Australian, imported, fresh, tenderloin, boneless, separable lean only, trimmed to 1/8"" fat, raw",,"Lamb, Veal, and Game Products"
usda_sr_carotenoid,17444,"Lamb, Australian, imported, fresh, leg, bottom, boneless, separable lean only, trimmed to 1/8"" fat, raw",,"Lamb, Veal, and Game Products"
usda_sr_carotenoid,17445,"Lamb, Australian, imported, fresh, leg, trotter off, bone-in, separable lean only, trimmed to 1/8"" fat, cooked, roasted",,"Lamb, Veal, and Game Products"
usda_sr_carotenoid,17446,"Lamb, Australian, imported, fresh, leg, trotter off, bone-in, separable lean only, trimmed to 1/8"" fat, raw",,"Lamb, Veal, and Game Products"
usda_sr_carotenoid,17451,"Lamb, Australian, imported, fresh, seam fat, cooked",,"Lamb, Veal, and Game Products"
usda_sr_carotenoid,17452,"Lamb, Australian, imported, fresh, seam fat, raw",,"Lamb, Veal, and Game Products"
usda_sr_carotenoid,17453,"Lamb, Australian, imported, fresh, leg, bottom, boneless, separable lean and fat, trimmed to 1/8"" fat, cooked, roasted",,"Lamb, Veal, and Game Products"
usda_sr_carotenoid,17454,"Lamb, Australian, imported, fresh, leg, bottom, boneless, separable lean and fat, trimmed to 1/8"" fat, raw",,"Lamb, Veal, and Game Products"
usda_sr_carotenoid,17460,"Lamb, Australian, imported, fresh, tenderloin, boneless, separable lean and fat, trimmed to 1/8"" fat, raw",,"Lamb, Veal, and Game Products"
usda_sr_carotenoid,17461,"Lamb, Australian, imported, fresh, rib chop, frenched, denuded, bone-in, separable lean only, trimmed to 0"" fat, cooked, grilled",,"Lamb, Veal, and Game Products"
usda_sr_carotenoid,17462,"Lamb, Australian, imported, fresh, rack, roast, frenched, denuded, bone-in, separable lean and fat, trimmed to 0"" fat, cooked, roasted",,"Lamb, Veal, and Game Products"
usda_sr_carotenoid,17463,"Lamb, Australian, imported, fresh, rack, roast, frenched, bone-in, separable lean and fat, trimmed to 1/8"" fat, cooked, roasted",,"Lamb, Veal, and Game Products"
usda_sr_carotenoid,18005,"Bagels, cinnamon-raisin",,Baked Products
usda_sr_carotenoid,18006,"Bagels, cinnamon-raisin, toasted",,Baked Products
usda_sr_carotenoid,18007,"Bagels, oat bran",,Baked Products
usda_sr_carotenoid,18009,"Biscuits, plain or buttermilk, frozen, baked",,Baked Products
usda_sr_carotenoid,18014,"Biscuits, plain or buttermilk, refrigerated dough, higher fat",,Baked Products
usda_sr_carotenoid,18015,"Biscuits, plain or buttermilk, refrigerated dough, higher fat, baked",,Baked Products
usda_sr_carotenoid,18027,"Bread, egg",,Baked Products
usda_sr_carotenoid,18028,"Bread, egg, toasted",,Baked Products
usda_sr_carotenoid,18029,"Bread, french or vienna (includes sourdough)",,Baked Products
usda_sr_carotenoid,18037,"Bread, oat bran",,Baked Products
usda_sr_carotenoid,18038,"Bread, oat bran, toasted",,Baked Products
usda_sr_carotenoid,18039,"Bread, oatmeal",,Baked Products
usda_sr_carotenoid,18040,"Bread, oatmeal, toasted",,Baked Products
usda_sr_carotenoid,18047,"Bread, raisin, enriched",,Baked Products
usda_sr_carotenoid,18048,"Bread, raisin, enriched, toasted",,Baked Products
usda_sr_carotenoid,18049,"Bread, reduced-calorie, oat bran",,Baked Products
usda_sr_carotenoid,18050,"Bread, reduced-calorie, oat bran, toasted",,Baked Products
usda_sr_carotenoid,18060,"Bread, rye",,Baked Products
usda_sr_carotenoid,18061,"Bread, rye, toasted",,Baked Products
usda_sr_carotenoid,18064,"Bread, wheat",,Baked Products
usda_sr_carotenoid,18065,"Bread, wheat, toasted",,Baked Products
usda_sr_carotenoid,18075,"Bread, whole-wheat, commercially prepared",,Baked Products
usda_sr_carotenoid,18076,"Bread, whole-wheat, commercially prepared, toasted",,Baked Products
usda_sr_carotenoid,18077,"Bread, whole-wheat, prepared from recipe",,Baked Products
usda_sr_carotenoid,18078,"Bread, whole-wheat, prepared from recipe, toasted",,Baked Products
usda_sr_carotenoid,18085,"Bread, stuffing, cornbread, dry mix, prepared",,Baked Products
usda_sr_carotenoid,18088,"Cake, angelfood, dry mix, prepared",,Baked Products
usda_sr_carotenoid,18090,"Cake, boston cream pie, commercially prepared",,Baked Products
usda_sr_carotenoid,18102,"Cake, white, prepared from recipe with coconut frosting",,Baked Products
usda_sr_carotenoid,18114,"Cake, gingerbread, dry mix",,Baked Products
usda_sr_carotenoid,18120,"Cake, pound, commercially prepared, butter (includes fresh and frozen)",,Baked Products
usda_sr_carotenoid,18133,"Cake, sponge, commercially prepared",,Baked Products
usda_sr_carotenoid,18135,"Cake, pudding-type, white, enriched, dry mix",,Baked Products
usda_sr_carotenoid,18139,"Cake, white, prepared from recipe without frosting",,Baked Products
usda_sr_carotenoid,18147,"Cake, cheesecake, commercially prepared",,Baked Products
usda_sr_carotenoid,18151,"Cookies, brownies, commercially prepared",,Baked Products
usda_sr_carotenoid,18157,"Cookies, chocolate wafers",,Baked Products
usda_sr_carotenoid,18158,"Cookies, chocolate chip, commercially prepared, regular, lower fat",,Baked Products
usda_sr_carotenoid,18159,"Cookies, chocolate chip, commercially prepared, regular, higher fat, enriched",,Baked Products
usda_sr_carotenoid,18166,"Cookies, chocolate sandwich, with creme filling, regular",,Baked Products
usda_sr_carotenoid,18167,"Cookies, chocolate sandwich, with creme filling, regular, chocolate-coated",,Baked Products
usda_sr_carotenoid,18168,"Cookies, chocolate sandwich, with extra creme filling",,Baked Products
usda_sr_carotenoid,18170,"Cookies, fig bars",,Baked Products
usda_sr_carotenoid,18171,"Cookies, fortune",,Baked Products
usda_sr_carotenoid,18176,"Cookies, marshmallow, chocolate-coated (includes marshmallow pies)",,Baked Products
usda_sr_carotenoid,18177,"Cookies, molasses",,Baked Products
usda_sr_carotenoid,18178,"Cookies, oatmeal, commercially prepared, regular",,Baked Products
usda_sr_carotenoid,18185,"Cookies, peanut butter, commercially prepared, regular",,Baked Products
usda_sr_carotenoid,18198,"Cookies, chocolate chip, commercially prepared, special dietary",,Baked Products
usda_sr_carotenoid,18199,"Cookies, chocolate sandwich, with creme filling, special dietary",,Baked Products
usda_sr_carotenoid,18200,"Cookies, oatmeal, commercially prepared, special dietary",,Baked Products
usda_sr_carotenoid,18206,"Cookies, sugar, refrigerated dough, baked",,Baked Products
usda_sr_carotenoid,18209,"Cookies, sugar wafers with creme filling, regular",,Baked Products
usda_sr_carotenoid,18210,"Cookies, vanilla sandwich with creme filling",,Baked Products
usda_sr_carotenoid,18211,"Puff pastry, frozen, ready-to-bake, baked",,Baked Products
usda_sr_carotenoid,18216,"Crackers, crispbread, rye",,Baked Products
usda_sr_carotenoid,18217,"Crackers, matzo, plain",,Baked Products
usda_sr_carotenoid,18226,"Crackers, rye, wafers, plain",,Baked Products
usda_sr_carotenoid,18228,"Crackers, saltines (includes oyster, soda, soup)",,Baked Products
usda_sr_carotenoid,18235,"Crackers, whole-wheat",,Baked Products
usda_sr_carotenoid,18236,"Cracker, meal",,Baked Products
usda_sr_carotenoid,18243,"Croutons, seasoned",,Baked Products
usda_sr_carotenoid,18244,"Danish pastry, cinnamon, enriched",,Baked Products
usda_sr_carotenoid,18245,"Danish pastry, cheese",,Baked Products
usda_sr_carotenoid,18246,"Danish pastry, fruit, enriched (includes apple, cinnamon, raisin, lemon, raspberry, strawberry)",,Baked Products
usda_sr_carotenoid,18253,"Doughnuts, french crullers, glazed",,Baked Products
usda_sr_carotenoid,18254,"Doughnuts, yeast-leavened, with creme filling",,Baked Products
usda_sr_carotenoid,18255,"Doughnuts, yeast-leavened, glazed, enriched (includes honey buns)",,Baked Products
usda_sr_carotenoid,18256,"Doughnuts, yeast-leavened, with jelly filling",,Baked Products
usda_sr_carotenoid,18263,"Muffins, English, raisin-cinnamon, toasted (includes apple-cinnamon)",,Baked Products
usda_sr_carotenoid,18264,"Muffins, English, wheat",,Baked Products
usda_sr_carotenoid,18266,"Muffins, English, whole-wheat",,Baked Products
usda_sr_carotenoid,18274,"Muffins, blueberry, commercially prepared (Includes mini-muffins)",,Baked Products
usda_sr_carotenoid,18277,"Muffins, blueberry, toaster-type",,Baked Products
usda_sr_carotenoid,18283,"Muffins, oat bran",,Baked Products
usda_sr_carotenoid,18288,"Pancakes plain, frozen, ready-to-heat (includes buttermilk)",,Baked Products
usda_sr_carotenoid,18295,"Pancakes, buckwheat, dry mix, incomplete",,Baked Products
usda_sr_carotenoid,18304,"Pie, banana cream, prepared from recipe",,Baked Products
usda_sr_carotenoid,18305,"Pie, blueberry, commercially prepared",,Baked Products
usda_sr_carotenoid,18308,"Pie, cherry, commercially prepared",,Baked Products
usda_sr_carotenoid,18317,"Pie, egg custard, commercially prepared",,Baked Products
usda_sr_carotenoid,18319,"Pie, fried pies, fruit",,Baked Products
usda_sr_carotenoid,18320,"Pie, lemon meringue, commercially prepared",,Baked Products
usda_sr_carotenoid,18325,"Pie, pecan, prepared from recipe",,Baked Products
usda_sr_carotenoid,18326,"Pie, pumpkin, commercially prepared",,Baked Products
usda_sr_carotenoid,18327,"Pie, pumpkin, prepared from recipe",,Baked Products
usda_sr_carotenoid,18328,"Pie, vanilla cream, prepared from recipe",,Baked Products
usda_sr_carotenoid,18337,"Puff pastry, frozen, ready-to-bake",,Baked Products
usda_sr_carotenoid,18338,Phyllo dough,,Baked Products
usda_sr_carotenoid,18342,"Rolls, dinner, plain, commercially prepared (includes brown-and-serve)",,Baked Products
usda_sr_carotenoid,18348,"Rolls, dinner, whole-wheat",,Baked Products
usda_sr_carotenoid,18349,"Rolls, french",,Baked Products
usda_sr_carotenoid,18350,"Rolls, hamburger or hotdog, plain",,Baked Products
usda_sr_carotenoid,18351,"Rolls, hamburger or hotdog, mixed-grain",,Baked Products
usda_sr_carotenoid,18360,"Taco shells, baked",,Baked Products
usda_sr_carotenoid,18369,"Leavening agents, baking powder, double-acting, sodium aluminum sulfate",,Baked Products
usda_sr_carotenoid,18370,"Leavening agents, baking powder, double-acting, straight phosphate",,Baked Products
usda_sr_carotenoid,18371,"Leavening agents, baking powder, low-sodium",,Baked Products
usda_sr_carotenoid,18376,"Bread, crumbs, dry, grated, seasoned",,Baked Products
usda_sr_carotenoid,18377,"Cookies, oatmeal, prepared from recipe, without raisins",,Baked Products
usda_sr_carotenoid,18383,"Bread, protein, (includes gluten), toasted",,Baked Products
usda_sr_carotenoid,18399,"Pie crust, cookie-type, prepared from recipe, graham cracker, chilled",,Baked Products
usda_sr_carotenoid,18401,"Pie crust, cookie-type, prepared from recipe, vanilla wafer, chilled",,Baked Products
usda_sr_carotenoid,18402,"Pie crust, standard-type, prepared from recipe, unbaked",,Baked Products
usda_sr_carotenoid,18416,"Bread, white, commercially prepared, low sodium, no salt",,Baked Products
usda_sr_carotenoid,18429,"Crackers, whole-wheat, low salt",,Baked Products
usda_sr_carotenoid,5362,"Chicken, broiler, rotisserie, BBQ, wing, meat and skin",,Poultry Products
usda_sr_carotenoid,5363,"Ruffed Grouse, breast meat, skinless, raw",,Poultry Products
usda_sr_carotenoid,5621,"Emu, ground, raw",,Poultry Products
usda_sr_carotenoid,5622,"Emu, ground, cooked, pan-broiled",,Poultry Products
usda_sr_carotenoid,5627,"Emu, full rump, cooked, broiled",,Poultry Products
usda_sr_carotenoid,5628,"Emu, inside drum, raw",,Poultry Products
usda_sr_carotenoid,5629,"Emu, inside drums, cooked, broiled",,Poultry Products
usda_sr_carotenoid,5630,"Emu, outside drum, raw",,Poultry Products
usda_sr_carotenoid,5631,"Emu, oyster, raw",,Poultry Products
usda_sr_carotenoid,5644,"Ostrich, inside leg, raw",,Poultry Products
usda_sr_carotenoid,5645,"Ostrich, inside leg, cooked",,Poultry Products
usda_sr_carotenoid,5646,"Ostrich, inside strip, raw",,Poultry Products
usda_sr_carotenoid,5647,"Ostrich, inside strip, cooked",,Poultry Products
usda_sr_carotenoid,5652,"Ostrich, oyster, cooked",,Poultry Products
usda_sr_carotenoid,5653,"Ostrich, round, raw",,Poultry Products
usda_sr_carotenoid,5654,"Ostrich, tenderloin, raw",,Poultry Products
usda_sr_carotenoid,5655,"Ostrich, tip trimmed, raw",,Poultry Products
usda_sr_carotenoid,5662,"Turkey, ground, fat free, raw",,Poultry Products
usda_sr_carotenoid,5663,"Turkey, ground, fat free, pan-broiled crumbles",,Poultry Products
usda_sr_carotenoid,5664,"Turkey, ground, fat free, patties, broiled",,Poultry Products
usda_sr_carotenoid,5665,"Turkey, ground, 93% lean, 7% fat, raw",,Poultry Products
usda_sr_carotenoid,5666,"Turkey, ground, 93% lean, 7% fat, pan-broiled crumbles",,Poultry Products
usda_sr_carotenoid,5671,"Chicken, broilers or fryers, dark meat, drumstick, meat only, cooked, braised",,Poultry Products
usda_sr_carotenoid,5672,"Chicken, broilers or fryers, dark meat, thigh, meat only, cooked, braised",,Poultry Products
usda_sr_carotenoid,5673,"Chicken, skin (drumsticks and thighs), cooked, braised",,Poultry Products
usda_sr_carotenoid,5674,"Chicken, skin (drumsticks and thighs), raw",,Poultry Products
usda_sr_carotenoid,5679,"Chicken, dark meat, drumstick, meat only, with added solution, cooked, roasted",,Poultry Products
usda_sr_carotenoid,5680,"Chicken, dark meat, drumstick, meat only, with added solution, cooked, braised",,Poultry Products
usda_sr_carotenoid,5681,"Chicken, dark meat, thigh, meat only, with added solution, cooked, braised",,Poultry Products
usda_sr_carotenoid,5682,"Chicken, dark meat, thigh, meat only, with added solution, raw",,Poultry Products
usda_sr_carotenoid,5688,"Chicken, dark meat, drumstick, meat and skin, with added solution, raw",,Poultry Products
usda_sr_carotenoid,5689,"Chicken, dark meat, drumstick, meat and skin, with added solution, cooked, roasted",,Poultry Products
usda_sr_carotenoid,5690,"Chicken, dark meat, thigh, meat and skin, with added solution, cooked, braised",,Poultry Products
usda_sr_carotenoid,5691,"Chicken, dark meat, thigh, meat and skin, with added solution, raw",,Poultry Products
usda_sr_carotenoid,5696,"Turkey from whole, light meat, meat only, with added solution, raw",,Poultry Products
usda_sr_carotenoid,5697,"Turkey from whole, light meat, meat only, with added solution, cooked, roasted",,Poultry Products
usda_sr_carotenoid,5698,"Turkey, skin from whole (light and dark), with added solution, raw",,Poultry Products
usda_sr_carotenoid,5699,"Turkey, skin from whole, (light and dark), with added solution, roasted",,Poultry Products
usda_sr_carotenoid,5704,"Turkey, whole, meat only, with added solution, raw",,Poultry Products
usda_sr_carotenoid,5705,"Turkey, whole, meat only, with added solution, roasted",,Poultry Products
usda_sr_carotenoid,5706,"Turkey, whole, meat and skin, with added solution, raw",,Poultry Products
usda_sr_carotenoid,5707,"Turkey, whole, meat and skin, with added solution, roasted",,Poultry Products
usda_sr_carotenoid,5713,"Turkey, retail parts, wing, meat only, cooked, roasted",,Poultry Products
usda_sr_carotenoid,5714,"Turkey, skin, from retail parts, from dark meat, raw",,Poultry Products
usda_sr_carotenoid,5715,"Turkey, skin, from retail parts, from dark meat, cooked, roasted",,Poultry Products
usda_sr_carotenoid,5716,"Turkey, retail parts, drumstick, meat only, raw",,Poultry Products
usda_sr_carotenoid,5721,"Turkey, breast, from whole bird, meat only, with added solution, raw",,Poultry Products
usda_sr_carotenoid,5722,"Turkey, retail parts, thigh, meat only, cooked, roasted",,Poultry Products
usda_sr_carotenoid,5723,"Turkey, retail parts, drumstick, meat only, cooked, roasted",,Poultry Products
usda_sr_carotenoid,6151,"Sauce, plum, ready-to-serve",,"Soups, Sauces, and Gravies"
usda_sr_carotenoid,6159,"Soup, tomato, canned, condensed",,"Soups, Sauces, and Gravies"
usda_sr_carotenoid,6170,"Soup, stock, beef, home-prepared",,"Soups, Sauces, and Gravies"
usda_sr_carotenoid,6172,"Soup, stock, chicken, home-prepared",,"Soups, Sauces, and Gravies"
usda_sr_carotenoid,6174,"Soup, stock, fish, home-prepared",,"Soups, Sauces, and Gravies"
usda_sr_carotenoid,6175,"Sauce, hoisin, ready-to-serve",,"Soups, Sauces, and Gravies"
usda_sr_carotenoid,6182,"Soup, cream of mushroom, canned, condensed, reduced sodium",,"Soups, Sauces, and Gravies"
usda_sr_carotenoid,6183,"Soup, chicken broth, less/reduced sodium, ready to serve",,"Soups, Sauces, and Gravies"
usda_sr_carotenoid,6188,"Soup, beef broth, less/reduced sodium, ready to serve",,"Soups, Sauces, and Gravies"
usda_sr_carotenoid,6189,"Sauce, teriyaki, ready-to-serve, reduced sodium",,"Soups, Sauces, and Gravies"
usda_sr_carotenoid,6208,"Soup, chicken vegetable with potato and cheese, chunky, ready-to-serve",,"Soups, Sauces, and Gravies"
usda_sr_carotenoid,6256,"Soup, cream of shrimp, canned, prepared with equal volume low fat (2%) milk",,"Soups, Sauces, and Gravies"
usda_sr_carotenoid,6338,"CAMPBELL'S, Cream of Mushroom Soup, condensed",,"Soups, Sauces, and Gravies"
usda_sr_carotenoid,6402,"Soup, black bean, canned, prepared with equal volume water",,"Soups, Sauces, and Gravies"
usda_sr_carotenoid,6404,"Soup, bean with pork, canned, prepared with equal volume water",,"Soups, Sauces, and Gravies"
usda_sr_carotenoid,6409,"Soup, beef noodle, canned, prepared with equal volume water",,"Soups, Sauces, and Gravies"
usda_sr_carotenoid,6417,"Soup, chicken gumbo, canned, prepared with equal volume water",,"Soups, Sauces, and Gravies"
usda_sr_carotenoid,6419,"Soup, chicken noodle, canned, prepared with equal volume water",,"Soups, Sauces, and Gravies"
usda_sr_carotenoid,6423,"Soup, chicken with rice, canned, prepared with equal volume water",,"Soups, Sauces, and Gravies"
usda_sr_carotenoid,6426,"Soup, chili beef, canned, prepared with equal volume water",,"Soups, Sauces, and Gravies"
usda_sr_carotenoid,6434,"CAMPBELL'S CHUNKY, Old Fashioned Vegetable Beef Soup",,"Soups, Sauces, and Gravies"
usda_sr_carotenoid,6443,"Soup, cream of mushroom, canned, prepared with equal volume water",,"Soups, Sauces, and Gravies"
usda_sr_carotenoid,6456,"Soup, cream of shrimp, canned, prepared with equal volume water",,"Soups, Sauces, and Gravies"
usda_sr_carotenoid,6461,"Soup, tomato beef with noodle, canned, prepared with equal volume water",,"Soups, Sauces, and Gravies"
usda_sr_carotenoid,6463,"Soup, tomato rice, canned, prepared with equal volume water",,"Soups, Sauces, and Gravies"
usda_sr_carotenoid,6472,"Soup, vegetable with beef broth, canned, prepared with equal volume water",,"Soups, Sauces, and Gravies"
usda_sr_carotenoid,6475,"Soup, beef broth or bouillon, powder, prepared with water",,"Soups, Sauces, and Gravies"
usda_sr_carotenoid,6476,"Soup, beef broth, cubed, prepared with water",,"Soups, Sauces, and Gravies"
usda_sr_carotenoid,6480,"Soup, chicken broth or bouillon, dry, prepared with water",,"Soups, Sauces, and Gravies"
usda_sr_carotenoid,6528,"Soup, chicken noodle, dry, mix, prepared with water",,"Soups, Sauces, and Gravies"
usda_sr_carotenoid,7051,"Olive loaf, pork",,Sausages and Luncheon Meats
usda_sr_carotenoid,7052,"Pastrami, turkey",,Sausages and Luncheon Meats
usda_sr_carotenoid,7053,"Pate, chicken liver, canned",,Sausages and Luncheon Meats
usda_sr_carotenoid,7055,"Pate, liver, not specified, canned",,Sausages and Luncheon Meats
usda_sr_carotenoid,7063,"Pork sausage, link/patty, unprepared",,Sausages and Luncheon Meats
usda_sr_carotenoid,7068,"Salami, cooked, beef",,Sausages and Luncheon Meats
usda_sr_carotenoid,7069,"Salami, cooked, beef and pork",,Sausages and Luncheon Meats
usda_sr_carotenoid,7070,"Salami, cooked, turkey",,Sausages and Luncheon Meats
usda_sr_carotenoid,7078,"Thuringer, cervelat, summer sausage, beef, pork",,Sausages and Luncheon Meats
usda_sr_carotenoid,7081,"Turkey breast, sliced, prepackaged",,Sausages and Luncheon Meats
usda_sr_carotenoid,7083,"Sausage, Vienna, canned, chicken, beef, pork",,Sausages and Luncheon Meats
usda_sr_carotenoid,7207,"Oscar Mayer, Braunschweiger Liver Sausage (sliced)",,Sausages and Luncheon Meats
usda_sr_carotenoid,7209,"Oscar Mayer, Chicken Breast (honey glazed)",,Sausages and Luncheon Meats
usda_sr_carotenoid,7212,"Oscar Mayer, Ham (chopped with natural juice)",,Sausages and Luncheon Meats
usda_sr_carotenoid,7230,"Oscar Mayer, Salami (hard)",,Sausages and Luncheon Meats
usda_sr_carotenoid,7900,"Sausage, turkey, pork, and beef, low fat, smoked",,Sausages and Luncheon Meats
usda_sr_carotenoid,7905,"Frankfurter, beef, pork, and turkey, fat free",,Sausages and Luncheon Meats
usda_sr_carotenoid,7906,"Luncheon meat, pork, ham, and chicken, minced, canned, reduced sodium, added ascorbic acid, includes SPAM, 25% less sodium",,Sausages and Luncheon Meats
usda_sr_carotenoid,7908,"Luncheon meat, pork with ham, minced, canned, includes Spam (Hormel)",,Sausages and Luncheon Meats
usda_sr_carotenoid,7914,"Sausage, Italian, sweet, links",,Sausages and Luncheon Meats
usda_sr_carotenoid,7915,"Sausage, Polish, beef with chicken, hot",,Sausages and Luncheon Meats
usda_sr_carotenoid,7916,"Sausage, Polish, pork and beef, smoked",,Sausages and Luncheon Meats
usda_sr_carotenoid,7917,"Sausage, pork and beef, with cheddar cheese, smoked",,Sausages and Luncheon Meats
usda_sr_carotenoid,7922,"Bratwurst, beef and pork, smoked",,Sausages and Luncheon Meats
usda_sr_carotenoid,7923,"Bratwurst, chicken, cooked",,Sausages and Luncheon Meats
usda_sr_carotenoid,7924,"Bratwurst, pork, beef and turkey, lite, smoked",,Sausages and Luncheon Meats
usda_sr_carotenoid,7925,"Pastrami, beef, 98% fat-free",,Sausages and Luncheon Meats
usda_sr_carotenoid,7930,"Yachtwurst, with pistachio nuts, cooked",,Sausages and Luncheon Meats
usda_sr_carotenoid,7931,"Beerwurst, pork and beef",,Sausages and Luncheon Meats
usda_sr_carotenoid,7932,"Chicken breast, fat-free, mesquite flavor, sliced",,Sausages and Luncheon Meats
usda_sr_carotenoid,7933,"Chicken breast, oven-roasted, fat-free, sliced",,Sausages and Luncheon Meats
usda_sr_carotenoid,7939,"Frankfurter, pork",,Sausages and Luncheon Meats
usda_sr_carotenoid,7940,"Macaroni and cheese loaf, chicken, pork and beef",,Sausages and Luncheon Meats
usda_sr_carotenoid,7941,"Salami, Italian, pork and beef, dry, sliced, 50% less sodium",,Sausages and Luncheon Meats
usda_sr_carotenoid,7942,"Pate, truffle flavor",,Sausages and Luncheon Meats
usda_sr_carotenoid,7951,"Scrapple, pork",,Sausages and Luncheon Meats
usda_sr_carotenoid,7952,"Bologna, chicken, turkey, pork",,Sausages and Luncheon Meats
usda_sr_carotenoid,7953,"Pork sausage, link/patty, fully cooked, microwaved",,Sausages and Luncheon Meats
usda_sr_carotenoid,8200,"Cereals, QUAKER, QUAKER MultiGrain Oatmeal, dry",,Breakfast Cereals
usda_sr_carotenoid,8204,"Cereals ready-to-eat, chocolate-flavored frosted puffed corn",,Breakfast Cereals
usda_sr_carotenoid,8216,"Cereals ready-to-eat, QUAKER, Toasted Multigrain Crisps",,Breakfast Cereals
usda_sr_carotenoid,8218,"Cereals ready-to-eat, QUAKER, QUAKER 100% Natural Granola with Oats, Wheat, Honey, and Raisins",,Breakfast Cereals
usda_sr_carotenoid,8220,"Cereals ready-to-eat, QUAKER, Low Fat 100% Natural Granola with Raisins",,Breakfast Cereals
usda_sr_carotenoid,8290,"Cereals ready-to-eat, HEALTH VALLEY, FIBER 7 Flakes",,Breakfast Cereals
usda_sr_carotenoid,8349,"Cereals ready-to-eat, MALT-O-MEAL, TOOTIE FRUITIES",,Breakfast Cereals
usda_sr_carotenoid,8402,"Cereals, QUAKER, Quick Oats, Dry",,Breakfast Cereals
usda_sr_carotenoid,8409,"Cereals ready-to-eat, MALT-O-MEAL, Frosted Flakes",,Breakfast Cereals
usda_sr_carotenoid,8436,"Cereals, QUAKER, Instant Oatmeal, Raisin and Spice, dry",,Breakfast Cereals
usda_sr_carotenoid,8484,"Cereals ready-to-eat, MALT-O-MEAL, Raisin Bran Cereal",,Breakfast Cereals
usda_sr_carotenoid,8487,"Cereals ready-to-eat, MALT-O-MEAL, Blueberry MUFFIN TOPS Cereal",,Breakfast Cereals
usda_sr_carotenoid,8500,"Cereals ready-to-eat, MALT-O-MEAL, Frosted Mini SPOONERS",,Breakfast Cereals
usda_sr_carotenoid,8501,"Cereals ready-to-eat, MALT-O-MEAL, Fruity DYNO-BITES",,Breakfast Cereals
usda_sr_carotenoid,8505,"Cereals ready-to-eat, RALSTON Corn Biscuits",,Breakfast Cereals
usda_sr_carotenoid,8544,"Cereals ready-to-eat, POST GREAT GRAINS Cranberry Almond Crunch",,Breakfast Cereals
usda_sr_carotenoid,8546,Rice and Wheat cereal bar,,Snacks
usda_sr_carotenoid,8633,"Cereals ready-to-eat, POST, HONEY BUNCHES OF OATS with vanilla bunches",,Breakfast Cereals
usda_sr_carotenoid,8656,"Cereals ready-to-eat, NATURE'S PATH, Organic FLAX PLUS flakes",,Breakfast Cereals
usda_sr_carotenoid,8657,"Cereals ready-to-eat, BARBARA'S PUFFINS, original",,Breakfast Cereals
usda_sr_carotenoid,9089,"Figs, raw",,Fruits and Fruit Juices
usda_sr_carotenoid,9090,"Figs, canned, water pack, solids and liquids",,Fruits and Fruit Juices
usda_sr_carotenoid,9091,"Figs, canned, light syrup pack, solids and liquids",,Fruits and Fruit Juices
usda_sr_carotenoid,9092,"Figs, canned, heavy syrup pack, solids and liquids",,Fruits and Fruit Juices
usda_sr_carotenoid,9099,"Fruit cocktail, (peach and pineapple and pear and grape and cherry), canned, light syrup, solids and liquids",,Fruits and Fruit Juices
usda_sr_carotenoid,9100,"Fruit cocktail, (peach and pineapple and pear and grape and cherry), canned, heavy syrup, solids and liquids",,Fruits and Fruit Juices
usda_sr_carotenoid,9111,"Grapefruit, raw, pink and red and white, all areas",,Fruits and Fruit Juices
usda_sr_carotenoid,9119,"Grapefruit, sections, canned, water pack, solids and liquids",,Fruits and Fruit Juices
usda_sr_carotenoid,9120,"Grapefruit, sections, canned, juice pack, solids and liquids",,Fruits and Fruit Juices
usda_sr_carotenoid,9121,"Grapefruit, sections, canned, light syrup pack, solids and liquids",,Fruits and Fruit Juices
usda_sr_carotenoid,9127,"Grapefruit juice, pink or red, with added calcium",,Fruits and Fruit Juices
usda_sr_carotenoid,9128,"Grapefruit juice, white, raw",,Fruits and Fruit Juices
usda_sr_carotenoid,9129,"Grapes, muscadine, raw",,Fruits and Fruit Juices
usda_sr_carotenoid,9130,"Grape juice, canned or bottled, unsweetened, with added ascorbic acid",,Fruits and Fruit Juices
usda_sr_carotenoid,9135,"Grape juice, canned or bottled, unsweetened, without added ascorbic acid",,Fruits and Fruit Juices
usda_sr_carotenoid,9139,"Guavas, common, raw",,Fruits and Fruit Juices
usda_sr_carotenoid,23250,"Beef, top loin petite roast, boneless, separable lean only, trimmed to 1/8"" fat, all grades, cooked, roasted",,Beef Products
usda_sr_carotenoid,23251,"Beef, top loin petite roast, boneless, separable lean only, trimmed to 1/8"" fat, choice, cooked, roasted",,Beef Products
usda_sr_carotenoid,23252,"Beef, top loin petite roast, boneless, separable lean only, trimmed to 1/8"" fat, select, cooked, roasted",,Beef Products
usda_sr_carotenoid,23253,"Beef, top loin petite roast/filet, boneless, separable lean only, trimmed to 1/8"" fat, all grades, raw",,Beef Products
usda_sr_carotenoid,23258,"Beef, loin, top sirloin filet, boneless, separable lean only, trimmed to 0"" fat, select, cooked, grilled",,Beef Products
usda_sr_carotenoid,23259,"Beef, loin, top sirloin petite roast, boneless, separable lean only, trimmed to 0"" fat, all grades, cooked, roasted",,Beef Products
usda_sr_carotenoid,23260,"Beef, loin, top sirloin petite roast, boneless, separable lean only, trimmed to 0"" fat, select, cooked, roasted",,Beef Products
usda_sr_carotenoid,23261,"Beef, loin, top sirloin petite roast/filet, boneless, separable lean only, trimmed to 0"" fat, all grades, raw",,Beef Products
usda_sr_carotenoid,23266,"Beef, ribeye cap steak, boneless, separable lean only, trimmed to 0"" fat, all grades, cooked, grilled",,Beef Products
usda_sr_carotenoid,23267,"Beef, ribeye cap steak, boneless, separable lean only, trimmed to 0"" fat, choice, cooked, grilled",,Beef Products
usda_sr_carotenoid,23268,"Beef, ribeye cap steak, boneless, separable lean only, trimmed to 0"" fat, select, cooked, grilled",,Beef Products
usda_sr_carotenoid,23269,"Beef, ribeye cap steak, boneless, separable lean only, trimmed to 0"" fat, all grades, raw",,Beef Products
usda_sr_carotenoid,23275,"Beef, ribeye petite roast, boneless, separable lean only, trimmed to 0"" fat, all grades, cooked, roasted",,Beef Products
usda_sr_carotenoid,23276,"Beef, ribeye petite roast, boneless, separable lean only, trimmed to 0"" fat, choice, cooked, roasted",,Beef Products
usda_sr_carotenoid,23277,"Beef, ribeye petite roast, boneless, separable lean only, trimmed to 0"" fat, select, cooked, roasted",,Beef Products
usda_sr_carotenoid,23278,"Beef, loin, top sirloin cap steak, boneless, separable lean and fat, trimmed to 1/8"" fat, all grades, cooked, grilled",,Beef Products
usda_sr_carotenoid,23283,"Beef, loin, top sirloin cap steak, boneless, separable lean and fat, trimmed to 1/8"" fat, select, raw",,Beef Products
usda_sr_carotenoid,23284,"Beef, top loin filet, boneless, separable lean and fat, trimmed to 1/8"" fat, all grades, cooked, grilled",,Beef Products
usda_sr_carotenoid,23285,"Beef, top loin filet, boneless, separable lean and fat, trimmed to 1/8"" fat, choice, cooked, grilled",,Beef Products
usda_sr_carotenoid,23286,"Beef, top loin filet, boneless, separable lean and fat, trimmed to 1/8"" fat, select, cooked, grilled",,Beef Products
usda_sr_carotenoid,23291,"Beef, top loin petite roast/filet, boneless, separable lean and fat, trimmed to 1/8"" fat, choice, raw",,Beef Products
usda_sr_carotenoid,23292,"Beef, top loin petite roast/filet, boneless, separable lean and fat, trimmed to 1/8"" fat, select, raw",,Beef Products
usda_sr_carotenoid,23293,"Beef, Australian, imported, grass-fed, ground, 85% lean / 15% fat, raw",,Beef Products
usda_sr_carotenoid,23392,"Beef, loin, top loin steak, boneless, lip-on, separable lean only, trimmed to 1/8"" fat, choice, cooked, grilled",,Beef Products
usda_sr_carotenoid,23393,"Beef, loin, top loin steak, boneless, lip-on, separable lean only, trimmed to 1/8"" fat, select, cooked, grilled",,Beef Products
usda_sr_carotenoid,23394,"Beef, loin, top loin steak, boneless, lip-on, separable lean only, trimmed to 1/8"" fat, all grades, cooked, grilled",,Beef Products
usda_sr_carotenoid,23395,"Beef, loin, top loin steak, boneless, lip-on, separable lean and fat, trimmed to 1/8"" fat, choice, raw",,Beef Products
usda_sr_carotenoid,23402,"Beef, New Zealand, imported, brisket point end, separable lean only, cooked, braised",,Beef Products
usda_sr_carotenoid,23403,"Beef, New Zealand, imported, brisket point end, separable lean only, raw",,Beef Products
usda_sr_carotenoid,23404,"Beef, New Zealand, imported, chuck eye roll, separable lean only, raw",,Beef Products
usda_sr_carotenoid,23405,"Beef, New Zealand, imported, chuck eye roll, separable lean only, cooked, braised",,Beef Products
usda_sr_carotenoid,23410,"Beef, New Zealand, imported, flank, separable lean only, cooked, braised",,Beef Products
usda_sr_carotenoid,23411,"Beef, New Zealand, imported, flank, separable lean only, raw",,Beef Products
usda_sr_carotenoid,23412,"Beef, New Zealand, imported, flat, separable lean only, cooked, braised",,Beef Products
usda_sr_carotenoid,23413,"Beef, New Zealand, imported, flat, separable lean only, raw",,Beef Products
usda_sr_carotenoid,23414,"Beef, New Zealand, imported, variety meats and by-products, heart, cooked, boiled",,Beef Products
usda_sr_carotenoid,23419,"Beef, New Zealand, imported, intermuscular fat, cooked",,Beef Products
usda_sr_carotenoid,23420,"Beef, New Zealand, imported, intermuscular fat, raw",,Beef Products
usda_sr_carotenoid,23421,"Beef, New Zealand, imported, variety meats and by-products, kidney, cooked, boiled",,Beef Products
usda_sr_carotenoid,23422,"Beef, New Zealand, imported, knuckle, cooked, fast fried",,Beef Products
usda_sr_carotenoid,23427,"Beef, New Zealand, imported, manufacturing beef, raw",,Beef Products
usda_sr_carotenoid,23428,"Beef, New Zealand, imported, oyster blade, separable lean only, cooked, braised",,Beef Products
usda_sr_carotenoid,23429,"Beef, New Zealand, imported, oyster blade, separable lean only, raw",,Beef Products
usda_sr_carotenoid,23430,"Beef, New Zealand, imported, ribs prepared, cooked, fast roasted",,Beef Products
usda_sr_carotenoid,23435,"Beef, New Zealand, imported, subcutaneous fat, cooked",,Beef Products
usda_sr_carotenoid,23436,"Beef, New Zealand, imported, subcutaneous fat, raw",,Beef Products
usda_sr_carotenoid,23437,"Beef, New Zealand, imported, sweetbread, cooked, boiled",,Beef Products
usda_sr_carotenoid,23438,"Beef, New Zealand, imported, sweetbread, raw",,Beef Products
usda_sr_carotenoid,23439,"Beef, New Zealand, imported, tenderloin, separable lean only, cooked, fast fried",,Beef Products
usda_sr_carotenoid,23444,"Beef, New Zealand, imported, variety meats and by-products, tripe cooked, boiled",,Beef Products
usda_sr_carotenoid,23445,"Beef, New Zealand, imported, variety meats and by-products, tripe uncooked, raw",,Beef Products
usda_sr_carotenoid,23446,"Beef, New Zealand, imported, bolar blade, separable lean and fat, cooked, fast roasted",,Beef Products
usda_sr_carotenoid,23447,"Beef, New Zealand, imported, bolar blade, separable lean and fat, raw",,Beef Products
usda_sr_carotenoid,23452,"Beef, New Zealand, imported, chuck eye roll, separable lean and fat, cooked, braised",,Beef Products
usda_sr_carotenoid,23453,"Beef, New Zealand, imported, chuck eye roll, separable lean and fat, raw",,Beef Products
usda_sr_carotenoid,23454,"Beef, New Zealand, imported, cube roll, separable lean and fat, cooked, fast roasted",,Beef Products
usda_sr_carotenoid,23455,"Beef, New Zealand, imported, cube roll, separable lean and fat, raw",,Beef Products
usda_sr_carotenoid,23461,"Beef, New Zealand, imported, flat, separable lean and fat, raw",,Beef Products
usda_sr_carotenoid,23462,"Beef, New Zealand, imported, hind shin, separable lean and fat, cooked, braised",,Beef Products
usda_sr_carotenoid,23463,"Beef, New Zealand, imported, hind shin, separable lean and fat, raw",,Beef Products
usda_sr_carotenoid,23464,"Beef, New Zealand, imported, oyster blade, separable lean and fat, cooked, braised",,Beef Products
usda_sr_carotenoid,23469,"Beef, New Zealand, imported, striploin, separable lean and fat, raw",,Beef Products
usda_sr_carotenoid,23470,"Beef, New Zealand, imported, tenderloin, separable lean and fat, cooked, fast fried",,Beef Products
usda_sr_carotenoid,23471,"Beef, New Zealand, imported, tenderloin, separable lean and fat, raw",,Beef Products
usda_sr_carotenoid,23472,"Beef, ground, 93% lean meat / 7% fat, raw",,Beef Products
usda_sr_carotenoid,23477,"Beef, ground, 97% lean meat / 3% fat, raw",,Beef Products
usda_sr_carotenoid,23478,"Beef, ground, 97% lean meat / 3% fat, patty, cooked, broiled",,Beef Products
usda_sr_carotenoid,23479,"Beef, ground, 97% lean meat /3% fat, patty, cooked, pan-broiled",,Beef Products
usda_sr_carotenoid,23480,"Beef, ground, 97% lean meat / 3% fat, loaf, cooked, baked",,Beef Products
usda_sr_carotenoid,23622,"Beef, round, bottom round, steak, separable lean only, trimmed to 1/8"" fat, choice, cooked, braised",,Beef Products
usda_sr_carotenoid,23627,"Beef, short loin, top loin, steak, separable lean only, trimmed to 1/8"" fat, choice, raw",,Beef Products
usda_sr_carotenoid,23628,"Beef, tenderloin, steak, separable lean only, trimmed to 1/8"" fat, choice, cooked, broiled",,Beef Products
usda_sr_carotenoid,23629,"Beef, top sirloin, steak, separable lean only, trimmed to 1/8"" fat, choice, cooked, broiled",,Beef Products
usda_sr_carotenoid,23630,"Beef, short loin, top loin, steak, separable lean only, trimmed to 1/8"" fat, choice, cooked, broiled",,Beef Products
usda_sr_carotenoid,23635,"Beef, round, eye of round, roast, separable lean only, trimmed to 1/8"" fat, select, raw",,Beef Products
usda_sr_carotenoid,23636,"Beef, round, top round, steak, separable lean only, trimmed to 1/8"" fat, select, raw",,Beef Products
usda_sr_carotenoid,23637,"Beef, round, bottom round, roast, separable lean only, trimmed to 1/8"" fat, select, raw",,Beef Products
usda_sr_carotenoid,23638,"Beef, rib, small end (ribs 10-12), separable lean only, trimmed to 1/8"" fat, all grades, cooked, broiled",,Beef Products
usda_sr_carotenoid,23650,"Beef, bottom sirloin, tri-tip roast, separable lean only, trimmed to 0"" fat, select, raw",,Beef Products
usda_sr_carotenoid,23651,"Beef, round, tip round, roast, separable lean only, trimmed to 0"" fat, all grades, raw",,Beef Products
usda_sr_carotenoid,23652,"Beef, round, tip round, roast, separable lean only, trimmed to 0"" fat, choice, raw",,Beef Products
usda_sr_carotenoid,23653,"Beef, round, tip round, roast, separable lean only, trimmed to 0"" fat, select, raw",,Beef Products
usda_sr_carotenoid,23658,"Beef, brisket, flat half, separable lean and fat, trimmed to 1/8"" fat, choice, raw",,Beef Products
usda_sr_carotenoid,23659,"Beef, brisket, flat half, separable lean and fat, trimmed to 1/8"" fat, select, raw",,Beef Products
usda_sr_carotenoid,23660,"Beef, brisket, flat half, separable lean and fat, trimmed to 1/8"" fat, choice, cooked, braised",,Beef Products
usda_sr_carotenoid,25000,"Snacks, popcorn, microwave, 94% fat free",,Snacks
usda_sr_carotenoid,25016,"Formulated bar, MARS SNACKFOOD US, SNICKERS MARATHON Energy Bar, all flavors",,Snacks
usda_sr_carotenoid,25017,"Formulated bar, POWER BAR, chocolate",,Snacks
usda_sr_carotenoid,25020,"Formulated bar, SLIM-FAST OPTIMA meal bar, milk chocolate peanut",,Snacks
usda_sr_carotenoid,25025,"Snacks, soy chips or crisps, salted",,Snacks
usda_sr_carotenoid,25026,"Popcorn, microwave, regular (butter) flavor, made with palm oil",,Snacks
usda_sr_carotenoid,25027,"Snacks, plantain chips, salted",,Snacks
usda_sr_carotenoid,25028,"Tortilla chips, yellow, plain, salted",,Snacks
usda_sr_carotenoid,25034,"Snacks, granola bar, KASHI GOLEAN, crunchy, mixed flavors",,Snacks
usda_sr_carotenoid,25035,"Snacks, granola bar, chewy, reduced sugar, all flavors",,Snacks
usda_sr_carotenoid,25036,"Snacks, granola bites, mixed flavors",,Snacks
usda_sr_carotenoid,25037,"Snacks, pita chips, salted",,Snacks
usda_sr_carotenoid,25038,"Snacks, granola bars, soft, almond, confectioners coating",,Snacks
usda_sr_carotenoid,25045,"Formulated bar, high fiber, chewy, oats and chocolate",,Snacks
usda_sr_carotenoid,25046,"Snacks, bagel chips, plain",,Snacks
usda_sr_carotenoid,25048,"Snacks, NUTRI-GRAIN FRUIT AND NUT BAR",,Snacks
usda_sr_carotenoid,25055,"Snacks, granola bar, GENERAL MILLS, NATURE VALLEY, CHEWY TRAIL MIX",,Snacks
usda_sr_carotenoid,25056,"Snacks, granola bar, QUAKER, DIPPS, all flavors",,Snacks
usda_sr_carotenoid,25059,"Snacks, brown rice chips",,Snacks
usda_sr_carotenoid,25060,"Snack, Pretzel, hard chocolate coated",,Snacks
usda_sr_carotenoid,25066,"Snacks, peas, roasted, wasabi-flavored",,Snacks
usda_sr_carotenoid,25067,"Formulated Bar, SOUTH BEACH protein bar",,Snacks
usda_sr_carotenoid,25068,"Snack, BALANCE, original bar",,Snacks
usda_sr_carotenoid,25070,"Snacks, shrimp cracker",,Snacks
usda_sr_carotenoid,25071,Rice crackers,,Snacks
usda_sr_carotenoid,14022,"Beverages, MONSTER energy drink, low carb",,Beverages
usda_sr_carotenoid,14025,"Alcoholic beverage, whiskey sour, prepared with water, whiskey and powder mix",,Beverages
usda_sr_carotenoid,14030,"Beverages, THE COCA-COLA COMPANY, NOS energy drink, Original, grape, loaded cherry, charged citrus, fortified with vitamins B6 and B12",,Beverages
usda_sr_carotenoid,14031,"Beverages, water, bottled, yumberry, pomegranate with anti-oxidants, zero calories",,Beverages
usda_sr_carotenoid,14033,"Beverages, ABBOTT, EAS whey protein powder",,Beverages
usda_sr_carotenoid,14034,"Alcoholic beverage, creme de menthe, 72 proof",,Beverages
usda_sr_carotenoid,14041,"Beverages, NESTLE, Boost plus, nutritional drink, ready-to-drink",,Beverages
usda_sr_carotenoid,14044,"Beverages, SLIMFAST, Meal replacement,  High Protein Shake, Ready-To-Drink, 3-2-1 plan",,Beverages
usda_sr_carotenoid,14045,"Beverages, UNILEVER, SLIMFAST, meal replacement, regular, ready-to-drink,  3-2-1 Plan",,Beverages
usda_sr_carotenoid,14047,"Beverages, UNILEVER, SLIMFAST Shake Mix, powder, 3-2-1 Plan",,Beverages
usda_sr_carotenoid,14048,"Beverages, FUZE, orange mango, fortified with vitamins A, C, E, B6",,Beverages
usda_sr_carotenoid,14055,"Beverages, UNILEVER, SLIMFAST Shake Mix, high protein, whey powder, 3-2-1 Plan,",,Beverages
usda_sr_carotenoid,14056,"Beverages, Acai berry drink, fortified",,Beverages
usda_sr_carotenoid,14057,"Alcoholic beverage, wine, dessert, sweet",,Beverages
usda_sr_carotenoid,14058,"Beverages, Whey protein powder isolate",,Beverages
usda_sr_carotenoid,14064,"Beverages, Orange juice, light, No pulp",,Beverages
usda_sr_carotenoid,14065,"Beverages, The COCA-COLA company, Hi-C Flashin' Fruit Punch",,Beverages
usda_sr_carotenoid,14066,"Beverages, Protein powder whey based",,Beverages
usda_sr_carotenoid,14067,"Beverages, Protein powder soy based",,Beverages
usda_sr_carotenoid,14080,"Beverages, rich chocolate, powder",,Beverages
usda_sr_carotenoid,14082,"Beverages, GEROLSTEINER BRUNNEN GmbH & Co. KG (Gerolsteiner), naturally sparkling, mineral bottled water",,Beverages
usda_sr_carotenoid,14083,"Beverages, chocolate malt, powder, prepared with fat free milk",,Beverages
usda_sr_carotenoid,14084,"Alcoholic beverage, wine, table, all",,Beverages
usda_sr_carotenoid,14092,"Beverages, chocolate almond milk, unsweetened, shelf-stable, fortified with vitamin D2 and E",,Beverages
usda_sr_carotenoid,14093,"Beverages, The COCA-COLA company, Glaceau Vitamin Water, Revive Fruit Punch, fortified",,Beverages
usda_sr_carotenoid,14095,"Beverages, MINUTE MAID, Lemonada, Limeade",,Beverages
usda_sr_carotenoid,14096,"Alcoholic beverage, wine, table, red",,Beverages
usda_sr_carotenoid,14119,"Beverages, Mixed vegetable and fruit juice drink, with added nutrients",,Beverages
usda_sr_carotenoid,14130,"Carbonated beverage, cream soda",,Beverages
usda_sr_carotenoid,14143,"Beverages, carbonated, low calorie, other than cola or pepper,  without caffeine",,Beverages
usda_sr_carotenoid,14144,"Beverages, carbonated, lemon-lime soda, no caffeine",,Beverages
usda_sr_carotenoid,14145,"Beverages, carbonated, SPRITE, lemon-lime, without caffeine",,Beverages
usda_sr_carotenoid,14151,"Beverages, carbonated, low calorie, other than cola or pepper, with aspartame, contains caffeine",,Beverages
usda_sr_carotenoid,14154,"Beverages, Energy drink, RED BULL",,Beverages
usda_sr_carotenoid,14280,"Beverages, tea, black, ready to drink, decaffeinated, diet",,Beverages
usda_sr_carotenoid,14281,"Beverages, tea, black, ready to drink, decaffeinated",,Beverages
usda_sr_carotenoid,14282,"Beverages, grape juice drink, canned",,Beverages
usda_sr_carotenoid,14292,"Lemonade, frozen concentrate, white",,Beverages
usda_sr_carotenoid,14293,"Lemonade, frozen concentrate, white, prepared with water",,Beverages
usda_sr_carotenoid,14310,"Beverages, Malted drink mix, natural, with added nutrients, powder, prepared with whole milk",,Beverages
usda_sr_carotenoid,14311,"Beverages, Malted drink mix, natural, powder, dairy based.",,Beverages
usda_sr_carotenoid,14312,"Beverages, Malted drink mix, natural, powder, prepared with whole milk",,Beverages
usda_sr_carotenoid,14315,"Beverages, OVALTINE, chocolate malt powder",,Beverages
usda_sr_carotenoid,14327,"Beverages, orange and apricot juice drink, canned",,Beverages
usda_sr_carotenoid,14334,"Beverages, pineapple and grapefruit juice drink, canned",,Beverages
usda_sr_carotenoid,14341,"Beverages, pineapple and orange juice drink, canned",,Beverages
usda_sr_carotenoid,14347,"Shake, fast food, vanilla",,Beverages
usda_sr_carotenoid,14355,"Beverages, tea, black, brewed, prepared with tap water",,Beverages
usda_sr_carotenoid,14356,"Beverages, tea, instant, decaffeinated, lemon, diet",,Beverages
usda_sr_carotenoid,14357,"Beverages, tea, instant, decaffeinated, lemon, sweetened",,Beverages
usda_sr_carotenoid,14366,"Beverages, tea, instant, unsweetened, powder",,Beverages
usda_sr_carotenoid,14376,"Beverages, tea, instant, lemon, diet",,Beverages
usda_sr_carotenoid,14381,"Beverages, tea, herb, other than chamomile, brewed",,Beverages
usda_sr_carotenoid,14407,"Beverages, orange-flavor drink, breakfast type, powder",,Beverages
usda_sr_carotenoid,14408,"Beverages, orange-flavor drink, breakfast type, powder, prepared with water",,Beverages
usda_sr_carotenoid,18451,"Cake, pound, commercially prepared, fat-free",,Baked Products
usda_sr_carotenoid,20656,"Pasta, gluten-free, rice flour and rice bran extract, cooked, DE BOLES",,Cereal Grains and Pasta
usda_sr_carotenoid,20657,"Pasta, gluten-free, corn and rice flour, cooked",,Cereal Grains and Pasta
usda_sr_carotenoid,21003,"Fast foods, biscuit, with egg and bacon",,Fast Foods
usda_sr_carotenoid,21004,"Fast foods, biscuit, with egg and ham",,Fast Foods
usda_sr_carotenoid,21010,"Fast foods, biscuit, with crispy chicken fillet",,Fast Foods
usda_sr_carotenoid,21012,"Fast foods, croissant, with egg, cheese, and bacon",,Fast Foods
usda_sr_carotenoid,21013,"Fast foods, croissant, with egg, cheese, and ham",,Fast Foods
usda_sr_carotenoid,21014,"Fast foods, croissant, with egg, cheese, and sausage",,Fast Foods
usda_sr_carotenoid,21018,"Fast foods, egg, scrambled",,Fast Foods
usda_sr_carotenoid,21026,"Fast foods, potatoes, hash browns, round pieces or patty",,Fast Foods
usda_sr_carotenoid,21028,"Fast foods, vanilla, light, soft-serve ice cream, with cone",,Fast Foods
usda_sr_carotenoid,21063,"Fast foods, burrito, with beans and beef",,Fast Foods
usda_sr_carotenoid,21064,"Fast foods, burrito, with beans, cheese, and beef",,Fast Foods
usda_sr_carotenoid,21283,"PAPA JOHN'S 14"" Cheese Pizza, Original Crust",,Fast Foods
usda_sr_carotenoid,21299,"Fast Food, Pizza Chain, 14"" pizza, cheese topping, regular crust",,Fast Foods
usda_sr_carotenoid,21300,"Fast Food, Pizza Chain, 14"" pizza, cheese topping, thick crust",,Fast Foods
usda_sr_carotenoid,21301,"Fast Food, Pizza Chain, 14"" pizza, cheese topping, thin crust",,Fast Foods
usda_sr_carotenoid,21302,"Fast Food, Pizza Chain, 14"" pizza, pepperoni topping, regular crust",,Fast Foods
usda_sr_carotenoid,21303,"Fast Food, Pizza Chain, 14"" pizza, pepperoni topping, thick crust",,Fast Foods
usda_sr_carotenoid,21319,"McDONALD'S, Hash Brown",,Fast Foods
usda_sr_carotenoid,21321,"McDONALD'S, Hotcakes (plain)",,Fast Foods
usda_sr_carotenoid,21390,"Fast foods, hamburger; single, large patty; with condiments, vegetables and mayonnaise",,Fast Foods
usda_sr_carotenoid,21395,"Fast foods, cheeseburger; double, regular patty; with condiments",,Fast Foods
usda_sr_carotenoid,21401,"Fast foods, chicken tenders",,Fast Foods
usda_sr_carotenoid,21410,"Fast foods, bagel, with egg, sausage patty, cheese, and condiments",,Fast Foods
usda_sr_carotenoid,21411,"Fast foods, bagel, with breakfast steak, egg, cheese, and condiments",,Fast Foods
usda_sr_carotenoid,21412,"Light Ice Cream, soft serve, blended with milk chocolate candies",,Fast Foods
usda_sr_carotenoid,22247,"Macaroni and Cheese, canned entree",,"Meals, Entrees, and Side Dishes"
usda_sr_carotenoid,22535,"HOT POCKETS, CROISSANT POCKETS Chicken, Broccoli, and Cheddar Stuffed Sandwich, frozen",,"Meals, Entrees, and Side Dishes"
usda_sr_carotenoid,22537,"HOT POCKETS Ham 'N Cheese Stuffed Sandwich, frozen",,"Meals, Entrees, and Side Dishes"
usda_sr_carotenoid,22899,"Ravioli, cheese-filled, canned",,"Meals, Entrees, and Side Dishes"
usda_sr_carotenoid,22900,"Ravioli, meat-filled, with tomato sauce or meat sauce, canned",,"Meals, Entrees, and Side Dishes"
usda_sr_carotenoid,22905,"Beef stew, canned entree",,"Meals, Entrees, and Side Dishes"
usda_sr_carotenoid,22906,"Chicken pot pie, frozen entree, prepared",,"Meals, Entrees, and Side Dishes"
usda_sr_carotenoid,22908,"Beef, corned beef hash, with potato, canned",,"Meals, Entrees, and Side Dishes"
usda_sr_carotenoid,22910,"Lasagna, cheese, frozen, prepared",,"Meals, Entrees, and Side Dishes"
usda_sr_carotenoid,22916,"Lasagna with meat & sauce, frozen entree",,"Meals, Entrees, and Side Dishes"
usda_sr_carotenoid,22917,"Burrito, beef and bean, frozen",,"Meals, Entrees, and Side Dishes"
usda_sr_carotenoid,22918,"Burrito, bean and cheese, frozen",,"Meals, Entrees, and Side Dishes"
usda_sr_carotenoid,22957,"Turkey, stuffing, mashed potatoes w/gravy, assorted vegetables, frozen, microwaved",,"Meals, Entrees, and Side Dishes"
usda_sr_carotenoid,22958,"Rice bowl with chicken, frozen entree, prepared (includes fried, teriyaki, and sweet and sour varieties)",,"Meals, Entrees, and Side Dishes"
usda_sr_carotenoid,22959,"Macaroni and cheese dinner with dry sauce mix, boxed, uncooked",,"Meals, Entrees, and Side Dishes"
usda_sr_carotenoid,22970,"Macaroni and cheese, frozen entree",,"Meals, Entrees, and Side Dishes"
usda_sr_carotenoid,22971,Potato salad with egg,,"Meals, Entrees, and Side Dishes"
usda_sr_carotenoid,22972,Pulled pork in barbecue sauce,,"Meals, Entrees, and Side Dishes"
usda_sr_carotenoid,22973,"Corn dogs, frozen, prepared",,"Meals, Entrees, and Side Dishes"
usda_sr_carotenoid,22978,"Chicken tenders, breaded, frozen, prepared",,"Meals, Entrees, and Side Dishes"
usda_sr_carotenoid,22998,"RICE-A-RONI, chicken flavor, unprepared",,"Meals, Entrees, and Side Dishes"
usda_sr_carotenoid,23000,"Beef, shoulder pot roast or steak, boneless, separable lean and fat, trimmed to 0"" fat, all grades, raw",,Beef Products
usda_sr_carotenoid,23001,"Beef, short loin, porterhouse steak, separable lean and fat, trimmed to 1/8"" fat, all grades, raw",,Beef Products
usda_sr_carotenoid,23006,"Beef, short loin, t-bone steak, separable lean and fat, trimmed to 1/8"" fat, all grades, cooked, grilled",,Beef Products
usda_sr_carotenoid,23007,"Beef, short loin, t-bone steak, separable lean and fat, trimmed to 1/8"" fat, select, raw",,Beef Products
usda_sr_carotenoid,23008,"Beef, short loin, t-bone steak, separable lean and fat, trimmed to 1/8"" fat, select, cooked, grilled",,Beef Products
usda_sr_carotenoid,23030,"Beef, round, knuckle, tip side, steak, separable lean and fat, trimmed to 0"" fat, choice, raw",,Beef Products
usda_sr_carotenoid,23035,"Beef, chuck, shoulder clod, shoulder tender, medallion, separable lean and fat, trimmed to 0"" fat, choice, cooked, grilled",,Beef Products
usda_sr_carotenoid,23036,"Beef, chuck, shoulder clod, shoulder tender, medallion, separable lean and fat, trimmed to 0"" fat, select, raw",,Beef Products
usda_sr_carotenoid,23037,"Beef, chuck, shoulder clod, shoulder top and center steaks, separable lean and fat, trimmed to 0"" fat, choice, raw",,Beef Products
usda_sr_carotenoid,23038,"Beef, chuck, shoulder clod, shoulder top and center steaks, separable lean and fat, trimmed to 0"" fat, choice, cooked, grilled",,Beef Products
usda_sr_carotenoid,23043,"Beef, chuck, shoulder clod, top blade, steak, separable lean and fat, trimmed to 0"" fat, select, raw",,Beef Products
usda_sr_carotenoid,23044,"Beef, chuck, shoulder clod, top blade, steak, separable lean and fat, trimmed to 0"" fat, select, cooked, grilled",,Beef Products
usda_sr_carotenoid,23045,"Beef, round, knuckle, tip center, steak, separable lean and fat, trimmed to 0"" fat, choice, raw",,Beef Products
usda_sr_carotenoid,23046,"Beef, round, knuckle, tip center, steak, separable lean and fat, trimmed to 0"" fat, choice, cooked, grilled",,Beef Products
usda_sr_carotenoid,23047,"Beef, round, knuckle, tip center, steak, separable lean and fat, trimmed to 0"" fat, select, raw",,Beef Products
usda_sr_carotenoid,23052,"Beef, round, outside round, bottom round, steak, separable lean and fat, trimmed to 0"" fat, select, cooked, grilled",,Beef Products
usda_sr_carotenoid,23053,"Beef, chuck, shoulder clod, shoulder tender, medallion, separable lean and fat, trimmed to 0"" fat, all grades, raw",,Beef Products
usda_sr_carotenoid,23054,"Beef, chuck, shoulder clod, shoulder tender, medallion, separable lean and fat, trimmed to 0"" fat, all grades, cooked, grilled",,Beef Products
usda_sr_carotenoid,23055,"Beef, round, knuckle, tip side, steak, separable lean and fat, trimmed to 0"" fat, all grades, raw",,Beef Products
usda_sr_carotenoid,23060,"Beef, chuck, shoulder clod, top blade, steak, separable lean and fat, trimmed to 0"" fat, all grades, cooked, grilled",,Beef Products
usda_sr_carotenoid,23061,"Beef, round, knuckle, tip center, steak, separable lean and fat, trimmed to 0"" fat, all grades, raw",,Beef Products
usda_sr_carotenoid,23062,"Beef, round, knuckle, tip center, steak, separable lean and fat, trimmed to 0"" fat, all grades, cooked, grilled",,Beef Products
usda_sr_carotenoid,23063,"Beef, round, outside round, bottom round, steak, separable lean and fat, trimmed to 0"" fat, all grades, raw",,Beef Products
usda_sr_carotenoid,23161,"Beef, rib eye roast, boneless, lip-on, separable lean only, trimmed to 1/8"" fat, select, cooked, roasted",,Beef Products
usda_sr_carotenoid,23162,"Beef, plate steak, boneless, inside skirt, separable lean only, trimmed to 0"" fat, all grades, cooked, grilled",,Beef Products
usda_sr_carotenoid,23163,"Beef, plate steak, boneless, inside skirt, separable lean only, trimmed to 0"" fat, all grades, raw",,Beef Products
usda_sr_carotenoid,23164,"Beef, plate steak, boneless, inside skirt, separable lean only, trimmed to 0"" fat, choice, cooked, grilled",,Beef Products
usda_sr_carotenoid,23169,"Beef, plate steak, boneless, outside skirt, separable lean only, trimmed to 0"" fat, all grades, raw",,Beef Products
usda_sr_carotenoid,23170,"Beef, plate steak, boneless, outside skirt, separable lean only, trimmed to 0"" fat, choice, cooked, grilled",,Beef Products
usda_sr_carotenoid,23171,"Beef, plate steak, boneless, outside skirt, separable lean only, trimmed to 0"" fat, choice, raw",,Beef Products
usda_sr_carotenoid,23172,"Beef, plate steak, boneless, outside skirt, separable lean only, trimmed to 0"" fat, select, cooked, grilled",,Beef Products
usda_sr_carotenoid,23177,"Beef, rib eye steak, boneless, lip off, separable lean only, trimmed to 0"" fat, choice, raw",,Beef Products
usda_sr_carotenoid,23178,"Beef, rib eye steak, boneless, lip off, separable lean only, trimmed to 0"" fat, select, cooked, grilled",,Beef Products
usda_sr_carotenoid,23179,"Beef, rib eye steak, boneless, lip off, separable lean only, trimmed to 0"" fat, select, raw",,Beef Products
usda_sr_carotenoid,23180,"Beef, rib, back ribs, bone-in, separable lean only, trimmed to 0"" fat, all grades, cooked, braised",,Beef Products
usda_sr_carotenoid,23185,"Beef, rib, back ribs, bone-in, separable lean only, trimmed to 0"" fat, select, raw",,Beef Products
usda_sr_carotenoid,23186,"Beef, rib eye steak, bone-in, lip-on, separable lean and fat, trimmed to 1/8"" fat, choice, cooked, grilled",,Beef Products
usda_sr_carotenoid,23187,"Beef, rib eye steak, bone-in, lip-on, separable lean and fat, trimmed to 1/8"" fat, select, cooked, grilled",,Beef Products
usda_sr_carotenoid,23188,"Beef, rib eye steak, bone-in, lip-on, separable lean and fat, trimmed to 1/8"" fat, all grades, cooked, grilled",,Beef Products
usda_sr_carotenoid,23189,"Beef, rib eye roast, bone-in, lip-on, separable lean and fat, trimmed to 1/8"" fat, choice, cooked, roasted",,Beef Products
usda_sr_carotenoid,23194,"Beef, rib eye steak/roast, bone-in, lip-on, separable lean and fat, trimmed to 1/8"" fat, select, raw",,Beef Products
usda_sr_carotenoid,23195,"Beef, rib eye steak, boneless, lip-on, separable lean and fat, trimmed to 1/8"" fat, choice, cooked, grilled",,Beef Products
usda_sr_carotenoid,23196,"Beef, rib eye steak, boneless, lip-on, separable lean and fat, trimmed to 1/8"" fat, select, cooked, grilled",,Beef Products
usda_sr_carotenoid,23197,"Beef, rib eye steak, boneless, lip-on, separable lean and fat, trimmed to 1/8"" fat, all grades, cooked, grilled",,Beef Products
usda_sr_carotenoid,23202,"Beef, rib eye steak/roast, boneless, lip-on, separable lean and fat, trimmed to 1/8"" fat, choice, raw",,Beef Products
usda_sr_carotenoid,23213,"Beef, rib eye steak/roast, boneless, lip-on, separable lean and fat, trimmed to 1/8"" fat, select, raw",,Beef Products
usda_sr_carotenoid,23214,"Beef, plate steak, boneless, inside skirt, separable lean and fat, trimmed to 0"" fat, all grades, cooked, grilled",,Beef Products
usda_sr_carotenoid,23215,"Beef, plate steak, boneless, inside skirt, separable lean and fat, trimmed to 0"" fat, choice, cooked, grilled",,Beef Products
usda_sr_carotenoid,23221,"Beef, plate steak, boneless, outside skirt, separable lean and fat, trimmed to 0"" fat, all grades, cooked, grilled",,Beef Products
usda_sr_carotenoid,23222,"Beef, plate steak, boneless, outside skirt, separable lean and fat, trimmed to 0"" fat, choice, cooked, grilled",,Beef Products
usda_sr_carotenoid,23223,"Beef, plate steak, boneless, outside skirt, separable lean and fat, trimmed to 0"" fat, select, cooked, grilled",,Beef Products
usda_sr_carotenoid,23224,"Beef, plate steak, boneless, outside skirt, separable lean and fat, trimmed to 0"" fat, all grades, raw",,Beef Products
usda_sr_carotenoid,23229,"Beef, rib eye steak, boneless, lip off, separable lean and fat, trimmed to 0"" fat, select, cooked, grilled",,Beef Products
usda_sr_carotenoid,23230,"Beef, rib eye steak, boneless, lip off, separable lean and fat, trimmed to 0"" fat, all grades, raw",,Beef Products
usda_sr_carotenoid,23231,"Beef, rib eye steak, boneless, lip off, separable lean and fat, trimmed to 0"" fat, choice, raw",,Beef Products
usda_sr_carotenoid,23232,"Beef, rib eye steak, boneless, lip off, separable lean and fat, trimmed to 0"" fat, select, raw",,Beef Products
usda_sr_carotenoid,23237,"Beef, rib, back ribs, bone-in, separable lean and fat, trimmed to 0"" fat, choice, raw",,Beef Products
usda_sr_carotenoid,23238,"Beef, rib, back ribs, bone-in, separable lean and fat, trimmed to 0"" fat, select, raw",,Beef Products
usda_sr_carotenoid,23239,"Beef, loin, top sirloin petite roast, boneless, separable lean only, trimmed to 0"" fat, choice, cooked, roasted",,Beef Products
usda_sr_carotenoid,23240,"Beef, loin, top sirloin petite roast/filet, boneless, separable lean only, trimmed to 0"" fat, choice, raw",,Beef Products
usda_sr_carotenoid,23246,"Beef, loin, top sirloin cap steak, boneless, separable lean only, trimmed to 1/8"" fat, select, raw",,Beef Products
usda_sr_carotenoid,1001,"Butter, salted",,Dairy and Egg Products
usda_sr_carotenoid,1002,"Butter, whipped, with salt",,Dairy and Egg Products
usda_sr_carotenoid,1003,"Butter oil, anhydrous",,Dairy and Egg Products
usda_sr_carotenoid,1009,"Cheese, cheddar (Includes foods for USDA's Food Distribution Program)",,Dairy and Egg Products
usda_sr_carotenoid,1011,"Cheese, colby",,Dairy and Egg Products
usda_sr_carotenoid,1016,"Cheese, cottage, lowfat, 1% milkfat",,Dairy and Egg Products
usda_sr_carotenoid,1017,"Cheese, cream",,Dairy and Egg Products
usda_sr_carotenoid,1018,"Cheese, edam",,Dairy and Egg Products
usda_sr_carotenoid,1019,"Cheese, feta",,Dairy and Egg Products
usda_sr_carotenoid,1126,"Egg, yolk, raw, frozen, pasteurized",,Dairy and Egg Products
usda_sr_carotenoid,1127,"Egg, yolk, raw, frozen, sugared, pasteurized",,Dairy and Egg Products
usda_sr_carotenoid,1128,"Egg, whole, cooked, fried",,Dairy and Egg Products
usda_sr_carotenoid,1129,"Egg, whole, cooked, hard-boiled",,Dairy and Egg Products
usda_sr_carotenoid,1135,"Egg, white, dried, flakes, stabilized, glucose reduced",,Dairy and Egg Products
usda_sr_carotenoid,1136,"Egg, white, dried, powder, stabilized, glucose reduced",,Dairy and Egg Products
usda_sr_carotenoid,1137,"Egg, yolk, dried",,Dairy and Egg Products
usda_sr_carotenoid,1144,"Egg substitute, powder",,Dairy and Egg Products
usda_sr_carotenoid,1145,"Butter, without salt",,Dairy and Egg Products
usda_sr_carotenoid,1146,"Cheese, parmesan, shredded",,Dairy and Egg Products
usda_sr_carotenoid,1151,"Milk, nonfat, fluid, without added vitamin A and vitamin D (fat free or skim)",,Dairy and Egg Products
usda_sr_carotenoid,1157,"Cheese, goat, semisoft type",,Dairy and Egg Products
usda_sr_carotenoid,1158,"Yogurt, Greek, 2% fat, key lime blend, CHOBANI",,Dairy and Egg Products
usda_sr_carotenoid,1159,"Cheese, goat, soft type",,Dairy and Egg Products
usda_sr_carotenoid,1160,"Egg, yolk, raw, frozen, salted, pasteurized",,Dairy and Egg Products
usda_sr_carotenoid,1166,"Cheese, mexican, queso asadero",,Dairy and Egg Products
usda_sr_carotenoid,1167,"Cheese, mexican, queso chihuahua",,Dairy and Egg Products
usda_sr_carotenoid,1168,"Cheese, low fat, cheddar or colby",,Dairy and Egg Products
usda_sr_carotenoid,1169,"Cheese, low-sodium, cheddar or colby",,Dairy and Egg Products
usda_sr_carotenoid,1175,"Milk, fluid, 1% fat, without added vitamin A and vitamin D",,Dairy and Egg Products
usda_sr_carotenoid,1178,"Sour cream, reduced fat",,Dairy and Egg Products
usda_sr_carotenoid,1179,"Sour cream, light",,Dairy and Egg Products
usda_sr_carotenoid,1180,"Sour cream, fat free",,Dairy and Egg Products
usda_sr_carotenoid,1184,"Yogurt, vanilla or lemon flavor, nonfat milk, sweetened with low-calorie sweetener",,Dairy and Egg Products
usda_sr_carotenoid,1202,"Milk, chocolate, fluid, commercial, reduced fat, with added calcium",,Dairy and Egg Products
usda_sr_carotenoid,1203,"Yogurt, fruit, lowfat, with low calorie sweetener",,Dairy and Egg Products
usda_sr_carotenoid,1204,"Cheese, parmesan, dry grated, reduced fat",,Dairy and Egg Products
usda_sr_carotenoid,1205,"Cream substitute, flavored, liquid",,Dairy and Egg Products
usda_sr_carotenoid,1212,"Milk, dry, whole, without added vitamin D",,Dairy and Egg Products
usda_sr_carotenoid,1215,"Cheese product, pasteurized process, American, reduced fat, fortified with vitamin D",,Dairy and Egg Products
usda_sr_carotenoid,1216,"Yogurt, fruit, low fat, 9 grams protein per 8 ounce, fortified with vitamin D",,Dairy and Egg Products
usda_sr_carotenoid,1217,"Yogurt, fruit, low fat, 10 grams protein per 8 ounce, fortified with vitamin D",,Dairy and Egg Products
usda_sr_carotenoid,1218,"Yogurt, fruit variety, nonfat, fortified with vitamin D",,Dairy and Egg Products
usda_sr_carotenoid,1223,"Protein supplement, milk based, Muscle Milk, powder",,Dairy and Egg Products
usda_sr_carotenoid,1224,"Protein supplement, milk based, Muscle Milk Light, powder",,Dairy and Egg Products
usda_sr_carotenoid,1225,Dulce de Leche,,Dairy and Egg Products
usda_sr_carotenoid,1226,"Egg substitute, liquid or frozen, fat free",,Dairy and Egg Products
usda_sr_carotenoid,1231,"Yogurt, vanilla flavor, lowfat milk, sweetened with low calorie sweetener",,Dairy and Egg Products
usda_sr_carotenoid,1235,"Yogurt, frozen, flavors not chocolate, nonfat milk, with low-calorie sweetener",,Dairy and Egg Products
usda_sr_carotenoid,1236,"Ice cream, soft serve, chocolate",,Dairy and Egg Products
usda_sr_carotenoid,1237,"Ice cream, bar or stick, chocolate covered",,Dairy and Egg Products
usda_sr_carotenoid,1243,"Fat free ice cream, no sugar added, flavors other than chocolate",,Dairy and Egg Products
usda_sr_carotenoid,2047,"Salt, table",,Spices and Herbs
usda_sr_carotenoid,2048,"Vinegar, cider",,Spices and Herbs
usda_sr_carotenoid,2049,"Thyme, fresh",,Spices and Herbs
usda_sr_carotenoid,2050,Vanilla extract,,Spices and Herbs
usda_sr_carotenoid,2055,"Horseradish, prepared",,Spices and Herbs
usda_sr_carotenoid,3000,Clif Z bar,,Baby Foods
usda_sr_carotenoid,3001,"Babyfood, juice treats, fruit medley, toddler",,Baby Foods
usda_sr_carotenoid,3002,"Babyfood, meat, beef, strained",,Baby Foods
usda_sr_carotenoid,3009,"Babyfood, meat, ham, junior",,Baby Foods
usda_sr_carotenoid,3010,"Babyfood, meat, lamb, strained",,Baby Foods
usda_sr_carotenoid,3011,"Babyfood, meat, lamb, junior",,Baby Foods
usda_sr_carotenoid,3012,"Babyfood, meat, chicken, strained",,Baby Foods
usda_sr_carotenoid,3017,"Babyfood, meat, turkey sticks, junior",,Baby Foods
usda_sr_carotenoid,3019,"Babyfood, snack, GERBER GRADUATE FRUIT  STRIPS, Real Fruit Bars",,Baby Foods
usda_sr_carotenoid,3021,"Babyfood, meat, meat sticks, junior",,Baby Foods
usda_sr_carotenoid,3022,"Babyfood, GERBER, 2nd Foods, apple, carrot and squash, organic",,Baby Foods
usda_sr_carotenoid,3044,"Babyfood, dinner, macaroni and tomato and beef, strained",,Baby Foods
usda_sr_carotenoid,3045,"Babyfood, dinner, macaroni and tomato and beef, junior",,Baby Foods
usda_sr_carotenoid,3050,"Babyfood, dinner, spaghetti and tomato and meat, junior",,Baby Foods
usda_sr_carotenoid,3053,"Babyfood, dinner, vegetables and beef, strained",,Baby Foods
usda_sr_carotenoid,3054,"Babyfood, dinner, vegetables and beef, junior",,Baby Foods
usda_sr_carotenoid,3070,"Babyfood, dinner, chicken soup, strained",,Baby Foods
usda_sr_carotenoid,3072,"Babyfood, dinner, chicken stew, toddler",,Baby Foods
usda_sr_carotenoid,3073,"Babyfood, dinner, vegetables chicken, strained",,Baby Foods
usda_sr_carotenoid,3083,"Babyfood, dinner, turkey and rice, junior",,Baby Foods
usda_sr_carotenoid,3084,"Babyfood, dinner, vegetables and turkey, strained",,Baby Foods
usda_sr_carotenoid,3085,"Babyfood, dinner, vegetables and turkey, junior",,Baby Foods
usda_sr_carotenoid,3089,"Babyfood, dinner, macaroni and cheese, strained",,Baby Foods
usda_sr_carotenoid,3096,"Babyfood, vegetable, green beans and potatoes",,Baby Foods
usda_sr_carotenoid,3098,"Babyfood, vegetables, beets, strained",,Baby Foods
usda_sr_carotenoid,3099,"Babyfood, vegetables, carrots, strained",,Baby Foods
usda_sr_carotenoid,3100,"Babyfood, vegetables, carrots, junior",,Baby Foods
usda_sr_carotenoid,3112,"Babyfood, potatoes, toddler",,Baby Foods
usda_sr_carotenoid,3113,"Babyfood, cereal, Oatmeal, dry, GERBER, SINGLE GRAIN, fortified",,Baby Foods
usda_sr_carotenoid,3114,"Babyfood, vegetable, butternut squash and corn",,Baby Foods
usda_sr_carotenoid,3115,"Babyfood, apples, dices, toddler",,Baby Foods
usda_sr_carotenoid,3116,"Babyfood, fruit, applesauce, strained",,Baby Foods
usda_sr_carotenoid,3274,"Babyfood, dinner, vegetables and chicken, junior",,Baby Foods
usda_sr_carotenoid,3286,"Babyfood, vegetables, mix vegetables strained",,Baby Foods
usda_sr_carotenoid,3287,"Babyfood, dinner, beef noodle, junior",,Baby Foods
usda_sr_carotenoid,3289,"Babyfood, apples with ham, strained",,Baby Foods
usda_sr_carotenoid,3290,"Babyfood, carrots and beef, strained",,Baby Foods
usda_sr_carotenoid,3301,"Babyfood, beverage, GERBER, GRADUATES, FRUIT SPLASHERS",,Baby Foods
usda_sr_carotenoid,3302,"Babyfood, snack, GERBER, GRADUATES, YOGURT MELTS",,Baby Foods
usda_sr_carotenoid,3303,"Babyfood, dinner, sweet potatoes and chicken, strained",,Baby Foods
usda_sr_carotenoid,3685,"Babyfood, cereal, mixed, prepared with whole milk",,Baby Foods
usda_sr_carotenoid,3686,"Babyfood, cereal, mixed, with bananas, prepared with whole milk",,Baby Foods
usda_sr_carotenoid,3712,"Babyfood, cereal, rice, with bananas, prepared with whole milk",,Baby Foods
usda_sr_carotenoid,3801,"Infant formula, NESTLE, GOOD START SUPREME, with iron, liquid concentrate, not reconstituted",,Baby Foods
usda_sr_carotenoid,3802,"Infant formula, NESTLE, GOOD START SUPREME, with iron, powder",,Baby Foods
usda_sr_carotenoid,3818,"Infant formula, MEAD JOHNSON, ENFAMIL, LIPIL, low iron, liquid concentrate, with ARA and DHA",,Baby Foods
usda_sr_carotenoid,3821,"Infant formula, MEAD JOHNSON, PREGESTIMIL, with iron, powder, with ARA and DHA, not reconstituted",,Baby Foods
usda_sr_carotenoid,3822,"Infant formula, MEAD JOHNSON, PREGESTIMIL, with iron, with ARA and DHA, prepared from powder",,Baby Foods
usda_sr_carotenoid,3823,"Infant formula, MEAD JOHNSON, PROSOBEE, with iron, ready-to-feed",,Baby Foods
usda_sr_carotenoid,3841,"Infant formula, ABBOTT NUTRITION, SIMILAC, ISOMIL, with iron, ready-to-feed",,Baby Foods
usda_sr_carotenoid,3842,"Infant formula, ABBOTT NUTRITION, SIMILAC, ISOMIL, with iron, liquid concentrate",,Baby Foods
usda_sr_carotenoid,3843,"Infant formula, ABBOTT NUTRITION, SIMILAC, ISOMIL, with iron, powder, not reconstituted",,Baby Foods
usda_sr_carotenoid,3844,"Infant formula, MEAD JOHNSON, ENFAMIL, NUTRAMIGEN, with iron, liquid concentrate not reconstituted, with ARA and DHA",,Baby Foods
usda_sr_carotenoid,3852,"Infant formula, MEAD JOHNSON, ENFAMIL, PROSOBEE, with iron, powder, not reconstituted, with ARA and DHA",,Baby Foods
usda_sr_carotenoid,3853,"Infant formula, ABBOTT NUTRITION, SIMILAC, with iron, powder, not reconstituted",,Baby Foods
usda_sr_carotenoid,3854,"Infant formula, MEAD JOHNSON, ENFAMIL, PROSOBEE, liquid concentrate, reconstituted, with ARA and DHA",,Baby Foods
usda_sr_carotenoid,3857,"Infant formula, MEAD JOHNSON, PROSOBEE, with iron, ready to feed, with ARA and DHA",,Baby Foods
usda_sr_carotenoid,3859,"Infant formula, NESTLE, GOOD START SOY, with DHA and ARA, ready-to-feed",,Baby Foods
usda_sr_carotenoid,3870,"Child formula, ABBOTT NUTRITION, PEDIASURE, ready-to-feed, with iron and fiber",,Baby Foods
usda_sr_carotenoid,3928,"Infant formula, NESTLE, GOOD START ESSENTIALS SOY, with iron, powder",,Baby Foods
usda_sr_carotenoid,3929,"Infant formula, MEAD JOHNSON, NEXT STEP PROSOBEE, powder, not reconstituted",,Baby Foods
usda_sr_carotenoid,3930,"Infant formula, MEAD JOHNSON,NEXT STEP PROSOBEE, prepared from powder",,Baby Foods
usda_sr_carotenoid,3938,"Infant formula, PBM PRODUCTS, store brand, powder",,Baby Foods
usda_sr_carotenoid,3939,"Infant formula, PBM PRODUCTS, store brand, soy, ready-to-feed",,Baby Foods
usda_sr_carotenoid,3940,"Infant formula, PBM PRODUCTS, store brand, soy, liquid concentrate, not reconstituted",,Baby Foods
usda_sr_carotenoid,3941,"Infant formula, PBM PRODUCTS, store brand, soy, powder",,Baby Foods
usda_sr_carotenoid,3947,"Infant formula, ABBOTT NUTRITION, SIMILAC, SENSITIVE, (LACTOSE FREE), liquid concentrate, with ARA and DHA",,Baby Foods
usda_sr_carotenoid,3948,"Infant formula, ABBOTT NUTRITION, SIMILAC, SENSITIVE, (LACTOSE FREE), powder, with ARA and DHA",,Baby Foods
usda_sr_carotenoid,3949,"Infant formula, ABBOTT NUTRITION, SIMILAC, ADVANCE, with iron, ready-to-feed",,Baby Foods
usda_sr_carotenoid,3950,"Infant formula, ABBOTT NUTRITION, SIMILAC, ADVANCE, with iron, powder, not reconstituted",,Baby Foods
usda_sr_carotenoid,4539,"Salad dressing, blue or roquefort cheese dressing, commercial, regular",,Fats and Oils
usda_sr_carotenoid,4541,"Oil, cupu assu",,Fats and Oils
usda_sr_carotenoid,4542,"Fat, chicken",,Fats and Oils
usda_sr_carotenoid,4543,"Oil, soybean, salad or cooking, (partially hydrogenated) and cottonseed",,Fats and Oils
usda_sr_carotenoid,4551,"Shortening confectionery, coconut (hydrogenated) and or palm kernel (hydrogenated)",,Fats and Oils
usda_sr_carotenoid,4554,"Shortening industrial, soybean (hydrogenated) and cottonseed",,Fats and Oils
usda_sr_carotenoid,4573,"Oil, ucuhuba butter",,Fats and Oils
usda_sr_carotenoid,4575,"Fat, turkey",,Fats and Oils
usda_sr_carotenoid,4586,"Shortening, special purpose for cakes and frostings, soybean (hydrogenated)",,Fats and Oils
usda_sr_carotenoid,4587,"Shortening, special purpose for baking, soybean (hydrogenated) palm and cottonseed",,Fats and Oils
usda_sr_carotenoid,4588,"Oil, oat",,Fats and Oils
usda_sr_carotenoid,4600,"Margarine-like, vegetable oil-butter spread, tub, with salt",,Fats and Oils
usda_sr_carotenoid,4601,"Butter, light, stick, with salt",,Fats and Oils
usda_sr_carotenoid,4613,"Margarine-like, vegetable oil spread, 60% fat, tub, with salt",,Fats and Oils
usda_sr_carotenoid,4614,"Margarine-like, vegetable oil spread, 60% fat, stick/tub/bottle, with salt",,Fats and Oils
usda_sr_carotenoid,4615,"Shortening, vegetable, household, composite",,Fats and Oils
usda_sr_carotenoid,4617,"Margarine, regular, 80% fat, composite, stick, without salt",,Fats and Oils
usda_sr_carotenoid,4627,"Margarine-like spread with yogurt, approximately 40% fat, tub, with salt",,Fats and Oils
usda_sr_carotenoid,4636,"Salad dressing, italian dressing, fat-free",,Fats and Oils
usda_sr_carotenoid,4638,"Salad dressing, ranch dressing, fat-free",,Fats and Oils
usda_sr_carotenoid,4639,"Salad dressing, ranch dressing, regular",,Fats and Oils
usda_sr_carotenoid,4640,"Salad dressing, ranch dressing, reduced fat",,Fats and Oils
usda_sr_carotenoid,4641,"Salad dressing, mayonnaise, light",,Fats and Oils
usda_sr_carotenoid,4646,"Oil, industrial, coconut, principal uses candy coatings, oil sprays, roasting nuts",,Fats and Oils
usda_sr_carotenoid,4648,"Oil, industrial, soy (partially hydrogenated), principal uses popcorn and flavoring vegetables",,Fats and Oils
usda_sr_carotenoid,4649,"Shortening, industrial, soy (partially hydrogenated), pourable liquid fry shortening",,Fats and Oils
usda_sr_carotenoid,4650,"Oil, industrial, soy, refined, for woks and light frying",,Fats and Oils
usda_sr_carotenoid,4655,"Margarine-like shortening, industrial, soy (partially hydrogenated), cottonseed, and soy, principal use flaky pastries",,Fats and Oils
usda_sr_carotenoid,4656,"Oil, industrial, palm kernel, confection fat, uses similar to high quality cocoa butter",,Fats and Oils
usda_sr_carotenoid,4657,"Oil, industrial, palm kernel (hydrogenated), confection fat, uses similar to 95 degree hard butter",,Fats and Oils
usda_sr_carotenoid,4658,"Oil, industrial, palm kernel (hydrogenated), confection fat, intermediate grade product",,Fats and Oils
usda_sr_carotenoid,4663,"Oil, industrial, palm kernel (hydrogenated), filling fat",,Fats and Oils
usda_sr_carotenoid,4664,"Oil, industrial, soy (partially hydrogenated ), palm, principal uses icings and fillings",,Fats and Oils
usda_sr_carotenoid,4665,"Margarine, industrial, non-dairy, cottonseed, soy oil (partially hydrogenated ), for flaky pastries",,Fats and Oils
usda_sr_carotenoid,4666,"Shortening, industrial, soy (partially hydrogenated ) and corn for frying",,Fats and Oils
usda_sr_carotenoid,4667,"Shortening, industrial, soy (partially hydrogenated ) for baking and confections",,Fats and Oils
usda_sr_carotenoid,5069,"Chicken, broilers or fryers, drumstick, meat and skin, cooked, roasted",,Poultry Products
usda_sr_carotenoid,5070,"Chicken, broilers or fryers, drumstick, meat and skin, cooked, stewed",,Poultry Products
usda_sr_carotenoid,5071,"Chicken, broilers or fryers, dark meat, drumstick, meat only, raw",,Poultry Products
usda_sr_carotenoid,5078,"Chicken, broilers or fryers, leg, meat and skin, cooked, roasted",,Poultry Products
usda_sr_carotenoid,5079,"Chicken, broilers or fryers, leg, meat and skin, cooked, stewed",,Poultry Products
usda_sr_carotenoid,5080,"Chicken, broilers or fryers, leg, meat only, raw",,Poultry Products
usda_sr_carotenoid,5087,"Chicken, broilers or fryers, neck, meat and skin, cooked simmered",,Poultry Products
usda_sr_carotenoid,5094,"Chicken, broilers or fryers, thigh, meat and skin, cooked, roasted",,Poultry Products
usda_sr_carotenoid,5095,"Chicken, broilers or fryers, thigh, meat and skin, cooked, stewed",,Poultry Products
usda_sr_carotenoid,5096,"Chicken, broilers or fryers, dark meat, thigh, meat only, raw",,Poultry Products
usda_sr_carotenoid,5103,"Chicken, broilers or fryers, wing, meat and skin, cooked, roasted",,Poultry Products
usda_sr_carotenoid,5104,"Chicken, broilers or fryers, wing, meat and skin, cooked, stewed",,Poultry Products
usda_sr_carotenoid,5105,"Chicken, broilers or fryers, wing, meat only, raw",,Poultry Products
usda_sr_carotenoid,5111,"Canada Goose, breast meat only, skinless, raw",,Poultry Products
usda_sr_carotenoid,5113,"Chicken, roasting, meat only, raw",,Poultry Products
usda_sr_carotenoid,5118,"Chicken, roasting, light meat, meat only, cooked, roasted",,Poultry Products
usda_sr_carotenoid,5119,"Chicken, roasting, dark meat, meat only, raw",,Poultry Products
usda_sr_carotenoid,5129,"Chicken, stewing, light meat, meat only, raw",,Poultry Products
usda_sr_carotenoid,5135,"Chicken, capons, meat and skin, raw",,Poultry Products
usda_sr_carotenoid,14411,"Beverages, water, tap, drinking",,Beverages
usda_sr_carotenoid,14422,"Beverages, Dairy drink mix, chocolate, reduced calorie, with low-calorie sweeteners, powder",,Beverages
usda_sr_carotenoid,14423,"Beverages, dairy drink mix, chocolate, reduced calorie, with aspartame, powder, prepared with water and ice",,Beverages
usda_sr_carotenoid,14424,"Beverages, Orange-flavor drink, breakfast type, with pulp, frozen concentrate.",,Beverages
usda_sr_carotenoid,14425,"Beverages, Orange-flavor drink, breakfast type, with pulp, frozen concentrate, prepared with water",,Beverages
usda_sr_carotenoid,14431,"Cranberry juice cocktail, frozen concentrate, prepared with water",,Beverages
usda_sr_carotenoid,14460,"Beverages, PEPSICO QUAKER, Gatorade, G performance O 2, ready-to-drink.",,Beverages
usda_sr_carotenoid,14542,"Lemonade, frozen concentrate, pink",,Beverages
usda_sr_carotenoid,14543,"Beverages, lemonade, frozen concentrate, pink, prepared with water",,Beverages
usda_sr_carotenoid,15042,"Fish, herring, Atlantic, kippered",,Finfish and Shellfish Products
usda_sr_carotenoid,15050,"Fish, mackerel, Pacific and jack, mixed species, raw",,Finfish and Shellfish Products
usda_sr_carotenoid,15051,"Fish, mackerel, spanish, raw",,Finfish and Shellfish Products
usda_sr_carotenoid,15060,"Fish, perch, mixed species, raw",,Finfish and Shellfish Products
usda_sr_carotenoid,15062,"Fish, pike, northern, raw",,Finfish and Shellfish Products
usda_sr_carotenoid,15067,"Fish, pollock, Alaska, cooked, dry heat (may contain additives to retain moisture)",,Finfish and Shellfish Products
usda_sr_carotenoid,15068,"Fish, pompano, florida, raw",,Finfish and Shellfish Products
usda_sr_carotenoid,15070,"Fish, rockfish, Pacific, mixed species, raw",,Finfish and Shellfish Products
usda_sr_carotenoid,15077,"Fish, salmon, chinook, smoked",,Finfish and Shellfish Products
usda_sr_carotenoid,15078,"Fish, salmon, chinook, raw",,Finfish and Shellfish Products
usda_sr_carotenoid,15084,"Fish, salmon, pink, canned, total can contents",,Finfish and Shellfish Products
usda_sr_carotenoid,15085,"Fish, salmon, sockeye, raw",,Finfish and Shellfish Products
usda_sr_carotenoid,15086,"Fish, salmon, sockeye, cooked, dry heat",,Finfish and Shellfish Products
usda_sr_carotenoid,15087,"Fish, salmon, sockeye, canned, drained solids",,Finfish and Shellfish Products
usda_sr_carotenoid,15094,"Fish, shad, american, raw",,Finfish and Shellfish Products
usda_sr_carotenoid,15095,"Fish, shark, mixed species, raw",,Finfish and Shellfish Products
usda_sr_carotenoid,15101,"Fish, snapper, mixed species, raw",,Finfish and Shellfish Products
usda_sr_carotenoid,15104,"Fish, sturgeon, mixed species, raw",,Finfish and Shellfish Products
usda_sr_carotenoid,15109,"Fish, surimi",,Finfish and Shellfish Products
usda_sr_carotenoid,15110,"Fish, swordfish, raw",,Finfish and Shellfish Products
usda_sr_carotenoid,15111,"Fish, swordfish, cooked, dry heat",,Finfish and Shellfish Products
usda_sr_carotenoid,15117,"Fish, tuna, fresh, bluefin, raw",,Finfish and Shellfish Products
usda_sr_carotenoid,15119,"Fish, tuna, light, canned in oil, drained solids",,Finfish and Shellfish Products
usda_sr_carotenoid,15121,"Fish, tuna, light, canned in water, drained solids (Includes foods for USDA's Food Distribution Program)",,Finfish and Shellfish Products
usda_sr_carotenoid,15130,"Fish, whitefish, mixed species, raw",,Finfish and Shellfish Products
usda_sr_carotenoid,15131,"Fish, whitefish, mixed species, smoked",,Finfish and Shellfish Products
usda_sr_carotenoid,15132,"Fish, whiting, mixed species, raw",,Finfish and Shellfish Products
usda_sr_carotenoid,15240,"Fish, trout, rainbow, farmed, raw",,Finfish and Shellfish Products
usda_sr_carotenoid,15241,"Fish, trout, rainbow, farmed, cooked, dry heat",,Finfish and Shellfish Products
usda_sr_carotenoid,15247,"Fish, salmon, coho, wild, cooked, dry heat",,Finfish and Shellfish Products
usda_sr_carotenoid,15250,"Mollusks, conch, baked or broiled",,Finfish and Shellfish Products
usda_sr_carotenoid,15264,"Salmon, sockeye, canned, drained solids, without skin and bones",,Finfish and Shellfish Products
usda_sr_carotenoid,15265,"Fish, Salmon, pink, canned, drained solids, without skin and bones",,Finfish and Shellfish Products
usda_sr_carotenoid,16010,"Beans, baked, canned, with pork and sweet sauce",,Legumes and Legume Products
usda_sr_carotenoid,16011,"Beans, baked, canned, with pork and tomato sauce",,Legumes and Legume Products
usda_sr_carotenoid,16014,"Beans, black, mature seeds, raw",,Legumes and Legume Products
usda_sr_carotenoid,16015,"Beans, black, mature seeds, cooked, boiled, without salt",,Legumes and Legume Products
usda_sr_carotenoid,16028,"Beans, kidney, all types, mature seeds, cooked, boiled, without salt",,Legumes and Legume Products
usda_sr_carotenoid,16032,"Beans, kidney, red, mature seeds, raw",,Legumes and Legume Products
usda_sr_carotenoid,16037,"Beans, navy, mature seeds, raw",,Legumes and Legume Products
usda_sr_carotenoid,16038,"Beans, navy, mature seeds, cooked, boiled, without salt",,Legumes and Legume Products
usda_sr_carotenoid,16039,"Beans, navy, mature seeds, canned",,Legumes and Legume Products
usda_sr_carotenoid,16040,"Beans, pink, mature seeds, raw",,Legumes and Legume Products
usda_sr_carotenoid,16048,"Beans, yellow, mature seeds, cooked, boiled, without salt",,Legumes and Legume Products
usda_sr_carotenoid,16053,"Broadbeans (fava beans), mature seeds, cooked, boiled, without salt",,Legumes and Legume Products
usda_sr_carotenoid,16055,Carob flour,,Legumes and Legume Products
usda_sr_carotenoid,16056,"Chickpeas (garbanzo beans, bengal gram), mature seeds, raw",,Legumes and Legume Products
usda_sr_carotenoid,16057,"Chickpeas (garbanzo beans, bengal gram), mature seeds, cooked, boiled, without salt",,Legumes and Legume Products
usda_sr_carotenoid,16062,"Cowpeas, common (blackeyes, crowder, southern), mature seeds, raw",,Legumes and Legume Products
usda_sr_carotenoid,16063,"Cowpeas, common (blackeyes, crowder, southern), mature seeds, cooked, boiled, without salt",,Legumes and Legume Products
usda_sr_carotenoid,16225,"Soymilk, original and vanilla, light, with added calcium, vitamins A and D",,Legumes and Legume Products
usda_sr_carotenoid,16227,"Soymilk, chocolate and other flavors, light, with added calcium, vitamins A and D",,Legumes and Legume Products
usda_sr_carotenoid,16326,"Beans, great northern, mature seeds, canned, low sodium",,Legumes and Legume Products
usda_sr_carotenoid,16328,"Beans, kidney, all types, mature seeds, cooked, boiled, with salt",,Legumes and Legume Products
usda_sr_carotenoid,16338,"Beans, navy, mature seeds, cooked, boiled, with salt",,Legumes and Legume Products
usda_sr_carotenoid,16341,"Beans, pink, mature seeds, cooked, boiled, with salt",,Legumes and Legume Products
usda_sr_carotenoid,16343,"Beans, pinto, mature seeds, cooked, boiled, with salt",,Legumes and Legume Products
usda_sr_carotenoid,16353,"Broadbeans (fava beans), mature seeds, cooked, boiled, with salt",,Legumes and Legume Products
usda_sr_carotenoid,16357,"Chickpeas (garbanzo beans, bengal gram), mature seeds, cooked, boiled, with salt",,Legumes and Legume Products
usda_sr_carotenoid,16358,"Chickpeas (garbanzo beans, bengal gram), mature seeds, canned, drained solids",,Legumes and Legume Products
usda_sr_carotenoid,16359,"Chickpeas (garbanzo beans, bengal gram), mature seeds, canned, drained, rinsed in tap water",,Legumes and Legume Products
usda_sr_carotenoid,16372,"Lima beans, large, mature seeds, cooked, boiled, with salt",,Legumes and Legume Products
usda_sr_carotenoid,16390,"Peanuts, all types, dry-roasted, without salt",,Legumes and Legume Products
usda_sr_carotenoid,17078,"Lamb, New Zealand, imported, loin chop, separable lean only, raw",,"Lamb, Veal, and Game Products"
usda_sr_carotenoid,17080,"Lamb, New Zealand, imported, rack - partly frenched, separable lean and fat, raw",,"Lamb, Veal, and Game Products"
usda_sr_carotenoid,17081,"Lamb, New Zealand, imported, rack - partly frenched, separable lean and fat, cooked, fast roasted",,"Lamb, Veal, and Game Products"
usda_sr_carotenoid,17089,"Veal, composite of trimmed retail cuts, separable lean and fat, cooked",,"Lamb, Veal, and Game Products"
usda_sr_carotenoid,17095,"Veal, leg (top round), separable lean and fat, cooked, braised",,"Lamb, Veal, and Game Products"
usda_sr_carotenoid,17096,"Veal, leg (top round), separable lean and fat, cooked, pan-fried, breaded",,"Lamb, Veal, and Game Products"
usda_sr_carotenoid,17097,"Veal, leg (top round), separable lean and fat, cooked, pan-fried, not breaded",,"Lamb, Veal, and Game Products"
usda_sr_carotenoid,17098,"Veal, leg (top round), separable lean and fat, cooked, roasted",,"Lamb, Veal, and Game Products"
usda_sr_carotenoid,17104,"Veal, loin, separable lean and fat, raw",,"Lamb, Veal, and Game Products"
usda_sr_carotenoid,17105,"Veal, loin, separable lean and fat, cooked, braised",,"Lamb, Veal, and Game Products"
usda_sr_carotenoid,17106,"Veal, loin, separable lean and fat, cooked, roasted",,"Lamb, Veal, and Game Products"
usda_sr_carotenoid,17107,"Veal, loin, separable lean only, raw",,"Lamb, Veal, and Game Products"
usda_sr_carotenoid,17114,"Veal, rib, separable lean only, cooked, braised",,"Lamb, Veal, and Game Products"
usda_sr_carotenoid,17122,"Veal, shoulder, arm, separable lean and fat, raw",,"Lamb, Veal, and Game Products"
usda_sr_carotenoid,17128,"Veal, shoulder, blade chop, separable lean and fat, raw",,"Lamb, Veal, and Game Products"
usda_sr_carotenoid,17129,"Veal, shoulder, blade, separable lean and fat, cooked, braised",,"Lamb, Veal, and Game Products"
usda_sr_carotenoid,17131,"Veal, shoulder, blade chop, separable lean only, raw",,"Lamb, Veal, and Game Products"
usda_sr_carotenoid,17132,"Veal, shoulder, blade, separable lean only, cooked, braised",,"Lamb, Veal, and Game Products"
usda_sr_carotenoid,17147,"Game meat, bear, cooked, simmered",,"Lamb, Veal, and Game Products"
usda_sr_carotenoid,17148,"Bison, ground, grass-fed, cooked",,"Lamb, Veal, and Game Products"
usda_sr_carotenoid,17155,"Veal, Australian, rib, rib roast, separable lean and fat, raw",,"Lamb, Veal, and Game Products"
usda_sr_carotenoid,17157,"Game meat, bison, separable lean only, cooked, roasted",,"Lamb, Veal, and Game Products"
usda_sr_carotenoid,17163,"Game meat, caribou, cooked, roasted",,"Lamb, Veal, and Game Products"
usda_sr_carotenoid,17164,"Game meat, deer, raw",,"Lamb, Veal, and Game Products"
usda_sr_carotenoid,7010,"Bologna, pork",,Sausages and Luncheon Meats
usda_sr_carotenoid,7011,"Bologna, turkey",,Sausages and Luncheon Meats
usda_sr_carotenoid,7018,Chicken spread,,Sausages and Luncheon Meats
usda_sr_carotenoid,7019,"Sausage, pork, chorizo, link or ground, raw",,Sausages and Luncheon Meats
usda_sr_carotenoid,7021,"Dutch brand loaf, chicken, pork and beef",,Sausages and Luncheon Meats
usda_sr_carotenoid,7022,"Frankfurter, beef, unheated",,Sausages and Luncheon Meats
usda_sr_carotenoid,7028,"Ham, sliced, pre-packaged, deli meat (96%fat free, water added)",,Sausages and Luncheon Meats
usda_sr_carotenoid,7029,"Ham, sliced, regular (approximately 11% fat)",,Sausages and Luncheon Meats
usda_sr_carotenoid,7030,"Ham, minced",,Sausages and Luncheon Meats
usda_sr_carotenoid,7031,Ham salad spread,,Sausages and Luncheon Meats
usda_sr_carotenoid,7038,"Knackwurst, knockwurst, pork, beef",,Sausages and Luncheon Meats
usda_sr_carotenoid,7039,"Lebanon bologna, beef",,Sausages and Luncheon Meats
usda_sr_carotenoid,7958,"Sausage, turkey, fresh, cooked",,Sausages and Luncheon Meats
usda_sr_carotenoid,7959,"Bologna, chicken, pork, beef",,Sausages and Luncheon Meats
usda_sr_carotenoid,7960,"Bologna, chicken, pork",,Sausages and Luncheon Meats
usda_sr_carotenoid,7961,"Chicken breast, deli, rotisserie seasoned, sliced, prepackaged",,Sausages and Luncheon Meats
usda_sr_carotenoid,7962,"Frankfurter, meat and poultry, unheated",,Sausages and Luncheon Meats
usda_sr_carotenoid,7967,"Pork sausage, link/patty, fully cooked, unheated",,Sausages and Luncheon Meats
usda_sr_carotenoid,7968,"Kielbasa, fully cooked, grilled",,Sausages and Luncheon Meats
usda_sr_carotenoid,7969,"Kielbasa, fully cooked, pan-fried",,Sausages and Luncheon Meats
usda_sr_carotenoid,7970,"Kielbasa, fully cooked, unheated",,Sausages and Luncheon Meats
usda_sr_carotenoid,7976,"Sausage, chicken or turkey, Italian style,  lower sodium",,Sausages and Luncheon Meats
usda_sr_carotenoid,7977,"Ham, smoked, extra lean, low sodium",,Sausages and Luncheon Meats
usda_sr_carotenoid,7978,"Pork sausage, reduced sodium, cooked",,Sausages and Luncheon Meats
usda_sr_carotenoid,7979,"Sausage, pork, turkey, and beef, reduced sodium",,Sausages and Luncheon Meats
usda_sr_carotenoid,8013,"Cereals ready-to-eat, GENERAL MILLS, CHEERIOS",,Breakfast Cereals
usda_sr_carotenoid,8015,"Cereals ready-to-eat, POST, COCOA PEBBLES",,Breakfast Cereals
usda_sr_carotenoid,8018,"Cereals ready-to-eat, QUAKER, QUAKER CRUNCHY BRAN",,Breakfast Cereals
usda_sr_carotenoid,8025,"Cereals ready-to-eat, RALSTON CRISP RICE",,Breakfast Cereals
usda_sr_carotenoid,8029,"Cereals ready-to-eat, POST Bran Flakes",,Breakfast Cereals
usda_sr_carotenoid,8046,"Cereals ready-to-eat, POST, Honeycomb Cereal",,Breakfast Cereals
usda_sr_carotenoid,8047,"Cereals ready-to-eat, QUAKER, KING VITAMAN",,Breakfast Cereals
usda_sr_carotenoid,8049,"Cereals ready-to-eat, QUAKER, QUAKER OAT LIFE, plain",,Breakfast Cereals
usda_sr_carotenoid,8054,"Cereals ready-to-eat, QUAKER, 100% Natural Granola, Oats, Wheat and Honey",,Breakfast Cereals
usda_sr_carotenoid,8074,"Cereals ready-to-eat, RALSTON TASTEEOS",,Breakfast Cereals
usda_sr_carotenoid,8081,"Cereals ready-to-eat, POST, Honey Nut Shredded Wheat",,Breakfast Cereals
usda_sr_carotenoid,8083,"Cereals ready-to-eat, MALT-O-MEAL, CORN BURSTS",,Breakfast Cereals
usda_sr_carotenoid,8084,"Cereals ready-to-eat, wheat germ, toasted, plain",,Breakfast Cereals
usda_sr_carotenoid,8094,"Cereals, QUAKER, corn grits, instant, cheddar cheese flavor, dry",,Breakfast Cereals
usda_sr_carotenoid,8100,"Cereals, CREAM OF RICE, dry",,Breakfast Cereals
usda_sr_carotenoid,8102,"Cereals, CREAM OF WHEAT, regular, 10 minute cooking, dry",,Breakfast Cereals
usda_sr_carotenoid,8107,"Cereals, CREAM OF WHEAT, instant, prepared with water, without salt",,Breakfast Cereals
usda_sr_carotenoid,8116,"Cereals, MALT-O-MEAL, original, plain, dry",,Breakfast Cereals
usda_sr_carotenoid,8120,"Cereals, oats, regular and quick, not fortified, dry",,Breakfast Cereals
usda_sr_carotenoid,8121,"Cereals, oats, regular and quick, unenriched, cooked with water (includes boiling and microwaving), without salt",,Breakfast Cereals
usda_sr_carotenoid,8129,"Cereals, oats, instant, fortified, with cinnamon and spice, prepared with water",,Breakfast Cereals
usda_sr_carotenoid,8130,"Cereals, QUAKER, Instant Oatmeal, maple and brown sugar, dry",,Breakfast Cereals
usda_sr_carotenoid,8133,"Cereals, oats, instant, fortified, with raisins and spice, prepared with water",,Breakfast Cereals
usda_sr_carotenoid,8138,"Cereals ready-to-eat, MALT-O-MEAL, MARSHMALLOW MATEYS",,Breakfast Cereals
usda_sr_carotenoid,8147,"Cereals ready-to-eat, POST, Shredded Wheat, original big biscuit",,Breakfast Cereals
usda_sr_carotenoid,8148,"Cereals ready-to-eat, POST, Shredded Wheat, original spoon-size",,Breakfast Cereals
usda_sr_carotenoid,8168,"Cereals, CREAM OF RICE, cooked with water, with salt",,Breakfast Cereals
usda_sr_carotenoid,8169,"Cereals, CREAM OF WHEAT, regular (10 minute), cooked with water, with salt",,Breakfast Cereals
usda_sr_carotenoid,8173,"Cereals, farina, enriched, cooked with water, with salt",,Breakfast Cereals
usda_sr_carotenoid,8191,"Cereals ready-to-eat, POST, Shredded Wheat, lightly frosted, spoon-size",,Breakfast Cereals
usda_sr_carotenoid,8192,"Cereals ready-to-eat, POST SELECTS Blueberry Morning",,Breakfast Cereals
usda_sr_carotenoid,8680,"Cereals, oats, instant, fortified, maple and brown sugar, dry",,Breakfast Cereals
usda_sr_carotenoid,9005,"Apples, raw, without skin, cooked, boiled",,Fruits and Fruit Juices
usda_sr_carotenoid,9006,"Apples, raw, without skin, cooked, microwave",,Fruits and Fruit Juices
usda_sr_carotenoid,9008,"Apples, canned, sweetened, sliced, drained, heated",,Fruits and Fruit Juices
usda_sr_carotenoid,9009,"Apples, dehydrated (low moisture), sulfured, uncooked",,Fruits and Fruit Juices
usda_sr_carotenoid,9016,"Apple juice, canned or bottled, unsweetened, without added ascorbic acid",,Fruits and Fruit Juices
usda_sr_carotenoid,9017,"Apple juice, frozen concentrate, unsweetened, undiluted, without added ascorbic acid",,Fruits and Fruit Juices
usda_sr_carotenoid,9018,"Apple juice, frozen concentrate, unsweetened, diluted with 3 volume water without added ascorbic acid",,Fruits and Fruit Juices
usda_sr_carotenoid,9024,"Apricots, canned, juice pack, with skin, solids and liquids",,Fruits and Fruit Juices
usda_sr_carotenoid,9026,"Apricots, canned, light syrup pack, with skin, solids and liquids",,Fruits and Fruit Juices
usda_sr_carotenoid,9032,"Apricots, dried, sulfured, uncooked",,Fruits and Fruit Juices
usda_sr_carotenoid,9033,"Apricots, dried, sulfured, stewed, without added sugar",,Fruits and Fruit Juices
usda_sr_carotenoid,9040,"Bananas, raw",,Fruits and Fruit Juices
usda_sr_carotenoid,9041,"Bananas, dehydrated, or banana powder",,Fruits and Fruit Juices
usda_sr_carotenoid,9042,"Blackberries, raw",,Fruits and Fruit Juices
usda_sr_carotenoid,9043,"Blackberry juice, canned",,Fruits and Fruit Juices
usda_sr_carotenoid,9052,"Blueberries, canned, heavy syrup, solids and liquids",,Fruits and Fruit Juices
usda_sr_carotenoid,9053,"Blueberries, wild, frozen (Includes foods for USDA's Food Distribution Program)",,Fruits and Fruit Juices
usda_sr_carotenoid,9054,"Blueberries, frozen, unsweetened (Includes foods for USDA's Food Distribution Program)",,Fruits and Fruit Juices
usda_sr_carotenoid,9055,"Blueberries, frozen, sweetened",,Fruits and Fruit Juices
usda_sr_carotenoid,9062,"Cherimoya, raw",,Fruits and Fruit Juices
usda_sr_carotenoid,9063,"Cherries, sour, red, raw",,Fruits and Fruit Juices
usda_sr_carotenoid,9064,"Cherries, sour, red, canned, water pack, solids and liquids",,Fruits and Fruit Juices
usda_sr_carotenoid,9071,"Cherries, sweet, canned, water pack, solids and liquids",,Fruits and Fruit Juices
usda_sr_carotenoid,9072,"Cherries, sweet, canned, juice pack, solids and liquids",,Fruits and Fruit Juices
usda_sr_carotenoid,9073,"Cherries, sweet, canned, light syrup pack, solids and liquids",,Fruits and Fruit Juices
usda_sr_carotenoid,9074,"Cherries, sweet, canned, pitted, heavy syrup pack, solids and liquids",,Fruits and Fruit Juices
usda_sr_carotenoid,9081,"Cranberry sauce, canned, sweetened",,Fruits and Fruit Juices
usda_sr_carotenoid,9084,"Currants, red and white, raw",,Fruits and Fruit Juices
usda_sr_carotenoid,23294,"Beef, Australian, imported, grass-fed, loin, tenderloin steak/roast, boneless, separable lean only, raw",,Beef Products
usda_sr_carotenoid,23295,"Beef, Australian, imported, Wagyu, loin, tenderloin steak/roast, boneless, separable lean only, Aust. marble score 4/5, raw",,Beef Products
usda_sr_carotenoid,23302,"Beef, Australian, imported, grass-fed, loin, tenderloin steak/roast, boneless, separable lean and fat, raw",,Beef Products
usda_sr_carotenoid,23303,"Beef, Australian, imported, grass-fed, loin, top loin steak/roast, boneless, separable lean only, raw",,Beef Products
usda_sr_carotenoid,23308,"Beef, Australian, imported, grass-fed, round, bottom round steak/roast, boneless, separable lean only, raw",,Beef Products
usda_sr_carotenoid,23309,"Beef, Australian, imported, grass-fed, round, top round cap-off steak/roast, boneless, separable lean only, raw",,Beef Products
usda_sr_carotenoid,23310,"Beef, Australian, imported, Wagyu, loin, tenderloin steak/roast, boneless, separable lean only, Aust. marble score 9, raw",,Beef Products
usda_sr_carotenoid,23311,"Beef, Australian, imported, Wagyu, loin, top loin steak/roast, boneless, separable lean only, Aust. marble score 4/5, raw",,Beef Products
usda_sr_carotenoid,23316,"Beef, Australian, imported, grass-fed, rib, ribeye steak/roast lip-on, boneless, separable lean and fat, raw",,Beef Products
usda_sr_carotenoid,23317,"Beef, Australian, imported, grass-fed, round, bottom round steak/roast, boneless, separable lean and fat, raw",,Beef Products
usda_sr_carotenoid,23318,"Beef, Australian, imported, grass-fed, round, top round cap-off steak/roast, boneless, separable lean and fat, raw",,Beef Products
usda_sr_carotenoid,23319,"Beef, Australian, imported, Wagyu, loin, top loin steak/roast, boneless, separable lean and fat, Aust. marble score 4/5, raw",,Beef Products
usda_sr_carotenoid,23320,"Beef, Australian, imported, Wagyu, loin, top loin steak/roast, separable lean and fat, Aust. marble score 9, raw",,Beef Products
usda_sr_carotenoid,23325,"Beef, round, top round steak, boneless, separable lean and fat, trimmed to 0"" fat, choice, raw",,Beef Products
usda_sr_carotenoid,23326,"Beef, round, top round steak, boneless, separable lean and fat, trimmed to 0"" fat, select, raw",,Beef Products
usda_sr_carotenoid,23327,"Beef, round, top round roast, boneless, separable lean and fat, trimmed to 0"" fat, all grades, raw",,Beef Products
usda_sr_carotenoid,23328,"Beef, round, top round roast, boneless, separable lean and fat, trimmed to 0"" fat, choice, raw",,Beef Products
usda_sr_carotenoid,23333,"Beef, round, eye of round steak, boneless, separable lean and fat, trimmed to 0"" fat, all grades, raw",,Beef Products
usda_sr_carotenoid,23334,"Beef, round, eye of round steak, boneless separable lean and fat, trimmed to 0"" fat, choice, raw",,Beef Products
usda_sr_carotenoid,23335,"Beef, round, eye of round steak, boneless, separable lean and fat, trimmed to 0"" fat, select, raw",,Beef Products
usda_sr_carotenoid,23336,"Beef, loin, tenderloin roast, boneless, separable lean and fat, trimmed to 0"" fat, all grades, raw",,Beef Products
usda_sr_carotenoid,23342,"Beef, loin, tenderloin steak, boneless, separable lean and fat, trimmed to 0"" fat, all grades, raw",,Beef Products
usda_sr_carotenoid,23343,"Beef, loin, tenderloin steak, boneless, separable lean and fat, trimmed to 0"" fat, choice, raw",,Beef Products
usda_sr_carotenoid,23344,"Beef, loin, tenderloin steak, boneless, separable lean and fat, trimmed to 0"" fat, select, raw",,Beef Products
usda_sr_carotenoid,23345,"Beef, loin, tenderloin roast, boneless, separable lean and fat, trimmed to 0"" fat, all grades, cooked, roasted",,Beef Products
usda_sr_carotenoid,23350,"Beef, round, top round roast, boneless, separable lean and fat, trimmed to 0"" fat, select, cooked, roasted",,Beef Products
usda_sr_carotenoid,23351,"Beef, round, eye of round steak, boneless, separable lean and fat, trimmed to 0"" fat, all grades, cooked, grilled",,Beef Products
usda_sr_carotenoid,23352,"Beef, round, eye of round steak, boneless, separable lean and fat, trimmed to 0"" fat, choice, cooked, grilled",,Beef Products
usda_sr_carotenoid,23353,"Beef, round, eye of round steak, boneless, separable lean and fat, trimmed to 0"" fat, select, cooked, grilled",,Beef Products
usda_sr_carotenoid,23358,"Beef, round, top round roast, boneless, separable lean only, trimmed to 0"" fat, choice, raw",,Beef Products
usda_sr_carotenoid,23359,"Beef, round, top round roast, boneless, separable lean only, trimmed to 0"" fat, select, raw",,Beef Products
usda_sr_carotenoid,23360,"Beef, round, eye of round roast, boneless, separable lean only, trimmed to 0"" fat, all grades, raw",,Beef Products
usda_sr_carotenoid,23361,"Beef, round, eye of round roast, boneless, separable lean only, trimmed to 0"" fat, choice, raw",,Beef Products
usda_sr_carotenoid,23367,"Beef, loin, tenderloin roast, boneless, separable lean only, trimmed to 0"" fat, choice, raw",,Beef Products
usda_sr_carotenoid,23368,"Beef, loin, tenderloin roast, boneless, separable lean only, trimmed to 0"" fat, select, raw",,Beef Products
usda_sr_carotenoid,23369,"Beef, loin, top loin steak, boneless, lip off, separable lean only, trimmed to 0"" fat, all grades, raw",,Beef Products
usda_sr_carotenoid,23370,"Beef, loin, top loin steak, boneless, lip off, separable lean only, trimmed to 0"" fat, choice, raw",,Beef Products
usda_sr_carotenoid,23375,"Beef, loin, tenderloin roast, boneless, separable lean only, trimmed to 0"" fat, all grades, cooked, roasted",,Beef Products
usda_sr_carotenoid,23376,"Beef, loin, tenderloin roast, boneless, separable lean only, trimmed to 0"" fat, choice, cooked, roasted",,Beef Products
usda_sr_carotenoid,23377,"Beef, loin, tenderloin roast, separable lean only, boneless, trimmed to 0"" fat, select, cooked, roasted",,Beef Products
usda_sr_carotenoid,23378,"Beef, round, top round roast, boneless, separable lean only, trimmed to 0"" fat, all grades, cooked, roasted",,Beef Products
usda_sr_carotenoid,23383,"Beef, round, eye of round steak, boneless, separable lean only, trimmed to 0"" fat, select, cooked, grilled",,Beef Products
usda_sr_carotenoid,23384,"Beef, loin, top loin steak, boneless, lip-on, separable lean only, trimmed to 1/8"" fat, select, raw",,Beef Products
usda_sr_carotenoid,23385,"Beef, loin, top loin steak, boneless, lip-on, separable lean only, trimmed to 1/8"" fat, choice, raw",,Beef Products
usda_sr_carotenoid,23386,"Beef, loin, top loin steak, boneless, lip-on, separable lean only, trimmed to 1/8"" fat, all grades, raw",,Beef Products
usda_sr_carotenoid,23490,"Beef, composite of trimmed retail cuts, separable lean only, trimmed to 1/8"" fat, choice, raw",,Beef Products
usda_sr_carotenoid,23491,"Beef composite, separable lean only, trimmed to 1/8"" fat, choice, cooked",,Beef Products
usda_sr_carotenoid,23494,"Beef, composite of trimmed retail cuts, separable lean and fat, trimmed to 0"" fat, choice, raw",,Beef Products
usda_sr_carotenoid,23495,"Beef, composite of trimmed retail cuts, separable lean only, trimmed to 0"" fat, choice, raw",,Beef Products
usda_sr_carotenoid,23509,"Beef, chuck, mock tender steak, separable lean only, trimmed to 0"" fat, all grades, cooked, broiled",,Beef Products
usda_sr_carotenoid,23511,"Beef, chuck, top blade, separable lean only, trimmed to 0"" fat, all grades, cooked, broiled",,Beef Products
usda_sr_carotenoid,23513,"Beef, chuck, clod roast, separable lean only, trimmed to 1/4"" fat, all grades, raw",,Beef Products
usda_sr_carotenoid,23514,"Beef, chuck, clod roast, separable lean only, trimmed to 0"" fat, all grades, cooked, roasted",,Beef Products
usda_sr_carotenoid,23521,"Beef, chuck, mock tender steak, separable lean and fat, trimmed to 0"" fat, USDA select, cooked, broiled",,Beef Products
usda_sr_carotenoid,23523,"Beef, chuck, top blade, separable lean and fat, trimmed to 0"" fat, choice, cooked, broiled",,Beef Products
usda_sr_carotenoid,23525,"Beef, chuck, top blade, separable lean and fat, trimmed to 0"" fat, select, cooked, broiled",,Beef Products
usda_sr_carotenoid,23528,"Beef, chuck, clod roast, separable lean and fat, trimmed to 0"" fat, choice, cooked, roasted",,Beef Products
usda_sr_carotenoid,23545,"Beef, loin, bottom sirloin butt, tri-tip steak, separable lean and fat, trimmed to 0"" fat, all grades, cooked, broiled",,Beef Products
usda_sr_carotenoid,23547,"Beef, chuck, mock tender steak, separable lean and fat, trimmed to 0"" fat, all grades, cooked, broiled",,Beef Products
usda_sr_carotenoid,23549,"Beef, chuck, top blade, separable lean and fat, trimmed to 0"" fat, all grades, cooked, broiled",,Beef Products
usda_sr_carotenoid,23552,"Beef, chuck, clod roast, separable lean and fat, trimmed to 0"" fat, all grades, cooked, roasted",,Beef Products
usda_sr_carotenoid,23560,"Beef, ground, 95% lean meat / 5% fat, crumbles, cooked, pan-browned",,Beef Products
usda_sr_carotenoid,23561,"Beef, ground, 95% lean meat / 5% fat, loaf, cooked, baked",,Beef Products
usda_sr_carotenoid,23562,"Beef, ground, 90% lean meat / 10% fat, raw",,Beef Products
usda_sr_carotenoid,23563,"Beef, ground, 90% lean meat / 10% fat, patty, cooked, broiled",,Beef Products
usda_sr_carotenoid,23568,"Beef, ground, 85% lean meat / 15% fat, patty, cooked, broiled",,Beef Products
usda_sr_carotenoid,23569,"Beef, ground, 85% lean meat / 15% fat, patty, cooked, pan-broiled",,Beef Products
usda_sr_carotenoid,23570,"Beef, ground, 85% lean meat / 15% fat, crumbles, cooked, pan-browned",,Beef Products
usda_sr_carotenoid,23571,"Beef, ground, 85% lean meat / 15% fat, loaf, cooked, baked",,Beef Products
usda_sr_carotenoid,23572,"Beef, ground, 80% lean meat / 20% fat, raw",,Beef Products
usda_sr_carotenoid,23577,"Beef, ground, 75% lean meat / 25% fat, raw",,Beef Products
usda_sr_carotenoid,23578,"Beef, ground, 75% lean meat / 25% fat, patty, cooked, broiled",,Beef Products
usda_sr_carotenoid,23579,"Beef, ground, 75% lean meat / 25% fat, patty, cooked, pan-broiled",,Beef Products
usda_sr_carotenoid,23580,"Beef, ground, 75% lean meat / 25% fat, crumbles, cooked, pan-browned",,Beef Products
usda_sr_carotenoid,23585,"Beef, short loin, top loin, steak, separable lean only, trimmed to 1/8"" fat, select, raw",,Beef Products
usda_sr_carotenoid,23586,"Beef, rib, small end (ribs 10-12), separable lean only, trimmed to 1/8"" fat, select, cooked, broiled",,Beef Products
usda_sr_carotenoid,23587,"Beef, tenderloin, steak, separable lean only, trimmed to 1/8"" fat, select, cooked, broiled",,Beef Products
usda_sr_carotenoid,23588,"Beef, top sirloin, steak, separable lean only, trimmed to 1/8"" fat, select, cooked, broiled",,Beef Products
usda_sr_carotenoid,23593,"Beef, round, bottom round, steak, separable lean only, trimmed to 1/8"" fat, select, cooked, braised",,Beef Products
usda_sr_carotenoid,23594,"Beef, round, bottom round, roast, separable lean only, trimmed to 1/8"" fat, all grades, raw",,Beef Products
usda_sr_carotenoid,23595,"Beef, brisket, flat half, separable lean only, trimmed to 1/8"" fat, all grades, cooked, braised",,Beef Products
usda_sr_carotenoid,23596,"Beef, brisket, flat half, separable lean only, trimmed to 1/8"" fat, all grades, raw",,Beef Products
usda_sr_carotenoid,23597,"Beef, round, eye of round, roast, separable lean only, trimmed to 1/8"" fat, all grades, raw",,Beef Products
usda_sr_carotenoid,23602,"Beef, chuck, arm pot roast, separable lean only, trimmed to 1/8"" fat, all grades, cooked, braised",,Beef Products
usda_sr_carotenoid,23603,"Beef, chuck, arm pot roast, separable lean only, trimmed to 1/8"" fat, all grades, raw",,Beef Products
usda_sr_carotenoid,23604,"Beef, round, bottom round, roast, separable lean only, trimmed to 1/8"" fat, all grades, cooked",,Beef Products
usda_sr_carotenoid,23605,"Beef, round, bottom round, steak, separable lean only, trimmed to 1/8"" fat, all grades, cooked, braised",,Beef Products
usda_sr_carotenoid,23610,"Beef, top sirloin, steak, separable lean only, trimmed to 1/8"" fat, all grades, cooked, broiled",,Beef Products
usda_sr_carotenoid,23611,"Beef, top sirloin, steak, separable lean only, trimmed to 1/8"" fat, all grades, raw",,Beef Products
usda_sr_carotenoid,23612,"Beef, chuck, arm pot roast, separable lean only, trimmed to 1/8"" fat, choice, raw",,Beef Products
usda_sr_carotenoid,23613,"Beef, brisket, flat half, separable lean only, trimmed to 1/8"" fat, choice, raw",,Beef Products
usda_sr_carotenoid,23618,"Beef, round, bottom round, roast, separable lean only, trimmed to 1/8"" fat, choice, raw",,Beef Products
usda_sr_carotenoid,23619,"Beef, round, bottom round, roast, separable lean only, trimmed to 1/8"" fat, choice, cooked, roasted",,Beef Products
usda_sr_carotenoid,23620,"Beef, round, eye of round, roast, separable lean only, trimmed to 1/8"" fat, choice, cooked, roasted",,Beef Products
usda_sr_carotenoid,23621,"Beef, round, top round, steak, separable lean only, trimmed to 1/8"" fat, choice, cooked, broiled",,Beef Products
usda_sr_carotenoid,27042,"Soup, clam chowder, new england, canned, ready-to-serve",,"Soups, Sauces, and Gravies"
usda_sr_carotenoid,27043,"Soup, clam chowder, new england, reduced sodium, canned, ready-to-serve",,"Soups, Sauces, and Gravies"
usda_sr_carotenoid,27044,"Soup, chicken noodle, reduced sodium, canned, ready-to-serve",,"Soups, Sauces, and Gravies"
usda_sr_carotenoid,27050,"Sauce, sweet and sour, ready-to-serve",,"Soups, Sauces, and Gravies"
usda_sr_carotenoid,27051,"Sauce, cocktail, ready-to-serve",,"Soups, Sauces, and Gravies"
usda_sr_carotenoid,27052,"Dip, salsa con queso, cheese and salsa- medium",,"Soups, Sauces, and Gravies"
usda_sr_carotenoid,27054,"Dip, TOSTITOS, salsa con queso, medium",,"Soups, Sauces, and Gravies"
usda_sr_carotenoid,27059,"Sauce, peanut, made from peanut butter, water, soy sauce",,"Soups, Sauces, and Gravies"
usda_sr_carotenoid,27060,"Soup, chunky vegetable, reduced sodium, canned, ready-to-serve",,"Soups, Sauces, and Gravies"
usda_sr_carotenoid,27062,"Soup, beef barley, ready to serve",,"Soups, Sauces, and Gravies"
usda_sr_carotenoid,27063,"Sauce, enchilada, red, mild, ready to serve",,"Soups, Sauces, and Gravies"
usda_sr_carotenoid,28285,"Bread, chapati or roti, whole wheat, commercially prepared, frozen",,Baked Products
usda_sr_carotenoid,28286,"Bread, paratha, whole wheat, commercially prepared, frozen",,Baked Products
usda_sr_carotenoid,28287,"Bread, naan, whole wheat, commercially prepared, refrigerated",,Baked Products
usda_sr_carotenoid,28288,"Bread, roll, Mexican, bollilo",,Baked Products
usda_sr_carotenoid,28293,"Cookie, butter or sugar, with chocolate icing or filling",,Baked Products
usda_sr_carotenoid,28294,"Cookie, chocolate, with icing or coating",,Baked Products
usda_sr_carotenoid,28295,"Tortillas, ready-to-bake or -fry, whole wheat",,Baked Products
usda_sr_carotenoid,28296,"Cake, snack cakes, creme-filled, chocolate with frosting, low-fat, with added fiber",,Baked Products
usda_sr_carotenoid,28302,"Cookies, graham crackers, plain or honey, lowfat",,Baked Products
usda_sr_carotenoid,28303,"Crackers, cheese, whole grain",,Baked Products
usda_sr_carotenoid,28304,"Waffles, whole wheat, lowfat, frozen, ready-to-heat",,Baked Products
usda_sr_carotenoid,28305,"Pancakes, plain, reduced fat",,Baked Products
usda_sr_carotenoid,28310,"Cookies, shortbread, reduced fat",,Baked Products
usda_sr_carotenoid,28311,"Cookies, sugar wafer, chocolate-covered",,Baked Products
usda_sr_carotenoid,28312,"Rolls, hamburger or hot dog, wheat/cracked wheat",,Baked Products
usda_sr_carotenoid,28313,"Rolls, hamburger or hot dog, whole wheat",,Baked Products
usda_sr_carotenoid,28318,"Bread, french or vienna, whole wheat",,Baked Products
usda_sr_carotenoid,28319,"Bagels, whole grain white",,Baked Products
usda_sr_carotenoid,28320,"English muffins, whole grain white",,Baked Products
usda_sr_carotenoid,28321,"Rolls, hamburger, whole grain white, calcium-fortified",,Baked Products
usda_sr_carotenoid,28328,"Cookies, chocolate chip sandwich, with creme filling",,Baked Products
usda_sr_carotenoid,28329,"Cookies, chocolate, made with rice cereal",,Baked Products
usda_sr_carotenoid,28330,"Cookies, marshmallow, with rice cereal and chocolate chips",,Baked Products
usda_sr_carotenoid,28337,"Bread, gluten-free, white, made with rice flour, corn starch, and/or tapioca",,Baked Products
usda_sr_carotenoid,28345,"Crackers, gluten-free, multi-seeded and multigrain",,Baked Products
usda_sr_carotenoid,28346,"Waffles, gluten-free, frozen, ready-to-heat",,Baked Products
usda_sr_carotenoid,28347,"Pancakes, gluten-free, frozen, ready-to-heat",,Baked Products
usda_sr_carotenoid,28348,"Rolls, dinner, sweet",,Baked Products
usda_sr_carotenoid,14021,"Beverages,  Energy drink, Citrus",,Beverages
usda_sr_carotenoid,14161,"Beverages, Kiwi Strawberry Juice Drink",,Beverages
usda_sr_carotenoid,14162,"Beverages, Apple juice drink, light, fortified with vitamin C",,Beverages
usda_sr_carotenoid,14167,"Beverages, POWERADE, Zero, Mixed Berry",,Beverages
usda_sr_carotenoid,14171,"Beverages, coconut milk, sweetened, fortified with calcium, vitamins A, B12, D2",,Beverages
usda_sr_carotenoid,14181,"Beverages, chocolate syrup",,Beverages
usda_sr_carotenoid,14182,"Beverages, chocolate syrup, prepared with whole milk",,Beverages
usda_sr_carotenoid,14183,"Beverages, coffee, ready to drink, iced, mocha, milk based",,Beverages
usda_sr_carotenoid,14185,"Beverages, tea, Oolong, brewed",,Beverages
usda_sr_carotenoid,14191,"Beverages, tea, green, ready-to-drink, citrus, diet, fortified with vitamin C",,Beverages
usda_sr_carotenoid,14192,"Beverages, Cocoa mix, powder",,Beverages
usda_sr_carotenoid,14194,"Beverages, Cocoa mix, powder, prepared with water",,Beverages
usda_sr_carotenoid,14202,"Beverages, coffee, brewed, espresso, restaurant-prepared, decaffeinated",,Beverages
usda_sr_carotenoid,14203,"Beverages, coffee, instant, regular, half the caffeine",,Beverages
usda_sr_carotenoid,14204,"Beverages, coffee and cocoa, instant, decaffeinated, with whitener and low calorie sweetener",,Beverages
usda_sr_carotenoid,14206,"Beverages, tea, green, ready-to-drink, sweetened",,Beverages
usda_sr_carotenoid,14207,"Beverages, tea, ready-to-drink, lemon, diet",,Beverages
usda_sr_carotenoid,14215,"Beverages, coffee, instant, regular, prepared with water",,Beverages
usda_sr_carotenoid,14216,"Beverages, aloe vera juice drink, fortified with Vitamin C",,Beverages
usda_sr_carotenoid,14217,"Beverages, OCEAN SPRAY, Cran Grape",,Beverages
usda_sr_carotenoid,14218,"Beverages, coffee, instant, decaffeinated, powder",,Beverages
usda_sr_carotenoid,14223,"Beverages, coffee, instant, chicory",,Beverages
usda_sr_carotenoid,14224,"Beverages, coffee, instant, mocha, sweetened",,Beverages
usda_sr_carotenoid,14226,"Beverages, OCEAN SPRAY, Light Cranberry and Raspberry Flavored Juice",,Beverages
usda_sr_carotenoid,14227,"Beverages, OCEAN SPRAY, White Cranberry Strawberry Flavored Juice Drink",,Beverages
usda_sr_carotenoid,14236,"Beverages, coffee substitute, cereal grain beverage, powder",,Beverages
usda_sr_carotenoid,14237,"Beverages, coffee substitute, cereal grain beverage, prepared with water",,Beverages
usda_sr_carotenoid,14238,"Beverages, cranberry-apple juice drink, bottled",,Beverages
usda_sr_carotenoid,14239,"Alcoholic beverage, malt beer, hard lemonade",,Beverages
usda_sr_carotenoid,14246,"Beverages, tea, green, instant, decaffeinated, lemon, unsweetened, fortified with vitamin C",,Beverages
usda_sr_carotenoid,14247,"Beverages, tea, black, ready to drink",,Beverages
usda_sr_carotenoid,14248,"Alcoholic beverage, beer, light, higher alcohol",,Beverages
usda_sr_carotenoid,14250,"Beverages, AMBER, hard cider",,Beverages
usda_sr_carotenoid,14256,"Beverages, OCEAN SPRAY, Cran Cherry",,Beverages
usda_sr_carotenoid,14257,"Beverages, OCEAN SPRAY, Light Cranberry",,Beverages
usda_sr_carotenoid,14258,"Beverages, OCEAN SPRAY, White Cranberry Peach",,Beverages
usda_sr_carotenoid,14259,"Beverages, OCEAN SPRAY, Light Cranberry, Concord Grape",,Beverages
usda_sr_carotenoid,14267,"Beverages, Fruit punch drink, with added nutrients, canned",,Beverages
usda_sr_carotenoid,14269,"Beverages, Fruit punch drink, frozen concentrate, prepared with water",,Beverages
usda_sr_carotenoid,14270,"Beverages, coffee, instant, vanilla, sweetened, decaffeinated, with non dairy creamer",,Beverages
usda_sr_carotenoid,14545,"Beverages, tea, herb, brewed, chamomile",,Beverages
usda_sr_carotenoid,14553,"Beverages, Wine, non-alcoholic",,Beverages
usda_sr_carotenoid,14555,"Water, bottled, generic",,Beverages
usda_sr_carotenoid,14557,"Beverages, chocolate-flavor beverage mix for milk, powder, with added nutrients",,Beverages
usda_sr_carotenoid,14558,"Beverages, chocolate-flavor beverage mix for milk, powder, with added nutrients, prepared with whole milk",,Beverages
usda_sr_carotenoid,14605,"Beverages, Water with added vitamins and minerals, bottles, sweetened, assorted fruit flavors",,Beverages
usda_sr_carotenoid,14625,"Beverages, Energy drink, AMP",,Beverages
usda_sr_carotenoid,14626,"Beverages, Energy drink, FULL THROTTLE",,Beverages
usda_sr_carotenoid,14633,"Beverages, Vegetable and fruit juice drink, reduced calorie, with low-calorie sweetener, added vitamin C",,Beverages
usda_sr_carotenoid,14634,"Beverages, milk beverage, reduced fat, flavored and sweetened, Ready-to-drink,  added calcium, vitamin A and vitamin D",,Beverages
usda_sr_carotenoid,14635,"Beverages, vegetable and fruit juice blend, 100% juice, with added vitamins A, C, E",,Beverages
usda_sr_carotenoid,14636,"Beverages, fruit juice drink, reduced sugar, with vitamin E added",,Beverages
usda_sr_carotenoid,14641,"Beverages, Energy drink, VAULT Zero, sugar-free, citrus flavor",,Beverages
usda_sr_carotenoid,14644,"Beverages, PEPSICO QUAKER, Gatorade G2, low calorie",,Beverages
usda_sr_carotenoid,14645,"Beverages, Fruit flavored drink, less than 3% juice, not fortified with vitamin C",,Beverages
usda_sr_carotenoid,14646,"Beverages, Fruit flavored drink containing less than 3% fruit juice, with high vitamin C",,Beverages
usda_sr_carotenoid,14654,"Beverages, nutritional shake mix, high protein, powder",,Beverages
usda_sr_carotenoid,15001,"Fish, anchovy, european, raw",,Finfish and Shellfish Products
usda_sr_carotenoid,15002,"Fish, anchovy, european, canned in oil, drained solids",,Finfish and Shellfish Products
usda_sr_carotenoid,15012,"Fish, caviar, black and red, granular",,Finfish and Shellfish Products
usda_sr_carotenoid,15017,"Fish, cod, Atlantic, canned, solids and liquid",,Finfish and Shellfish Products
usda_sr_carotenoid,15018,"Fish, cod, Atlantic, dried and salted",,Finfish and Shellfish Products
usda_sr_carotenoid,15019,"Fish, cod, Pacific, raw (may have been previously frozen)",,Finfish and Shellfish Products
usda_sr_carotenoid,15020,"Fish, croaker, Atlantic, raw",,Finfish and Shellfish Products
usda_sr_carotenoid,15025,"Fish, eel, mixed species, raw",,Finfish and Shellfish Products
usda_sr_carotenoid,15027,"Fish, fish sticks, frozen, prepared",,Finfish and Shellfish Products
usda_sr_carotenoid,15028,"Fish, flatfish (flounder and sole species), raw",,Finfish and Shellfish Products
usda_sr_carotenoid,15029,"Fish, flatfish (flounder and sole species), cooked, dry heat",,Finfish and Shellfish Products
usda_sr_carotenoid,15034,"Fish, haddock, cooked, dry heat",,Finfish and Shellfish Products
usda_sr_carotenoid,15035,"Fish, haddock, smoked",,Finfish and Shellfish Products
usda_sr_carotenoid,15036,"Fish, halibut, Atlantic and Pacific, raw",,Finfish and Shellfish Products
usda_sr_carotenoid,15037,"Fish, halibut, Atlantic and Pacific, cooked, dry heat",,Finfish and Shellfish Products
usda_sr_carotenoid,15138,"Crustaceans, crab, alaska king, imitation, made from surimi",,Finfish and Shellfish Products
usda_sr_carotenoid,15140,"Crustaceans, crab, blue, cooked, moist heat",,Finfish and Shellfish Products
usda_sr_carotenoid,15145,"Crustaceans, crayfish, mixed species, wild, raw",,Finfish and Shellfish Products
usda_sr_carotenoid,15146,"Crustaceans, crayfish, mixed species, wild, cooked, moist heat",,Finfish and Shellfish Products
usda_sr_carotenoid,15147,"Crustaceans, lobster, northern, raw",,Finfish and Shellfish Products
usda_sr_carotenoid,15148,"Crustaceans, lobster, northern, cooked, moist heat",,Finfish and Shellfish Products
usda_sr_carotenoid,15149,"Crustaceans, shrimp, mixed species, raw (may contain additives to retain moisture)",,Finfish and Shellfish Products
usda_sr_carotenoid,15155,"Mollusks, abalone, mixed species, raw",,Finfish and Shellfish Products
usda_sr_carotenoid,15157,"Mollusks, clam, mixed species, raw",,Finfish and Shellfish Products
usda_sr_carotenoid,15164,"Mollusks, mussel, blue, raw",,Finfish and Shellfish Products
usda_sr_carotenoid,15166,"Mollusks, octopus, common, raw",,Finfish and Shellfish Products
usda_sr_carotenoid,15172,"Mollusks, scallop, mixed species, raw",,Finfish and Shellfish Products
usda_sr_carotenoid,15175,"Mollusks, squid, mixed species, raw",,Finfish and Shellfish Products
usda_sr_carotenoid,15230,"Mollusks, octopus, common, cooked, moist heat",,Finfish and Shellfish Products
usda_sr_carotenoid,15231,"Mollusks, oyster, Pacific, cooked, moist heat",,Finfish and Shellfish Products
usda_sr_carotenoid,15232,"Fish, roughy, orange, cooked, dry heat",,Finfish and Shellfish Products
usda_sr_carotenoid,16071,"Lima beans, large, mature seeds, raw",,Legumes and Legume Products
usda_sr_carotenoid,16072,"Lima beans, large, mature seeds, cooked, boiled, without salt",,Legumes and Legume Products
usda_sr_carotenoid,16074,"Lima beans, thin seeded (baby), mature seeds, raw",,Legumes and Legume Products
usda_sr_carotenoid,16080,"Mung beans, mature seeds, raw",,Legumes and Legume Products
usda_sr_carotenoid,16081,"Mung beans, mature seeds, cooked, boiled, without salt",,Legumes and Legume Products
usda_sr_carotenoid,16082,"Noodles, chinese, cellophane or long rice (mung beans), dehydrated",,Legumes and Legume Products
usda_sr_carotenoid,16088,"Peanuts, all types, cooked, boiled, with salt",,Legumes and Legume Products
usda_sr_carotenoid,16089,"Peanuts, all types, oil-roasted, with salt",,Legumes and Legume Products
usda_sr_carotenoid,16090,"Peanuts, all types, dry-roasted, with salt",,Legumes and Legume Products
usda_sr_carotenoid,16091,"Peanuts, spanish, raw",,Legumes and Legume Products
usda_sr_carotenoid,16097,"Peanut butter, chunk style, with salt",,Legumes and Legume Products
usda_sr_carotenoid,16098,"Peanut butter, smooth style, with salt (Includes foods for USDA's Food Distribution Program)",,Legumes and Legume Products
usda_sr_carotenoid,16099,"Peanut flour, defatted",,Legumes and Legume Products
usda_sr_carotenoid,16107,"Sausage, meatless",,Legumes and Legume Products
usda_sr_carotenoid,16108,"Soybeans, mature seeds, raw",,Legumes and Legume Products
usda_sr_carotenoid,16109,"Soybeans, mature cooked, boiled, without salt",,Legumes and Legume Products
usda_sr_carotenoid,16115,"Soy flour, full-fat, raw",,Legumes and Legume Products
usda_sr_carotenoid,16116,"Soy flour, full-fat, roasted",,Legumes and Legume Products
usda_sr_carotenoid,16117,"Soy flour, defatted",,Legumes and Legume Products
usda_sr_carotenoid,16122,Soy protein isolate,,Legumes and Legume Products
usda_sr_carotenoid,16123,Soy sauce made from soy and wheat (shoyu),,Legumes and Legume Products
usda_sr_carotenoid,16124,Soy sauce made from soy (tamari),,Legumes and Legume Products
usda_sr_carotenoid,16125,Soy sauce made from hydrolyzed vegetable protein,,Legumes and Legume Products
usda_sr_carotenoid,16135,"Winged beans, mature seeds, raw",,Legumes and Legume Products
usda_sr_carotenoid,16144,"Lentils, pink or red, raw",,Legumes and Legume Products
usda_sr_carotenoid,16145,"Beans, kidney, red, mature seeds, canned, drained solids",,Legumes and Legume Products
usda_sr_carotenoid,16146,"Beans, pinto, canned, drained solids",,Legumes and Legume Products
usda_sr_carotenoid,16147,"Veggie burgers or soyburgers, unprepared",,Legumes and Legume Products
usda_sr_carotenoid,16157,Chickpea flour (besan),,Legumes and Legume Products
usda_sr_carotenoid,16158,"Hummus, commercial",,Legumes and Legume Products
usda_sr_carotenoid,16159,"Tofu, extra firm, prepared with nigari",,Legumes and Legume Products
usda_sr_carotenoid,16166,"Soymilk, chocolate, unfortified",,Legumes and Legume Products
usda_sr_carotenoid,16167,"Peanut Butter, smooth (Includes foods for USDA's Food Distribution Program)",,Legumes and Legume Products
usda_sr_carotenoid,16168,"Soymilk, chocolate, with added calcium, vitamins A and D",,Legumes and Legume Products
usda_sr_carotenoid,16403,"Refried beans, canned, traditional, reduced sodium",,Legumes and Legume Products
usda_sr_carotenoid,16409,"Soybeans, mature seeds, cooked, boiled, with salt",,Legumes and Legume Products
usda_sr_carotenoid,16420,"Soy protein concentrate, produced by acid wash",,Legumes and Legume Products
usda_sr_carotenoid,16422,"Soy protein isolate, potassium type",,Legumes and Legume Products
usda_sr_carotenoid,17006,"Lamb, composite of trimmed retail cuts, separable fat, trimmed to 1/4"" fat, choice, cooked",,"Lamb, Veal, and Game Products"
usda_sr_carotenoid,17012,"Lamb, leg, whole (shank and sirloin), separable lean and fat, trimmed to 1/4"" fat, choice, cooked, roasted",,"Lamb, Veal, and Game Products"
usda_sr_carotenoid,17014,"Lamb, leg, whole (shank and sirloin), separable lean only, trimmed to 1/4"" fat, choice, cooked, roasted",,"Lamb, Veal, and Game Products"
usda_sr_carotenoid,17030,"Lamb, rib, separable lean and fat, trimmed to 1/4"" fat, choice, cooked, broiled",,"Lamb, Veal, and Game Products"
usda_sr_carotenoid,17038,"Lamb, shoulder, whole (arm and blade), separable lean and fat, trimmed to 1/4"" fat, choice, cooked, roasted",,"Lamb, Veal, and Game Products"
usda_sr_carotenoid,17039,"Lamb, shoulder, whole (arm and blade), separable lean only, trimmed to 1/4"" fat, choice, raw",,"Lamb, Veal, and Game Products"
usda_sr_carotenoid,17053,"Lamb, shoulder, blade, separable lean and fat, trimmed to 1/4"" fat, choice, cooked, broiled",,"Lamb, Veal, and Game Products"
usda_sr_carotenoid,17070,"Lamb, New Zealand, imported, fore-shank, separable lean only, raw",,"Lamb, Veal, and Game Products"
usda_sr_carotenoid,17071,"Lamb, New Zealand, imported, fore-shank, separable lean only, cooked, braised",,"Lamb, Veal, and Game Products"
usda_sr_carotenoid,17072,"Lamb, New Zealand, imported, leg chop/steak, bone-in, separable lean and fat, raw",,"Lamb, Veal, and Game Products"
usda_sr_carotenoid,17173,"Game meat, moose, cooked, roasted",,"Lamb, Veal, and Game Products"
usda_sr_carotenoid,17179,"Game meat, rabbit, domesticated, composite of cuts, cooked, stewed",,"Lamb, Veal, and Game Products"
usda_sr_carotenoid,17181,"Game meat, rabbit, wild, cooked, stewed",,"Lamb, Veal, and Game Products"
usda_sr_carotenoid,17182,"Game meat, raccoon, cooked, roasted",,"Lamb, Veal, and Game Products"
usda_sr_carotenoid,17204,"Veal, variety meats and by-products, liver, cooked, pan-fried",,"Lamb, Veal, and Game Products"
usda_sr_carotenoid,17224,"Lamb, ground, raw",,"Lamb, Veal, and Game Products"
usda_sr_carotenoid,17314,"Lamb, Australian, imported, fresh, rib chop/rack roast, frenched, bone-in, separable lean and fat, trimmed to 1/8"" fat, raw",,"Lamb, Veal, and Game Products"
usda_sr_carotenoid,17315,"Lamb, Australian, imported, fresh, rib chop, frenched, bone-in, separable lean and fat, trimmed to 1/8"" fat, cooked, grilled",,"Lamb, Veal, and Game Products"
usda_sr_carotenoid,17316,"Lamb, Australian, imported, fresh, rib chop/rack roast, frenched, bone-in, separable lean only, trimmed to 1/8"" fat, raw",,"Lamb, Veal, and Game Products"
usda_sr_carotenoid,17330,"Game meat , bison, ground, raw",,"Lamb, Veal, and Game Products"
usda_sr_carotenoid,17331,"Game meat, bison, ground, cooked, pan-broiled",,"Lamb, Veal, and Game Products"
usda_sr_carotenoid,17332,"Game meat , bison, top sirloin, separable lean only, 1"" steak, cooked, broiled",,"Lamb, Veal, and Game Products"
usda_sr_carotenoid,17333,"Game meat, bison, chuck, shoulder clod, separable lean only, cooked, braised",,"Lamb, Veal, and Game Products"
usda_sr_carotenoid,17338,"Game meat, elk, ground, raw",,"Lamb, Veal, and Game Products"
usda_sr_carotenoid,17339,"Game meat, elk, ground, cooked, pan-broiled",,"Lamb, Veal, and Game Products"
usda_sr_carotenoid,17340,"Game meat, elk, loin, separable lean only, cooked, broiled",,"Lamb, Veal, and Game Products"
usda_sr_carotenoid,17341,"Game meat, elk, round, separable lean only, cooked, broiled",,"Lamb, Veal, and Game Products"
usda_sr_carotenoid,17342,"Game meat, elk, tenderloin, separable lean only, cooked, broiled",,"Lamb, Veal, and Game Products"
usda_sr_carotenoid,17347,"Game meat, deer, tenderloin, separable lean only, cooked, broiled",,"Lamb, Veal, and Game Products"
usda_sr_carotenoid,17348,"Game meat, deer, top round, separable lean only, 1"" steak, cooked, broiled",,"Lamb, Veal, and Game Products"
usda_sr_carotenoid,17349,"Veal, Australian, shank, fore, bone-in, separable lean only, raw",,"Lamb, Veal, and Game Products"
usda_sr_carotenoid,17350,"Veal, Australian, shank, fore, bone-in, separable lean and fat, raw",,"Lamb, Veal, and Game Products"
usda_sr_carotenoid,17355,"Lamb, New Zealand, imported, Intermuscular fat, raw",,"Lamb, Veal, and Game Products"
usda_sr_carotenoid,17356,"Lamb, New Zealand, imported, subcutaneous fat, raw",,"Lamb, Veal, and Game Products"
usda_sr_carotenoid,17357,"Lamb, New Zealand, imported, brains, cooked, soaked and fried",,"Lamb, Veal, and Game Products"
usda_sr_carotenoid,17358,"Lamb, New Zealand, imported, brains, raw",,"Lamb, Veal, and Game Products"
usda_sr_carotenoid,17363,"Lamb, New Zealand, imported, chump, boneless, separable lean only, raw",,"Lamb, Veal, and Game Products"
usda_sr_carotenoid,17364,"Lamb, New Zealand, imported, kidney, cooked, soaked and fried",,"Lamb, Veal, and Game Products"
usda_sr_carotenoid,17365,"Lamb, New Zealand, imported, flap, boneless, separable lean only, cooked, braised",,"Lamb, Veal, and Game Products"
usda_sr_carotenoid,17366,"Lamb, New Zealand, imported, flap, boneless, separable lean only, raw",,"Lamb, Veal, and Game Products"
usda_sr_carotenoid,17367,"Lamb, New Zealand, imported, kidney, raw",,"Lamb, Veal, and Game Products"
usda_sr_carotenoid,17372,"Lamb, New Zealand, imported, heart, cooked, soaked and simmered",,"Lamb, Veal, and Game Products"
usda_sr_carotenoid,17373,"Lamb, New Zealand, imported, heart, raw",,"Lamb, Veal, and Game Products"
usda_sr_carotenoid,17374,"Lamb, New Zealand, imported, sweetbread, cooked, soaked and simmered",,"Lamb, Veal, and Game Products"
usda_sr_carotenoid,17375,"Lamb, New Zealand, imported, sweetbread, raw",,"Lamb, Veal, and Game Products"
usda_sr_carotenoid,17380,"Lamb, New Zealand, imported, tunnel-boned leg, chump off, shank off, separable lean only, cooked, slow roasted",,"Lamb, Veal, and Game Products"
usda_sr_carotenoid,17381,"Lamb, New Zealand, imported, tunnel-boned leg, chump off, shank off, separable lean only, raw",,"Lamb, Veal, and Game Products"
usda_sr_carotenoid,17382,"Lamb, New Zealand, imported, square-cut shoulder chops, separable lean only, cooked, braised",,"Lamb, Veal, and Game Products"
usda_sr_carotenoid,17383,"Lamb, New Zealand, imported, square-cut shoulder chops, separable lean only, raw",,"Lamb, Veal, and Game Products"
usda_sr_carotenoid,17388,"Lamb, New Zealand, imported, loin, boneless, separable lean only, cooked, fast roasted",,"Lamb, Veal, and Game Products"
usda_sr_carotenoid,17389,"Lamb, New Zealand, imported, loin, boneless, separable lean only, raw",,"Lamb, Veal, and Game Products"
usda_sr_carotenoid,17390,"Lamb, New Zealand, imported, hind-shank, separable lean only, cooked, braised",,"Lamb, Veal, and Game Products"
usda_sr_carotenoid,17391,"Lamb, New Zealand, imported, hind-shank, separable lean only, raw",,"Lamb, Veal, and Game Products"
usda_sr_carotenoid,17392,"Lamb, New Zealand, imported, neck chops, separable lean only, raw",,"Lamb, Veal, and Game Products"
usda_sr_carotenoid,17397,"Lamb, New Zealand, imported, rack - fully frenched, separable lean only, raw",,"Lamb, Veal, and Game Products"
usda_sr_carotenoid,17398,"Lamb, New Zealand, imported, loin chop, separable lean only, cooked, fast fried",,"Lamb, Veal, and Game Products"
usda_sr_carotenoid,17399,"Lamb, New Zealand, imported, square-cut shoulder, separable lean only, cooked, slow roasted",,"Lamb, Veal, and Game Products"
usda_sr_carotenoid,17400,"Lamb, New Zealand, imported, leg chop/steak, bone-in, separable lean only, cooked, fast fried",,"Lamb, Veal, and Game Products"
usda_sr_carotenoid,17405,"Lamb, New Zealand, imported, leg chop/steak, bone-in, separable lean and fat, cooked, fast fried",,"Lamb, Veal, and Game Products"
usda_sr_carotenoid,17406,"Lamb, New Zealand, imported, loin chop, separable lean and fat, cooked, fast fried",,"Lamb, Veal, and Game Products"
usda_sr_carotenoid,17407,"Lamb, New Zealand, imported, loin saddle, separable lean and fat, cooked, fast roasted",,"Lamb, Veal, and Game Products"
usda_sr_carotenoid,17408,"Lamb, New Zealand, imported, loin saddle, separable lean and fat, raw",,"Lamb, Veal, and Game Products"
usda_sr_carotenoid,17414,"Lamb, New Zealand, imported, netted shoulder, rolled, boneless, separable lean and fat, raw",,"Lamb, Veal, and Game Products"
usda_sr_carotenoid,5623,"Emu, fan fillet, raw",,Poultry Products
usda_sr_carotenoid,5624,"Emu, fan fillet, cooked, broiled",,Poultry Products
usda_sr_carotenoid,5625,"Emu, flat fillet, raw",,Poultry Products
usda_sr_carotenoid,5626,"Emu, full rump, raw",,Poultry Products
usda_sr_carotenoid,5632,"Emu, top loin, cooked, broiled",,Poultry Products
usda_sr_carotenoid,5641,"Ostrich, ground, raw",,Poultry Products
usda_sr_carotenoid,5642,"Ostrich, ground, cooked, pan-broiled",,Poultry Products
usda_sr_carotenoid,5643,"Ostrich, fan, raw",,Poultry Products
usda_sr_carotenoid,5648,"Ostrich, outside leg, raw",,Poultry Products
usda_sr_carotenoid,5649,"Ostrich, outside strip, raw",,Poultry Products
usda_sr_carotenoid,5650,"Ostrich, outside strip, cooked",,Poultry Products
usda_sr_carotenoid,5651,"Ostrich, oyster, raw",,Poultry Products
usda_sr_carotenoid,5656,"Ostrich, tip trimmed, cooked",,Poultry Products
usda_sr_carotenoid,5657,"Ostrich, top loin, raw",,Poultry Products
usda_sr_carotenoid,5658,"Ostrich, top loin, cooked",,Poultry Products
usda_sr_carotenoid,5661,"Chicken, liver, all classes, cooked, pan-fried",,Poultry Products
usda_sr_carotenoid,5667,"Turkey, ground, 93% lean, 7% fat, patties, broiled",,Poultry Products
usda_sr_carotenoid,5668,"Turkey, ground, 85% lean, 15% fat, raw",,Poultry Products
usda_sr_carotenoid,5669,"Turkey, ground, 85% lean, 15% fat, pan-broiled crumbles",,Poultry Products
usda_sr_carotenoid,5670,"Turkey, ground, 85% lean, 15% fat, patties, broiled",,Poultry Products
usda_sr_carotenoid,5675,"Chicken, skin (drumsticks and thighs), cooked, roasted",,Poultry Products
usda_sr_carotenoid,5676,"Chicken, broilers or fryers, dark meat, drumstick, meat and skin, cooked, braised",,Poultry Products
usda_sr_carotenoid,5677,"Chicken, broilers or fryers, dark meat, thigh, meat and skin, cooked, braised",,Poultry Products
usda_sr_carotenoid,5678,"Chicken, dark meat, drumstick, meat only, with added solution, raw",,Poultry Products
usda_sr_carotenoid,5683,"Chicken, dark meat, thigh, meat only, with added solution, cooked, roasted",,Poultry Products
usda_sr_carotenoid,5684,"Chicken, skin (drumsticks and thighs), with added solution, cooked, braised",,Poultry Products
usda_sr_carotenoid,5685,"Chicken, skin (drumsticks and thighs), with added solution, raw",,Poultry Products
usda_sr_carotenoid,5686,"Chicken, skin (drumsticks and thighs), with added solution, cooked, roasted",,Poultry Products
usda_sr_carotenoid,5687,"Chicken, dark meat, drumstick, meat and skin, with added solution, cooked, braised",,Poultry Products
usda_sr_carotenoid,5692,"Chicken, dark meat, thigh, meat and skin, with added solution, cooked, roasted",,Poultry Products
usda_sr_carotenoid,5693,"Chicken, broiler, rotisserie, BBQ, back meat only",,Poultry Products
usda_sr_carotenoid,5694,"Turkey, dark meat from whole, meat only, with added solution, raw",,Poultry Products
usda_sr_carotenoid,5695,"Turkey, dark meat, meat only, with added solution, cooked, roasted",,Poultry Products
usda_sr_carotenoid,5700,"Turkey, dark meat from whole, meat and skin, with added solution, raw",,Poultry Products
usda_sr_carotenoid,5701,"Turkey, dark meat from whole, meat and skin, with added solution, cooked, roasted",,Poultry Products
usda_sr_carotenoid,5702,"Turkey from whole, light meat, meat and skin, with added solution, raw",,Poultry Products
usda_sr_carotenoid,5703,"Turkey from whole, light meat, meat and skin, with added solution, cooked, roasted",,Poultry Products
usda_sr_carotenoid,5708,"Turkey, retail parts, breast, meat only, with added solution, raw",,Poultry Products
usda_sr_carotenoid,5709,"Turkey, retail parts, breast, meat only, with added solution, cooked, roasted",,Poultry Products
usda_sr_carotenoid,5710,"Turkey, retail parts, breast, meat only, raw",,Poultry Products
usda_sr_carotenoid,5711,"Turkey, retail parts, breast, meat only, cooked, roasted",,Poultry Products
usda_sr_carotenoid,5712,"Turkey, retail parts, wing, meat only, raw",,Poultry Products
usda_sr_carotenoid,5717,"Turkey, retail parts, thigh, meat only, raw",,Poultry Products
usda_sr_carotenoid,5718,"Turkey, breast, from whole bird, meat only, with added solution, roasted",,Poultry Products
usda_sr_carotenoid,5719,"Turkey, back, from whole bird, meat only, with added solution, raw",,Poultry Products
usda_sr_carotenoid,5720,"Turkey, back, from whole bird, meat only, with added solution, roasted",,Poultry Products
usda_sr_carotenoid,6149,"Soup, chicken mushroom, canned, condensed",,"Soups, Sauces, and Gravies"
usda_sr_carotenoid,6150,"Sauce, barbecue",,"Soups, Sauces, and Gravies"
usda_sr_carotenoid,6164,"Sauce, salsa, ready-to-serve",,"Soups, Sauces, and Gravies"
usda_sr_carotenoid,6166,"Sauce, homemade, white, medium",,"Soups, Sauces, and Gravies"
usda_sr_carotenoid,6167,"Sauce, homemade, white, thick",,"Soups, Sauces, and Gravies"
usda_sr_carotenoid,6168,"Sauce, ready-to-serve, pepper or hot",,"Soups, Sauces, and Gravies"
usda_sr_carotenoid,6169,"Sauce, ready-to-serve, pepper, TABASCO",,"Soups, Sauces, and Gravies"
usda_sr_carotenoid,6176,"Sauce, oyster, ready-to-serve",,"Soups, Sauces, and Gravies"
usda_sr_carotenoid,6177,"Soup, minestrone, canned, reduced sodium, ready-to-serve",,"Soups, Sauces, and Gravies"
usda_sr_carotenoid,6179,"Sauce, fish, ready-to-serve",,"Soups, Sauces, and Gravies"
usda_sr_carotenoid,6190,"Soup, bean & ham, canned, reduced sodium, prepared with water or ready-to-serve",,"Soups, Sauces, and Gravies"
usda_sr_carotenoid,6192,"Split pea soup, canned, reduced sodium, prepared with water or ready-to serve",,"Soups, Sauces, and Gravies"
usda_sr_carotenoid,6193,"Split pea with ham soup, canned, reduced sodium, prepared with water or ready-to-serve",,"Soups, Sauces, and Gravies"
usda_sr_carotenoid,6194,"Soup, chicken broth, ready-to-serve",,"Soups, Sauces, and Gravies"
usda_sr_carotenoid,6217,"Soup, vegetable, canned, low sodium, condensed",,"Soups, Sauces, and Gravies"
usda_sr_carotenoid,6230,"Soup, clam chowder, new england, canned, prepared with equal volume low fat (2%) milk",,"Soups, Sauces, and Gravies"
usda_sr_carotenoid,6243,"Soup, cream of mushroom, canned, prepared with equal volume low fat (2%) milk",,"Soups, Sauces, and Gravies"
usda_sr_carotenoid,6264,"Sauce, white, thin, prepared-from-recipe, with butter",,"Soups, Sauces, and Gravies"
usda_sr_carotenoid,6285,"Sauce, sweet and sour, prepared-from-recipe",,"Soups, Sauces, and Gravies"
usda_sr_carotenoid,6307,"Sauce, barbecue, KRAFT, original",,"Soups, Sauces, and Gravies"
usda_sr_carotenoid,6359,"Soup, tomato, canned, prepared with equal volume low fat (2%) milk",,"Soups, Sauces, and Gravies"
usda_sr_carotenoid,6395,"CAMPBELL'S CHUNKY, Classic Chicken Noodle Soup",,"Soups, Sauces, and Gravies"
usda_sr_carotenoid,6413,"Soup, chicken broth, canned, prepared with equal volume water",,"Soups, Sauces, and Gravies"
usda_sr_carotenoid,6415,"CAMPBELL'S CHUNKY, Hearty Beef Barley Soup",,"Soups, Sauces, and Gravies"
usda_sr_carotenoid,6428,"Soup, clam chowder, manhattan, canned, prepared with equal volume water",,"Soups, Sauces, and Gravies"
usda_sr_carotenoid,6430,"Soup, clam chowder, new england, canned, prepared with equal volume water",,"Soups, Sauces, and Gravies"
usda_sr_carotenoid,6431,"CAMPBELL'S CHUNKY, New England Clam Chowder",,"Soups, Sauces, and Gravies"
usda_sr_carotenoid,6449,"Soup, pea, green, canned, prepared with equal volume water",,"Soups, Sauces, and Gravies"
usda_sr_carotenoid,6468,"Soup, vegetarian vegetable, canned, prepared with equal volume water",,"Soups, Sauces, and Gravies"
usda_sr_carotenoid,6471,"Soup, vegetable beef, canned, prepared with equal volume water",,"Soups, Sauces, and Gravies"
usda_sr_carotenoid,6483,"Soup, cream of chicken, dry, mix, prepared with water",,"Soups, Sauces, and Gravies"
usda_sr_carotenoid,6494,"Soup, onion, dry, mix, prepared with water",,"Soups, Sauces, and Gravies"
usda_sr_carotenoid,6498,"Soup, tomato, dry, mix, prepared with water",,"Soups, Sauces, and Gravies"
usda_sr_carotenoid,7043,"Roast beef, deli style, prepackaged, sliced",,Sausages and Luncheon Meats
usda_sr_carotenoid,7045,"Luncheon meat, pork, canned",,Sausages and Luncheon Meats
usda_sr_carotenoid,7046,"Turkey breast, low salt, prepackaged or deli, luncheon meat",,Sausages and Luncheon Meats
usda_sr_carotenoid,7050,"Mortadella, beef, pork",,Sausages and Luncheon Meats
usda_sr_carotenoid,7056,"Peppered loaf, pork, beef",,Sausages and Luncheon Meats
usda_sr_carotenoid,7057,"Pepperoni, beef and pork, sliced",,Sausages and Luncheon Meats
usda_sr_carotenoid,7058,"Pickle and pimiento loaf, pork",,Sausages and Luncheon Meats
usda_sr_carotenoid,7064,"Pork sausage, link/patty, cooked, pan-fried",,Sausages and Luncheon Meats
usda_sr_carotenoid,7065,"Sausage, pork and beef, fresh, cooked",,Sausages and Luncheon Meats
usda_sr_carotenoid,7066,"Sausage, turkey, reduced fat, brown and serve, cooked",,Sausages and Luncheon Meats
usda_sr_carotenoid,7067,Poultry salad sandwich spread,,Sausages and Luncheon Meats
usda_sr_carotenoid,7072,"Salami, dry or hard, pork, beef",,Sausages and Luncheon Meats
usda_sr_carotenoid,7073,"Sandwich spread, pork, beef",,Sausages and Luncheon Meats
usda_sr_carotenoid,7074,"Sausage, smoked link sausage, pork",,Sausages and Luncheon Meats
usda_sr_carotenoid,7075,"Sausage, smoked link sausage, pork and beef",,Sausages and Luncheon Meats
usda_sr_carotenoid,7089,"Sausage, Italian, pork, mild, cooked, pan-fried",,Sausages and Luncheon Meats
usda_sr_carotenoid,7201,"Oscar Mayer, Bologna (beef)",,Sausages and Luncheon Meats
usda_sr_carotenoid,7241,"Oscar Mayer, Wieners (beef franks)",,Sausages and Luncheon Meats
usda_sr_carotenoid,7254,"Bacon, turkey, unprepared",,Sausages and Luncheon Meats
usda_sr_carotenoid,7278,Hormel Pillow Pak Sliced Turkey Pepperoni,,Sausages and Luncheon Meats
usda_sr_carotenoid,7909,"Luncheon meat, pork and chicken, minced, canned, includes Spam Lite",,Sausages and Luncheon Meats
usda_sr_carotenoid,7910,"Bratwurst, veal, cooked",,Sausages and Luncheon Meats
usda_sr_carotenoid,7911,Liverwurst spread,,Sausages and Luncheon Meats
usda_sr_carotenoid,7912,Roast beef spread,,Sausages and Luncheon Meats
usda_sr_carotenoid,7913,"Salami, pork, beef, less sodium",,Sausages and Luncheon Meats
usda_sr_carotenoid,7918,"Sausage, summer, pork and beef, sticks, with cheddar cheese",,Sausages and Luncheon Meats
usda_sr_carotenoid,7919,"Sausage, turkey, breakfast links, mild, raw",,Sausages and Luncheon Meats
usda_sr_carotenoid,7920,"Swisswurst, pork and beef, with swiss cheese, smoked",,Sausages and Luncheon Meats
usda_sr_carotenoid,7921,Bacon and beef sticks,,Sausages and Luncheon Meats
usda_sr_carotenoid,7926,"Salami, Italian, pork",,Sausages and Luncheon Meats
usda_sr_carotenoid,7927,"Sausage, Italian, turkey, smoked",,Sausages and Luncheon Meats
usda_sr_carotenoid,7928,"Sausage, chicken, beef, pork, skinless, smoked",,Sausages and Luncheon Meats
usda_sr_carotenoid,7929,"Sausage, turkey, hot, smoked",,Sausages and Luncheon Meats
usda_sr_carotenoid,7934,"Kielbasa, Polish, turkey and beef, smoked",,Sausages and Luncheon Meats
usda_sr_carotenoid,7935,"Chicken breast, roll, oven-roasted",,Sausages and Luncheon Meats
usda_sr_carotenoid,7936,"Bologna, pork and turkey, lite",,Sausages and Luncheon Meats
usda_sr_carotenoid,7937,"Bologna, pork, turkey and beef",,Sausages and Luncheon Meats
usda_sr_carotenoid,7938,"Ham, honey, smoked, cooked",,Sausages and Luncheon Meats
usda_sr_carotenoid,7943,"Turkey, breast, smoked, lemon pepper flavor, 97% fat-free",,Sausages and Luncheon Meats
usda_sr_carotenoid,7944,"Turkey, white, rotisserie, deli cut",,Sausages and Luncheon Meats
usda_sr_carotenoid,7945,"Frankfurter, beef, heated",,Sausages and Luncheon Meats
usda_sr_carotenoid,7954,"Sausage, breakfast sausage, beef, pre-cooked, unprepared",,Sausages and Luncheon Meats
usda_sr_carotenoid,7955,"Sausage, turkey, fresh, raw",,Sausages and Luncheon Meats
usda_sr_carotenoid,7956,"Sausage, beef, fresh, cooked",,Sausages and Luncheon Meats
usda_sr_carotenoid,8206,"Cereals ready-to-eat, MALT-O-MEAL, COCO-ROOS",,Breakfast Cereals
usda_sr_carotenoid,8211,"Cereals ready-to-eat, QUAKER, HONEY GRAHAM OH!S",,Breakfast Cereals
usda_sr_carotenoid,8214,"Cereals ready-to-eat, QUAKER, Oatmeal Squares",,Breakfast Cereals
usda_sr_carotenoid,8215,"Cereals ready-to-eat, QUAKER, Oatmeal Squares, cinnamon",,Breakfast Cereals
usda_sr_carotenoid,8225,"Cereals, QUAKER, Instant Oatmeal, fruit and cream variety, dry",,Breakfast Cereals
usda_sr_carotenoid,8228,"Cereals, QUAKER, Instant Oatmeal, raisins, dates and walnuts, dry",,Breakfast Cereals
usda_sr_carotenoid,8305,"Cereals ready-to-eat, Post, Waffle Crisp",,Breakfast Cereals
usda_sr_carotenoid,8346,"Cereals ready-to-eat, MALT-O-MEAL, COLOSSAL CRUNCH",,Breakfast Cereals
usda_sr_carotenoid,8410,"Cereals, QUAKER, Instant Oatmeal, Cinnamon-Spice, dry",,Breakfast Cereals
usda_sr_carotenoid,8435,"Cereals ready-to-eat, UNCLE SAM CEREAL",,Breakfast Cereals
usda_sr_carotenoid,8478,"Cereals ready-to-eat, MALT-O-MEAL, GOLDEN PUFFS",,Breakfast Cereals
usda_sr_carotenoid,8494,"Cereals ready-to-eat, MALT-O-MEAL, CINNAMON TOASTERS",,Breakfast Cereals
usda_sr_carotenoid,8495,"Cereals ready-to-eat, MALT-O-MEAL, Cocoa DYNO-BITES",,Breakfast Cereals
usda_sr_carotenoid,8506,"Cereals ready-to-eat, RALSTON Corn Flakes",,Breakfast Cereals
usda_sr_carotenoid,8507,"Cereals ready-to-eat, RALSTON Crispy Hexagons",,Breakfast Cereals
usda_sr_carotenoid,8510,Milk and cereal bar,,Snacks
usda_sr_carotenoid,8550,"Cereals ready-to-eat, QUAKER, Christmas Crunch",,Breakfast Cereals
usda_sr_carotenoid,8554,"Cereals ready-to-eat, POST SELECTS Maple Pecan Crunch",,Breakfast Cereals
usda_sr_carotenoid,8571,"Cereals ready-to-eat, NATURE'S PATH, Organic FLAX PLUS, Pumpkin Granola",,Breakfast Cereals
usda_sr_carotenoid,8655,"Cereals ready-to-eat, POST, HONEY BUNCHES OF OATS, pecan bunches",,Breakfast Cereals
usda_sr_carotenoid,9094,"Figs, dried, uncooked",,Fruits and Fruit Juices
usda_sr_carotenoid,9095,"Figs, dried, stewed",,Fruits and Fruit Juices
usda_sr_carotenoid,9096,"Fruit cocktail, (peach and pineapple and pear and grape and cherry), canned, water pack, solids and liquids",,Fruits and Fruit Juices
usda_sr_carotenoid,9097,"Fruit cocktail, (peach and pineapple and pear and grape and cherry), canned, juice pack, solids and liquids",,Fruits and Fruit Juices
usda_sr_carotenoid,9112,"Grapefruit, raw, pink and red, all areas",,Fruits and Fruit Juices
usda_sr_carotenoid,9116,"Grapefruit, raw, white, all areas",,Fruits and Fruit Juices
usda_sr_carotenoid,9123,"Grapefruit juice, white, canned or bottled, unsweetened",,Fruits and Fruit Juices
usda_sr_carotenoid,9124,"Grapefruit juice, white, canned, sweetened",,Fruits and Fruit Juices
usda_sr_carotenoid,9125,"Grapefruit juice, white, frozen concentrate, unsweetened, undiluted",,Fruits and Fruit Juices
usda_sr_carotenoid,9126,"Grapefruit juice, white, frozen concentrate, unsweetened, diluted with 3 volume water",,Fruits and Fruit Juices
usda_sr_carotenoid,9131,"Grapes, american type (slip skin), raw",,Fruits and Fruit Juices
usda_sr_carotenoid,9132,"Grapes, red or green (European type, such as Thompson seedless), raw",,Fruits and Fruit Juices
usda_sr_carotenoid,9133,"Grapes, canned, thompson seedless, water pack, solids and liquids",,Fruits and Fruit Juices
usda_sr_carotenoid,9134,"Grapes, canned, thompson seedless, heavy syrup pack, solids and liquids",,Fruits and Fruit Juices
usda_sr_carotenoid,9143,"Guava sauce, cooked",,Fruits and Fruit Juices
usda_sr_carotenoid,9144,"Jackfruit, raw",,Fruits and Fruit Juices
usda_sr_carotenoid,23247,"Beef, top loin filet, boneless, separable lean only, trimmed to 1/8"" fat, all grades, cooked, grilled",,Beef Products
usda_sr_carotenoid,23248,"Beef, top loin filet, boneless, separable lean only, trimmed to 1/8"" fat, choice, cooked, grilled",,Beef Products
usda_sr_carotenoid,23249,"Beef, top loin filet, boneless, separable lean only, trimmed to 1/8"" fat, select, cooked, grilled",,Beef Products
usda_sr_carotenoid,23254,"Beef, top loin petite roast/filet, boneless, separable lean only, trimmed to 1/8"" fat, choice, raw",,Beef Products
usda_sr_carotenoid,23255,"Beef, top loin petite roast/filet, boneless, separable lean only, trimmed to 1/8"" fat, select, raw",,Beef Products
usda_sr_carotenoid,23256,"Beef, loin, top sirloin filet, boneless, separable lean only, trimmed to 0"" fat, all grades, cooked, grilled",,Beef Products
usda_sr_carotenoid,23257,"Beef, loin, top sirloin filet, boneless, separable lean only, trimmed to 0"" fat, choice, cooked, grilled",,Beef Products
usda_sr_carotenoid,23262,"Beef, loin, top sirloin petite roast/filet, boneless, separable lean only, trimmed to 0"" fat, select, raw",,Beef Products
usda_sr_carotenoid,23263,"Beef, ribeye  petite roast/filet, boneless, separable lean only, trimmed to 0"" fat, all grades, raw",,Beef Products
usda_sr_carotenoid,23264,"Beef, ribeye  petite roast/filet, boneless, separable lean only, trimmed to 0"" fat, choice, raw",,Beef Products
usda_sr_carotenoid,23265,"Beef, ribeye  petite roast/filet, boneless, separable lean only, trimmed to 0"" fat, select, raw",,Beef Products
usda_sr_carotenoid,23270,"Beef, ribeye cap steak, boneless, separable lean only, trimmed to 0"" fat, choice, raw",,Beef Products
usda_sr_carotenoid,23271,"Beef, ribeye cap steak, boneless, separable lean only, trimmed to 0"" fat, select, raw",,Beef Products
usda_sr_carotenoid,23272,"Beef, ribeye filet, boneless, separable lean only, trimmed to 0"" fat, all grades, cooked, grilled",,Beef Products
usda_sr_carotenoid,23273,"Beef, ribeye filet, boneless, separable lean only, trimmed to 0"" fat, choice, cooked, grilled",,Beef Products
usda_sr_carotenoid,23274,"Beef, ribeye filet, boneless, separable lean only, trimmed to 0"" fat, select, cooked, grilled",,Beef Products
usda_sr_carotenoid,23279,"Beef, loin, top sirloin cap steak, boneless, separable lean and fat, trimmed to 1/8"" fat, choice, cooked, grilled",,Beef Products
usda_sr_carotenoid,23280,"Beef, loin, top sirloin cap steak, boneless, separable lean and fat, trimmed to 1/8"" fat, select, cooked, grilled",,Beef Products
usda_sr_carotenoid,23281,"Beef, loin, top sirloin cap steak, boneless, separable lean and fat, trimmed to 1/8"" fat, all grades, raw",,Beef Products
usda_sr_carotenoid,23282,"Beef, loin, top sirloin cap steak, boneless, separable lean and fat, trimmed to 1/8"" fat, choice, raw",,Beef Products
usda_sr_carotenoid,23287,"Beef, top loin petite roast, boneless, separable lean and fat, trimmed to 1/8"" fat, all grades, cooked, roasted",,Beef Products
usda_sr_carotenoid,23288,"Beef, top loin petite roast, boneless, separable lean and fat, trimmed to 1/8"" fat, choice, cooked, roasted",,Beef Products
usda_sr_carotenoid,23289,"Beef, top loin petite roast, boneless, separable lean and fat, trimmed to 1/8"" fat, select, cooked, roasted",,Beef Products
usda_sr_carotenoid,23290,"Beef, top loin petite roast/filet, boneless, separable lean and fat, trimmed to 1/8"" fat, all grades, raw",,Beef Products
usda_sr_carotenoid,23389,"Beef, loin, top loin steak, boneless, lip-on, separable lean and fat, trimmed to 1/8"" fat, choice, cooked, grilled",,Beef Products
usda_sr_carotenoid,23390,"Beef, loin, top loin steak, boneless, lip-on, separable lean and fat, trimmed to 1/8"" fat, select, cooked, grilled",,Beef Products
usda_sr_carotenoid,23391,"Beef, loin, top loin steak, boneless, lip-on, separable lean and fat, trimmed to 1/8"" fat, all grades, cooked, grilled",,Beef Products
usda_sr_carotenoid,23397,"Beef, New Zealand, imported, bolar blade, separable lean only, cooked, fast roasted",,Beef Products
usda_sr_carotenoid,23398,"Beef, New Zealand, imported, bolar blade, separable lean only, raw",,Beef Products
usda_sr_carotenoid,23399,"Beef, New Zealand, imported, brisket navel end, separable lean only, cooked, braised",,Beef Products
usda_sr_carotenoid,23401,"Beef, New Zealand, imported, brisket navel end, separable lean only, raw",,Beef Products
usda_sr_carotenoid,23406,"Beef, New Zealand, imported, cube roll, separable lean only, cooked, fast roasted",,Beef Products
usda_sr_carotenoid,23407,"Beef, New Zealand, imported, cube roll, separable lean only, raw",,Beef Products
usda_sr_carotenoid,23408,"Beef, New Zealand, imported, eye round, separable lean only, cooked, slow roasted",,Beef Products
usda_sr_carotenoid,23409,"Beef, New Zealand, imported, eye round, separable lean only, raw",,Beef Products
usda_sr_carotenoid,23415,"Beef, New Zealand, imported, variety meats and by-products, heart, raw",,Beef Products
usda_sr_carotenoid,23416,"Beef, New Zealand, imported, hind shin, separable lean only, cooked, braised",,Beef Products
usda_sr_carotenoid,23417,"Beef, New Zealand, imported, hind shin, separable lean only, raw",,Beef Products
usda_sr_carotenoid,23418,"Beef, New Zealand, imported, inside, raw",,Beef Products
usda_sr_carotenoid,23423,"Beef, New Zealand, imported, variety meats and by-products, kidney, raw",,Beef Products
usda_sr_carotenoid,23424,"Beef, New Zealand, imported, variety meats and by-products liver, cooked, boiled",,Beef Products
usda_sr_carotenoid,23425,"Beef, New Zealand, imported, variety meats and by-products, liver, raw",,Beef Products
usda_sr_carotenoid,23426,"Beef, New Zealand, imported, manufacturing beef, cooked, boiled",,Beef Products
usda_sr_carotenoid,23431,"Beef, New Zealand, imported, ribs prepared, raw",,Beef Products
usda_sr_carotenoid,23432,"Beef, New Zealand, imported, rump centre, separable lean only, cooked, fast fried",,Beef Products
usda_sr_carotenoid,23433,"Beef, New Zealand, imported, striploin, separable lean only, cooked, fast fried",,Beef Products
usda_sr_carotenoid,23434,"Beef, New Zealand, imported, striploin, separable lean only, raw",,Beef Products
usda_sr_carotenoid,23440,"Beef, New Zealand, imported, oyster blade, separable lean and fat, raw",,Beef Products
usda_sr_carotenoid,23441,"Beef, New Zealand, imported, tenderloin, separable lean only, raw",,Beef Products
usda_sr_carotenoid,23442,"Beef, New Zealand, imported, variety meats and by-products, tongue, cooked, boiled",,Beef Products
usda_sr_carotenoid,23443,"Beef, New Zealand, imported, variety meats and by-products, tongue, raw",,Beef Products
usda_sr_carotenoid,23448,"Beef, New Zealand, imported, brisket navel end, separable lean and fat, cooked, braised",,Beef Products
usda_sr_carotenoid,23449,"Beef, New Zealand, imported, brisket navel end, separable lean and fat, raw",,Beef Products
usda_sr_carotenoid,23450,"Beef, New Zealand, imported, brisket point end, separable lean and fat, cooked, braised",,Beef Products
usda_sr_carotenoid,23451,"Beef, New Zealand, imported, brisket point end, separable lean and fat, raw",,Beef Products
usda_sr_carotenoid,23456,"Beef, New Zealand, imported, eye round, separable lean and fat, cooked, slow roasted",,Beef Products
usda_sr_carotenoid,23457,"Beef, New Zealand, imported, eye round, separable lean and fat, raw",,Beef Products
usda_sr_carotenoid,23458,"Beef, New Zealand, imported, flank, separable lean and fat, cooked, braised",,Beef Products
usda_sr_carotenoid,23459,"Beef, New Zealand, imported, flank, separable lean and fat, raw",,Beef Products
usda_sr_carotenoid,23460,"Beef, New Zealand, imported, flat, separable lean and fat, cooked, braised",,Beef Products
usda_sr_carotenoid,23465,"Beef, New Zealand, imported, rump centre, separable lean and fat, cooked, fast fried",,Beef Products
usda_sr_carotenoid,23466,"Beef, New Zealand, imported, rump centre, separable lean only, raw",,Beef Products
usda_sr_carotenoid,23467,"Beef, New Zealand, imported, rump centre, separable lean and fat, raw",,Beef Products
usda_sr_carotenoid,23468,"Beef, New Zealand, imported, striploin, separable lean and fat, cooked, fast fried",,Beef Products
usda_sr_carotenoid,23473,"Beef, ground, 93% lean meat / 7% fat, patty, cooked, broiled",,Beef Products
usda_sr_carotenoid,23474,"Beef, ground, 93% lean meat /7% fat, patty, cooked, pan-broiled",,Beef Products
usda_sr_carotenoid,23475,"Beef, ground, 93% lean meat / 7% fat, loaf, cooked, baked",,Beef Products
usda_sr_carotenoid,23476,"Beef, ground, 93% lean meat / 7% fat, crumbles, cooked, pan-browned",,Beef Products
usda_sr_carotenoid,23481,"Beef, ground, 97% lean meat / 3% fat, crumbles, cooked, pan-browned",,Beef Products
usda_sr_carotenoid,23482,"Beef, composite of trimmed retail cuts, separable lean and fat, trimmed to 0"" fat, all grades, raw",,Beef Products
usda_sr_carotenoid,23483,"Beef, composite of trimmed retail cuts, separable lean only, trimmed to 1/8"" fat, all grades, raw",,Beef Products
usda_sr_carotenoid,23484,"Beef, composite of trimmed retail cuts, separable lean only, trimmed to 1/8"" fat, all grades, cooked",,Beef Products
usda_sr_carotenoid,23485,"Beef, composite of trimmed retail cuts, separable lean only, trimmed to 0"" fat, all grades, raw",,Beef Products
usda_sr_carotenoid,23623,"Beef, rib, small end (ribs 10-12), separable lean only, trimmed to 1/8"" fat, choice, raw",,Beef Products
usda_sr_carotenoid,23624,"Beef, tenderloin, steak, separable lean only, trimmed to 1/8"" fat, choice, raw",,Beef Products
usda_sr_carotenoid,23625,"Beef, top sirloin, steak, separable lean only, trimmed to 1/8"" fat, choice, raw",,Beef Products
usda_sr_carotenoid,23626,"Beef, rib, small end (ribs 10-12), separable lean only, trimmed to 1/8""fat, choice, cooked, broiled",,Beef Products
usda_sr_carotenoid,23631,"Beef, chuck, arm pot roast, separable lean only, trimmed to 1/8"" fat, select, raw",,Beef Products
usda_sr_carotenoid,23632,"Beef, brisket, flat half, separable lean only, trimmed to 1/8"" fat, select, raw",,Beef Products
usda_sr_carotenoid,23633,"Beef, chuck, arm pot roast, separable lean only, trimmed to 1/8"" fat, select, cooked, braised",,Beef Products
usda_sr_carotenoid,23634,"Beef, brisket, flat half, separable lean only, trimmed to 1/8"" fat, select, cooked, braised",,Beef Products
usda_sr_carotenoid,23640,"Beef, variety meats and by-products, tripe, cooked, simmered",,Beef Products
usda_sr_carotenoid,23646,"Beef, bottom sirloin, tri-tip roast, separable lean only, trimmed to 0"" fat, all grades, raw",,Beef Products
usda_sr_carotenoid,23647,"Beef, bottom sirloin, tri-tip roast, separable lean only, trimmed to 0"" fat, choice, cooked, roasted",,Beef Products
usda_sr_carotenoid,23648,"Beef, bottom sirloin, tri-tip roast, separable lean only, trimmed to 0"" fat, choice, raw",,Beef Products
usda_sr_carotenoid,23649,"Beef, bottom sirloin, tri-tip roast, separable lean only, trimmed to 0"" fat, select, cooked, roasted",,Beef Products
usda_sr_carotenoid,23654,"Beef, flank, steak, separable lean only, trimmed to 0"" fat, all grades, cooked, broiled",,Beef Products
usda_sr_carotenoid,23655,"Beef, flank, steak, separable lean only, trimmed to 0"" fat, select, cooked, broiled",,Beef Products
usda_sr_carotenoid,23656,"Beef, flank, steak, separable lean only, trimmed to 0"" fat, all grades, raw",,Beef Products
usda_sr_carotenoid,23657,"Beef, flank, steak, separable lean only, trimmed to 0"" fat, select, raw",,Beef Products
usda_sr_carotenoid,25001,"Snacks, popcorn, microwave, low fat",,Snacks
usda_sr_carotenoid,25003,"Snacks, candy rolls, yogurt-covered, fruit flavored with high vitamin C",,Snacks
usda_sr_carotenoid,25012,"Snacks, sweet potato chips, unsalted",,Snacks
usda_sr_carotenoid,25013,"Snacks, FRITOLAY, SUNCHIPS, Multigrain Snack, original flavor",,Snacks
usda_sr_carotenoid,25014,"Snacks, popcorn, microwave, regular (butter) flavor, made with partially hydrogenated oil",,Snacks
usda_sr_carotenoid,25015,"Formulated bar, MARS SNACKFOOD US, SNICKERS MARATHON Protein Performance Bar, Caramel Nut Rush",,Snacks
usda_sr_carotenoid,25021,"Formulated bar, LUNA BAR, NUTZ OVER CHOCOLATE",,Snacks
usda_sr_carotenoid,25024,"Pretzels, soft, unsalted",,Snacks
usda_sr_carotenoid,25030,"Snacks, vegetable chips, HAIN CELESTIAL GROUP, TERRA CHIPS",,Snacks
usda_sr_carotenoid,25031,"Formulated bar, ZONE PERFECT CLASSIC CRUNCH BAR, mixed flavors",,Snacks
usda_sr_carotenoid,25032,"Snacks, granola bar, KASHI GOLEAN, chewy, mixed flavors",,Snacks
usda_sr_carotenoid,25033,"Snacks, granola bar, KASHI TLC Bar, chewy, mixed flavors",,Snacks
usda_sr_carotenoid,25039,"Snacks, granola bars, QUAKER OATMEAL TO GO, all flavors",,Snacks
usda_sr_carotenoid,25040,"Snacks, vegetable chips, made from garden vegetables",,Snacks
usda_sr_carotenoid,25041,"Snacks, granola bar, KASHI TLC Bar, crunchy, mixed flavors",,Snacks
usda_sr_carotenoid,25043,"Snacks, candy bits, yogurt covered with vitamin C",,Snacks
usda_sr_carotenoid,25051,"Snacks, CLIF BAR, mixed flavors",,Snacks
usda_sr_carotenoid,25052,"Snacks, granola bar, QUAKER, chewy, 90 Calorie Bar",,Snacks
usda_sr_carotenoid,25053,"Snacks, granola bar, GENERAL MILLS NATURE VALLEY, SWEET&SALTY NUT, peanut",,Snacks
usda_sr_carotenoid,25054,"Snacks, granola bar, GENERAL MILLS, NATURE VALLEY, with yogurt coating",,Snacks
usda_sr_carotenoid,25062,"Snack, Mixed Berry Bar",,Snacks
usda_sr_carotenoid,25063,"Snacks, potato chips, made from dried potatoes (preformed), multigrain",,Snacks
usda_sr_carotenoid,25064,"Snacks, potato chips, lightly salted",,Snacks
usda_sr_carotenoid,25065,"Snacks, Pretzels, gluten- free made with cornstarch and potato flour",,Snacks
usda_sr_carotenoid,27000,"Soup, egg drop, Chinese restaurant",,"Soups, Sauces, and Gravies"
usda_sr_carotenoid,27001,"Soup, hot and sour, Chinese restaurant",,"Soups, Sauces, and Gravies"
usda_sr_carotenoid,14026,"Beverages, THE COCA-COLA COMPANY, NOS Zero, energy drink, sugar-free with guarana, fortified with vitamins B6 and B12",,Beverages
usda_sr_carotenoid,14028,"Beverages, Whiskey sour mix, bottled",,Beverages
usda_sr_carotenoid,14029,"Alcoholic beverage, whiskey sour, prepared from item 14028",,Beverages
usda_sr_carotenoid,14035,"Beverages, ABBOTT, EAS soy protein powder",,Beverages
usda_sr_carotenoid,14036,"Beverages, CYTOSPORT, Muscle Milk, ready-to-drink",,Beverages
usda_sr_carotenoid,14037,"Alcoholic beverage, distilled, all (gin, rum, vodka, whiskey) 80 proof",,Beverages
usda_sr_carotenoid,14038,"Beverages, OCEAN SPRAY, Cran-Energy, Cranberry Energy Juice Drink",,Beverages
usda_sr_carotenoid,14050,"Alcoholic beverage, distilled, rum, 80 proof",,Beverages
usda_sr_carotenoid,14054,"Beverages, almond milk, chocolate, ready-to-drink",,Beverages
usda_sr_carotenoid,14060,"Beverages, Energy Drink with carbonated water and high fructose corn syrup",,Beverages
usda_sr_carotenoid,14061,"Beverages, Energy Drink, sugar free",,Beverages
usda_sr_carotenoid,14062,"Beverages, ABBOTT, ENSURE, Nutritional Shake, Ready-to-Drink",,Beverages
usda_sr_carotenoid,14063,"Beverages, chocolate powder, no sugar added",,Beverages
usda_sr_carotenoid,14073,"Beverages, ZEVIA, cola",,Beverages
usda_sr_carotenoid,14074,"Beverages, ZEVIA, cola, caffeine free",,Beverages
usda_sr_carotenoid,14075,"Beverages, GEROLSTEINER BRUNNEN GmbH & Co. KG,Gerolsteiner naturally sparkling mineral water,",,Beverages
usda_sr_carotenoid,14079,"Beverages, yellow green colored citrus soft drink with caffeine",,Beverages
usda_sr_carotenoid,14090,"Beverages, Coconut water, ready-to-drink, unsweetened",,Beverages
usda_sr_carotenoid,14091,"Beverages, almond milk, unsweetened, shelf stable",,Beverages
usda_sr_carotenoid,14106,"Alcoholic beverage, wine, table, white",,Beverages
usda_sr_carotenoid,14121,"Beverages, carbonated, club soda",,Beverages
usda_sr_carotenoid,14136,"Beverages, carbonated, ginger ale",,Beverages
usda_sr_carotenoid,14146,"Beverages, carbonated, low calorie, cola or pepper-type, with aspartame, without caffeine",,Beverages
usda_sr_carotenoid,14147,"Beverages, carbonated, cola, without caffeine",,Beverages
usda_sr_carotenoid,14148,"Beverages, carbonated, cola, regular",,Beverages
usda_sr_carotenoid,14149,"Beverages, carbonated, reduced sugar, cola, contains caffeine and sweeteners",,Beverages
usda_sr_carotenoid,14279,"Beverages, tea, black, ready-to-drink, peach, diet",,Beverages
usda_sr_carotenoid,14285,"Beverages, OCEAN SPRAY, Ruby Red cranberry",,Beverages
usda_sr_carotenoid,14287,"Beverages, Lemonade, powder",,Beverages
usda_sr_carotenoid,14288,"Lemonade, powder, prepared with water",,Beverages
usda_sr_carotenoid,14296,"Beverages, lemonade-flavor drink, powder",,Beverages
usda_sr_carotenoid,14297,"Beverages, lemonade-flavor drink, powder, prepared with water",,Beverages
usda_sr_carotenoid,14303,"Limeade, frozen concentrate, prepared with water",,Beverages
usda_sr_carotenoid,14305,"Malt beverage, includes non-alcoholic beer",,Beverages
usda_sr_carotenoid,14309,"Beverages, OVALTINE, Classic Malt powder",,Beverages
usda_sr_carotenoid,14316,"Beverages, Malted drink mix, chocolate, with added nutrients, powder, prepared with whole milk",,Beverages
usda_sr_carotenoid,14317,"Beverages, malted drink mix, chocolate, powder",,Beverages
usda_sr_carotenoid,14318,"Beverages, Malted drink mix, chocolate, powder, prepared with whole milk",,Beverages
usda_sr_carotenoid,14323,"Beverages, orange drink, canned, with added vitamin C",,Beverages
usda_sr_carotenoid,14350,"Strawberry-flavor beverage mix, powder",,Beverages
usda_sr_carotenoid,14352,"Beverages, tea, black, brewed, prepared with tap water, decaffeinated",,Beverages
usda_sr_carotenoid,14353,"Beverages, tea, instant, decaffeinated, unsweetened",,Beverages
usda_sr_carotenoid,14367,"Beverages, tea, instant, unsweetened, prepared with water",,Beverages
usda_sr_carotenoid,17415,"Lamb, New Zealand, imported, square-cut shoulder chops, separable lean and fat, cooked, braised",,"Lamb, Veal, and Game Products"
usda_sr_carotenoid,17416,"Lamb, New Zealand, imported, square-cut shoulder chops, separable lean and fat, raw",,"Lamb, Veal, and Game Products"
usda_sr_carotenoid,17417,"Lamb, New Zealand, imported, square-cut shoulder, separable lean and fat, cooked, slow roasted",,"Lamb, Veal, and Game Products"
usda_sr_carotenoid,17423,"Lamb, New Zealand, imported, tenderloin, separable lean and fat, raw",,"Lamb, Veal, and Game Products"
usda_sr_carotenoid,17424,"Veal, ground, cooked, pan-fried",,"Lamb, Veal, and Game Products"
usda_sr_carotenoid,17425,"Veal, leg, top round, cap off, cutlet, boneless, cooked, grilled",,"Lamb, Veal, and Game Products"
usda_sr_carotenoid,17430,"Veal, shoulder, blade chop, separable lean only, cooked, grilled",,"Lamb, Veal, and Game Products"
usda_sr_carotenoid,17431,"Veal, external fat only, raw",,"Lamb, Veal, and Game Products"
usda_sr_carotenoid,17432,"Veal, external fat only, cooked",,"Lamb, Veal, and Game Products"
usda_sr_carotenoid,17433,"Veal, seam fat only, raw",,"Lamb, Veal, and Game Products"
usda_sr_carotenoid,17439,"Lamb, Australian, imported, fresh, leg, bottom, boneless, separable lean only, trimmed to 1/8"" fat, cooked, roasted",,"Lamb, Veal, and Game Products"
usda_sr_carotenoid,17440,"Lamb, Australian, imported, fresh, leg, hindshank, heel on, bone-in, separable lean only, trimmed to 1/8"" fat, cooked, braised",,"Lamb, Veal, and Game Products"
usda_sr_carotenoid,17441,"Lamb, Australian, imported, fresh, leg, hindshank, heel on, bone-in, separable lean only, trimmed to 1/8"" fat, raw",,"Lamb, Veal, and Game Products"
usda_sr_carotenoid,17442,"Lamb, Australian, imported, fresh, tenderloin, boneless, separable lean only, trimmed to 1/8"" fat, cooked, roasted",,"Lamb, Veal, and Game Products"
usda_sr_carotenoid,17447,"Lamb, Australian, imported, fresh, rack, roast, frenched, denuded, bone-in, separable lean only, trimmed to 0"" fat, cooked, roasted",,"Lamb, Veal, and Game Products"
usda_sr_carotenoid,17448,"Lamb, Australian, imported, fresh, rack, roast, frenched, bone-in, separable lean only, trimmed to 1/8"" fat, cooked, roasted",,"Lamb, Veal, and Game Products"
usda_sr_carotenoid,17449,"Lamb, Australian, imported, fresh, external fat, cooked",,"Lamb, Veal, and Game Products"
usda_sr_carotenoid,17450,"Lamb, Australian, imported, fresh, external fat, raw",,"Lamb, Veal, and Game Products"
usda_sr_carotenoid,17455,"Lamb, Australian, imported, fresh, leg, hindshank, heel on, bone-in, separable lean and fat, trimmed to 1/8"" fat, cooked, braised",,"Lamb, Veal, and Game Products"
usda_sr_carotenoid,17456,"Lamb, Australian, imported, fresh, leg, hindshank, heel on, bone-in, separable lean and fat, trimmed to 1/8"" fat, raw",,"Lamb, Veal, and Game Products"
usda_sr_carotenoid,17457,"Lamb, Australian, imported, fresh, leg, trotter off, bone-in, separable lean and fat, trimmed to 1/8"" fat, cooked, roasted",,"Lamb, Veal, and Game Products"
usda_sr_carotenoid,17458,"Lamb, Australian, imported, fresh, leg, trotter off, bone-in, separable lean and fat, trimmed to 1/8"" fat, raw",,"Lamb, Veal, and Game Products"
usda_sr_carotenoid,17459,"Lamb, Australian, imported, fresh, tenderloin, boneless, separable lean and fat, trimmed to 1/8"" fat, cooked, roasted",,"Lamb, Veal, and Game Products"
usda_sr_carotenoid,17464,"Lamb, Australian, imported, fresh, rib chop, frenched, denuded, bone-in, separable lean and fat, trimmed to 0"" fat, cooked, grilled",,"Lamb, Veal, and Game Products"
usda_sr_carotenoid,18001,"Bagels, plain, enriched, with calcium propionate (includes onion, poppy, sesame)",,Baked Products
usda_sr_carotenoid,18002,"Bagels, plain, enriched, with calcium propionate (includes onion, poppy, sesame), toasted",,Baked Products
usda_sr_carotenoid,18010,"Biscuits, plain or buttermilk, dry mix",,Baked Products
usda_sr_carotenoid,18012,"Biscuits, plain or buttermilk, refrigerated dough, lower fat",,Baked Products
usda_sr_carotenoid,18013,"Biscuits, plain or buttermilk, refrigerated dough, lower fat, baked",,Baked Products
usda_sr_carotenoid,18019,"Bread, banana, prepared from recipe, made with margarine",,Baked Products
usda_sr_carotenoid,18021,"Bread, boston brown, canned",,Baked Products
usda_sr_carotenoid,18022,"Bread, cornbread, dry mix, enriched (includes corn muffin mix)",,Baked Products
usda_sr_carotenoid,18023,"Bread, cornbread, dry mix, prepared with 2% milk, 80% margarine, and eggs",,Baked Products
usda_sr_carotenoid,18030,"Bread, french or vienna, toasted (includes sourdough)",,Baked Products
usda_sr_carotenoid,18033,"Bread, Italian",,Baked Products
usda_sr_carotenoid,18036,"Bread, multi-grain, toasted (includes whole-grain)",,Baked Products
usda_sr_carotenoid,18041,"Bread, pita, white, enriched",,Baked Products
usda_sr_carotenoid,18042,"Bread, pita, whole-wheat",,Baked Products
usda_sr_carotenoid,18043,"Bread, protein (includes gluten)",,Baked Products
usda_sr_carotenoid,18044,"Bread, pumpernickel",,Baked Products
usda_sr_carotenoid,18053,"Bread, reduced-calorie, rye",,Baked Products
usda_sr_carotenoid,18055,"Bread, reduced-calorie, wheat",,Baked Products
usda_sr_carotenoid,18057,"Bread, reduced-calorie, white",,Baked Products
usda_sr_carotenoid,18059,"Bread, rice bran",,Baked Products
usda_sr_carotenoid,18069,"Bread, white, commercially prepared (includes soft bread crumbs)",,Baked Products
usda_sr_carotenoid,18070,"Bread, white, commercially prepared, toasted",,Baked Products
usda_sr_carotenoid,18079,"Bread, crumbs, dry, grated, plain",,Baked Products
usda_sr_carotenoid,18080,"Bread, sticks, plain",,Baked Products
usda_sr_carotenoid,18081,"Bread, stuffing, dry mix",,Baked Products
usda_sr_carotenoid,18082,"Bread, stuffing, dry mix, prepared",,Baked Products
usda_sr_carotenoid,18095,"Cake, cherry fudge with chocolate frosting",,Baked Products
usda_sr_carotenoid,18096,"Cake, chocolate, commercially prepared with chocolate frosting, in-store bakery",,Baked Products
usda_sr_carotenoid,18097,"Cake, pudding-type, chocolate, dry mix",,Baked Products
usda_sr_carotenoid,18108,"Cake, coffeecake, cinnamon with crumb topping, dry mix, prepared",,Baked Products
usda_sr_carotenoid,18110,"Cake, fruitcake, commercially prepared",,Baked Products
usda_sr_carotenoid,18127,"Cake, snack cakes, creme-filled, chocolate with frosting",,Baked Products
usda_sr_carotenoid,18128,"Cake, snack cakes, creme-filled, sponge",,Baked Products
usda_sr_carotenoid,18140,"Cake, yellow, commercially prepared, with chocolate frosting, in-store bakery",,Baked Products
usda_sr_carotenoid,18141,"Cake, yellow, commercially prepared, with vanilla frosting",,Baked Products
usda_sr_carotenoid,18142,"Cake, pudding-type, yellow, dry mix",,Baked Products
usda_sr_carotenoid,18144,"Cake, yellow, enriched, dry mix",,Baked Products
usda_sr_carotenoid,18154,"Cookies, brownies, prepared from recipe",,Baked Products
usda_sr_carotenoid,18155,"Cookies, butter, commercially prepared, enriched",,Baked Products
usda_sr_carotenoid,18165,"Cookies, chocolate chip, prepared from recipe, made with margarine",,Baked Products
usda_sr_carotenoid,18172,"Cookies, gingersnaps",,Baked Products
usda_sr_carotenoid,18173,"Cookies, graham crackers, plain or honey (includes cinnamon)",,Baked Products
usda_sr_carotenoid,18174,"Cookies, graham crackers, chocolate-coated",,Baked Products
usda_sr_carotenoid,18175,"Cookies, ladyfingers, with lemon juice and rind",,Baked Products
usda_sr_carotenoid,18189,"Cookies, peanut butter, prepared from recipe",,Baked Products
usda_sr_carotenoid,18190,"Cookies, peanut butter sandwich, regular",,Baked Products
usda_sr_carotenoid,18191,"Cookies, raisin, soft-type",,Baked Products
usda_sr_carotenoid,18192,"Cookies, shortbread, commercially prepared, plain",,Baked Products
usda_sr_carotenoid,18202,"Cookies, sugar wafer, with creme filling, sugar free",,Baked Products
usda_sr_carotenoid,18204,"Cookies, sugar, commercially prepared, regular (includes vanilla)",,Baked Products
usda_sr_carotenoid,18205,"Cookies, sugar, refrigerated dough",,Baked Products
usda_sr_carotenoid,18212,"Cookies, vanilla wafers, lower fat",,Baked Products
usda_sr_carotenoid,18213,"Cookies, vanilla wafers, higher fat",,Baked Products
usda_sr_carotenoid,18214,"Crackers, cheese, regular",,Baked Products
usda_sr_carotenoid,18215,"Crackers, cheese, sandwich-type with peanut butter filling",,Baked Products
usda_sr_carotenoid,18220,"Crackers, melba toast, plain",,Baked Products
usda_sr_carotenoid,18223,"Crackers, milk",,Baked Products
usda_sr_carotenoid,18229,"Crackers, standard snack-type, regular",,Baked Products
usda_sr_carotenoid,18230,"Crackers, standard snack-type, sandwich, with cheese filling",,Baked Products
usda_sr_carotenoid,18231,"Crackers, standard snack-type, sandwich, with peanut butter filling",,Baked Products
usda_sr_carotenoid,18232,"Crackers, wheat, regular",,Baked Products
usda_sr_carotenoid,18237,"Cream puff shell, prepared from recipe",,Baked Products
usda_sr_carotenoid,18239,"Croissants, butter",,Baked Products
usda_sr_carotenoid,18241,"Croissants, cheese",,Baked Products
usda_sr_carotenoid,18248,"Doughnuts, cake-type, plain (includes unsugared, old-fashioned)",,Baked Products
usda_sr_carotenoid,18249,"Doughnuts, cake-type, plain, chocolate-coated or frosted",,Baked Products
usda_sr_carotenoid,18251,"Doughnuts, cake-type, chocolate, sugared or glazed",,Baked Products
usda_sr_carotenoid,18258,"Muffins, English, plain, enriched, with ca prop (includes sourdough)",,Baked Products
usda_sr_carotenoid,18259,"Muffins, English, plain, toasted, enriched, with calcium propionate (includes sourdough)",,Baked Products
usda_sr_carotenoid,18260,"Muffins, English, mixed-grain (includes granola)",,Baked Products
usda_sr_carotenoid,18262,"Muffins, English, raisin-cinnamon (includes apple-cinnamon)",,Baked Products
usda_sr_carotenoid,18269,"French toast, prepared from recipe, made with low fat (2%) milk",,Baked Products
usda_sr_carotenoid,18270,"Hush puppies, prepared from recipe",,Baked Products
usda_sr_carotenoid,18271,"Ice cream cones, cake or wafer-type",,Baked Products
usda_sr_carotenoid,18272,"Ice cream cones, sugar, rolled-type",,Baked Products
usda_sr_carotenoid,18279,"Muffins, corn, commercially prepared",,Baked Products
usda_sr_carotenoid,18291,"Pancakes, plain, dry mix, incomplete (includes buttermilk)",,Baked Products
usda_sr_carotenoid,18301,"Pie, apple, commercially prepared, enriched flour",,Baked Products
usda_sr_carotenoid,18310,"Pie, chocolate creme, commercially prepared",,Baked Products
usda_sr_carotenoid,18313,"Pie, coconut creme, commercially prepared",,Baked Products
usda_sr_carotenoid,18322,"Pie, mince, prepared from recipe",,Baked Products
usda_sr_carotenoid,18323,"Pie, peach",,Baked Products
usda_sr_carotenoid,18324,"Pie, pecan, commercially prepared",,Baked Products
usda_sr_carotenoid,18334,"Pie crust, standard-type, frozen, ready-to-bake, enriched",,Baked Products
usda_sr_carotenoid,18335,"Pie crust, standard-type, frozen, ready-to-bake, enriched, baked",,Baked Products
usda_sr_carotenoid,18336,"Pie crust, standard-type, prepared from recipe, baked",,Baked Products
usda_sr_carotenoid,18344,"Rolls, dinner, egg",,Baked Products
usda_sr_carotenoid,18345,"Rolls, dinner, oat bran",,Baked Products
usda_sr_carotenoid,18346,"Rolls, dinner, rye",,Baked Products
usda_sr_carotenoid,18347,"Rolls, dinner, wheat",,Baked Products
usda_sr_carotenoid,18353,"Rolls, hard (includes kaiser)",,Baked Products
usda_sr_carotenoid,18354,"Strudel, apple",,Baked Products
usda_sr_carotenoid,18356,"Sweet rolls, cinnamon, commercially prepared with raisins",,Baked Products
usda_sr_carotenoid,18362,"Toaster pastries, fruit (includes apple, blueberry, cherry, strawberry)",,Baked Products
usda_sr_carotenoid,18363,"Tortillas, ready-to-bake or -fry, corn",,Baked Products
usda_sr_carotenoid,18364,"Tortillas, ready-to-bake or -fry, flour, refrigerated",,Baked Products
usda_sr_carotenoid,18365,"Waffles, plain, frozen, ready-to-heat",,Baked Products
usda_sr_carotenoid,18372,"Leavening agents, baking soda",,Baked Products
usda_sr_carotenoid,18373,"Leavening agents, cream of tartar",,Baked Products
usda_sr_carotenoid,18374,"Leavening agents, yeast, baker's, compressed",,Baked Products
usda_sr_carotenoid,18375,"Leavening agents, yeast, baker's, active dry",,Baked Products
usda_sr_carotenoid,18384,"Bread, rice bran, toasted",,Baked Products
usda_sr_carotenoid,18386,"Muffins, blueberry, toaster-type, toasted",,Baked Products
usda_sr_carotenoid,18388,"Muffins, wheat bran, toaster-type with raisins, toasted",,Baked Products
usda_sr_carotenoid,18403,"Waffles, plain, frozen, ready -to-heat, toasted",,Baked Products
usda_sr_carotenoid,18425,"Crackers, saltines, low salt (includes oyster, soda, soup)",,Baked Products
usda_sr_carotenoid,18427,"Crackers, standard snack-type, regular, low salt",,Baked Products
usda_sr_carotenoid,18428,"Crackers, wheat, low salt",,Baked Products
usda_sr_carotenoid,18434,"Crackers, cheese, low sodium",,Baked Products
usda_sr_carotenoid,18457,"Crackers, saltines, fat-free, low-sodium",,Baked Products
usda_sr_carotenoid,18459,"Tart, breakfast, low fat",,Baked Products
usda_sr_carotenoid,14368,"Beverages, tea, instant, lemon, unsweetened",,Beverages
usda_sr_carotenoid,14370,"Beverages, tea, instant, lemon, sweetened, powder",,Beverages
usda_sr_carotenoid,14371,"Beverages, tea, instant, lemon, sweetened, prepared with water",,Beverages
usda_sr_carotenoid,14375,"Beverages, tea, instant, sweetened with sodium saccharin, lemon-flavored, powder",,Beverages
usda_sr_carotenoid,14390,"Beverages, cocoa mix, with aspartame, powder, prepared with water",,Beverages
usda_sr_carotenoid,14400,"Beverages, carbonated, cola, fast-food cola",,Beverages
usda_sr_carotenoid,14406,"Beverages, fruit punch juice drink, frozen concentrate, prepared with water",,Beverages
usda_sr_carotenoid,14414,"Alcoholic beverage, liqueur, coffee, 53 proof",,Beverages
usda_sr_carotenoid,14415,"Alcoholic beverage, liqueur, coffee with cream, 34 proof",,Beverages
usda_sr_carotenoid,14416,"Beverages, carbonated, low calorie, cola or pepper-type, with aspartame, contains caffeine",,Beverages
usda_sr_carotenoid,14426,"Beverages, Orange drink, breakfast type, with juice and pulp, frozen concentrate",,Beverages
usda_sr_carotenoid,14427,"Beverages, Orange drink, breakfast type, with juice and pulp, frozen concentrate, prepared with water",,Beverages
usda_sr_carotenoid,14429,"Beverages, water, tap, municipal",,Beverages
usda_sr_carotenoid,14436,"Beverages, orange breakfast drink, ready-to-drink, with added nutrients",,Beverages
usda_sr_carotenoid,14461,"Beverages, COCA-COLA, POWERADE, lemon-lime flavored, ready-to-drink",,Beverages
usda_sr_carotenoid,14462,"Beverages, Propel Zero, fruit-flavored, non-carbonated",,Beverages
usda_sr_carotenoid,14536,"Alcoholic beverage, wine, dessert, dry",,Beverages
usda_sr_carotenoid,14538,"Beverages, Cocoa mix, low calorie, powder, with added calcium, phosphorus, aspartame, without added sodium or vitamin A",,Beverages
usda_sr_carotenoid,14541,"Beverages, fruit punch-flavor drink, powder, without added sodium, prepared with water",,Beverages
usda_sr_carotenoid,15039,"Fish, herring, Atlantic, raw",,Finfish and Shellfish Products
usda_sr_carotenoid,15040,"Fish, herring, Atlantic, cooked, dry heat",,Finfish and Shellfish Products
usda_sr_carotenoid,15041,"Fish, herring, Atlantic, pickled",,Finfish and Shellfish Products
usda_sr_carotenoid,15046,"Fish, mackerel, Atlantic, raw",,Finfish and Shellfish Products
usda_sr_carotenoid,15048,"Fish, mackerel, jack, canned, drained solids",,Finfish and Shellfish Products
usda_sr_carotenoid,15055,"Fish, mullet, striped, raw",,Finfish and Shellfish Products
usda_sr_carotenoid,15057,"Fish, ocean perch, Atlantic, raw",,Finfish and Shellfish Products
usda_sr_carotenoid,15058,"Fish, ocean perch, Atlantic, cooked, dry heat",,Finfish and Shellfish Products
usda_sr_carotenoid,15065,"Fish, pollock, Atlantic, raw",,Finfish and Shellfish Products
usda_sr_carotenoid,15066,"Fish, pollock, Alaska, raw (may contain additives to retain moisture)",,Finfish and Shellfish Products
usda_sr_carotenoid,15071,"Fish, rockfish, Pacific, mixed species, cooked, dry heat",,Finfish and Shellfish Products
usda_sr_carotenoid,15072,"Fish, roe, mixed species, raw",,Finfish and Shellfish Products
usda_sr_carotenoid,15073,"Fish, roughy, orange, raw",,Finfish and Shellfish Products
usda_sr_carotenoid,15080,"Fish, salmon, chum, canned, drained solids with bone",,Finfish and Shellfish Products
usda_sr_carotenoid,15081,"Fish, salmon, coho, wild, raw",,Finfish and Shellfish Products
usda_sr_carotenoid,15083,"Fish, salmon, pink, raw",,Finfish and Shellfish Products
usda_sr_carotenoid,15088,"Fish, sardine, Atlantic, canned in oil, drained solids with bone",,Finfish and Shellfish Products
usda_sr_carotenoid,15089,"Fish, sardine, Pacific, canned in tomato sauce, drained solids with bone",,Finfish and Shellfish Products
usda_sr_carotenoid,15090,"Fish, scup, raw",,Finfish and Shellfish Products
usda_sr_carotenoid,15091,"Fish, sea bass, mixed species, raw",,Finfish and Shellfish Products
usda_sr_carotenoid,15099,"Fish, smelt, rainbow, raw",,Finfish and Shellfish Products
usda_sr_carotenoid,15105,"Fish, sturgeon, mixed species, cooked, dry heat",,Finfish and Shellfish Products
usda_sr_carotenoid,15106,"Fish, sturgeon, mixed species, smoked",,Finfish and Shellfish Products
usda_sr_carotenoid,15114,"Fish, trout, mixed species, raw",,Finfish and Shellfish Products
usda_sr_carotenoid,15124,"Fish, tuna, white, canned in oil, drained solids",,Finfish and Shellfish Products
usda_sr_carotenoid,15126,"Fish, tuna, white, canned in water, drained solids",,Finfish and Shellfish Products
usda_sr_carotenoid,15127,"Fish, tuna, fresh, yellowfin, raw",,Finfish and Shellfish Products
usda_sr_carotenoid,15133,"Fish, whiting, mixed species, cooked, dry heat",,Finfish and Shellfish Products
usda_sr_carotenoid,15234,"Fish, catfish, channel, farmed, raw",,Finfish and Shellfish Products
usda_sr_carotenoid,15235,"Fish, catfish, channel, farmed, cooked, dry heat",,Finfish and Shellfish Products
usda_sr_carotenoid,15236,"Fish, salmon, Atlantic, farmed, raw",,Finfish and Shellfish Products
usda_sr_carotenoid,15237,"Fish, salmon, Atlantic, farmed, cooked, dry heat",,Finfish and Shellfish Products
usda_sr_carotenoid,15244,"Mollusks, oyster, eastern, wild, cooked, dry heat",,Finfish and Shellfish Products
usda_sr_carotenoid,15253,"Salmon, sockeye, canned, total can contents",,Finfish and Shellfish Products
usda_sr_carotenoid,15260,"Fish, salmon, pink, canned, drained solids",,Finfish and Shellfish Products
usda_sr_carotenoid,15261,"Fish, tilapia, raw",,Finfish and Shellfish Products
usda_sr_carotenoid,15262,"Fish, tilapia, cooked, dry heat",,Finfish and Shellfish Products
usda_sr_carotenoid,16006,"Beans, baked, canned, plain or vegetarian",,Legumes and Legume Products
usda_sr_carotenoid,16008,"Beans, baked, canned, with franks",,Legumes and Legume Products
usda_sr_carotenoid,16016,"Beans, black turtle, mature seeds, raw",,Legumes and Legume Products
usda_sr_carotenoid,16017,"Beans, black turtle, mature seeds, cooked, boiled, without salt",,Legumes and Legume Products
usda_sr_carotenoid,16018,"Beans, black turtle, mature seeds, canned",,Legumes and Legume Products
usda_sr_carotenoid,16024,"Beans, great northern, mature seeds, raw (Includes foods for USDA's Food Distribution Program)",,Legumes and Legume Products
usda_sr_carotenoid,16026,"Beans, great northern, mature seeds, canned",,Legumes and Legume Products
usda_sr_carotenoid,16027,"Beans, kidney, all types, mature seeds, raw",,Legumes and Legume Products
usda_sr_carotenoid,16033,"Beans, kidney, red, mature seeds, cooked, boiled, without salt",,Legumes and Legume Products
usda_sr_carotenoid,16034,"Beans, kidney, red, mature seeds, canned, solids and liquids",,Legumes and Legume Products
usda_sr_carotenoid,16041,"Beans, pink, mature seeds, cooked, boiled, without salt",,Legumes and Legume Products
usda_sr_carotenoid,16042,"Beans, pinto, mature seeds, raw (Includes foods for USDA's Food Distribution Program)",,Legumes and Legume Products
usda_sr_carotenoid,16043,"Beans, pinto, mature seeds, cooked, boiled, without salt",,Legumes and Legume Products
usda_sr_carotenoid,16044,"Beans, pinto, mature seeds, canned, solids and liquids",,Legumes and Legume Products
usda_sr_carotenoid,16049,"Beans, white, mature seeds, raw",,Legumes and Legume Products
usda_sr_carotenoid,16050,"Beans, white, mature seeds, cooked, boiled, without salt",,Legumes and Legume Products
usda_sr_carotenoid,16051,"Beans, white, mature seeds, canned",,Legumes and Legume Products
usda_sr_carotenoid,16052,"Broadbeans (fava beans), mature seeds, raw",,Legumes and Legume Products
usda_sr_carotenoid,16058,"Chickpeas (garbanzo beans, bengal gram), mature seeds, canned, solids and liquids",,Legumes and Legume Products
usda_sr_carotenoid,16059,"Chili with beans, canned",,Legumes and Legume Products
usda_sr_carotenoid,16067,"Hyacinth beans, mature seeds, raw",,Legumes and Legume Products
usda_sr_carotenoid,16230,"Soymilk (all flavors), nonfat, with added calcium, vitamins A and D",,Legumes and Legume Products
usda_sr_carotenoid,16231,"Soymilk, chocolate, nonfat, with added calcium, vitamins A and D",,Legumes and Legume Products
usda_sr_carotenoid,16315,"Beans, black, mature seeds, cooked, boiled, with salt",,Legumes and Legume Products
usda_sr_carotenoid,16316,"Beans, black, mature seeds, canned, low sodium",,Legumes and Legume Products
usda_sr_carotenoid,16317,"Beans, black turtle, mature seeds, cooked, boiled, with salt",,Legumes and Legume Products
usda_sr_carotenoid,16333,"Beans, kidney, red, mature seeds, cooked, boiled, with salt",,Legumes and Legume Products
usda_sr_carotenoid,16335,"Beans, kidney, red, mature seeds, canned, drained solids, rinsed in tap water",,Legumes and Legume Products
usda_sr_carotenoid,16337,"Beans, kidney, red, mature seeds, canned, solids and liquid, low sodium",,Legumes and Legume Products
usda_sr_carotenoid,16347,"Beans, pinto, mature seeds, canned, solids and liquids, low sodium",,Legumes and Legume Products
usda_sr_carotenoid,16348,"Beans, yellow, mature seeds, cooked, boiled, with salt",,Legumes and Legume Products
usda_sr_carotenoid,16350,"Beans, white, mature seeds, cooked, boiled, with salt",,Legumes and Legume Products
usda_sr_carotenoid,16360,"Chickpeas (garbanzo beans, bengal gram), mature seeds, canned, solids and liquids, low sodium",,Legumes and Legume Products
usda_sr_carotenoid,16363,"Cowpeas, common (blackeyes, crowder, southern), mature seeds, cooked, boiled, with salt",,Legumes and Legume Products
usda_sr_carotenoid,16370,"Lentils, mature seeds, cooked, boiled, with salt",,Legumes and Legume Products
usda_sr_carotenoid,16381,"Mung beans, mature seeds, cooked, boiled, with salt",,Legumes and Legume Products
usda_sr_carotenoid,16384,"Mungo beans, mature seeds, cooked, boiled, with salt",,Legumes and Legume Products
usda_sr_carotenoid,16386,"Peas, split, mature seeds, cooked, boiled, with salt",,Legumes and Legume Products
usda_sr_carotenoid,16389,"Peanuts, all types, oil-roasted, without salt",,Legumes and Legume Products
usda_sr_carotenoid,17077,"Lamb, New Zealand, imported, frozen, loin, separable lean and fat, cooked, broiled",,"Lamb, Veal, and Game Products"
usda_sr_carotenoid,17082,"Lamb, New Zealand, imported, rack - partly frenched, separable lean only, raw",,"Lamb, Veal, and Game Products"
usda_sr_carotenoid,17083,"Lamb, New Zealand, imported, rack - partly frenched, separable lean only, cooked, fast roasted",,"Lamb, Veal, and Game Products"
usda_sr_carotenoid,17084,"Lamb, New Zealand, imported, square-cut shoulder, separable lean and fat, raw",,"Lamb, Veal, and Game Products"
usda_sr_carotenoid,17086,"Lamb, New Zealand, imported, square-cut shoulder, separable lean only, raw",,"Lamb, Veal, and Game Products"
usda_sr_carotenoid,17091,"Veal, composite of trimmed retail cuts, separable lean only, cooked",,"Lamb, Veal, and Game Products"
usda_sr_carotenoid,17094,"Veal, leg (top round), separable lean and fat, raw",,"Lamb, Veal, and Game Products"
usda_sr_carotenoid,17101,"Veal, leg (top round), separable lean only, cooked, pan-fried, breaded",,"Lamb, Veal, and Game Products"
usda_sr_carotenoid,17102,"Veal, leg (top round), separable lean only, cooked, pan-fried, not breaded",,"Lamb, Veal, and Game Products"
usda_sr_carotenoid,17108,"Veal, loin, separable lean only, cooked, braised",,"Lamb, Veal, and Game Products"
usda_sr_carotenoid,17109,"Veal, loin, separable lean only, cooked, roasted",,"Lamb, Veal, and Game Products"
usda_sr_carotenoid,17111,"Veal, rib, separable lean and fat, cooked, braised",,"Lamb, Veal, and Game Products"
usda_sr_carotenoid,17116,"Veal, shoulder, whole (arm and blade), separable lean and fat, raw",,"Lamb, Veal, and Game Products"
usda_sr_carotenoid,17117,"Veal, shoulder, whole (arm and blade), separable lean and fat, cooked, braised",,"Lamb, Veal, and Game Products"
usda_sr_carotenoid,17134,"Veal, sirloin, separable lean and fat, raw",,"Lamb, Veal, and Game Products"
usda_sr_carotenoid,17136,"Veal, sirloin, separable lean and fat, cooked, roasted",,"Lamb, Veal, and Game Products"
usda_sr_carotenoid,17142,"Veal, ground, raw",,"Lamb, Veal, and Game Products"
usda_sr_carotenoid,17143,"Veal, ground, cooked, broiled",,"Lamb, Veal, and Game Products"
usda_sr_carotenoid,17149,"Bison, ground, grass-fed, raw",,"Lamb, Veal, and Game Products"
usda_sr_carotenoid,17151,"Game meat, beaver, cooked, roasted",,"Lamb, Veal, and Game Products"
usda_sr_carotenoid,17159,"Game meat, boar, wild, cooked, roasted",,"Lamb, Veal, and Game Products"
usda_sr_carotenoid,17169,"Game meat, goat, cooked, roasted",,"Lamb, Veal, and Game Products"
foodb,1,Angelica,Angelica keiskei,Herbs and Spices
foodb,2,Savoy cabbage,Brassica oleracea var. sabauda,Vegetables
foodb,3,Silver linden,Tilia argentea,Herbs and Spices
foodb,4,Kiwi,Actinidia chinensis,Fruits
foodb,5,Allium,Allium,Vegetables
foodb,6,Garden onion,Allium cepa,Vegetables
foodb,7,Leek,Allium porrum,Vegetables
foodb,8,Garlic,Allium sativum,Herbs and Spices
foodb,9,Chives,Allium schoenoprasum,Herbs and Spices
foodb,10,Lemon verbena,Aloysia triphylla,Herbs and Spices
foodb,11,Cashew nut,Anacardium occidentale,Nuts
foodb,12,Pineapple,Ananas comosus,Fruits
foodb,13,Dill,Anethum graveolens,Herbs and Spices
foodb,14,Custard apple,Annona reticulata,Fruits
foodb,15,Wild celery,Apium graveolens,Herbs and Spices
foodb,16,Peanut,Arachis hypogaea,Nuts
foodb,17,Burdock,Arctium lappa,Vegetables
foodb,18,Horseradish,Armoracia rusticana,Herbs and Spices
foodb,19,Tarragon,Artemisia dracunculus,Herbs and Spices
foodb,20,Mugwort,Artemisia vulgaris,Herbs and Spices
foodb,21,Asparagus,Asparagus officinalis,Vegetables
foodb,22,Oat,Avena sativa,Cereals and cereal products
foodb,23,Star fruit,Averrhoa carambola,Fruits
foodb,24,Brazil nut,Bertholletia excelsa,Nuts
foodb,25,Common beet,Beta vulgaris,Vegetables
foodb,26,Borage,Borago officinalis,Herbs and Spices
foodb,27,Chinese mustard,Brassica juncea,Vegetables
foodb,28,Swede,Brassica napus,Vegetables
foodb,29,Rape,Brassica napus var. napus,Vegetables
foodb,30,Common cabbage,Brassica oleracea,Vegetables
foodb,31,Cauliflower,Brassica oleracea var. botrytis,Vegetables
foodb,32,Brussel sprouts,Brassica oleracea var. gemmifera,Vegetables
foodb,33,Kohlrabi,Brassica oleracea var. gongylodes,Vegetables
foodb,34,Broccoli,Brassica oleracea var. italica,Vegetables
foodb,35,Chinese cabbage,Brassica rapa,Vegetables
foodb,36,Turnip,Brassica rapa var. rapa,Herbs and Spices
foodb,37,Pigeon pea,Cajanus cajan,Pulses
foodb,38,Tea,Camellia sinensis,Teas
foodb,39,Capers,Capparis spinosa,Herbs and Spices
foodb,40,Pepper,Capsicum annuum,Vegetables
foodb,41,Papaya,Carica papaya,Fruits
foodb,42,Safflower,Carthamus tinctorius,Herbs and Spices
foodb,43,Caraway,Carum carvi,Herbs and Spices
foodb,44,Pecan nut,Carya illinoinensis,Nuts
foodb,45,Chestnut,Castanea,Nuts
foodb,46,Roman camomile,Chamaemelum nobile,Herbs and Spices
foodb,47,Chickpea,Cicer arietinum,Pulses
foodb,48,Endive,Cichorium endivia,Vegetables
foodb,49,Chicory,Cichorium intybus,Vegetables
foodb,50,Chinese cinnamon,Cinnamomum aromaticum,Herbs and Spices
foodb,51,Ceylon cinnamon,Cinnamomum verum,Herbs and Spices
foodb,52,Watermelon,Citrullus lanatus,Gourds
foodb,53,Lime,Citrus aurantiifolia,Fruits
foodb,54,Lemon,Citrus limon,Fruits
foodb,55,Pummelo,Citrus maxima,Fruits
foodb,56,"Mandarin orange (Clementine, Tangerine)",Citrus reticulata,Fruits
foodb,57,Sweet orange,Citrus sinensis,Fruits
foodb,58,Coffee,Coffea,Coffee and coffee products
foodb,59,Arabica coffee,Coffea arabica,Coffee and coffee products
foodb,60,Robusta coffee,Coffea canephora,Coffee and coffee products
foodb,61,Coriander,Coriandrum sativum,Herbs and Spices
foodb,62,Common hazelnut,Corylus avellana,Nuts
foodb,63,Saffron,Crocus sativus,Herbs and Spices
foodb,64,Muskmelon,Cucumis melo,Gourds
foodb,65,Cucumber,Cucumis sativus,Gourds
foodb,66,Cucurbita,Cucurbita,Gourds
foodb,67,Cumin,Cuminum cyminum,Herbs and Spices
foodb,68,Turmeric,Curcuma longa,Herbs and Spices
foodb,69,Quince,Cydonia oblonga,Fruits
foodb,70,Lemon grass,Cymbopogon citratus,Herbs and Spices
foodb,71,Globe artichoke,Cynara scolymus,Vegetables
foodb,72,Wild carrot,Daucus carota,Vegetables
foodb,73,Japanese persimmon,Diospyros kaki,Fruits
foodb,74,Cardamom,Elettaria cardamomum,Herbs and Spices
foodb,75,Black crowberry,Empetrum nigrum,Fruits
foodb,76,Loquat,Eriobotrya japonica,Fruits
foodb,77,Rocket salad (ssp.),Eruca vesicaria ssp. sativa,Vegetables
foodb,78,Wax apple,Eugenia javanica,Fruits
foodb,79,Common buckwheat,Fagopyrum esculentum,Cereals and cereal products
foodb,80,Tartary buckwheat,Fagopyrum tataricum,Cereals and cereal products
foodb,81,Fig,Ficus carica,Fruits
foodb,82,Fennel,Foeniculum vulgare,Herbs and Spices
foodb,83,Strawberry,Fragaria X ananassa,Fruits
foodb,84,Black huckleberry,Gaylussacia baccata,Fruits
foodb,85,Soy bean,Glycine max,Soy
foodb,86,Sunflower,Helianthus annuus,Herbs and Spices
foodb,87,Sea-buckthornberry,Hippophae rhamnoides,Fruits
foodb,88,Barley,Hordeum vulgare,Cereals and cereal products
foodb,89,Hyssop,Hyssopus officinalis,Herbs and Spices
foodb,90,Star anise,Illicium verum,Herbs and Spices
foodb,91,Swamp cabbage,Ipomoea aquatica,Vegetables
foodb,92,Sweet potato,Ipomoea batatas,Vegetables
foodb,93,Black walnut,Juglans nigra,Nuts
foodb,94,Common walnut,Juglans regia,Nuts
foodb,95,Lettuce,Lactuca sativa,Vegetables
foodb,96,Grass pea,Lathyrus sativus,Pulses
foodb,97,Sweet bay,Laurus nobilis,Herbs and Spices
foodb,98,Lentils,Lens culinaris,Pulses
foodb,99,Garden cress,Lepidium sativum,Vegetables
foodb,100,Lovage,Levisticum officinale,Herbs and Spices
foodb,101,Flaxseed,Linum usitatissimum,Herbs and Spices
foodb,102,Mexican oregano,Lippia graveolens,Herbs and Spices
foodb,103,Lichee,Litchi chinensis,Fruits
foodb,104,Lupine,Lupinus,Pulses
foodb,105,Apple,Malus pumila,Fruits
foodb,106,Mango,Mangifera indica,Fruits
foodb,107,German camomile,Matricaria recutita,Herbs and Spices
foodb,108,Lemon balm,Melissa officinalis,Herbs and Spices
foodb,109,Mentha,Mentha,Herbs and Spices
foodb,110,Orange mint,Mentha aquatica,Herbs and Spices
foodb,111,Cornmint,Mentha arvensis,Herbs and Spices
foodb,112,Spearmint,Mentha spicata,Herbs and Spices
foodb,113,Peppermint,Mentha X piperita,Herbs and Spices
foodb,114,Medlar,Mespilus germanica,Fruits
foodb,115,Bitter gourd,Momordica charantia,Gourds
foodb,116,Mulberry,Morus,Fruits
foodb,117,Black mulberry,Morus nigra,Fruits
foodb,118,Nutmeg,Myristica fragrans,Herbs and Spices
foodb,119,Sweet basil,Ocimum basilicum,Herbs and Spices
foodb,120,Evening primrose,Oenothera biennis,Herbs and Spices
foodb,121,Olive,Olea europaea,Vegetables
foodb,122,Sweet marjoram,Origanum majorana,Herbs and Spices
foodb,123,Pot marjoram,Origanum onites,Herbs and Spices
foodb,124,Common oregano,Origanum vulgare,Herbs and Spices
foodb,125,Rice,Oryza sativa,Cereals and cereal products
foodb,126,Millet,Panicum miliaceum,Cereals and cereal products
foodb,127,Poppy,Papaver,Herbs and Spices
foodb,128,Passion fruit,Passiflora edulis,Fruits
foodb,129,Parsnip,Pastinaca sativa,Vegetables
foodb,130,Avocado,Persea americana,Vegetables
foodb,131,Parsley,Petroselinum crispum,Herbs and Spices
foodb,132,Scarlet bean,Phaseolus coccineus,Pulses
foodb,133,Lima bean,Phaseolus lunatus,Pulses
foodb,134,Common bean,Phaseolus vulgaris,Pulses
foodb,135,Date,Phoenix dactylifera,Fruits
foodb,136,Black chokeberry,Photinia melanocarpa,Fruits
foodb,137,Anise,Pimpinella anisum,Herbs and Spices
foodb,138,Pine nut,Pinus,Nuts
foodb,139,Pepper (Spice),Piper nigrum,Herbs and Spices
foodb,140,Pistachio,Pistacia vera,Nuts
foodb,141,Common pea,Pisum sativum,Pulses
foodb,142,Purslane,Portulaca oleracea,Herbs and Spices
foodb,143,"Prunus (Cherry, Plum)",Prunus,Fruits
foodb,144,Apricot,Prunus armeniaca,Fruits
foodb,145,Sweet cherry,Prunus avium,Fruits
foodb,146,Sour cherry,Prunus cerasus,Fruits
foodb,147,European plum,Prunus domestica,Fruits
foodb,148,Almond,Prunus dulcis,Nuts
foodb,149,Peach,Prunus persica,Fruits
foodb,150,Guava,Psidium guajava,Fruits
foodb,151,Pomegranate,Punica granatum,Fruits
foodb,152,Pear,Pyrus communis,Fruits
foodb,153,Radish,Raphanus sativus,Vegetables
foodb,154,Garden rhubarb,Rheum rhabarbarum,Vegetables
foodb,155,Blackcurrant,Ribes nigrum,Fruits
foodb,156,Redcurrant,Ribes rubrum,Fruits
foodb,157,Gooseberry,Ribes uva-crispa,Fruits
foodb,158,Watercress,Rorippa nasturtium-aquaticum,Herbs and Spices
foodb,159,Rosemary,Rosmarinus officinalis,Herbs and Spices
foodb,160,"Rubus (Blackberry, Raspberry)",Rubus,Fruits
foodb,161,Cloudberry,Rubus chamaemorus,Fruits
foodb,162,Red raspberry,Rubus idaeus,Fruits
foodb,163,Black raspberry,Rubus occidentalis,Fruits
foodb,164,Sorrel,Rumex acetosa,Herbs and Spices
foodb,165,Common sage,Salvia officinalis,Herbs and Spices
foodb,166,Black elderberry,Sambucus nigra,Fruits
foodb,167,Summer savory,Satureja hortensis,Herbs and Spices
foodb,168,Winter savory,Satureja montana,Herbs and Spices
foodb,169,Rye,Secale cereale,Cereals and cereal products
foodb,170,Sesame,Sesamum orientale,Herbs and Spices
foodb,171,Garden tomato,Solanum lycopersicum,Vegetables
foodb,172,Cherry tomato,Solanum lycopersicum var. cerasiforme,Vegetables
foodb,173,Garden tomato (var.),Solanum lycopersicum var. lycopersicum,Vegetables
foodb,174,Eggplant,Solanum melongena,Vegetables
foodb,175,Potato,Solanum tuberosum,Vegetables
foodb,176,Rowanberry,Sorbus aucuparia,Fruits
foodb,177,Sorghum,Sorghum bicolor,Cereals and cereal products
foodb,178,Spinach,Spinacia oleracea,Vegetables
foodb,179,Cloves,Syzygium aromaticum,Herbs and Spices
foodb,180,Tamarind,Tamarindus indica,Fruits
foodb,181,Dandelion,Taraxacum officinale,Herbs and Spices
foodb,182,Cocoa bean,Theobroma cacao,Cocoa and cocoa products
foodb,183,Common thyme,Thymus vulgaris,Herbs and Spices
foodb,184,Linden,Tilia,Herbs and Spices
foodb,185,Small-leaf linden,Tilia cordata,Herbs and Spices
foodb,186,Fenugreek,Trigonella foenum-graecum,Herbs and Spices
foodb,187,Common wheat,Triticum aestivum,Cereals and cereal products
foodb,188,"Vaccinium (Blueberry, Cranberry, Huckleberry)",Vaccinium,Fruits
foodb,189,Lowbush blueberry,Vaccinium angustifolium,Fruits
foodb,190,Sparkleberry,Vaccinium arboreum,Fruits
foodb,191,Highbush blueberry,Vaccinium corymbosum,Fruits
foodb,192,American cranberry,Vaccinium macrocarpon,Fruits
foodb,193,Bilberry,Vaccinium myrtillus,Fruits
foodb,194,Lingonberry,Vaccinium vitis-idaea,Fruits
foodb,195,Vanilla,Vanilla,Herbs and Spices
foodb,196,Common verbena,Verbena officinalis,Herbs and Spices
foodb,197,Broad bean,Vicia faba,Pulses
foodb,198,Adzuki bean,Vigna angularis,Pulses
foodb,199,Gram bean,Vigna mungo,Pulses
foodb,200,Mung bean,Vigna radiata,Pulses
foodb,201,Climbing bean,Vigna umbellata,Pulses
foodb,202,Cowpea,Vigna unguiculata,Pulses
foodb,203,Muscadine grape,Vitis rotundifolia,Fruits
foodb,204,Common grape,Vitis vinifera,Fruits
foodb,205,Corn,Zea mays,Cereals and cereal products
foodb,206,Ginger,Zingiber officinale,Herbs and Spices
foodb,207,Arctic blackberry,Rubus arcticus,Fruits
foodb,208,Banana,Musa acuminata,Fruits
foodb,209,Bayberry,Myrica,Fruits
foodb,210,Elliott's blueberry,Vaccinium elliottii,Fruits
foodb,211,Canada blueberry,Vaccinium myrtilloides,Fruits
foodb,212,Bog bilberry,Vaccinium uliginosum,Fruits
foodb,213,Buffalo currant,Ribes aureum var. villosum,Fruits
foodb,214,Celeriac,Apium graveolens var. rapaceum,Vegetables
foodb,215,Celery stalks,Apium graveolens var. dulce,Vegetables
foodb,216,Chinese chives,Allium tuberosum,Herbs and Spices
foodb,217,European cranberry,Vaccinium oxycoccos,Fruits
foodb,218,Deerberry,Vaccinium stamineum,Fruits
foodb,219,Ginseng,Panax,Herbs and Spices
foodb,220,Cascade huckleberry,Vaccinium deliciosum,Fruits
foodb,221,Oval-leaf huckleberry,Vaccinium ovalifolium,Fruits
foodb,222,Evergreen huckleberry,Vaccinium ovatum,Fruits
foodb,223,Red huckleberry,Vaccinium parvifolium,Fruits
foodb,224,Longan,Dimocarpus longan,Fruits
foodb,225,Macadamia nut (M. tetraphylla),Macadamia tetraphylla,Nuts
foodb,226,Garden onion (var.),Allium cepa var. cepa,Vegetables
foodb,227,Summer grape,Vitis aestivalis,Fruits
foodb,228,Fox grape,Vitis labrusca,Fruits
foodb,229,Nectarine,Prunus persica var. nucipersica,Fruits
foodb,230,Peach (var.),Prunus persica var. persica,Fruits
foodb,231,Pepper (C. baccatum),Capsicum baccatum var. baccatum,Vegetables
foodb,232,Pepper (C. chinense),Capsicum chinense,Vegetables
foodb,233,Pepper (Capsicum),Capsicum,Vegetables
foodb,234,Rambutan,Nephelium lappaceum,Fruits
foodb,235,Red rice,Oryza rufipogon,Cereals and cereal products
foodb,236,Annual wild rice,Zizania aquatica,Cereals and cereal products
foodb,237,Swiss chard,Beta vulgaris ssp. cicla,Vegetables
foodb,238,Lemon thyme,Thymus pulegioides,Herbs and Spices
foodb,239,Tronchuda cabbage,Brassica oleracea var. costata,Vegetables
foodb,240,Japanese walnut,Juglans ailanthifolia,Nuts
foodb,241,Welsh onion,Allium fistulosum,Herbs and Spices
foodb,242,Hard wheat,Triticum durum,Cereals and cereal products
foodb,243,Shallot,Allium ascalonicum,Vegetables
foodb,244,Rocket salad,Eruca vesicaria,Vegetables
foodb,245,Carrot,Daucus carota ssp. sativus,Vegetables
foodb,246,Triticale,X Triticosecale rimpaui,Cereals and cereal products
foodb,247,Black cabbage,Brassica oleracea var. viridis,Vegetables
foodb,248,Half-highbush blueberry,Vaccinium angustifolium X Vaccinium corymbosum,Fruits
foodb,249,Celery leaves,Apium graveolens var. secalinum,Herbs and Spices
foodb,250,Chicory leaves,Cichorium intybus var. foliosum,Vegetables
foodb,251,Komatsuna,Brassica rapa var. perviridis,Vegetables
foodb,252,Pak choy,Brassica rapa var. chinensis,Vegetables
foodb,253,Napa cabbage,Brassica rapa var. pekinensis,Vegetables
foodb,254,Chicory roots,Cichorium intybus var. sativum,Vegetables
foodb,255,Grapefruit/Pummelo hybrid,Citrus paradisi X Citrus maxima,Fruits
foodb,256,Grapefruit,Citrus X paradisi,Fruits
foodb,257,Jostaberry,Ribes × nidigrolaria,Fruits
foodb,258,Kai-lan,Brassica oleracea var. alboglabra,Vegetables
foodb,259,Italian oregano,Origanum X majoricum,Herbs and Spices
foodb,260,Oxheart cabbage,Brassica oleracea var. conica,Vegetables
foodb,261,Daikon radish,Raphanus sativus var. longipinnatus,Vegetables
foodb,262,Black radish,Raphanus sativus var. niger,Vegetables
foodb,263,Radish (var.),Raphanus sativus var. sativus,Vegetables
foodb,264,Red beetroot,Beta vulgaris var. rubra,Vegetables
foodb,265,Sweet rowanberry,Grataegosorbus mitschurinii,Fruits
foodb,266,Pineappple sage,Salvia elegans,Herbs and Spices
foodb,267,Skunk currant,Ribes glandulosum,Fruits
foodb,268,Beer,,Beverages
foodb,269,Other bread,,Cereals and cereal products
foodb,270,Breakfast cereal,,Cereals and cereal products
foodb,272,Other soy product,,Soy
foodb,273,Other cereal product,,Cereals and cereal products
foodb,274,Pasta,,Cereals and cereal products
foodb,275,Biscuit,,Cereals and cereal products
foodb,276,Sourdough,,Cereals and cereal products
foodb,277,Spirit,,Beverages
foodb,278,Fortified wine,,Beverages
foodb,279,Other alcoholic beverage,,Beverages
foodb,280,Abalone,Haliotis,Aquatic foods
foodb,281,Abiyuch,Crateva religiosa,Fruits
foodb,282,Acerola,Malpighia emarginata,Fruits
foodb,283,Acorn,Quercus,Nuts
foodb,284,Winter squash,Cucurbita maxima,Gourds
foodb,285,Agar,Eucheuma,Aquatic foods
foodb,286,Red king crab,Paralithodes camtschaticus,Aquatic foods
foodb,287,Alfalfa,Medicago sativa,Herbs and Spices
foodb,288,Allspice,Pimenta dioica,Herbs and Spices
foodb,289,Amaranth,Amaranthus,Herbs and Spices
foodb,290,Arrowhead,Sagittaria latifolia,Vegetables
foodb,291,Arrowroot,Maranta arundinacea,Vegetables
foodb,292,Asian pear,Pyrus pyrifolia,Fruits
foodb,293,Atlantic herring,Clupea harengus harengus,Aquatic foods
foodb,294,Atlantic mackerel,Scomber scombrus,Aquatic foods
foodb,295,Painted comber,Serranus scriba,Aquatic foods
foodb,296,Atlantic pollock,Pollachius pollachius,Aquatic foods
foodb,297,Atlantic wolffish,Anarhichas lupus,Aquatic foods
foodb,298,Bamboo shoots,Phyllostachys edulis,Vegetables
foodb,299,Striped bass,Morone saxatilis,Aquatic foods
foodb,301,Beech nut,Fagus,Nuts
foodb,302,Beluga whale,Delphinapterus leucas,Aquatic foods
foodb,303,Bison,Bison bison,Animal foods
foodb,305,Alaska blackfish,Dallia pectoralis,Aquatic foods
foodb,306,Blue crab,Callinectes sapidus,Aquatic foods
foodb,307,Blue mussel,Mytilus edulis,Aquatic foods
foodb,308,Northern bluefin tuna,Thunnus thynnus,Aquatic foods
foodb,309,Bluefish,Pomatomus saltatrix,Aquatic foods
foodb,310,Wild boar,Sus scrofa,Animal foods
foodb,311,Bowhead whale,Balaena mysticetus,Aquatic foods
foodb,312,Breadfruit,Artocarpus altilis,Fruits
foodb,313,Breadnut tree seed,Brosimum alicastrum,Herbs and Spices
foodb,314,Rapini,Brassica ruvo,Vegetables
foodb,316,Buffalo,Bubalus bubalis,Animal foods
foodb,317,Burbot,Lota lota,Aquatic foods
foodb,318,Giant butterbur,Petasites japonicus,Vegetables
foodb,319,American butterfish,Peprilus triacanthus,Aquatic foods
foodb,320,Butternut,Juglans cinerea,Nuts
foodb,321,Butternut squash,Cucurbita moschata,Gourds
foodb,322,Calabash,Lagenaria siceraria,Gourds
foodb,323,Cardoon,Cynara cardunculus,Vegetables
foodb,325,Natal plum,Carissa macrocarpa,Fruits
foodb,326,Carob,Ceratonia siliqua,Vegetables
foodb,327,Common carp,Cyprinus carpio,Aquatic foods
foodb,328,Cassava,Manihot esculenta,Vegetables
foodb,329,Channel catfish,Ictalurus punctatus,Aquatic foods
foodb,330,Chayote,Sechium edule,Gourds
foodb,331,Cherimoya,Annona cherimola,Fruits
foodb,332,Chervil,Anthriscus cerefolium,Herbs and Spices
foodb,333,Chia,Salvia hispanica,Herbs and Spices
foodb,334,Chicken,Gallus gallus,Animal foods
foodb,335,Chinese broccoli,Brassica alboglabra,Vegetables
foodb,336,Chinese chestnut,Castanea mollissima,Nuts
foodb,337,Chinese water chestnut,Eleocharis dulcis,Vegetables
foodb,338,Garland chrysanthemum,Chrysanthemum coronarium,Vegetables
foodb,339,Cisco,Coregonus artedi,Aquatic foods
foodb,340,Nuttall cockle,Clinocardium nuttallii,Aquatic foods
foodb,341,Coconut,Cocos nucifera,Fruits
foodb,342,Pacific cod,Gadus macrocephalus,Aquatic foods
foodb,343,Atlantic cod,Gadus morhua,Aquatic foods
foodb,344,Common octopus,Octopus vulgaris,Aquatic foods
foodb,345,Corn salad,Valerianella locusta,Vegetables
foodb,346,Cottonseed,Gossypium,Herbs and Spices
foodb,347,Catjang pea,Vigna unguiculata ssp. cylindrica,Pulses
foodb,348,Malus (Crab apple),Malus,Fruits
foodb,349,Squashberry,Viburnum edule,Fruits
foodb,350,Atlantic croaker,Micropogonias undulatus,Aquatic foods
foodb,351,Cusk,Brosme brosme,Aquatic foods
foodb,352,Cuttlefish,Sepiidae,Aquatic foods
foodb,353,Mule deer,Odocoileus,Animal foods
foodb,354,Devilfish,Myoxocephalus,Aquatic foods
foodb,355,Dock,Rumex,Herbs and Spices
foodb,356,Dolphin fish,Coryphaena hippurus,Aquatic foods
foodb,357,Freshwater drum,Aplodinotus grunniens,Aquatic foods
foodb,358,Mallard duck,Anas platyrhynchos,Animal foods
foodb,359,Dungeness crab,Cancer magister,Aquatic foods
foodb,360,Durian,Durio zibethinus,Fruits
foodb,361,Eastern oyster,Crassostrea virginica,Aquatic foods
foodb,362,Freshwater eel,Anguilla,Aquatic foods
foodb,363,Elderberry,Sambucus,Fruits
foodb,364,Elk,Cervus canadensis,Animal foods
foodb,365,Emu,Dromaius novaehollandiae,Animal foods
foodb,366,Oregon yampah,Perideridia oregana,Vegetables
foodb,367,European anchovy,Engraulis encrasicolus,Aquatic foods
foodb,368,European chestnut,Castanea sativa,Nuts
foodb,369,Turbot,Scophthalmus maximus,Aquatic foods
foodb,370,Fireweed,Chamerion angustifolium,Herbs and Spices
foodb,371,Florida pompano,Trachinotus carolinus,Aquatic foods
foodb,372,Ginkgo nuts,Ginkgo biloba,Herbs and Spices
foodb,373,Greylag goose,Anser anser,Animal foods
foodb,374,Grape,Vitis,Fruits
foodb,375,Greenland halibut/turbot,Reinhardtius hippoglossoides,Aquatic foods
foodb,376,Groundcherry,Physalis,Vegetables
foodb,377,Grouper,Epinephelus,Aquatic foods
foodb,378,Guinea hen,Numida meleagris,Animal foods
foodb,379,Haddock,Melanogrammus aeglefinus,Aquatic foods
foodb,380,Hippoglossus (Common halibut),Hippoglossus,Aquatic foods
foodb,381,Hazelnut,Corylus,Nuts
foodb,382,Hickory nut,Carya,Nuts
foodb,383,Horse,Equus caballus,Animal foods
foodb,384,Horseradish tree,Moringa oleifera,Vegetables
foodb,385,Alaska blueberry,Vaccinium alaskaense,Fruits
foodb,386,Hyacinth bean,Lablab purpureus,Pulses
foodb,387,Irish moss,Chondrus crispus,Aquatic foods
foodb,388,Pacific jack mackerel,Trachurus symmetricus,Aquatic foods
foodb,389,Jackfruit,Artocarpus heterophyllus,Fruits
foodb,390,Japanese chestnut,Castanea crenata,Nuts
foodb,391,Java plum,Syzygium cumini,Fruits
foodb,392,Jerusalem artichoke,Helianthus tuberosus,Vegetables
foodb,393,Jujube,Ziziphus zizyphus,Fruits
foodb,394,Jute,Corchorus olitorius,Vegetables
foodb,395,Kale,Brassica napus var. pabularia,Vegetables
foodb,396,Kelp,Laminaria,Aquatic foods
foodb,397,King mackerel,Scomberomorus cavalla,Aquatic foods
foodb,398,Kumquat,Fortunella,Fruits
foodb,399,Lambsquarters,Chenopodium album,Vegetables
foodb,400,Leather chiton,Katharina tunicata,Aquatic foods
foodb,401,Wild leek,Allium ampeloprasum,Vegetables
foodb,402,Common ling,Molva molva,Aquatic foods
foodb,403,Lingcod,Ophiodon elongatus,Aquatic foods
foodb,404,American lobster,Homarus americanus,Aquatic foods
foodb,405,Loganberry,Rubus loganobaccus,Fruits
foodb,406,Lotus,Nelumbo,Herbs and Spices
foodb,407,Sacred lotus,Nelumbo nucifera,Vegetables
foodb,408,White lupine,Lupinus albus,Pulses
foodb,409,Malabar spinach,Basella alba,Vegetables
foodb,410,Mammee apple,Mammea americana,Fruits
foodb,411,Purple mangosteen,Garcinia mangostana,Fruits
foodb,412,Alpine sweetvetch,Hedysarum alpinum,Vegetables
foodb,413,Milkfish,Chanos chanos,Aquatic foods
foodb,414,Monkfish,Lophius piscatorius,Aquatic foods
foodb,416,Moth bean,Vigna aconitifolia,Pulses
foodb,417,Mountain yam,Dioscorea pentaphylla,Vegetables
foodb,418,Striped mullet,Mugil cephalus,Aquatic foods
foodb,420,White mustard,Sinapis alba,Herbs and Spices
foodb,421,Mustard spinach,Brassica perviridis,Vegetables
foodb,422,New Zealand spinach,Tetragonia tetragonioides,Vegetables
foodb,423,Nopal,Opuntia cochenillifera,Vegetables
foodb,424,Ocean pout,Zoarces americanus,Aquatic foods
foodb,425,North Pacific giant octopus,Enteroctopus dofleini,Aquatic foods
foodb,426,Ohelo berry,Vaccinium reticulatum,Fruits
foodb,427,Okra,Abelmoschus esculentus,Vegetables
foodb,428,Tunicate,Tunicata,Aquatic foods
foodb,430,Ostrich,Struthio camelus,Animal foods
foodb,431,Spotted seal,Phoca largha,Aquatic foods
foodb,432,Pacific herring,Clupea pallasii,Aquatic foods
foodb,433,Pacific oyster,Crassostrea gigas,Aquatic foods
foodb,434,Pacific rockfish,Sebastes,Aquatic foods
foodb,435,Velvet duck,Melanitta fusca,Animal foods
foodb,436,Pepper (C. frutescens),Capsicum annuum var. annuum,Vegetables
foodb,437,Common persimmon,Diospyros virginiana,Fruits
foodb,438,Pheasant,Phasianus colchicus,Animal foods
foodb,439,Northern pike,Esox lucius,Aquatic foods
foodb,440,Pili nut,Canarium ovatum,Nuts
foodb,441,Colorado pinyon,Pinus edulis,Nuts
foodb,442,Pitanga,Eugenia uniflora,Fruits
foodb,443,Plains prickly pear,Opuntia macrorhiza,Fruits
foodb,444,French plantain,Musa X paradisiaca,Fruits
foodb,445,American pokeweed,Phytolacca americana,Vegetables
foodb,447,Opium poppy,Papaver somniferum,Herbs and Spices
foodb,448,Prairie turnip,Pediomelum esculentum,Vegetables
foodb,449,Prickly pear,Opuntia,Fruits
foodb,450,Quinoa,Chenopodium quinoa,Herbs and Spices
foodb,451,European rabbit,Oryctolagus,Animal foods
foodb,453,Rainbow smelt,Osmerus mordax,Aquatic foods
foodb,454,Rainbow trout,Oncorhynchus mykiss,Aquatic foods
foodb,455,Malabar plum,Syzygium jambos,Fruits
foodb,456,Rose hip,Rosa,Herbs and Spices
foodb,457,Roselle,Hibiscus sabdariffa,Herbs and Spices
foodb,458,Orange roughy,Hoplostethus atlanticus,Aquatic foods
foodb,459,Sablefish,Anoplopoma fimbria,Aquatic foods
foodb,460,Pink salmon,Oncorhynchus gorbuscha,Aquatic foods
foodb,461,Chum salmon,Oncorhynchus keta,Aquatic foods
foodb,462,Coho salmon,Oncorhynchus kisutch,Aquatic foods
foodb,463,Sockeye salmon,Oncorhynchus nerka,Aquatic foods
foodb,464,Chinook salmon,Oncorhynchus tshawytscha,Aquatic foods
foodb,465,Atlantic salmon,Salmo salar,Aquatic foods
foodb,466,Salmonberry,Rubus spectabilis,Fruits
foodb,467,Common salsify,Tragopogon porrifolius,Vegetables
foodb,468,Sapodilla,Manilkara zapota,Fruits
foodb,469,Mamey sapote,Pouteria sapota,Fruits
foodb,470,Spanish mackerel,Scomberomorus maculatus,Aquatic foods
foodb,471,Pacific sardine,Sardinops sagax,Aquatic foods
foodb,472,Scallop,Pectinidae,Aquatic foods
foodb,473,Scup,Stenotomus chrysops,Aquatic foods
foodb,474,Sea cucumber,Parastichopus californicus,Aquatic foods
foodb,475,Steller sea lion,Eumetopias jubatus,Aquatic foods
foodb,476,Bearded seal,Erignathus barbatus,Aquatic foods
foodb,477,Ringed seal,Pusa hispida,Aquatic foods
foodb,478,Sea trout,Salmo trutta forma trutta,Aquatic foods
foodb,479,Sesbania flower,Sesbania bispinosa,Vegetables
foodb,480,American shad,Alosa sapidissima,Aquatic foods
foodb,481,Shark,Squaliformes,Aquatic foods
foodb,482,Sheefish,Stenodus leucichthys,Aquatic foods
foodb,483,"Sheep (Mutton, Lamb)",Ovis aries,Animal foods
foodb,484,Sheepshead,Archosargus probatocephalus,Aquatic foods
foodb,485,Hedge mustard,Sisymbrium,Herbs and Spices
foodb,486,Skipjack tuna,Katsuwonus pelamis,Aquatic foods
foodb,487,Snapper,Lutjanidae,Aquatic foods
foodb,488,Soursop,Annona muricata,Fruits
foodb,489,Spelt,Triticum spelta,Cereals and cereal products
foodb,490,Spirulina,Spirulina,Aquatic foods
foodb,491,Squab,Columba,Animal foods
foodb,493,Strawberry guava,Psidium cattleianum,Fruits
foodb,494,Greater sturgeon,Acipenser,Aquatic foods
foodb,495,White sucker,Catostomus commersonii,Aquatic foods
foodb,496,Sugar apple,Annona squamosa,Fruits
foodb,497,Pumpkinseed sunfish,Lepomis gibbosus,Aquatic foods
foodb,498,Swordfish,Xiphias gladius,Aquatic foods
foodb,499,Taro,Colocasia esculenta,Vegetables
foodb,500,Teff,Eragrostis tef,Herbs and Spices
foodb,501,Tilefish,Lopholatilus chamaeleonticeps,Aquatic foods
foodb,502,Mexican groundcherry,Physalis philadelphica var. immaculata,Vegetables
foodb,503,Towel gourd,Luffa aegyptiaca,Gourds
foodb,504,"Salmonidae (Salmon, Trout)",Salmonidae,Aquatic foods
foodb,505,Turkey,Meleagris gallopavo,Animal foods
foodb,506,"Cattle (Beef, Veal)",Bos taurus,Animal foods
foodb,507,Walleye,Sander vitreus,Aquatic foods
foodb,508,Alaska pollock,Theragra chalcogramma,Aquatic foods
foodb,509,Wasabi,Wasabia japonica,Herbs and Spices
foodb,510,Wax gourd,Benincasa hispida,Gourds
foodb,511,Whelk,Buccinidae,Aquatic foods
foodb,512,Coalfish pollock,Pollachius virens,Aquatic foods
foodb,513,Broad whitefish,Coregonus nasus,Aquatic foods
foodb,514,Whitefish,Coregonus,Aquatic foods
foodb,515,Whiting,Merlangius merlangus,Aquatic foods
foodb,516,Wild rice,Zizania,Cereals and cereal products
foodb,517,Tea leaf willow,Salix pulchra,Herbs and Spices
foodb,518,Winged bean,Psophocarpus tetragonolobus,Pulses
foodb,519,Yam,Dioscorea,Vegetables
foodb,520,Jicama,Pachyrhizus erosus,Vegetables
foodb,521,Yautia,Xanthosoma sagittifolium,Vegetables
foodb,522,Yellowfin tuna,Thunnus albacares,Aquatic foods
foodb,523,Yellowtail amberjack,Seriola lalandi,Aquatic foods
foodb,524,Pollock,Pollachius,Aquatic foods
foodb,525,Albacore tuna,Thunnus alalunga,Aquatic foods
foodb,526,Gadus (Common cod),Gadus,Aquatic foods
foodb,527,Atlantic halibut,Hippoglossus hippoglossus,Aquatic foods
foodb,528,Pacific halibut,Hippoglossus stenolepis,Aquatic foods
foodb,529,Pacific salmon,Oncorhynchus,Aquatic foods
foodb,530,Smelt,Osmeridae,Aquatic foods
foodb,531,"Clupeinae (Herring, Sardine, Sprat)",Clupeinae,Aquatic foods
foodb,532,Spiny lobster,Palinuridae,Aquatic foods
foodb,533,Snow crab,Chionoecetes opilio,Aquatic foods
foodb,534,Black-eyed pea,Vigna unguiculata ssp. unguiculata,Pulses
foodb,535,Deer,Cervidae,Animal foods
foodb,536,Macadamia nut,Macadamia,Nuts
foodb,537,Percoidei (Bass and others),Percoidei,Aquatic foods
foodb,538,Perciformes,Perciformes,Aquatic foods
foodb,540,Rabbit,Leporidae,Animal foods
foodb,541,Domestic goat,Capra aegagrus hircus,Animal foods
foodb,542,Beefalo,Bos taurus X Bison bison,Animal foods
foodb,544,"Bivalvia (Clam, Mussel, Oyster)",Bivalvia,Aquatic foods
foodb,545,Squid,Teuthida,Aquatic foods
foodb,546,Shrimp,Caridea,Aquatic foods
foodb,547,Crayfish,Astacidea,Aquatic foods
foodb,548,Flatfish,Pleuronectiformes,Aquatic foods
foodb,549,Domestic pig,Sus scrofa domestica,Animal foods
foodb,550,Walrus,Odobenus rosmarus,Aquatic foods
foodb,551,Alaska wild rhubarb,Polygonum alpinum,Vegetables
foodb,552,Oriental wheat,Triticum turanicum,Cereals and cereal products
foodb,553,Yardlong bean,Vigna unguiculata ssp. sesquipedalis,Pulses
foodb,555,Quail,Phasianidae,Animal foods
foodb,556,Boysenberry,Rubus ursinus X idaeus,Fruits
foodb,557,Persian lime,Citrus latifolia,Fruits
foodb,558,Feijoa,Feijoa sellowiana,Fruits
foodb,559,Rowal,Pangium edule,Herbs and Spices
foodb,560,Jew's ear,Auricularia auricula-judae,Vegetables
foodb,561,Common mushroom,Agaricus bisporus,Vegetables
foodb,562,Shiitake,Lentinus edodes,Vegetables
foodb,563,Purple laver,Porphyra laciniata,Aquatic foods
foodb,564,Wakame,Undaria pinnatifida,Aquatic foods
foodb,565,Enokitake,Flammulina velutipes,Vegetables
foodb,566,Epazote,Dysphania ambrosioides,Herbs and Spices
foodb,567,Oyster mushroom,Pleurotus ostreatus,Vegetables
foodb,568,Cloud ear fungus,Auricularia polytricha,Vegetables
foodb,569,Maitake,Grifola frondosa,Vegetables
foodb,570,Ostrich fern,Matteuccia struthiopteris,Vegetables
foodb,571,Spot croaker,Leiostomus xanthurus,Aquatic foods
foodb,572,Sourdock,Rumex articus,Herbs and Spices
foodb,573,Tinda,Citrullus lanatus var. fistulosus,Gourds
foodb,574,Atlantic menhaden,Brevoortia tyrannus,Aquatic foods
foodb,575,Wheat,Triticum,Cereals and cereal products
foodb,576,Common chokecherry,Prunus virginiana,Fruits
foodb,577,Agave,Agave,Vegetables
foodb,578,Narrowleaf cattail,Typha angustifolia,Vegetables
foodb,579,Jellyfish,Scyphozoa,Aquatic foods
foodb,580,Anchovy,Engraulidae,Aquatic foods
foodb,581,Blue whiting,Micromesistius poutassou,Aquatic foods
foodb,582,Carp bream,Abramis brama,Aquatic foods
foodb,583,Chanterelle,Cantharellus cibarius,Vegetables
foodb,584,Sturgeon,Acipenseridae,Aquatic foods
foodb,585,Charr,Salvelinus,Aquatic foods
foodb,586,Cinnamon,Cinnamomum,Herbs and Spices
foodb,587,Crab,Brachyura,Aquatic foods
foodb,588,Common dab,Limanda limanda,Aquatic foods
foodb,589,Spiny dogfish,Squalus acanthias,Aquatic foods
foodb,590,Anatidae,Anatidae,Animal foods
foodb,591,Anguilliformes,Anguilliformes,Aquatic foods
foodb,592,True frog,Ranidae,Aquatic foods
foodb,593,Garfish,Belone belone,Aquatic foods
foodb,594,Gadiformes,Gadiformes,Aquatic foods
foodb,595,Mountain hare,Lepus timidus,Animal foods
foodb,596,Lake trout,Salvelinus namaycush,Aquatic foods
foodb,597,Lemon sole,Microstomus kitt,Aquatic foods
foodb,598,Clawed lobster,Nephropidae,Aquatic foods
foodb,599,Lumpsucker,Cyclopteridae,Aquatic foods
foodb,600,"Scombridae (Bonito, Mackerel, Tuna)",Scombridae,Aquatic foods
foodb,601,Marine mussel,Mytilidae,Aquatic foods
foodb,602,Norway haddock,Sebastes viviparus,Aquatic foods
foodb,603,Norway lobster,Nephrops norvegicus,Aquatic foods
foodb,604,Norway pout,Trisopterus esmarkii,Aquatic foods
foodb,605,Oil palm,Elaeis,Herbs and Spices
foodb,606,True oyster,Ostreidae,Aquatic foods
foodb,607,Sago palm,Metroxylon sagu,Herbs and Spices
foodb,608,Persimmon,Diospyros,Fruits
foodb,609,Pikeperch,Sander lucioperca,Aquatic foods
foodb,610,"Pleuronectidae (Dab, Halibut, Plaice)",Pleuronectidae,Aquatic foods
foodb,611,Rock ptarmigan,Lagopus muta,Animal foods
foodb,612,Pacific ocean perch,Sebastes alutus,Aquatic foods
foodb,613,Black salsify,Scorzonera hispanica,Vegetables
foodb,614,True seal,Phocidae,Aquatic foods
foodb,615,Red algae,Rhodophyta,Aquatic foods
foodb,616,Kombu,Saccharina japonica,Aquatic foods
foodb,617,Snail,Gastropoda,Aquatic foods
foodb,618,True sole,Soleidae,Aquatic foods
foodb,619,Catfish,Siluriformes,Aquatic foods
foodb,620,Thistle,Cirsium,Vegetables
foodb,621,Thunnus,Thunnus,Aquatic foods
foodb,622,Walnut,Juglans,Nuts
foodb,623,"Cetacea (Dolphin, Porpoise, Whale)",Cetacea,Aquatic foods
foodb,624,"Columbidae (Dove, Pigeon)",Columbidae,Animal foods
foodb,625,Conch,Strombidae,Aquatic foods
foodb,626,Grape wine,,Beverages
foodb,627,Berry wine,,Beverages
foodb,628,Other wine,,Beverages
foodb,629,Apple cider,,Beverages
foodb,630,Liquor,,Beverages
foodb,631,Cheese,,Milk and milk products
foodb,632,Milk (Cow),,Milk and milk products
foodb,633,Eggs,,Eggs
foodb,634,Yogurt,,Milk and milk products
foodb,638,Bean,,Pulses
foodb,639,Vodka,,Beverages
foodb,640,Whisky,,Beverages
foodb,641,Ice cream,,Confectioneries
foodb,642,Gin,,Beverages
foodb,643,Honey,,Confectioneries
foodb,644,Liquorice,,Confectioneries
foodb,645,Vinegar,,Baking goods
foodb,646,Rum,,Beverages
foodb,647,Port wine,,Beverages
foodb,648,Vermouth,,Beverages
foodb,649,Sherry,,Beverages
foodb,650,Madeira wine,,Beverages
foodb,651,Nougat,,Confectioneries
foodb,653,Toffee,,Confectioneries
foodb,654,Cake,,Confectioneries
foodb,655,Pizza,,Dishes
foodb,656,Ymer,,Milk and milk products
foodb,657,Other snack food,,Snack foods
foodb,659,Crisp bread,,Cereals and cereal products
foodb,660,Pastry,,Confectioneries
foodb,661,Dragée,,Confectioneries
foodb,662,Chewing gum,,Confectioneries
foodb,663,Marzipan,,Confectioneries
foodb,664,Salad dressing,,Baking goods
foodb,665,Sauce,,Baking goods
foodb,666,Salt,,Baking goods
foodb,667,Butter,,Milk and milk products
foodb,668,Butter substitute,,Baking goods
foodb,669,Cream,,Milk and milk products
foodb,670,Sugar,,Baking goods
foodb,671,Sausage,,Dishes
foodb,672,Meatball,,Dishes
foodb,673,Mustard,,Baking goods
foodb,674,Pate,,Dishes
foodb,676,Sugar substitute,,Baking goods
foodb,677,Meat bouillon,,Baking goods
foodb,679,Whey,,Milk and milk products
foodb,680,Casein,,Milk and milk products
foodb,681,Fruit preserve,,Fruits
foodb,682,Leavening agent,,Baking goods
foodb,683,Marshmallow,,Confectioneries
foodb,684,Gelatin,,Baking goods
foodb,685,Water,,Beverages
foodb,686,Other fish product,,Aquatic foods
foodb,687,Milk (Human),,Milk and milk products
foodb,689,Other beverage,,Beverages
foodb,690,Baby food,,Baby foods
foodb,691,Dumpling,,Dishes
foodb,692,Soup,,Dishes
foodb,693,Other vegetable product,,Vegetables
foodb,694,Unclassified food or beverage,,Unclassified
foodb,695,Syrup,,Baking goods
foodb,696,Tallow,,Fats and oils
foodb,697,Remoulade,,Baking goods
foodb,698,Chocolate spread,,Confectioneries
foodb,699,Fruit gum,,Confectioneries
foodb,700,Curry powder,,Herbs and Spices
foodb,701,Other candy,,Confectioneries
foodb,702,Meringue,,Confectioneries
foodb,703,Lard,,Fats and oils
foodb,704,Other animal fat,,Fats and oils
foodb,705,Other cocoa product,,Cocoa and cocoa products
foodb,706,Cocoa butter,,Cocoa and cocoa products
foodb,707,Cocoa powder,,Cocoa and cocoa products
foodb,708,Cocoa liquor,,Cocoa and cocoa products
foodb,709,Chocolate,,Cocoa and cocoa products
foodb,710,Hot chocolate,,Cocoa and cocoa products
foodb,711,Dried milk,,Milk and milk products
foodb,712,Milk (Other mammals),,Milk and milk products
foodb,713,Kefir,,Milk and milk products
foodb,714,Buttermilk,,Milk and milk products
foodb,715,Other fermented milk,,Milk and milk products
foodb,716,Soy sauce,,Soy
foodb,717,Miso,,Soy
foodb,718,Tofu,,Soy
foodb,721,Zwieback,,Cereals and cereal products
foodb,722,Roe,,Aquatic foods
foodb,723,Cichlidae (Tilapia),Cichlidae,Aquatic foods
foodb,724,Icing,,Confectioneries
foodb,725,Snack bar,,Snack foods
foodb,726,Green turtle,Chelonia mydas,Aquatic foods
foodb,727,Energy drink,,Beverages
foodb,728,Burrito,,Dishes
foodb,729,Hamburger,,Dishes
foodb,730,Baked beans,,Dishes
foodb,731,Chili,,Dishes
foodb,732,Taco,,Dishes
foodb,733,Tortilla,,Cereals and cereal products
foodb,734,Nachos,,Dishes
foodb,735,Processed cheese,,Milk and milk products
foodb,736,Salad,,Dishes
foodb,737,Cream substitute,,Baking goods
foodb,738,Dulce de leche,,Confectioneries
foodb,739,Topping,,Baking goods
foodb,740,Sweet custard,,Confectioneries
foodb,742,Egg roll,,Dishes
foodb,743,Heart of palm,,Vegetables
foodb,744,Popcorn,,Snack foods
foodb,745,Potato chip,,Snack foods
foodb,746,Tortilla chip,,Snack foods
foodb,747,Corn chip,,Snack foods
foodb,748,Hibiscus tea,Hibiscus sabbariffa,Teas
foodb,749,Stew,,Dishes
foodb,750,Gelatin dessert,,Confectioneries
foodb,751,Junket,,Confectioneries
foodb,752,Falafel,,Dishes
foodb,753,Frybread,,Dishes
foodb,754,Other frozen dessert,,Confectioneries
foodb,755,Lasagna,,Dishes
foodb,756,Morchella (Morel),Morchellaceae,Vegetables
foodb,757,Pancake,,Dishes
foodb,758,Pectin,,Baking goods
foodb,759,Pudding,,Confectioneries
foodb,760,Waffle,,Dishes
foodb,761,Soy milk,,Soy
foodb,762,Meatloaf,,Dishes
foodb,763,Sake,,Beverages
foodb,764,Cocktail,,Beverages
foodb,765,Couscous,,Dishes
foodb,766,Bulgur,,Cereals and cereal products
foodb,767,Coffee substitute,,Baking goods
foodb,768,Coffee mocha,,Coffee and coffee products
foodb,769,Chimichanga,,Dishes
foodb,770,Semolina,,Cereals and cereal products
foodb,771,Tapioca pearl,,Baking goods
foodb,772,Tostada,,Dishes
foodb,773,Quesadilla,,Dishes
foodb,774,Baked potato,,Dishes
foodb,775,Hot dog,,Dishes
foodb,776,Spread,,Baking goods
foodb,777,Enchilada,,Dishes
foodb,778,Egg substitute,,Baking goods
foodb,779,Nutritional drink,,Beverages
foodb,780,Other sandwich,,Dishes
foodb,781,Ketchup,,Baking goods
foodb,782,Breakfast sandwich,,Dishes
foodb,783,Adobo,,Baking goods
foodb,784,Macaroni and cheese,,Dishes
foodb,785,Butterfat,,Milk and milk products
foodb,786,Horned melon,Cucumis metuliferus,Gourds
foodb,787,Hushpuppy,,Dishes
foodb,788,Fruit juice,,Beverages
foodb,789,Relish,,Baking goods
foodb,790,Other fruit product,,Fruits
foodb,791,Fruit salad,,Fruits
foodb,792,Soy yogurt,,Soy
foodb,793,Vegetarian food,,Dishes
foodb,794,Veggie burger,,Dishes
foodb,795,Cold cut,,Dishes
foodb,796,Mixed nuts,,Nuts
foodb,797,Canola,,Herbs and spices
foodb,798,Babassu palm,Attalea speciosa,Herbs and Spices
foodb,799,Cupuaçu,Theobroma grandiflorum,Herbs and Spices
foodb,800,Shea tree,Vitellaria paradoxa,Herbs and Spices
foodb,801,Oil-seed Camellia,Camellia oleifera,Herbs and Spices
foodb,802,Ucuhuba,Virola surinamensis,Herbs and Spices
foodb,803,Phyllo dough,,Baking goods
foodb,804,Cooking oil,,Baking goods
foodb,805,Pie crust,,Baking goods
foodb,806,Pie filling,,Baking goods
foodb,807,Pie,,Confectioneries
foodb,808,Shortening,,Fats and oils
foodb,809,Soy cream,,Soy
foodb,810,Ice cream cone,,Baking goods
foodb,811,Molasses,,Baking goods
foodb,812,Cracker,,Snack foods
foodb,813,Nance,Byrsonima crassifolia,Fruits
foodb,814,Naranjilla,Solanum quitoense,Fruits
foodb,815,Natto,,Soy
foodb,816,Ravioli,,Dishes
foodb,817,Scrapple,,Dishes
foodb,818,Other pasta dish,,Dishes
foodb,819,Succotash,,Dishes
foodb,820,Tamale,,Dishes
foodb,822,Rice cake,,Dishes
foodb,823,Tree fern,Cyathea,Vegetables
foodb,824,Evaporated milk,,Milk and milk products
foodb,825,Flour,,Cereals and cereal products
foodb,826,Akutaq,,Confectioneries
foodb,828,Dough,,Cereals and cereal products
foodb,829,Pita bread,,Cereals and cereal products
foodb,830,Focaccia,,Cereals and cereal products
foodb,831,Bagel,,Cereals and cereal products
foodb,832,Other bread product,,Cereals and cereal products
foodb,834,Piki bread,,Cereals and cereal products
foodb,835,French toast,,Cereals and cereal products
foodb,836,Wheat bread,,Cereals and cereal products
foodb,837,Rye bread,,Cereals and cereal products
foodb,838,Oat bread,,Cereals and cereal products
foodb,839,Potato bread,,Cereals and cereal products
foodb,840,Cornbread,,Cereals and cereal products
foodb,841,Corn grits,,Cereals and cereal products
foodb,842,Multigrain bread,,Cereals and cereal products
foodb,843,Rice bread,,Cereals and cereal products
foodb,844,Pan dulce,,Cereals and cereal products
foodb,845,Raisin bread,,Cereals and cereal products
foodb,846,Wonton wrapper,,Baking goods
foodb,848,Trail mix,,Snack foods
foodb,849,Greenthread tea,Thelesperma,Teas
foodb,850,Fruit-flavor drink,,Beverages
foodb,851,Vegetable juice,,Beverages
foodb,852,Horchata,,Beverages
foodb,853,Soft drink,,Beverages
foodb,854,Frozen yogurt,,Confectioneries
foodb,855,Milkshake,,Confectioneries
foodb,856,Chocolate mousse,,Confectioneries
foodb,857,Dripping,,Fats and oils
foodb,858,Pupusa,,Dishes
foodb,859,Empanada,,Dishes
foodb,860,Arepa,,Dishes
foodb,861,Ascidians,Ascidiacea,Aquatic foods
foodb,862,Gefilte fish,,Dishes
foodb,863,Yellow pond-lily,Nuphar lutea,Herbs and Spices
foodb,864,Fish burger,,Dishes
foodb,865,Other dish,,Dishes
foodb,866,Pot pie,,Dishes
foodb,867,Stuffing,,Baking goods
foodb,868,Edible shell,,Baking goods
foodb,869,Fudge,,Confectioneries
foodb,870,Candy bar,,Confectioneries
foodb,871,Condensed milk,,Milk and milk products
foodb,872,Margarine,,Fats and oils
foodb,873,Margarine-like spread,,Fats and oils
foodb,874,Hummus,,Dishes
foodb,876,Potato puffs,,Dishes
foodb,877,Potato gratin,,Dishes
foodb,878,Milk substitute,,Baking goods
foodb,879,Pepper (C. pubescens),Capsicum pubescens,Vegetables
foodb,880,Soft-necked garlic,Allium sativum L. var. sativum,Herbs and Spices
foodb,881,Cabbage,Brassica oleracea var. capitata,Vegetables
foodb,882,Chinese bayberry,Myrica rubra,Fruits
foodb,883,Mushrooms,,Vegetables
foodb,884,Alcoholic beverages,,Beverages
foodb,885,Onion-family vegetables,,Vegetables
foodb,886,Pomes,,Fruits
foodb,887,Brassicas,,Vegetables
foodb,888,Cereals and cereal products,,Cereals and cereal products
foodb,889,Citrus,,Fruits
foodb,890,Cocoa and cocoa products,,Cocoa and cocoa products
foodb,891,Coffee and coffee products,,Coffee and coffee products
foodb,892,Crustaceans,,Aquatic foods
foodb,893,Milk and milk products,,Milk and milk products
foodb,894,Fats and oils,,Fats and oils
foodb,896,Fishes,,Aquatic foods
foodb,897,Herbs and Spices,,Herbs and Spices
foodb,898,Pulses,,Pulses
foodb,900,Mollusks,,Aquatic foods
foodb,901,Nuts,,Nuts
foodb,902,Beverages,,Beverages
foodb,903,Fruits,,Fruits
foodb,904,Green vegetables,,Vegetables
foodb,905,Root vegetables,,Vegetables
foodb,906,Sunburst squash (pattypan squash),Cucurbita pepo var. clypeata,Gourds
foodb,907,Green zucchini,Cucurbita pepo var. cylindrica,Gourds
foodb,908,Yellow zucchini,Cucurbita pepo var. cylindrica,Gourds
foodb,909,Green bell pepper,Capsicum annuum,Vegetables
foodb,910,Yellow bell pepper,Capsicum annuum,Vegetables
foodb,911,Orange bell pepper,Capsicum annuum,Vegetables
foodb,912,Red bell pepper,Capsicum annuum,Vegetables
foodb,913,Italian sweet red pepper,Capsicum annuum,Vegetables
foodb,914,Yellow wax bean,Phaseolus vulgaris,Pulses
foodb,915,Green bean,Phaseolus vulgaris,Pulses
foodb,916,Saskatoon berry,Amelanchier alnifolia,Fruits
foodb,917,Nanking cherry,Prunus tomentosa,Fruits
foodb,918,Japanese pumpkin,Cucurbita maxima,Gourds
foodb,919,White cabbage,Brassica oleracea L. var. capitata L. f. alba DC.,Vegetables
foodb,920,Romaine lettuce,Lactuca sativa L. var. longifolia,Vegetables
foodb,921,"Cow milk, pasteurized, vitamin A + D added, 0% fat",,Milk and milk products
foodb,922,"Cow milk, pasteurized, vitamin A + D added, 1% fat",,Milk and milk products
foodb,923,"Cow milk, pasteurized, vitamin A + D added, 2% fat",,Milk and milk products
foodb,924,"Cow milk, pasteurized, vitamin D added, 3.25% fat",,Milk and milk products
foodb,925,Castanospermum australe,Castanospermum australe,Vegetables
foodb,926,Gentiana lutea,Gentiana lutea,Vegetables
foodb,927,Juniperus communis,Juniperus communis,Vegetables
foodb,928,Albizia gummifera,Albizia gummifera,Vegetables
foodb,929,Mundu,Garcinia dulcis,Fruits
foodb,930,Rabbiteye blueberry,Vaccinium virgatum,Fruits
foodb,931,Yali pear,Pyrus × bretschneideri,Fruits
foodb,932,Asparagus racemosus,Asparagus racemosus,Vegetables
foodb,933,Evergreen blackberry,Rubus laciniatus,Fruits
foodb,934,Asparagus fern,Asparagus setaceus,Herbs and Spices
foodb,935,Thornless blackberry,Rubus ulmifolius,Fruits
foodb,936,Tropical highland blackberry,Rubus adenotrichos,Fruits
foodb,937,Andean blackberry,Rubus glaucus,Fruits
foodb,938,Blackberry,Rubus,Fruits
foodb,939,Black tea,,Teas
foodb,940,Green tea,,Teas
foodb,941,Olive oil,,Herbs and Spices
foodb,942,Macroalgae,,Aquatic foods
foodb,943,Red wine,,Beverages
foodb,944,linseed oil,,Herbs and Spices
foodb,945,Rapeseed oil,,Herbs and Spices
foodb,946,Soybean oil,,Herbs and Spices
foodb,947,Guarana,Paullinia cupana,Herbs and Spices
foodb,948,Mate,Ilex paraguariensis,Herbs and Spices
foodb,949,White wine,,Beverages
foodb,950,Sour orange,Citrus × aurantium,Fruits
foodb,951,Egg yolk,,Eggs
foodb,952,Rosé wine,,Beverages
foodb,953,White mulberry,Morus alba,Herbs and Spices
foodb,954,Canola oil,,Herbs and Spices
foodb,955,Dessert wine,,Beverages
foodb,956,Red champagne,,Beverages
foodb,957,Red tea,,Teas
foodb,958,White champagne,,Beverages
foodb,959,Red grape juice,,Beverages
foodb,960,White grape juice,,Beverages
foodb,961,Crosne,Stachys affinis,Vegetables
foodb,962,Red clover,Trifolium pratense,Herbs and Spices
foodb,963,Partridge berry,Mitchella repens,Fruits
foodb,964,Mikan,Citrus unshiu,Fruits
foodb,965,Mozzarella cheese,,Milk and milk products
foodb,966,Plain cream cheese,,Milk and milk products
foodb,967,Cheddar Cheese,Cheddar Cheese,Milk and milk products
foodb,968,Parmesan cheese,,Milk and milk products
foodb,969,Almond milk,,Milk and milk products
foodb,970,Coconut milk,,Milk and milk products
foodb,971,Salted butter,,Milk and milk products
foodb,972,Sunflower oil,,Herbs and Spices
foodb,973,Coconut oil,,Herbs and Spices
foodb,974,Peanut oil,,Herbs and Spices
foodb,975,Cottonseed oil,,Herbs and Spices
foodb,976,Corn oil,,Herbs and Spices
foodb,977,Avocado oil,,Herbs and Spices
foodb,978,Grapeseed oil,,Herbs and Spices
foodb,979,Sesame oil,,Herbs and Spices
foodb,980,Monterey Jack cheese,,Milk and milk products
foodb,981,Swiss cheese,,Milk and milk products
foodb,982,Cottage cheese,,Milk and milk products
foodb,983,Blue cheese,,Milk and milk products
foodb,984,Clam,,Aquatic foods
foodb,985,Sour cream,,Milk and milk products
foodb,986,Whole wheat bread,,Cereals and cereal products
foodb,987,Jalapeno pepper,Capsicum annuum 'Jalapeño',Vegetables
foodb,988,Greek feta cheese,,Milk and milk products
foodb,989,Eddoe,Colocasia antiquorum,Vegetables
foodb,990,Plantain,Musa × paradisiaca,Fruits
foodb,991,Clementine,Citrus × clementina,Fruits
foodb,992,Green apple,,Fruits
foodb,993,White onion,,Vegetables
foodb,994,Red onion,,Vegetables
foodb,995,Green onion,,Vegetables
foodb,996,Green grape,,Fruits
foodb,997,Red grape,,Fruits
foodb,998,Black plum,Syzygium cumini,Fruits
foodb,999,Green cabbage,Brassica oleracea var. sabauda L.,Vegetables
foodb,1000,Black raisin,,Fruits
foodb,1001,Cannellini bean,,Pulses
foodb,1002,Green lentil,Lens culinaris,Pulses
foodb,1003,Cubanelle pepper,,Vegetables
foodb,1004,Acorn squash,Cucurbita pepo var. turbinata,Gourds
foodb,1005,Iceberg lettuce,,Vegetables
foodb,1006,Japanese sea bass,Lateolabrax japonicus,Aquatic foods
foodb,1007,Pea shoots,,Vegetables
foodb,1008,Yau choy,,Vegetables
foodb,1009,Water spinach,Ipomoea aquatica,Vegetables
foodb,1010,Chineese plum,,Fruits
foodb,1011,Green plum,,Fruits
foodb,1012,Wampee,Clausena lansium,Fruits
foodb,1013,Pitaya,Hylocereus undatus,Fruits
foodb,1014,Goji,,Fruits
foodb,1015,Monk fruit,Siraitia grosvenorii,Fruits
foodb,1016,Cantaloupe melon,Cucumis melo var. cantalupensis,Gourds
foodb,1017,Hawthorn,Crataegus,Fruits
foodb,1018,Lantern fruit,Physalis alkekengi,Fruits
foodb,1019,White bread,,Cereals and cereal products
foodb,1020,Cape gooseberry,Physalis peruviana,Fruits
foodb,1021,Herbal tea,,Teas
foodb,1022,Fish oil,,
foodb,1023,Taco shell,,
foodb,1024,Tostada shell,,
