year,knhanes_code,name_kr,rda_code
2022,01002,"귀리, 쌀귀리, 도정, 생것",A001002A010a
2022,01003,"귀리, 오트밀",A0020000009a
2022,01004,"기장, 도정, 생것",A003000A010a
2022,01005,"메밀, 도정, 생것",A004000A010a
2022,01006,"메밀, 도정, 가루",A004000A015a
2022,01007,"메밀 국수, 생것",A0050000000a
2022,01008,"메밀 국수, 생것, 삶은것",A0050000000b
2022,01009,"메밀 국수, 말린것",A0050000001a
2022,01010,"메밀 국수, 말린것, 삶은것",A0050000001b
2022,01011,"메밀 냉면, 말린것",A0060000001a
2022,01012,메밀묵,A0070000000a
2022,01013,"밀, 통밀, 생것",A0160000100a
2022,01014,"밀, 도정, 생것",A016000A010a
2022,01019,"밀, 중력밀가루",A0160080005a
2022,01020,"밀, 통밀가루",A0160100005a
2022,01021,"밀, 강력밀가루",A0160010005a
2022,01023,"밀, 박력밀가루",A0160040005a
2022,01025,"밀, 부침가루",A0160050005a
2022,01026,"밀, 빵가루",A0160060005a
2022,01027,"밀, 튀김가루",A0160110005a
2022,01031,"라면, 말린것",A0190000001a
2022,01033,"마카로니, 말린것",A0240010001a
2022,01034,"마카로니, 말린것, 삶은것",A0240010001b
2022,01035,"국수, 소면, 말린것",A0180010001a
2022,01036,"국수, 소면, 말린것, 삶은것",A0180010001b
2022,01037,"스파게티면, 말린것",A0240020001a
2022,01038,"스파게티면, 말린것, 삶은것",A0240020001b
2022,01039,"우동면, 생것",A0180020000a
2022,01040,"우동면, 생것, 삶은것",A0180020000b
2022,01043,"중국국수면, 생것",A0180040000a
2022,01044,"중국국수면, 생것, 삶은것",A0180040000b
2022,01048,"국수, 중면, 말린것",A0180050001a
2022,01049,"쫄면, 말린것",A0180060001a
2022,01050,"칼국수면, 생것",A0180070000a
2022,01051,"칼국수면, 반건조",A0180070004a
2022,01052,"과자, 건빵",A0170010009a
2022,01053,"빵, 건포도빵",A0210010009a
2022,01054,"빵, 곰보빵",A0210020009a
2022,01055,"빵, 도넛, 링",A0210040339a
2022,01058,"빵, 도넛, 팥",A0210040069a
2022,01059,"빵, 롤빵, 소프트",A0210050159a
2022,01061,"빵, 마늘빵",A0210060009a
2022,01062,"과자, 만주, 밤",A0170020139a
2022,01063,"빵, 머핀, 우유",A0210070369a
2022,01065,"과자, 모나카",A0170030009a
2022,01066,"빵, 모닝빵",A0210080009a
2022,01069,"과자, 비스킷, 소프트",A0170040159a
2022,01071,"과자, 사과파이",A0170050009a
2022,01077,"과자, 전병",A0170060009a
2022,01078,"과자, 전병, 김",A0170060169a
2022,01081,"과자, 스낵, 새우",A0170080179a
2022,01082,"과자, 스낵, 옥수수",A0170080209a
2022,01084,"빵, 식빵",A0210120009a
2022,01085,"빵, 식빵, 우유",A0210120369a
2022,01086,"빵, 식빵, 옥수수",A0210120209a
2022,01087,"빵, 모카빵",A0210090009a
2022,01089,"과자, 약과",A0170090009a
2022,01091,"빵, 옥수수빵",A0210130009a
2022,01092,"빵, 와플",A0210250009a
2022,01093,"빵, 와플, 커스터드 크림",A0210250239a
2022,01094,"빵, 와플, 잼",A0210250229a
2022,01095,"과자, 바닐라 웨하스",A0170110269a
2022,01096,"빵, 잼빵",A0210140009a
2022,01098,"과자, 초코볼",A0170120009a
2022,01099,"과자, 초코파이",A0170130009a
2022,01100,"빵, 카스텔라",A0210160009a
2022,01104,"케이크, 롤 케이크",A0230030009a
2022,01105,"케이크, 생크림 블루베리",A0230050009a
2022,01108,"케이크, 스폰지 케이크",A0230070009a
2022,01110,"케이크, 초콜릿 케이크",A0230090009a
2022,01111,"케이크, 치즈 케이크",A0230100009a
2022,01113,"케이크, 파운드 케이크",A0230120009a
2022,01115,"과자, 쿠키, 땅콩버터",A0170140279a
2022,01116,"과자, 쿠키, 초코칩",A0170140289a
2022,01117,"과자, 쿠키, 버터",A0170140299a
2022,01118,"과자, 크랙커",A0170150009a
2022,01119,"과자, 크래커, 땅콩샌드",A0170150309a
2022,01120,"과자, 크래커, 치즈샌드",A0170150319a
2022,01121,"빵, 크루아상",A0210170009a
2022,01124,"빵, 크로켓",A0210180009a
2022,01125,"빵, 크림빵",A0210190009a
2022,01126,"빵, 팥빵",A0210200009a
2022,01127,"빵, 페이스트리, 과일",A0210210449a
2022,01128,"빵, 페이스트리, 치즈",A0210210439a
2022,01129,"케이크, 팬케이크",A0230130009a
2022,01131,"푸딩, 커스터드",C0200020009a
2022,01133,"빵, 피칸파이",A0210260009a
2022,01135,"햄버거, 소고기패티",S0800000009a
2022,01138,"빵, 찐빵, 팥",A0210150069a
2022,01139,"빵, 찐빵, 채소",A0210150409a
2022,01144,"보리, 겉보리, 압맥",A0250010469a
2022,01145,"보리, 겉보리, 할맥",A0250010479a
2022,01146,"보리, 쌀보리, 도정, 생것",A025005A010a
2022,01148,"보리, 쌀보리, 찰보리, 도정, 생것",A025007A010a
2022,01154,"수수, 도정, 생것",A027000A010a
2022,01156,"수수떡, 수수경단",A0280010009a
2022,01157,"수수, 찰수수, 도정, 생것",A027001A010a
2022,01158,"시리얼, 옥수수",A0290100009a
2022,01159,"시리얼, 쌀",A0290170009a
2022,01160,"시리얼, 옥수수, 아몬드",A0290040009a
2022,01161,"시리얼, 옥수수, 코코아",A0290180009a
2022,01163,"시리얼, 현미",A0290130009a
2022,01167,"멥쌀, 현미, 일품벼, 생것",A008020A060a
2022,01173,"멥쌀, 백미, 생것",A008000A030a
2022,01182,"멥쌀, 현미, 흑미, 생것",A0080000020a
2022,01194,"찹쌀, 현미, 생것",A038000A060a
2022,01195,"찹쌀, 백미, 생것",A038000A030a
2022,01197,"멥쌀, 현미, 밥",A013000A069a
2022,01199,"멥쌀, 백미, 밥",A013000A039a
2022,01204,누룽지,A0130000089a
2022,01207,"멥쌀, 백미, 죽",A015000A039a
2022,01210,"멥쌀, 백미, 미음",A012000A039a
2022,01211,"멥쌀떡, 가래떡",A0110010009a
2022,01212,"멥쌀떡, 개피떡(바람떡)",A0110020009a
2022,01213,"멥쌀떡, 개피떡(바람떡), 쑥",A0110020039a
2022,01214,"멥쌀떡, 꿀떡",A0110030009a
2022,01215,"멥쌀떡, 백설기",A0110060009a
2022,01217,"멥쌀떡, 송편, 검정콩",A0110070059a
2022,01218,"멥쌀떡, 송편, 깨",A0110070079a
2022,01219,"멥쌀떡, 송편, 팥",A0110070069a
2022,01220,"멥쌀떡, 시루떡, 팥",A0110080009a
2022,01221,"멥쌀떡, 절편",A0110100009a
2022,01222,"멥쌀떡, 증편",A0110110009a
2022,01228,"멥쌀, 현미, 발아현미, 생것",A008009A060a
2022,01230,"멥쌀, 백미, 가루",A008000A035a
2022,01231,"멥쌀 과자, 쌀엿강정, 팽화",A0090040009w
2022,01232,"멥쌀 과자, 튀밥, 팽화",A0090030009j
2022,01233,멥쌀 과자,A0090000009a
2022,01239,"찹쌀떡, 경단 카스텔라",A0410010529a
2022,01240,"찹쌀떡, 약식",A0410030009a
2022,01241,"찹쌀떡, 인절미, 콩고물",A0410040549a
2022,01242,"찹쌀떡, 인절미, 팥고물",A0410040539a
2022,01243,"찹쌀떡, 찰시루떡",A0410050009a
2022,01244,찹쌀떡,A0410000009a
2022,01247,"찹쌀 과자, 산자",A0390020009a
2022,01248,"찹쌀 과자, 유과",A0390030009a
2022,01249,"찹쌀, 백미, 가루",A0380000005a
2022,01251,"옥수수, 메옥수수, 구운것",A0300030009f
2022,01252,"옥수수, 메옥수수, 말린것",A0300030001a
2022,01253,"옥수수, 단옥수수, 생것",A0300020000a
2022,01254,"옥수수, 단옥수수, 삶은것",A0300020009b
2022,01255,"옥수수, 찰옥수수, 생것",A0300070000a
2022,01256,"옥수수, 찰옥수수, 말린것",A0300070001a
2022,01257,"옥수수, 찰옥수수, 삶은것",A0300070009b
2022,01259,"옥수수, 가루",A0300000005a
2022,01261,"옥수수, 통조림, 가당",A030000E01Ra
2022,01263,"옥수수, 통조림, 홀커넬",A030000049Ra
2022,01267,"율무, 도정, 생것",A034000A010a
2022,01270,"조, 메조, 도정, 생것",A037001A010a
2022,01271,"조, 차조, 도정, 생것",A037002A010a
2022,01276,호밀빵,A0450000009a
2022,01278,"옥수수 과자, 팝콘, 캐러멜맛",A0310032619a
2022,01279,"멥쌀, 현미, 생것",A008000A060a
2022,01280,"빵, 베이글",A0210110009a
2022,01284,"미숫가루, 혼합곡물",A0250030005a
2022,01300,"멥쌀 국수, 말린것",A0100000001a
2022,01302,"빵, 꽈배기",A0210030009a
2022,01303,"찹쌀빵, 찹쌀도넛",A0420010009a
2022,01304,"빵, 크림빵, 버터",A0210190299a
2022,01305,"빵, 바게트",A0210100009a
2022,01306,"빵, 페이스트리",A0210210009a
2022,01307,"빵, 크로켓, 채소",A0210180409a
2022,01314,"멥쌀밥, 쪄서 말린것",A0130000002a
2022,01316,"멥쌀떡, 모싯잎송편, 동부",A0110072649a
2022,01317,"멥쌀떡, 가래떡, 흑미",A0110010029a
2022,01318,"멥쌀떡, 무지개떡",A0110050009a
2022,01319,"찹쌀떡, 모듬찰떡",A0410020009a
2022,01320,"기장, 찰기장, 도정, 생것",A003001A010a
2022,01321,"메밀 냉면, 말린것, 삶은것",A0060000001b
2022,01323,"멥쌀떡, 백설기, 검정콩",A0110060059a
2022,01328,"즉석밥, 잡곡밥(멥쌀, 찹쌀, 흑미, 팥, 기장, 찰수수)",A0140002209a
2022,01329,"즉석밥, 백미",A014000A039a
2022,01331,"밀, 호라산, 말린것",A0160142481a
2022,01332,"과자, 쿠키, 통밀",A0170140109a
2022,01333,"과자, 크래커, 채소",A0170152229a
2022,01334,"과자, 뻥튀기, 원반 모양, 팽화",A0170172219w
2022,01335,"과자, 마카로니",A0170180009j
2022,01336,"국수, 생것",A0180000000a
2022,01337,"국수, 중면, 말린것, 삶은것",A0180050001b
2022,01338,"칼국수면, 생것, 삶은것",A0180070000b
2022,01339,"라면, 말린것, 삶은것",A0190000001d
2022,01340,"빵, 붕어빵, 팥",A0210220069a
2022,01341,"빵, 소시지빵",A0210230009a
2022,01342,"빵, 난",A0210240009a
2022,01344,"보리, 겉보리, 늘보리, 도정, 생것",A025008A010a
2022,01346,"시리얼, 옥수수, 그래놀라, 코코넛",A0290150009a
2022,01347,"시리얼, 옥수수, 그래놀라, 건조과일",A0290160009a
2022,01351,"옥수수, 메옥수수, 삶은것",A0300030009b
2022,01353,"옥수수 과자, 강냉이",A0310010009a
2022,01354,"옥수수 과자, 팝콘, 전자레인지 조리",A0310030009t
2022,01355,"잡곡, 현미, 찹쌀, 현미찹쌀, 보리 등, 생것",A0470002590a
2022,01357,김밥,S0060000009a
2022,01358,"김밥, 김치 김밥",S0060010009a
2022,01360,"김밥, 소고기 김밥",S0060030009a
2022,01361,"김밥, 참치 김밥",S0060040009a
2022,01362,"덮밥, 불고기 덮밥",S0150010009a
2022,01364,"덮밥, 제육 덮밥",S0150030009a
2022,01369,"볶음밥, 김치 볶음밥",S0300010009a
2022,01384,"퀴노아, 쪄서 말린것",A0460000002a
2022,02002,"감자, 대지, 생것",B0010060000a
2022,02003,"감자, 수미, 생것",B0010140000a
2022,02009,감자 샐러드,B0040000009a
2022,02010,"감자 과자, 감자칩, 구운것",B0020010009f
2022,02011,"감자 과자, 감자칩, 튀긴것",B0020010009j
2022,02012,"감자 튀김, 튀긴것",B0030000009j
2022,02013,"감자 튀김, 해시브라운, 튀긴것",B0030010009j
2022,02016,"고구마, 생것",B0060000000a
2022,02019,"고구마, 말린것",B0060000001a
2022,02020,"고구마, 찐것",B0060000009e
2022,02022,"곤약(구약나물), 국수형, 생것",B0090010000a
2022,02023,"곤약(구약나물), 판형, 생것",B0090020000a
2022,02025,"돼지감자, 생것",B0100000000a
2022,02026,"마, 단마, 생것",B0110010000a
2022,02028,"마, 장마, 생것",B0110030000a
2022,02030,"전분, 감자, 가루",B0140010005a
2022,02031,"전분, 고구마, 가루",B0140020005a
2022,02034,"전분, 옥수수, 가루",B0140050005a
2022,02039,"당면, 고구마, 말린것",B0070010001a
2022,02040,"당면, 고구마, 삶은것",B0070010001b
2022,02041,양장피,S0820000000a
2022,02043,"토란, 생것",B0170000000a
2022,02054,"아피오스감자, 생것",B0120000000a
2022,02055,"천마, 생것",B0150000000a
2022,02059,"감자, 대지, 삶은것",B0010060009b
2022,02060,"감자, 대지, 찐것",B0010060009e
2022,02061,"감자, 대지, 구운것",B0010060009f
2022,02062,"감자, 수미, 삶은것",B0010140009b
2022,02070,"고구마, 분질(밤) 고구마, 생것",B0060150000a
2022,02071,"고구마, 분질(밤) 고구마, 찐것",B0060150009e
2022,02072,"고구마, 분질(밤) 고구마, 구운것",B0060150009f
2022,02073,"고구마, 점질(호박) 고구마, 생것",B0060160000a
2022,02074,"고구마, 점질(호박) 고구마, 찐것",B0060160009e
2022,02075,"고구마, 점질(호박) 고구마, 구운것",B0060160009f
2022,02078,"마, 둥근마, 생것",B0110040000a
2022,03002,"껌, 추잉 껌",C0020010009a
2022,03003,"껌, 풍선껌",C0020020009a
2022,03004,꿀,C0030000009a
2022,03006,"꿀, 밤",C0030020009a
2022,03008,"꿀, 아카시아",C0030040009a
2022,03009,"꿀, 잡화",C0030050009a
2022,03010,"꿀, 토종",C0030060009a
2022,03014,물엿,C0070000009a
2022,03017,"사탕, 드롭스",C0090030009a
2022,03018,"사탕, 마쉬멜로",C0090040009a
2022,03019,"사탕, 박하사탕",C0090050009a
2022,03024,"설탕, 백설탕",C0110020009a
2022,03025,"설탕, 황설탕",C0110040009a
2022,03026,"설탕, 흑설탕",C0110050009a
2022,03029,"설탕, 가루",C0110000005a
2022,03030,"시럽, 단풍나무",C0120010009a
2022,03032,"시럽, 초콜릿",C0120030009a
2022,03036,"양갱, 팥",C0130010009a
2022,03037,"엿, 고구마",C0060020009a
2022,03040,"젤리, 구미",C0150010009a
2022,03041,"초콜릿, 다크 초콜릿",C0170020009a
2022,03042,"초콜릿, 땅콩 초콜릿",C0170030009a
2022,03043,"초콜릿, 밀크 초콜릿",C0170060009a
2022,03044,"초콜릿, 크런치 초콜릿",C0170110009a
2022,03045,"초콜릿, 밀크 아몬드 초콜릿",C0170050009a
2022,03047,"초콜릿, 화이트 초콜릿",C0170100009a
2022,03051,"캐러멜, 우유",C0180010009a
2022,03061,"조청, 도라지",C0160030009a
2022,03062,"조청, 쌀",C0160060009a
2022,03063,"껌, 무설탕",C0020030009a
2022,03066,"사탕, 땅콩",C0090070009a
2022,03067,"초코바, 땅콩 캐러멜",C0210010009a
2022,03068,"초코바, 쿠키 캐러멜",C0210020009a
2022,04001,"강낭콩, 생것",D0010000000a
2022,04002,"강낭콩, 말린것",D0010000001a
2022,04003,"강낭콩, 삶은것",D0010000009b
2022,04004,"녹두, 말린것",D0020000001a
2022,04005,"녹두, 삶은것",D0020000009b
2022,04006,"녹두 빈대떡, 가루",D0030000005a
2022,04009,녹두묵,D0050000009a
2022,04010,"대두, 검은색, 흑태, 말린것",D0120080001a
2022,04011,"대두, 검은색, 서리태, 말린것",D0120050001a
2022,04012,"대두, 노란색, 말린것",D0120020001a
2022,04015,"대두, 노란색, 삶은것",D0120020009b
2022,04016,"밤콩, 갈색, 말린것",D0120010001a
2022,04017,두부,D0150000009a
2022,04018,"두부, 동두부, 동결건조",D0150010008a
2022,04019,"두부, 순두부",D0150020009a
2022,04020,"두부, 연두부",D0150030009a
2022,04021,"두부, 유부",D0150040009j
2022,04022,비지,D0160000009a
2022,04023,"두유, 대두",D0170000009a
2022,04024,"대두, 콩가루",D0120020005n
2022,04026,콩조림(콩자반),D0130000009a
2022,04027,"동부, 생것",D0060000000a
2022,04028,"동부, 말린것",D0060000001a
2022,04029,"동부, 삶은것",D0060000009b
2022,04033,"완두, 생것",D0080000000a
2022,04034,"완두, 말린것",D0080000001a
2022,04035,"완두, 삶은것",D0080000009b
2022,04040,"쥐눈이콩(검정소립콩), 말린것",D0110000001a
2022,04041,"팥, 검은색, 말린것",D0180010001a
2022,04044,"팥, 적색, 말린것",D0180020001a
2022,04046,"팥, 적색, 삶은것",D0180020009b
2022,04047,"팥, 앙금, 페이스트",D0190000009a
2022,04066,"렌즈콩(렌틸콩), 빨간색, 말린것",D020001C021a
2022,04067,"렌즈콩(렌틸콩), 갈색, 말린것",D020001C061a
2022,04068,"병아리콩, 말린것",D0210010001a
2022,04071,"대두, 노란색, 볶은것",D0120020009n
2022,04072,"대두, 검은색, 서리태, 삶은것",D0120050009b
2022,04073,"대두, 검은색, 서리태, 볶은것",D0120050009n
2022,04074,"대두, 검은색, 흑태, 삶은것",D0120080009b
2022,04075,"대두, 검은색, 흑태, 볶은것",D0120080009n
2022,04076,"두유, 검은콩",D0170010009a
2022,04077,"두유, 검은콩, 검은참깨",D0170020009a
2022,04078,"두유, 콩국물, 소금 0.3%",D0170032259a
2022,04079,순두부찌개,S0430000009a
2022,04080,청국장 찌개,S0640000009a
2022,05001,"개암, 헤이즐넛, 말린것",E0010000001a
2022,05002,"개암, 헤이즐넛, 볶은것",E0010000009n
2022,05004,"도토리, 가루",E0020000005a
2022,05010,도토리묵,E0040000009a
2022,05011,"들깨, 말린것",E0050000001a
2022,05014,"땅콩, 대립종, 말린것",E0070020001a
2022,05015,"땅콩, 중립종, 말린것",E0070040001a
2022,05017,"땅콩, 볶은것",E0070000009n
2022,05018,"땅콩, 삶은것, 소금첨가",E0070000009b
2022,05019,"땅콩, 조미, 볶은것",E007000000Do
2022,05020,"땅콩, 가루",E0070000005a
2022,05026,"마카다미아, 조미, 볶은것",E012000000Dn
2022,05028,"밤, 생것",E0140000000a
2022,05033,"밤, 말린것",E0140000001a
2022,05035,"밤, 삶은것",E0140000009b
2022,05043,"브라질너트, 말린것",E0170000001a
2022,05044,"브라질너트, 조미, 볶은것",E017000000Dn
2022,05045,"삼씨(대마씨), 말린것",E0180000001a
2022,05048,"아몬드, 말린것",E0200000001a
2022,05049,"아몬드, 조미, 볶은것",E020000000Dn
2022,05050,"연씨, 생것",E0210000580a
2022,05052,"은행, 생것",E0220000000a
2022,05054,"잣, 말린것",E0230000001a
2022,05055,"잣, 볶은것",E0230000009n
2022,05058,"참깨, 검은색, 말린것",E0260010001a
2022,05059,"참깨, 검은색, 볶은것",E0260010009n
2022,05061,"참깨, 흰색, 볶은것",E0260020009n
2022,05062,"참깨 과자, 엿강정",E0270010009a
2022,05064,"캐슈넛, 조미, 볶은것",E029000000Da
2022,05065,"코코넛, 말린것",E0300000001a
2022,05068,"코코넛, 코코넛밀크",E0300000609a
2022,05069,코코넛수,E0310000619a
2022,05070,"피스타치오, 말린것",E0320000001a
2022,05071,"피스타치오, 조미, 볶은것",E032000000Dn
2022,05072,"피칸, 말린것",E0330000001a
2022,05073,"피칸, 조미, 볶은것",E033000000Dn
2022,05074,"해바라기씨, 말린것",E0340000001a
2022,05075,"해바라기씨, 볶은것",E0340000009n
2022,05077,"호두, 말린것",E0350000001a
2022,05078,"호두, 볶은것",E0350000009n
2022,05079,"호박씨, 말린것",E0360000001a
2022,05091,"땅콩, 말린것",E0070000001a
2022,05092,"땅콩, 검은색, 말린것",E0070010001a
2022,05102,"밤, 구운것",E0140000009f
2022,05103,"아마씨, 볶은것",E037000B179n
2022,05104,"아몬드, 볶은것",E0200000009n
2022,05105,"은행, 볶은것",E0220000009n
2022,05106,"잣, 생것",E0230000000a
2022,05107,"치아씨, 말린것",E038000B171a
2022,05108,"피스타치오, 볶은것",E0320000009n
2022,06001,"가시오갈피, 순, 생것",F001000B110a
2022,06002,"가시오갈피, 순, 데친것",F001000B119c
2022,06004,"가지, 생것",F0030000000a
2022,06005,"가지, 말린것",F0030000001a
2022,06006,"가지, 데친것",F0030000009c
2022,06007,"가지, 염절임",F003000000Ia
2022,06013,"고구마, 잎, 생것",F208000B140a
2022,06014,"고구마, 줄기, 생것",F208000B160a
2022,06015,"고구마, 줄기, 말린것",F208000B161a
2022,06016,"고구마, 줄기, 삶은것",F208000B169b
2022,06019,"고려엉겅퀴(곤드레), 재배, 말린것",F0140030001a
2022,06025,"고사리, 생것",F0160000000a
2022,06026,"고사리, 삶아서 말린것",F0160000003a
2022,06027,"고사리, 데친것",F0160000009c
2022,06028,"고수(향채), 생것",F0170000000a
2022,06029,"고추, 꽈리고추, 생것",F0180020000a
2022,06030,"고추, 빨간색, 생것",F018000C020a
2022,06032,"고추, 빨간색, 말린것",F018000C021a
2022,06034,"고추, 초록색, 녹광, 생것",F018003C050a
2022,06037,고추장아찌,F0200000009a
2022,06038,"고춧잎, 생것",F019000B140a
2022,06039,"고춧잎, 데친것",F019000B149c
2022,06040,"고추냉이, 뿌리, 생것",F021000B090a
2022,06046,"취나물, 곰취, 데친것",F0230000009c
2022,06048,"취나물, 곰취, 재배, 말린것",F0230020001a
2022,06049,"공심채, 생것",F0240000000a
2022,06050,"공심채, 데친것",F0240000009c
2022,06055,"근대, 생것",F0270000000a
2022,06056,"근대, 데친것",F0270000009c
2022,06057,"김치, 갓김치",F2050010009a
2022,06058,"김치, 고들빼기",F2050020009a
2022,06059,"김치, 깍두기",F2050030009a
2022,06060,"김치, 나박 김치",F2050040009a
2022,06061,"김치, 동치미",F2050050009a
2022,06063,"김치, 배추 김치",F2050070009a
2022,06064,"김치, 백김치",F2050080009a
2022,06065,"김치, 열무 김치",F2050090009a
2022,06066,"김치, 열무 물김치",F2050100009a
2022,06067,"김치, 유채 김치",F2050120009a
2022,06068,"김치, 유채 물김치",F2050130009a
2022,06069,"김치, 총각 김치",F2050140009a
2022,06070,"김치, 파 김치",F2050150009a
2022,06071,"들깻잎, 생것",F049000B140a
2022,06072,"들깻잎, 데친것",F049000B149c
2022,06073,"들깻잎, 찐것",F049000B149e
2022,06077,"꽃양배추(콜리플라워), 생것",F0300000000a
2022,06078,"꽃양배추(콜리플라워), 데친것",F0300000009c
2022,06079,"날개콩, 미숙, 생것",F0320000580a
2022,06080,"냉이, 생것",F0330000000a
2022,06085,"완두, 통조림",D008000000Ra
2022,06092,"달래, 생것",F0390000000a
2022,06096,"당근, 뿌리, 생것",F041000B090a
2022,06097,"당근, 뿌리, 데친것",F041000B099c
2022,06098,"더덕, 뿌리, 생것",F043000B090a
2022,06100,"도라지, 뿌리, 생것",F044000B090a
2022,06102,"도라지, 뿌리, 데친것",F044000B099c
2022,06103,"도라지, 뿌리, 가루",F044000B095a
2022,06104,"돌나물, 생것",F0450000000a
2022,06107,"두릅, 참두릅, 생것",F0470000000a
2022,06108,"두릅, 참두릅, 데친것",F0470000009c
2022,06121,"마늘, 생것",F053000B060a
2022,06124,"마늘, 말린것",F053000B061a
2022,06126,"풋마늘, 잎줄기, 생것",F054000B150a
2022,06127,"마늘종, 꽃줄기, 생것",F055000B080a
2022,06128,마늘 장아찌,F0570000009a
2022,06129,마늘종 장아찌,F2060000009a
2022,06134,"머위, 생것",F0620000000a
2022,06136,"머위, 데친것",F0620000009c
2022,06137,"머위, 삶은것",F0620000009b
2022,06142,"총각무, 뿌리, 생것",F176000B090a
2022,06145,"무청, 조선무, 생것",F067002B140a
2022,06146,"무, 조선무, 생것",F065002B090a
2022,06147,"무 절임, 단무지",F060000B09Ia
2022,06148,"무말랭이, 말린것",F071000B091a
2022,06149,"무청, 시래기, 말린것, 삶은것",F068000B141b
2022,06151,"무 절임, 치킨무",F069000B09Ia
2022,06157,"미나리, 물미나리, 생것",F0770030000a
2022,06158,"미나리, 물미나리, 데친것",F0770030009c
2022,06159,"미나리, 물미나리, 줄기, 생것",F077003B160a
2022,06165,"미나리, 돌미나리, 생것",F0770020000a
2022,06166,"미나리, 돌미나리, 데친것",F0770020009c
2022,06168,"민들레, 생것",F0780000000a
2022,06169,"민들레, 데친것",F0780000009c
2022,06175,"바질, 잎, 생것",F080000B140a
2022,06177,"박, 과육, 생것",F0810000590a
2022,06179,"박고지, 말린것",F0820000001a
2022,06186,"배추, 생것",F0870000000a
2022,06187,"배추, 봄동, 생것",F0870030000a
2022,06188,"배추, 얼갈이배추, 생것",F1360000000a
2022,06189,"배추, 데친것",F0870000009c
2022,06192,"보리, 쌀보리, 순, 생것",F213001B110a
2022,06194,"보리, 순, 가루",F213000B115a
2022,06196,"부추, 재래종, 생것",F0910040000a
2022,06197,"부추, 재래종, 데친것",F0910040009c
2022,06200,"브로콜리, 생것",F0920000000a
2022,06201,"브로콜리, 데친것",F0920000009c
2022,06202,"브로콜리, 삶은것",F0920000009b
2022,06203,"개비름, 생것",F0930000000a
2022,06204,"개비름, 데친것",F0930000009c
2022,06206,"비타민채(다채), 생것",F0940000000a
2022,06207,"비트, 잎, 생것",F095000B140a
2022,06209,"비트, 뿌리, 생것",F095000B090a
2022,06210,"비트, 뿌리, 데친것",F095000B099c
2022,06214,"산마늘(명이나물), 생것",F098000B150a
2022,06223,"상추, 반결구, 로메인, 녹색, 생것",F1010032490a
2022,06227,"생강, 뿌리줄기, 생것",F102000B100a
2022,06229,생강 피클,F104000000Ja
2022,06230,"생강, 편강, 당조림",F1950000009q
2022,06234,"갯나물, 세발나물, 생것",F1060000000a
2022,06235,"셀러리, 생것",F1070000000a
2022,06241,"숙주나물, 생것",F1120000000a
2022,06242,"숙주나물, 데친것",F1120000009c
2022,06246,"순무, 뿌리, 생것",F113000B090a
2022,06249,"시금치, 노지, 생것",F1150010000a
2022,06250,"시금치, 하우스, 생것",F1150030000a
2022,06251,"시금치, 데친것",F1150000009c
2022,06257,"무순, 싹, 생것",F066000B120a
2022,06259,"알팔파, 싹, 생것",F127000B120a
2022,06262,"쌈추, 생것",F1170000000a
2022,06263,"쑥, 생것",F1180000000a
2022,06265,"쑥갓, 생것",F1190000000a
2022,06266,"쑥갓, 데친것",F1190000009c
2022,06268,"씀바귀, 생것",F1210000000a
2022,06269,"씀바귀, 데친것",F1210000009c
2022,06270,"씀바귀, 뿌리, 생것",F121000B090a
2022,06271,"아스파라거스, 생것",F1220000000a
2022,06272,"아스파라거스, 데친것",F1220000009c
2022,06274,"아욱, 생것",F1230000000a
2022,06275,"아욱, 데친것",F1230000009c
2022,06279,"양배추, 생것",F1290000000a
2022,06280,"양배추, 데친것",F1290000009c
2022,06281,"양배추 샐러드, 코울슬로",F1300010009a
2022,06282,"양배추, 적색, 생것",F1290010000a
2022,06283,"상추, 결구(양상추), 녹색, 생것",F1010142490a
2022,06285,"양파, 생것",F1320000000a
2022,06287,"양파, 말린것",F1320000001a
2022,06288,"양파, 데친것",F1320000009c
2022,06289,"양파링, 튀긴것(튀김옷)",F1330000009k
2022,06293,"음나무(엄나무), 잎, 생것",F138000B140a
2022,06294,"음나무(엄나무), 잎, 데친것",F138000B149c
2022,06297,"여주(고야), 생것",F1400000000a
2022,06298,"연근, 생것",F1410000000a
2022,06299,"연근, 데친것",F1410000009c
2022,06300,"열무, 생것",F1440000000a
2022,06301,"열무, 데친것",F1440000009c
2022,06303,염교(락교),F146000000Ja
2022,06307,"오이, 다다기, 생것",F1480010000a
2022,06310,"오이, 늙은오이, 생것",F1480030000a
2022,06311,"오이지, 염절임",F150000000Ia
2022,06312,오이 피클,F149000000Ja
2022,06313,"김치, 오이 소박이",F2050110009a
2022,06320,"우엉, 생것",F1540000000a
2022,06321,"우엉, 데친것",F1540000009c
2022,06322,울외장아찌,F155000000Ia
2022,06323,"원추리, 생것",F1560000000a
2022,06327,"유채, 동채, 생것",F1570010000a
2022,06333,"겨자, 적색, 생것",F0110010000a
2022,06338,"대나무순(죽순), 생것",F167000B110a
2022,06340,"대나무순(죽순), 데친것",F167000B119c
2022,06341,"대나무순(죽순), 통조림",F167000B11Ra
2022,06344,"질경이, 생것",F1700000000a
2022,06345,"질경이, 데친것",F1700000009c
2022,06347,"참나물, 재배, 생것",F1710020000a
2022,06349,"참나물, 재배, 말린것",F1710020001a
2022,06354,"취나물, 참취, 생것",F1770030000a
2022,06356,"취나물, 참취, 데친것",F1770030009c
2022,06357,"청경채, 생것",F1750000000a
2022,06358,"치커리, 잎, 적색, 생것",F178001B140a
2022,06359,"치커리, 잎, 생것",F178000B140a
2022,06362,"케일, 생것",F1800000000a
2022,06365,"콜라비, 생것",F1810000000a
2022,06366,"콜라비, 데친것",F1810000009c
2022,06367,"콩나물, 생것",F1820000000a
2022,06368,"콩나물, 삶은것",F1820000009b
2022,06372,"콩잎, 잎, 생것",F183000B140a
2022,06375,"토란대, 줄기, 생것",F185000B160a
2022,06376,"토란대, 줄기, 데친것",F185000B169c
2022,06378,"토란대, 줄기, 말린것, 데친것",F185000B161b
2022,06379,"토마토, 생것",F1860000000a
2022,06380,"토마토, 데친것",F1860000009c
2022,06381,토마토 음료,F1870002299a
2022,06382,"토마토, 통조림",F186000000Ra
2022,06383,"토마토, 통조림, 페이스트",F1880000009a
2022,06384,"토마토, 통조림, 퓨레",F189000000Ra
2022,06385,"토마토, 방울토마토, 생것",F1860010000a
2022,06389,"파, 쪽파, 생것",F1910030000a
2022,06390,"파, 실파, 생것",F1910020000a
2022,06392,"파슬리, 생것",F1930000000a
2022,06394,"파프리카, 빨간색, 생것",F194000C020a
2022,06395,"파프리카, 주황색, 생것",F194000C040a
2022,06396,"파프리카, 노란색, 생것",F194000C010a
2022,06400,"피망, 초록색, 생것",F196000C050a
2022,06401,"피망, 빨간색, 생것",F196000C020a
2022,06404,"호박, 늙은호박, 생것",F1980030000a
2022,06405,"호박, 늙은호박, 말린것",F1990010001a
2022,06407,"호박, 애호박, 생것",F1980050000a
2022,06408,"호박, 애호박, 데친것",F1980050009c
2022,06410,"호박, 쥬키니, 생것",F1980060000a
2022,06411,"호박, 쥬키니, 데친것",F1980060009c
2022,06412,"호박, 단호박, 생것",F1980040000a
2022,06413,"호박, 단호박, 데친것",F1980040009c
2022,06414,"호박, 잎, 생것",F198000B140a
2022,06415,"호박, 잎, 데친것",F198000B149c
2022,06416,"호박, 잎, 찐것",F198000B149e
2022,06424,"무, 조선무, 데친것",F065002B099c
2022,06426,"배추, 삶은것",F0870000009b
2022,06427,"배추, 염절임",F087000000Ia
2022,06431,"고추, 청양고추, 생것",F0180080000a
2022,06432,"고추, 오이고추, 생것",F0180060000a
2022,06433,"고추, 풋고추, 생것",F0180000620a
2022,06434,"고춧잎, 말린것",F019000B141a
2022,06435,"냉이, 데친것",F0330000009c
2022,06436,"당귀, 일당귀, 잎, 생것",F040001B140a
2022,06437,"당귀, 참당귀, 잎, 생것",F040004B140a
2022,06443,"배추, 봄동, 데친것",F0870030009c
2022,06462,"브로콜리, 가루",F0920000005a
2022,06466,"비타민채(다채), 어린잎, 생것",F0940002660a
2022,06467,"양배추, 적색, 싹, 생것",F129001B120a
2022,06470,"쑥, 말린것",F1180000001a
2022,06475,"오이, 취청, 생것",F1480050000a
2022,06481,"파, 생것",F1910000000a
2022,06482,"갯기름나물, 하우스, 생것",F0080020000a
2022,06491,"알로에, 과육, 생것",F1260000590a
2022,06492,들깻잎장아찌,F0500000009a
2022,06499,"갯기름나물, 하우스, 데친것",F0080020009c
2022,06504,"고구마, 줄기, 데친것",F208000B169c
2022,06508,"고려엉겅퀴(곤드레), 재래종, 잎, 생것",F014004B140a
2022,06510,"고춧잎, 삶아서 말린것, 삶은것",F019000B143b
2022,06515,"김치, 얼갈이배추 김치",F2050160009a
2022,06518,당근 주스,F0420000749a
2022,06527,"루꼴라, 생것",F2320000000a
2022,06529,"마늘, 통마늘, 구운것",F053000B069f
2022,06543,"무 절임, 쌈무",F222000000Ja
2022,06544,"미니파프리카, 주황색, 생것",F194004C040a
2022,06545,"미니파프리카, 노란색, 생것",F194002C010a
2022,06546,"미니파프리카, 빨간색, 생것",F194003C020a
2022,06548,"배초향(방아), 잎, 생것",F221000B140a
2022,06557,"배추, 가을 재배, 염절임",F087000228Ia
2022,06562,"뽕잎, 삶아서 말린것, 삶은것",F2350000003b
2022,06563,"뽕잎, 삶은것",F2350000009b
2022,06569,"산마늘(명이나물), 데친것",F098000B159c
2022,06570,"삼붕냐와, 생것",F2270000000a
2022,06576,"상추, 반결구, 로메인, 적색, 생것",F1010032500a
2022,06577,"상추, 잎상추, 치마상추, 녹색, 생것",F1010162490a
2022,06578,"상추, 잎상추, 치마상추, 적색, 생것",F1010162500a
2022,06587,"시금치, 노지, 데친것",F1150010009c
2022,06588,"시금치, 포항초, 데친것",F1150020009c
2022,06589,"시금치, 하우스, 데친것",F1150030009c
2022,06591,"시금치, 섬초, 데친것",F1150040009c
2022,06594,"아주까리, 순, 말린것",F125000B110a
2022,06599,"양배추, 찐것",F1290000009e
2022,06600,"양파, 자색 양파, 생것",F1320020000a
2022,06604,양파 장아찌,F2180000009a
2022,06605,"배추, 얼갈이배추, 데친것",F1360000009c
2022,06609,"유채, 잎, 데친것",F157000B149c
2022,06610,"유채, 동채, 데친것",F1570010009c
2022,06611,"대나무순(죽순), 삶은것",F167000B119b
2022,06612,"참나물, 재배, 데친것",F1710020009c
2022,06613,"참죽나물(가죽나물), 생것",F1740000000a
2022,06617,"청경채, 데친것",F1750000009c
2022,06620,"취나물, 참취, 삶아서 말린것",F1770030003a
2022,06621,"취나물, 참취, 삶아서 말린것, 데친것",F1770030003c
2022,06625,"토마토, 대저, 생것",F1860040000a
2022,06630,"파, 대파, 생것",F1910040000a
2022,06631,"파프리카, 노란색, 데친것",F194000C040b
2022,06636,"할라페뇨, 통조림",F233000000Ra
2022,06638,"호박, 단호박, 찐것",F1980040009e
2022,06640,"호박, 애호박, 말린것",F1980050001a
2022,06643,호박즙,F2150000759a
2022,06644,"우엉, 장조림",F2140000009r
2022,06646,채소 주스,P0010000009a
2022,06647,"채소 주스, 녹즙",P0010042369a
2022,06649,"배추, 시래기, 말린것",F087000B141a
2022,06650,"배추, 시래기, 말린것, 삶은것",F087000B141b
2022,06651,산마늘(명이나물)장아찌,F098000B15Ja
2022,06652,"갯기름나물, 생것",F0080000000a
2022,06655,"시금치, 생것",F1150000000a
2022,07003,"느타리버섯, 생것",G0040000000a
2022,07004,"느타리버섯, 데친것",G0040000009c
2022,07005,"만가닥버섯, 생것",G0070000000a
2022,07006,"목이버섯, 말린것",G0080000001a
2022,07007,"목이버섯, 데친것",G0080000009c
2022,07017,"상황버섯, 말린것",G0120000001a
2022,07018,"송이버섯, 생것",G0140000000a
2022,07021,"싸리버섯, 생것",G0150000000a
2022,07025,"양송이버섯, 생것",G0180000000a
2022,07026,"양송이버섯, 통조림",G018000000Ra
2022,07034,"큰느타리버섯(새송이버섯), 생것",G0230000000a
2022,07035,"큰느타리버섯(새송이버섯), 데친것",G0230000009c
2022,07038,"팽이버섯, 생것",G0250040000a
2022,07039,"팽이버섯, 데친것",G0250040009c
2022,07044,"표고버섯, 참나무재배, 생것",G0270020000a
2022,07045,"표고버섯, 참나무재배, 데친것",G0270020009c
2022,07046,"표고버섯, 참나무재배, 말린것",G0270020001a
2022,07047,"표고버섯, 참나무재배, 말린것, 삶은것",G0270000001b
2022,07048,"표고버섯, 가루",G0270000005a
2022,07064,"목이버섯, 생것",G0080000000a
2022,07067,"노루궁뎅이버섯, 생것",G0030000000a
2022,07078,"애느타리버섯, 생것",G0170000000a
2022,07081,"표고버섯, 배지재배, 갓, 생것",G0270000640a
2022,07082,"표고버섯, 배지재배, 갓, 말린것",G0270000641a
2022,07084,"표고버섯, 배지재배, 갓, 데친것",G0270000649c
2022,07085,"표고버섯, 배지재배, 대, 생것",G0270000700a
2022,08001,"감, 단감, 생것",H0010010000a
2022,08003,"감, 연시, 생것",H0010040000a
2022,08004,"감, 대봉, 갑주백목, 생것",H0010020000a
2022,08005,"감, 연시, 냉동",H0010040007a
2022,08006,"감, 감말랭이, 말린것",H0050000001a
2022,08007,"감, 곶감, 말린것",H0060000001a
2022,08013,"귤 주스, 천연과즙",H0130000759a
2022,08016,"귤, 통조림",H010000E03Ra
2022,08017,"귤, 잼",H0120000009a
2022,08018,"귤, 만감류, 한라봉, 생것",H0100010000a
2022,08020,"구아바 주스, 과즙 음료(10%)",H0090000739a
2022,08022,"자몽(그레이프프루트), 생것",H0840000000a
2022,08026,"자몽(그레이프프루트) 주스, 가당, 캔",H085000E01Qa
2022,08028,"금귤, 생것",H0140000000a
2022,08031,"다래, 생것",H0150000000a
2022,08032,"대추, 생것",H0160000000a
2022,08033,"대추, 말린것",H0160000001a
2022,08036,"딸기, 개량종, 생것",H0190010000a
2022,08037,"딸기, 재래종, 생것",H0190030000a
2022,08038,"딸기, 잼",H0210000009a
2022,08040,"라임 주스, 천연과즙",H0230000759a
2022,08041,"라임 주스, 캔",H023000000Qa
2022,08042,"레몬, 생것",H0240000000a
2022,08043,레몬 과즙,H0250000009a
2022,08047,"리치, 생것",H0270000000a
2022,08048,"망고, 생것",H0280000000a
2022,08049,"매실, 생것",H0290000000a
2022,08050,매실청,H030000000Ha
2022,08051,"매실 절임, 염절임, 고형물",H031000000Ia
2022,08054,"머루, 생것, 껍질과 씨 포함",H032000B220a
2022,08057,"멜론, 머스크, 생것",H0340020000a
2022,08060,"무화과, 생것",H0360000000a
2022,08061,"무화과, 수입산, 말린것",H0360000001a
2022,08063,"바나나, 생것",H0370000000a
2022,08064,"바나나, 말린것",H0370000001a
2022,08065,"배, 신고, 생것",H0380040000a
2022,08068,배즙,H0390000009a
2022,08077,"복숭아, 백도, 생것",H0430020000a
2022,08078,"복숭아, 천도, 생것",H0430070000a
2022,08079,"복숭아, 황도, 생것",H0430080000a
2022,08080,"복숭아, 넥타",H0440000009a
2022,08081,"복숭아, 당절임",H043000000Ha
2022,08082,"복숭아, 잼",H0450000009a
2022,08084,"복숭아, 황도, 통조림",H043008000Ra
2022,08085,"블루베리, 생것",H0470000000a
2022,08086,"블루베리, 잼",H0480000009a
2022,08090,"사과, 부사, 생것",H0500020000a
2022,08091,"사과, 아오리, 생것, 껍질 포함",H050003B030a
2022,08092,"사과, 홍옥, 생것",H0500070000a
2022,08093,"사과, 말린것",H0500000001a
2022,08096,사과 주스,H0530000749a
2022,08098,"사과, 넥타",H0510000009a
2022,08100,"사과, 잼",H0520000009a
2022,08101,"산딸기, 생것",H0540000000a
2022,08102,"산수유, 열매, 생것",H055000B130a
2022,08103,"살구, 생것",H0560000000a
2022,08104,"살구, 말린것",H0560000001a
2022,08105,"살구, 넥타",H0570000009a
2022,08107,"살구, 잼",H0580000009a
2022,08108,"석류, 생것",H0590000000a
2022,08110,"수박, 적육질, 생것",H0610030000a
2022,08111,"수박, 황육질, 생것",H0610040000a
2022,08114,"아보카도, 생것",H0640000000a
2022,08115,"아세로라, 감미종, 생것",H0650010000a
2022,08119,"오디, 생것",H0680000009a
2022,08121,"오렌지, 생것",H0690000000a
2022,08122,오렌지 주스,H0720000009a
2022,08125,"오렌지 음료, 캔",H072000000Qa
2022,08129,"올리브 절임, 미숙, 초록색",H076000C059a
2022,08130,"올리브 절임, 완숙, 검은색",H0760000799a
2022,08136,"자두, 생것",H0820000000a
2022,08137,"참외, 생것, 씨 포함",H086000B040a
2022,08138,"참외, 금싸라기, 생것, 씨 제거",H0860010850a
2022,08144,"파인애플, 생것",H0920000000a
2022,08145,파인애플 주스,H0940000749a
2022,08150,"파인애플, 통조림, 고형물",H092000251Ra
2022,08155,"포도, 거봉, 생것",H0980010000a
2022,08158,"포도, 캠벨얼리, 생것",H0980070000a
2022,08160,"포도, 건포도",H0980000001a
2022,08161,포도 주스,H1020000009a
2022,08163,포도즙,H1060000759a
2022,08167,"포도, 잼",H1010000009a
2022,08170,"프루트칵테일, 통조림",H104000000Ra
2022,08181,"귤, 온주밀감, 생것",H0100020000a
2022,08184,"망고, 애플망고, 생것",H0280010000a
2022,08193,"블랙베리, 생것",H0460000000a
2022,08194,"블루베리, 냉동",H0470000007a
2022,08195,"복분자, 생것",H0420000000a
2022,08199,오미자청,H074000000Ha
2022,08200,"용과, 백육종, 생것",H0770010000a
2022,08207,"자두, 말린것",H0820000001a
2022,08210,유자청,O023000000Ha
2022,08215,"귤, 만감류, 천혜향, 생것",H0100060000a
2022,08216,"꾸지뽕, 열매, 생것",H114000B130a
2022,08217,"딸기, 말린것",H0190010001a
2022,08218,"라즈베리, 냉동",H1150000007a
2022,08225,"바나나칩, 튀긴것",H0370000001j
2022,08229,"복숭아, 황도, 통조림, 고형물",H043008251Ra
2022,08233,"블루베리, 말린것",H0470000001a
2022,08236,"아로니아, 네로, 생것",H1100010000a
2022,08237,"아로니아, 바이킹, 냉동",H1100020007a
2022,08242,"참외, 생것, 씨 제거",H086000B200a
2022,08243,"체리, 생것",H1110000000a
2022,08246,"크랜베리, 말린것, 가당",H0880000001a
2022,08247,"키위, 골드, 생것",H0900010000a
2022,08248,"키위, 그린, 생것",H0900020000a
2022,08249,키위 주스,H1090002449a
2022,08250,"파인애플, 통조림, 액즙",H092000252Ra
2022,08253,"파파야, 완숙, 생것",H0950002540a
2022,08255,"백향과(패션프루트), 생것, 씨 포함",H0960000000a
2022,08256,"포도, 거봉, 생것, 껍질 포함",H098001B030a
2022,08257,"포도, 캠벨얼리, 생것, 껍질 포함",H098007B030a
2022,08258,"포도, 캠벨얼리, 생것, 껍질과 씨 포함",H098007B220a
2022,08259,"포도, 힘로드시드레스, 생것",H0980080000a
2022,08260,"포도, 힘로드시드레스, 생것, 껍질 포함",H098008B030a
2022,08261,"포도, 샤인머스캣, 생것, 껍질 포함",H098009B030a
2022,08263,"귤, 만감류, 레드향, 생것",H0100140000a
2022,08264,"귤, 만감류, 황금향, 생것",H0100150000a
2022,09001,"개고기, 생것",
2022,09015,"닭고기, 성계, 생것",I0080010000a
2022,09016,"닭고기, 살코기, 생것",I008000D150a
2022,09018,"닭고기, 살코기, 삶은것",I008000D159b
2022,09020,"닭고기, 살코기, 튀긴것(튀김옷)",I008000D159k
2022,09026,"닭고기, 가슴, 생것",I008000D020a
2022,09027,"닭고기, 가슴, 구운것(팬)",I008000D029g
2022,09028,"닭고기, 가슴, 튀긴것(튀김옷)",I008000D029k
2022,09029,"닭고기, 날개, 생것",I008000D050a
2022,09030,"닭고기, 날개, 구운것(오븐)",I008000D059i
2022,09031,"닭고기, 날개, 삶은것",I008000D059b
2022,09033,"닭고기, 날개, 튀긴것(튀김옷)",I008000D059k
2022,09038,"닭고기, 다리(넓적다리), 생것",I008000D060a
2022,09041,"닭고기, 다리(아랫다리), 생것",I008000F080a
2022,09042,"닭고기, 다리(아랫다리), 구운것(오븐)",I008000F089i
2022,09043,"닭고기, 다리(아랫다리), 삶은것",I008000F089b
2022,09045,"닭고기, 다리(아랫다리), 튀긴것(튀김옷)",I008000F089k
2022,09051,"닭고기, 목, 튀긴것(튀김옷)",I008000D129k
2022,09052,"닭고기, 영계, 삶은것",I0080020009b
2022,09054,"닭고기, 토종, 생것",I0080040000a
2022,09060,"닭고기, 전체, 튀긴것",I008000B019j
2022,09061,닭 육수,I0110000009a
2022,09066,"닭 부산물, 모래주머니, 생것",I009000D410a
2022,09070,"돼지고기, 살코기, 생것",I014000D150a
2022,09071,"돼지고기, 갈비, 생것",I014000D030a
2022,09072,"돼지고기, 갈비, 구운것(팬)",I014000D039g
2022,09073,"돼지고기, 갈비, 삶은것",I014000D039b
2022,09075,"돼지고기, 뒷다리, 생것",I014000D100a
2022,09077,"돼지고기, 등심, 생것",I014000D110a
2022,09078,"돼지고기, 등심, 구운것(팬)",I014000D119g
2022,09081,"돼지고기, 목심, 생것",I014000D130a
2022,09082,"돼지불고기, 생것",I0190000000a
2022,09083,"돼지고기, 사태, 생것",I014000D140a
2022,09084,"돼지고기, 사태, 구운것(팬)",I014000D149g
2022,09085,"돼지고기, 삼겹살(삼겹살), 생것",I014000D160a
2022,09086,"돼지고기, 안심, 생것",I014000D200a
2022,09087,"돼지고기, 안심, 구운것(팬)",I014000D209g
2022,09089,"돼지고기, 앞다리(앞다리살), 생것",I014000D770a
2022,09094,"돼지 부산물, 간, 삶은것",I015000D339b
2022,09096,"돼지 부산물, 머리고기, 생것",I015000D400a
2022,09097,"돼지 부산물, 소창(곱창), 삶은것",I015000D459b
2022,09101,"돼지 부산물, 심장(염통), 삶은것",I015000D479b
2022,09103,"돼지 부산물, 족발, 삶은것",I015000D519b
2022,09104,"돼지 부산물, 족발, 조미, 삶은것",I015000D51Db
2022,09106,"돼지 부산물, 허파, 삶은것",I015000D579b
2022,09107,"포크커틀릿, 냉동",I0180000007a
2022,09109,베이컨,I0210000009a
2022,09110,"베이컨, 구운것",I0210000009f
2022,09113,"소시지, 볼로냐소시지",I0160020009a
2022,09114,"소시지, 위너(비엔나)소시지",I0160030009a
2022,09115,"소시지, 이탈리안소시지",I0160040009a
2022,09116,"소시지, 프랑크푸르트소시지",I0160050009a
2022,09119,"햄, 등심햄",I0170010009a
2022,09124,"햄, 슬라이스햄",I0170060009a
2022,09128,"햄, 런천미트햄",I0170020009a
2022,09130,"멧돼지고기, 생것",I0240000000a
2022,09135,"소고기, 한우(1등급), 살코기, 생것",I027006D150a
2022,09137,"소고기, 한우, 등심, 생것",I027003D110a
2022,09142,"소고기, 한우, 양지, 생것",I027003D280a
2022,09145,"소불고기, 생것",I0290000000a
2022,09149,"소고기, 수입산, 목심(목심살), 생것",I027001D130a
2022,09150,"소고기, 수입산, 목심(목심살), 삶은것",I027001D139b
2022,09152,"소고기, 수입산, 사태, 끓인것",I027001D149d
2022,09156,"소고기, 수입산, 안심(안심살), 구운것",I027001D209f
2022,09162,"소 부산물, 간, 생것",I028000D330a
2022,09166,"소 부산물, 꼬리, 생것",I028000D360a
2022,09167,양지국물,I0300000009a
2022,09168,"우족국물, 중량3배물",I0310001079a
2022,09170,"소 부산물, 외국산, 대장, 생것",
2022,09171,"소 부산물, 소장(곱창), 생것",I028000D450a
2022,09172,"소 부산물, 신장, 생것",I028000D460a
2022,09174,"소 부산물, 심장, 생것",I028000D470a
2022,09176,"소 부산물, 양(위), 생것",I028000D480a
2022,09177,"소 부산물, 천엽, 생것",I028000D540a
2022,09178,"소 부산물, 선지(피), 생것",I028000D440a
2022,09179,"소 부산물, 허파, 생것",I028000D570a
2022,09183,"소고기, 육포",I0320000009a
2022,09220,"어린양고기, 수입산, 갈비, 구운것(오븐)",I037001D039i
2022,09239,"햄, 프레스햄",I0170080009a
2022,09240,"햄, 프레스햄, 데친것",I0170080009c
2022,09250,"닭고기, 구운것",I0080000009f
2022,09251,"돼지고기, 삼겹살, 구운것(팬)",I014000D169g
2022,09255,"돼지 부산물, 소창(곱창), 생것",I015000D450a
2022,09261,"포크커틀릿, 냉동, 튀긴것(빵가루)",I0180000007j
2022,09283,"닭고기, 가슴, 삶은것",I008000D029b
2022,09285,"닭 부산물, 닭발, 삶은것",I009000F050b
2022,09288,"돼지고기, 목심, 삶은것",I014000D139b
2022,09289,"돼지고기, 목심, 구운것(팬)",I014000D139g
2022,09291,"돼지고기, 삼겹살, 삶은것",I014000D169b
2022,09295,"돼지고기, 뒷다리(뒷사태살), 생것",I014000D640a
2022,09299,"돼지고기, 뒷다리(홍두깨살), 생것",I014000D680a
2022,09303,"돼지고기, 앞다리(앞사태살), 생것",I014000D720a
2022,09304,"돼지고기, 삼겹살(갈매기살), 생것",I014000D730a
2022,09305,"돼지고기, 삼겹살(등갈비), 생것",I014000D740a
2022,09308,"돼지고기, 앞다리(항정살), 생것",I014000D780a
2022,09310,"돼지 부산물, 위(오소리감투), 생것",I015000D490a
2022,09311,"돼지 부산물, 자궁, 생것",I015000D500a
2022,09315,"소고기, 한우, 등심, 구운것(팬)",I027003D119g
2022,09316,"소고기, 한우, 양지, 삶은것",I027003D289b
2022,09318,"소고기, 한우(1등급), 목심, 생것",I027006D130a
2022,09320,"소고기, 한우(1등급), 설도(설깃살), 생것",I027006D190a
2022,09321,"소고기, 한우(1등급), 안심, 생것",I027006D200a
2022,09322,"소고기, 한우(1등급), 앞다리(꾸리살), 생것",I027006D220a
2022,09323,"소고기, 한우(1등급), 우둔(우둔살), 생것",I027006D260a
2022,09324,"소고기, 한우(1등급), 우둔(홍두깨살), 생것",I027006D270a
2022,09325,"소고기, 한우(1등급), 양지(양지머리), 생것",I027006D290a
2022,09327,"소고기, 한우(1등급), 채끝, 생것",I027006D320a
2022,09328,"소고기, 한우(1등급), 앞다리(부채살), 생것",I027006D710a
2022,09329,"소고기, 한우(1등급), 앞다리(앞다리살), 생것",I027006D770a
2022,09330,"소고기, 한우(1등급), 갈비(꽃갈비), 생것",I027006D800a
2022,09331,"소고기, 한우(1등급), 갈비(본갈비), 생것",I027006D810a
2022,09332,"소고기, 한우(1등급), 갈비(안창살), 생것",I027006D820a
2022,09337,"소고기, 한우(1등급), 등심(살치살), 생것",I027006D870a
2022,09340,"소고기, 한우(1등급), 사태(뒷사태), 생것",I027006D900a
2022,09343,"소고기, 한우(1등급), 사태(아롱사태), 생것",I027006D930a
2022,09344,"소고기, 한우(1등급), 사태(앞사태), 생것",I027006D940a
2022,09345,"소고기, 한우(1등급), 설도(도가니살), 생것",I027006D950a
2022,09346,"소고기, 한우(1등급), 설도(삼각살), 생것",I027006D960a
2022,09352,"소고기, 한우(1등급), 양지(차돌박이), 생것",I027006F030a
2022,09353,"소고기, 한우(1등급), 양지(치마살), 생것",I027006F040a
2022,09356,"오리고기, 생것, 껍질 포함",I040000B030a
2022,09357,"오리고기, 살코기, 생것",I040000D150a
2022,09361,"소고기, 한우(1등급), 갈비, 생것",I027006D030a
2022,09362,"소고기, 한우(1등급), 등심, 생것",I027006D110a
2022,09364,"소고기, 한우(1등급), 설도, 생것",I027006D170a
2022,09365,"소고기, 한우(1등급), 앞다리, 생것",I027006D210a
2022,09366,"소고기, 한우(1등급), 우둔, 생것",I027006F070a
2022,09367,"소고기, 한우(1등급), 양지, 생것",I027006D280a
2022,10004,"기러기알, 삶은것",J0020000009b
2022,10005,"달걀, 생것",J0030000000a
2022,10006,"달걀, 삶은것",J0030000009b
2022,10007,"달걀, 난백, 생것",J0030001080a
2022,10008,"달걀, 난백, 삶은것",J0030001089b
2022,10009,"달걀, 난황, 생것",J0030001090a
2022,10010,"달걀, 난황, 삶은것",J0030001099b
2022,10011,"달걀, 가루",J0030000005a
2022,10012,"달걀, 수란, 중탕",J0050000009s
2022,10013,"달걀, 스크램블에그",J0060000009n
2022,10014,"달걀, 부침(달걀프라이)",J0040000009m
2022,10015,"메추리알, 생것",J0080000000a
2022,10016,"메추리알, 삶은것",J0080000009b
2022,11004,"가다랑어, 반건",
2022,11005,"다랑어, 가다랑어 육수",K0020000009a
2022,11007,"다랑어, 가다랑어, 통조림, 유지",K001000000Sa
2022,11014,"가오리, 노랑가오리, 생것",K0070020000a
2022,11018,"가자미, 생것",K0080000000a
2022,11032,"갈치, 생것",K0100000000a
2022,11033,"갈치, 얼간",K010000000Ka
2022,11034,"갈치, 젓갈",K011000000Ia
2022,11039,"고등어, 생것",K0150000000a
2022,11041,"고등어, 반건조",K0150000004a
2022,11042,"고등어, 구운것",K0150000009f
2022,11044,"고등어, 자반고등어",K015000112Ka
2022,11045,"고등어, 통조림",K015000000Ra
2022,11051,"까나리, 삶아서 말린것",K0190000003a
2022,11055,"꽁치, 생것",K0230000000a
2022,11056,"꽁치(과메기), 동건품",K023000000Ya
2022,11060,"꽁치, 통조림, 조미",K023000000Ta
2022,11062,"날치, 알, 생것",K025000D590a
2022,11065,"넙치(광어), 생것",K0270000000a
2022,11070,"노래미, 생것",K0310000000a
2022,11072,"농어, 생것",K0330000000a
2022,11083,"다랑어, 참다랑어, 생것",K0390010000a
2022,11085,"다랑어, 참다랑어, 붉은살, 생것",K0390010940a
2022,11089,"다랑어, 참다랑어, 냉동",K0390010007a
2022,11093,"다랑어, 황다랑어, 생것",K0390020000a
2022,11099,"대구, 생것",K0440000000a
2022,11102,"대구, 내장, 생것",K045000D370a
2022,11103,"대구, 알, 생것",K045000D590a
2022,11104,"대구, 냉동",K0440000007a
2022,11105,"대구, 포, 말린것",K044000D561a
2022,11110,"대구 튀김, 냉동",K0460000007a
2022,11112,"도다리, 생것",K0500000000a
2022,11113,"도루묵, 생것",K0520000000a
2022,11117,"독가시치, 생것",K0540000000a
2022,11119,"돔, 감성돔, 생것",K0550020000a
2022,11126,"돔, 돌돔, 생것",K0550090000a
2022,11135,"돔, 옥돔, 생것",K0550190000a
2022,11138,"돔, 옥돔, 반건조",K0550190004a
2022,11141,"돔, 참돔, 생것",K0550220000a
2022,11162,"메기, 생것",K0650000000a
2022,11163,"멸치, 생것",K0660000000a
2022,11164,"멸치, 대멸치, 삶아서 말린것",K0660001143a
2022,11165,"멸치, 중멸치, 삶아서 말린것",K0660001153a
2022,11166,"멸치, 잔멸치, 삶아서 말린것",K0660001163a
2022,11167,"멸치, 젓갈",K069000000Ia
2022,11168,"멸치, 액젓",K069001000Ia
2022,11169,"멸치, 통조림, 유지",K066000000Sa
2022,11170,"명태, 생것",K0700000000a
2022,11172,"명태, 북어, 말린것",K0700001171a
2022,11173,"명태, 노가리, 말린것",K0700001181a
2022,11174,"명태, 동태, 냉동",K0700001227a
2022,11175,"명태, 코다리, 반건조",K0700001214a
2022,11177,"명태, 먹태, 포, 말린것",K070000D561a
2022,11178,"명태, 포, 조미하여 말린것",K070000123Ba
2022,11180,"명태, 알, 생것",K071000D590a
2022,11188,"문절망둑, 생것",K0750000000a
2022,11193,"미꾸리, 생것",K0770000000a
2022,11196,"민어, 생것",K0790000000a
2022,11200,"민어, 암치, 조미하여 말린것",K079001000Ba
2022,11204,"박대, 생것",K0820000000a
2022,11205,"박대, 말린것",K0820000001a
2022,11206,"박대, 반건조",K0820000004a
2022,11207,"방어, 생것",K0830000000a
2022,11210,"방어, 구운것",K0830000009f
2022,11214,"밴댕이, 삶아서 말린것",K0850000003a
2022,11215,"밴댕이, 젓갈",K086000000Ia
2022,11218,"뱅어, 포, 말린것",K087000D561a
2022,11225,"병어, 생것",K0920000000a
2022,11227,"보리멸, 생것",K0940000000a
2022,11229,"복어, 검복, 생것",K0950010000a
2022,11230,"복어, 까치복, 생것",K0950030000a
2022,11233,"복어, 밀복, 생것",K0950060000a
2022,11234,"복어, 자주복, 생것",K0950070000a
2022,11237,"볼기우럭, 생것",K1420000000a
2022,11239,"볼락, 생것",K0960000000a
2022,11242,"볼락, 조피볼락(우럭), 생것",K0960070000a
2022,11252,"붕어, 생것",K1010000000a
2022,11267,"삼치, 생것",K1070000000a
2022,11287,"서대, 참서대, 생것",K1150030000a
2022,11289,"송어, 생것",K1170000000a
2022,11293,"숭어, 생것",K1200000000a
2022,11303,"아귀, 생것",K1280000000a
2022,11305,"아귀, 간, 생것",K129000D330a
2022,11314,"양미리, 말린것",K1330000001a
2022,11315,"양태, 생것",K1340000000a
2022,11318,"연어, 생것",K1370000000a
2022,11319,"연어, 생것, 소금첨가",K1370001240a
2022,11320,"연어, 구운것, 소금첨가",K1370001249f
2022,11321,"연어, 알, 생것",K138000D590a
2022,11328,"연어, 훈제",K137000000Fa
2022,11333,"대구, 은대구, 생것",K0440020000a
2022,11345,"임연수어, 생것",K1480000000a
2022,11346,"임연수어, 반건조",K1480000004a
2022,11347,"임연수어, 염장",K148000000Ka
2022,11348,"잉어, 생것",K1490000000a
2022,11352,"장어, 갯장어, 생것",K1530010000a
2022,11353,"장어, 먹장어, 생것",K1530020000a
2022,11354,"장어, 뱀장어, 생것",K1530040000a
2022,11355,"장어, 뱀장어, 구운것",K1530040009f
2022,11358,"장어, 붕장어, 생것",K1530050000a
2022,11360,"장어, 붕장어, 뼈, 튀긴것",K154002D439j
2022,11363,"장문볼락, 생것",K1520000000a
2022,11375,"전어, 생것",K1570000000a
2022,11376,"전어, 젓갈",K159000000Ia
2022,11390,"정어리, 통조림, 조미",K161000000Ta
2022,11392,"조기(참조기), 생것",K1620000000a
2022,11393,"조기(참조기), 굴비, 소금에 절여 말린것",K162000129Aa
2022,11394,"조기(참조기), 젓갈",K163000000Ia
2022,11395,"준치, 생것",K1640000000a
2022,11423,"향어, 생것",K1780000000a
2022,11424,"홍어, 생것",K1800000000a
2022,11433,"황새치, 젓갈",K184000000Ia
2022,11440,"어묵, 구운것",K8000000009f
2022,11441,"어묵, 찐어묵",K8000000009e
2022,11442,어묵,K8000000009j
2022,11443,어육소시지,K8030000009a
2022,11449,"가리비, 생것",K4000000000a
2022,11451,"가리비, 삶은것",K4000000009b
2022,11455,"가리비, 관자, 생것",K4000001300a
2022,11459,"조개, 가무락조개, 생것",K4250010000a
2022,11461,"조개, 개량조개(명주조개), 생것",K4250020000a
2022,11462,"조개, 개량조개(명주조개), 말린것",K4250020001a
2022,11463,"조개, 개조개, 생것",K4250030000a
2022,11467,"굴, 참굴, 생것",K4040020000a
2022,11473,"굴, 참굴, 양념젓갈(어리굴젓)",K405001000Ia
2022,11477,"꼬막, 생것",K4060000000a
2022,11479,"우렁이, 논우렁이, 생것",K4190010000a
2022,11481,"동죽, 생것",K4110000000a
2022,11491,"바지락, 생것",K4130000000a
2022,11493,"바지락, 말린것",K4130000001a
2022,11495,"바지락, 젓갈",K414000000Ia
2022,11498,"백합, 생것",K4150000000a
2022,11499,"백합, 구운것",K4150000009f
2022,11503,"고둥, 보말고둥, 생것",K4030100000a
2022,11505,"고둥, 보말고둥, 삶은것",K4030100009b
2022,11507,"대합, 북방대합, 생것",K4100010000a
2022,11508,"맛, 붉은맛(큰죽합), 생것",K4120010000a
2022,11512,"꼬막, 새꼬막, 생것",K4060010000a
2022,11516,"소라, 생것",K4160000000a
2022,11517,"소라, 통조림",K416000000Ra
2022,11521,"우렁이, 왕우렁, 생것",K4190030000a
2022,11523,"고둥, 위고둥, 생것",K4030130000a
2022,11524,"재첩, 생것",K4210000000a
2022,11525,"전복, 둥근전복, 생것",K4220010000a
2022,11527,"전복, 북방전복, 생것",K4220030000a
2022,11530,"전복, 내장, 생것",K423000D370a
2022,11534,"조개, 접시조개(비단조개), 생것",K4250110000a
2022,11541,"우렁이, 큰구슬우렁이(골뱅이), 생것",K4190040000a
2022,11543,"조개, 키조개, 생것",K4250140000a
2022,11546,"고둥, 피뿔고둥, 생것",K4030170000a
2022,11547,"조개, 피조개, 생것",K4250160000a
2022,11550,"담치, 참담치(홍합), 생것",K4270000000a
2022,11551,"담치, 참담치(홍합), 삶아서 말린것",K4270000003a
2022,11552,"담치, 참담치(홍합), 통조림",K427000000Ra
2022,11553,"가재, 갯가재, 생것",K6000010000a
2022,11555,"가재, 바닷가재, 생것",K6000020000a
2022,11556,"가재, 바닷가재, 찐것",K6000020009e
2022,11557,"오징어, 갑오징어, 생것",K6230010000a
2022,11559,"개불, 생것",K6010000000a
2022,11560,"게, 꽃게, 생것",K6020010000a
2022,11561,"게, 꽃게, 찐것",K6020010009e
2022,11564,"게, 닭게, 젓갈",K604001000Ia
2022,11570,"게, 붉은대게, 생것",K6020100000a
2022,11576,"꼴뚜기, 참꼴뚜기, 생것",K6060000000a
2022,11579,"꼴뚜기, 양념젓갈",K607000127Ia
2022,11581,"낙지, 세발낙지, 생것",K6080010000a
2022,11582,"문어, 생것",K6110000000a
2022,11583,"문어, 대문어, 말린것",K6110000001a
2022,11584,"문어, 삶은것",K6110000009b
2022,11585,"미더덕, 생것",K6120000000a
2022,11586,"게, 방게, 생것",K6020060000a
2022,11597,"새우, 꽃새우, 생것",K6130050000a
2022,11598,"새우, 꽃새우, 찐것",K6130050009e
2022,11599,"새우, 꽃새우, 튀긴것(빵가루)",K6130050009k
2022,11600,"새우, 꽃새우, 냉동",K6130050007a
2022,11601,"새우, 꽃새우, 삶아서 말린것",K6130050003a
2022,11605,"새우, 대하, 생것",K6130070000a
2022,11609,"새우, 보리새우, 생것",K6130110000a
2022,11610,"새우, 보리새우, 삶은것",K6130110009b
2022,11612,"새우, 중하, 생것",K6130130000a
2022,11614,"새우, 중하, 삶아서 말린것",K6130130003a
2022,11617,"새우, 젓새우, 생것",K6130140000a
2022,11621,"새우, 징거미새우, 생것",K6130150000a
2022,11626,"새우, 젓갈, 토굴육젓",K617005136Ia
2022,11627,"새우, 젓갈, 추젓",K617007000Ia
2022,11634,"성게, 알, 젓갈",K620002000Ia
2022,11636,"오징어, 생것",K6230000000a
2022,11637,"오징어, 말린것",K6230000001a
2022,11638,"오징어, 구운것",K6230000009f
2022,11641,"오징어, 냉동",K6230000007a
2022,11644,"오징어, 양념젓갈",K627000127Ia
2022,11646,"오징어, 조미, 구운것",K623000000Df
2022,11647,"오징어, 포, 조미하여 말린것",K623000D56Ba
2022,11649,"오징어, 조미훈제",K623000000Ga
2022,11650,"멍게(우렁쉥이), 생것",K6100000000a
2022,11651,"멍게, 양식, 생것",K6100030000a
2022,11652,"주꾸미, 생것",K6290000000a
2022,11658,"한치, 생것",K6330000000a
2022,11659,"해삼, 생것",K6340000000a
2022,11660,"해삼, 말린것",K6340000001a
2022,11662,"해파리, 생것",K6360000000a
2022,11666,"새우, 젓갈",K617004000Ia
2022,11692,멸치 육수,K0680000009a
2022,11693,"명태, 황태, 포, 말린것",K0700001201a
2022,11707,"다슬기, 생것",K4070000000a
2022,11720,"게, 대게, 생것",K6020030000a
2022,11734,어묵 국물,K8010000009a
2022,11738,"쥐치, 포, 조미하여 말린것",K165000D56Ba
2022,11742,"게, 대게, 삶은것",K6020030009b
2022,11744,"낙지, 생것",K6080000000a
2022,11745,"새우, 흰다리새우, 생것",K6130180000a
2022,11752,"까나리, 액젓",K019001000Ia
2022,11753,"꽁치, 통조림",K023000000Ra
2022,11754,"꽁치, 통조림, 고형물",K023000251Ra
2022,11755,"명태, 알, 양념젓갈(명란젓)",K072001127Ia
2022,11756,"명태, 내장, 양념젓갈(창난젓)",K072002127Ia
2022,11758,"우렁이, 큰구슬우렁이(골뱅이), 통조림, 고형물",K419004251Ra
2022,11759,"조개, 젓갈",K425000000Ia
2022,11760,"오징어, 채, 조미하여 말린것",K623000F06Ba
2022,11761,"낙지, 양념젓갈",K806000127Ia
2022,11762,"멍게, 양념젓갈",K807000127Ia
2022,12001,"갈래곰보, 생것",L0010000000a
2022,12005,"김, 참김, 말린것",L0030090001a
2022,12009,"김, 참김, 구운것",L0030090009f
2022,12010,"김, 김밥용김, 말린것",L0030010001a
2022,12011,"김, 둥근돌김, 말린것",L0030030001a
2022,12014,"김, 초밥김, 말린것",L0030100001a
2022,12016,"꼬시래기, 생것",L0040000000a
2022,12017,"다시마, 생것",L0050000000a
2022,12018,"다시마, 말린것",L0050000001a
2022,12025,다시마 튀각,L0080000009a
2022,12028,"매생이, 말린것",L0110000001a
2022,12029,"모자반, 생것",L0120000000a
2022,12033,"미역, 생것",L0130000000a
2022,12035,"미역, 말린것",L0130000001a
2022,12037,"미역, 줄기, 생것",L013000B160a
2022,12042,미역 튀각,L0140000009j
2022,12043,"불등풀가사리, 말린것",L0150000001a
2022,12048,우뭇가사리묵(우무),L0200000009a
2022,12049,한천,L0210000009a
2022,12055,"톳, 생것",L0260000000a
2022,12056,"톳, 말린것",L0260000001a
2022,12058,"파래, 생것",L0270000000a
2022,12060,"파래, 말린것",L0270000001a
2022,12070,"매생이, 생것",L0110000000a
2022,12071,"미역, 줄기, 염장 후 탈염, 삶은것",L013000B16Lb
2022,12072,다시마 육수,L0070000009a
2022,12073,"김, 조미김, 구운것",L0030040009f
2022,13003,"분유, 1단계",M0020010009a
2022,13004,"분유, 2단계",M0020020009a
2022,13006,"분유, 탈지",M0020050009a
2022,13007,"연유, 점성이 높은것",M007000E019a
2022,13009,"연유, 점성이 낮은것",M007000E039a
2022,13010,우유,M0090000009a
2022,13012,"우유, 저지방우유",M0090040009a
2022,13014,"우유, 강화우유, 고칼슘",M0090021469a
2022,13015,"우유, 가공우유, 딸기맛",M0090011389a
2022,13016,"우유, 가공우유, 바나나맛",M0090011459a
2022,13017,"우유, 가공우유, 초코맛",M0090011429a
2022,13018,"우유, 가공우유, 커피맛",M0090011439a
2022,13019,산양유,M0030000009a
2022,13020,셔벗,M0040000009a
2022,13021,아이스밀크,M0050000009a
2022,13022,"아이스크림, 유지방 12%",M0060002099a
2022,13023,"아이스크림, 유지방 8%",M0060002089a
2022,13024,"아이스크림, 딸기맛",M0060001389a
2022,13025,"아이스크림, 바닐라맛",M0060001399a
2022,13026,"아이스크림, 초콜릿맛",M0060001409a
2022,13027,"아이스크림, 소프트 아이스크림, 바닐라맛",M0060011399a
2022,13028,"요구르트, 액상",M0080010009a
2022,13029,"요구르트, 호상, 딸기맛",M0080041389a
2022,13030,"요구르트, 호상, 플레인",M0080042339a
2022,13034,"치즈, 모차렐라",M0100020009a
2022,13035,"치즈, 체다",M0100040009a
2022,13036,"치즈, 카테지",M0100050009a
2022,13037,"치즈, 크림",M0100060009a
2022,13038,"치즈, 파르메산(파마산)",M0100070009a
2022,13045,"크림, 휘핑, 동물성",M0130050009a
2022,13046,"요구르트, 액상(농후), 딸기맛",M0080011389a
2022,13047,"요구르트, 액상, 저당",M0080012319a
2022,13049,"요구르트, 액상(농후), 식이섬유 첨가",M0080030009a
2022,13050,"요구르트, 액상(농후), 사과맛, 식이섬유 첨가",M0080032149a
2022,13052,"요구르트, 액상(농후), 플레인, 식이섬유 첨가",M0080032339a
2022,13053,"요구르트, 호상, 망고맛",M0080042349a
2022,13054,"치즈, 블루",M0100080009a
2022,13055,"치즈, 브리",M0100090009a
2022,13056,"치즈, 까망베르",M0100100009a
2022,13057,"치즈, 고다",M0100110009a
2022,13059,"치즈, 리코타",M0100130009a
2022,13060,"크림, 생크림",M0130070009a
2022,13061,"크림, 휘핑, 식물성",M0130060009a
2022,14001,닭기름,N0010000009a
2022,14002,돼지기름,N0020000009a
2022,14003,들기름,N0030000009a
2022,14005,땅콩 버터,N0050000009a
2022,14006,"땅콩 버터, 청크",N0050040009a
2022,14008,마가린,N0060000009a
2022,14010,버터,N0080000009a
2022,14013,쇠기름,N0110000009a
2022,14014,쇼트닝,N0120000009a
2022,14015,쌀겨기름(미강유),N0130000009a
2022,14017,옥수수기름,N0160000009a
2022,14018,올리브유,N0170000009a
2022,14021,유채씨기름,N0180000009a
2022,14023,참기름,N0200000009a
2022,14024,"커피크리머, 가루",M0120000005a
2022,14027,코코넛유,N0210000009a
2022,14028,콩기름,N0220000009a
2022,14029,팜유,N0230000009a
2022,14030,해바라기유,N0240000009a
2022,14031,혼합식물성유,N0250000009a
2022,14041,고추기름,N0270000009a
2022,14044,아보카도유,N0320000009a
2022,14046,포도씨유,N0260000009a
2022,15002,레모네이드,P0030000009a
2022,15005,매실 음료,P0040000009a
2022,15008,"셰이크, 딸기맛",P0050001389a
2022,15009,"셰이크, 바닐라맛",P0050001399a
2022,15010,"셰이크, 초콜릿맛",P0050001409a
2022,15011,"식혜, 캔",P006000000Qa
2022,15012,"이온 음료, 레몬향",P0080002379a
2022,15014,"탄산 음료, 레몬소다",P0090020009a
2022,15015,"탄산 음료, 오렌지소다",P0090050009a
2022,15018,"탄산 음료, 포도소다",P0090120009a
2022,15019,"탄산 음료, 사이다",P0090030009a
2022,15020,"탄산 음료, 소다수",P0090040009a
2022,15021,"탄산 음료, 진저에일",P0090070009a
2022,15022,"탄산 음료, 콜라",P0090090009a
2022,15023,"탄산 음료, 저칼로리콜라",P0090060009a
2022,15025,토닉워터,P0100000009a
2022,15026,돌복숭아주,Q0010000009a
2022,15029,"막걸리, 알코올 6%",Q0040001689a
2022,15031,"맥주, 알코올 4.5%",Q0060001629a
2022,15035,"보드카, 알코올 40%",Q0070001639a
2022,15038,"샴페인, 알코올 6%",Q0090001689a
2022,15039,"소주, 알코올 25%",Q0100001719a
2022,15042,"위스키, 알코올 40%",Q0120001639a
2022,15046,"청주, 알코올 16%",Q0140001759a
2022,15048,"칵테일, 테킬라썬라이즈",Q0150020009a
2022,15054,"칵테일, 위스키사워, 알코올 16.8%",Q0150081799a
2022,15059,"포도주, 백포도주, 알코올 12%",Q0160021849a
2022,15060,"포도주, 적포도주, 알코올 12%",Q0160031849a
2022,15063,"계피차, 가루",O0030000005a
2022,15064,"구기자차, 말린것",O0040000001a
2022,15065,"녹차, 가루",O0070000005a
2022,15066,녹차,O007000000Na
2022,15067,도라지차,O011000000Na
2022,15070,보리차,O014000000Na
2022,15072,"생강차, 가루",O0170000005a
2022,15073,"쌍화차, 가루",O0180000005a
2022,15076,우롱차,O022000000Na
2022,15079,"율무차, 가루",O0240000005a
2022,15081,"인삼차, 과립차, 가루",O0250001545a
2022,15084,"커피, 커피가루, 인스턴트",O0270021585a
2022,15085,"커피, 커피가루, 디카페인",O0270021565a
2022,15087,"커피, 아메리카노(2샷)",O027001158Pa
2022,15088,"커피, 캔",O027002155Qa
2022,15089,"코코아, 밀크코코아, 가루",O0290010005a
2022,15093,"녹차, 현미",O007003000Na
2022,15095,"홍삼차, 가루",O0310000005a
2022,15097,홍차,O032000000Na
2022,15099,"홍차, 레몬",O032001000Na
2022,15110,야콘차,O020000000Na
2022,15111,대추차,O010000000Na
2022,15119,둥굴레차,O013000000Na
2022,15122,"커피, 커피가루, 설탕, 크림, 인스턴트",O0270021555a
2022,15124,칡즙,B0190000009a
2022,15125,알로에 음료,F2160000009a
2022,15126,망고 음료,H108000E019a
2022,15127,"아세로라 주스, 과즙 음료(10%)",H1240000739a
2022,15132,보이차,O0340000009a
2022,15133,"유자차, 고형물 포함",O023000235Pa
2022,15134,카모마일차,O036000000Na
2022,15135,"커피, 에스프레소",O027001157Pa
2022,15136,헛개 음료,O0330000009a
2022,15137,"홍차, 복숭아, 캔",O032002000Qa
2022,15142,"젖산 음료, 복숭아맛",P0110002459a
2022,15144,"탄산 음료, 요구르트소다",P0090140009a
2022,15145,"고량주, 알코올 50%",Q0170001649a
2022,15146,"복분자주, 알코올 15%",Q0180002479a
2022,15147,"소주, 알코올 17.8%",Q0100002389a
2022,15148,"오가피주, 알코올 13%",Q0110001729a
2022,15152,"녹차라떼, 가루",O0070040005a
2022,15153,"커피, 커피가루, 설탕, 인스턴트",O0270022625a
2022,15154,"커피, 커피가루, 설탕, 물에 탄것(중량 2.7g)",O027002262Pa
2022,15155,생강청,O017000000Ha
2022,15156,"코코아, 가루",O0290000005a
2022,15157,홍삼 음료,O0310010009a
2022,15158,"홍차, 복숭아, 가루",O0320020005a
2022,16002,"간장, 재래",R0010030009a
2022,16003,"간장, 개량, 양조",R0010010009a
2022,16004,"겨자, 가루",R0520000005a
2022,16005,겨자 페이스트,R0500000009a
2022,16006,"계피, 가루",R0030000005a
2022,16007,"고추냉이, 가루",R0510000005a
2022,16008,"고추냉이, 페이스트",R0510010009a
2022,16009,고춧가루,R0070000005a
2022,16010,"고추장, 개량",R0050010009a
2022,16012,초고추장,R0060000009a
2022,16013,굴 소스,R0080000009a
2022,16014,"깨소금, 가루, 볶은것",R0090000005n
2022,16015,낫토,R0100000009a
2022,16016,포크커틀릿 소스,R0110000009a
2022,16018,"된장, 개량",R0120020009a
2022,16020,미소,R0120030009a
2022,16021,"된장, 재래",R0120040009a
2022,16022,라면 스프,R0130000009a
2022,16023,"마늘, 가루",R0530000005a
2022,16024,마늘 페이스트,R0140010009a
2022,16025,마요네즈,R0150020009a
2022,16027,맛술,R0160000009a
2022,16029,"조미료, 멸치맛, 가루",R0310001895a
2022,16030,"조미료, 쇠고기맛, 가루",R0310001905a
2022,16031,"산초, 가루",R0170000005a
2022,16032,"샐러드 드레싱, 사우전드아일랜드",R0180020009a
2022,16034,"샐러드 드레싱, 프렌치",R0180050009a
2022,16035,"생강, 가루",R0550000005a
2022,16036,생강 페이스트,R0190000009a
2022,16037,"소금, 굵은소금",R0200001859a
2022,16038,소금,R0200000009a
2022,16039,"소금, 가공염, 죽염",R0200011869a
2022,16041,"식초, 감식초",R0220010009a
2022,16043,"식초, 사과식초",R0220030009a
2022,16044,"식초, 포도식초",R0220070009a
2022,16045,"식초, 쌀식초",R0220040009a
2022,16047,"식초, 양조",R0220060009a
2022,16048,"식초, 현미식초",R0220080009a
2022,16049,쌈장,R0230000009a
2022,16050,"양파, 가루",R0560000005a
2022,16052,"올스파이스, 가루",R0250000005a
2022,16053,우스터 소스,R0260000009a
2022,16054,"육두구, 가루",R0270000009a
2022,16056,"정향, 가루",R0290000005a
2022,16059,청국장,R0320000009a
2022,16060,"청국장, 가루",R0320000005a
2022,16061,"칠리, 가루",R0330000005a
2022,16062,"카레 소스, 가루",R0340000005a
2022,16064,"타임, 가루",R0360000005a
2022,16066,토마토 소스,R0380000009a
2022,16067,토마토 케첩,R0380010009a
2022,16068,"파슬리, 말린것",R0570000001a
2022,16070,핫 소스,R0400000009a
2022,16071,"후추, 검은색, 가루",R0410010005a
2022,16072,"후추, 흰색, 가루",R0410020005a
2022,16082,"소금, 천일염",R0200030009a
2022,16083,"소금, 천일염, 소금꽃",R0200031879a
2022,16088,소불고기 양념,R0040010009a
2022,16089,데리야끼 소스,R0640000009a
2022,16090,"된장, 개량, 찌개용",R0120052419a
2022,16092,바비큐 소스,R0630000009a
2022,16093,"식초, 발사믹",R0220090009a
2022,16095,"소금, 가공염, 퉁퉁마디(함초)",R0200012429a
2022,16096,"조미료, 액상",R0310010009a
2022,16097,"짜장 소스, 가루",R0280000005a
2022,16098,"짜장 소스, 레토르트",R028000000Wa
2022,16099,"청국장, 찌개용",R0320002419a
2022,16100,"짜장 소스, 춘장",R0580000009a
2022,16101,칠리 소스,R0620000009a
2022,16103,"메밀 냉면 육수, 인스턴트",S0860001589a
2022,16104,"라면, 용기라면, 국물, 조리후",S0850002239d
2022,16105,"마요네즈, 저칼로리",R0150030009a
2022,17002,"게맛살, 어육함량이 낮은것",K6030000009a
2022,17004,"고기 소스, 통조림",R004000000Ra
2022,17007,"북어국, 인스턴트, 조리전",S0310001581a
2022,17008,"사골국, 인스턴트",S0340001589a
2022,17013,"만두, 고기 만두",S0260010009a
2022,17014,"만두, 김치 만두",S0260030009a
2022,17016,"미트볼, 냉동",S0290000007a
2022,17017,"볶음밥, 새우 볶음밥",S0300020009a
2022,17019,"새우 튀김용, 냉동",K6160000007a
2022,17023,"스파게티, 미트소스 스파게티, 냉동",S0450010007a
2022,17024,"스파게티 소스, 토마토, 병조림",R021000000Va
2022,17026,"스프, 소고기 스프, 가루",S0460010005a
2022,17030,"스프, 양송이 스프, 가루",S0460040005a
2022,17031,"스프, 양송이 스프, 가루, 끓인것",S0460040005d
2022,17032,"스프, 양파 스프, 가루",S0460050005a
2022,17036,"스프, 크림 스프, 가루",S0460070005a
2022,17038,"스프, 크림 스프, 가루, 끓인것",S0460070005d
2022,17063,"카레 소스, 레토르트",R034000000Wa
2022,17064,"크로켓, 감자 크로켓, 냉동",S0710010007a
2022,17068,"팥죽, 레토르트",S075000000Wa
2022,17074,"피자, 슈퍼슈프림 피자, 냉동",S0760050007a
2022,17078,"핫도그, 냉동",S0780000007a
2022,17079,"햄버거 스테이크, 냉동",
2022,17091,갈비탕,S0010000009a
2022,17095,곰탕,S0050000009a
2022,17096,"튀김, 김말이튀김",S0730010009a
2022,17102,김치찌개,S0070000009a
2022,17104,꼬리곰탕,S0100000009a
2022,17106,내장탕,S0120000009a
2022,17107,닭꼬치,I0120000009a
2022,17113,도가니탕,S0160000009a
2022,17114,"돈저냐(동그랑땡), 냉동",S0170000007a
2022,17116,돼지고기 볶음,S0190000009a
2022,17117,된장찌개,S0200000009a
2022,17125,"만두, 군만두",S0260020009j
2022,17127,"만두, 물만두",S0260040009a
2022,17130,무말랭이 무침,F0720000009a
2022,17137,"삼각김밥, 고추장 불고기",S0350010009a
2022,17138,"삼각김밥, 숯불갈비",S0350020009a
2022,17139,"삼각김밥, 참치 마요네즈",S0350030009a
2022,17140,삼계탕,S0360000009a
2022,17141,"새우 튀김용, 튀긴것(빵가루)",K6160000009a
2022,17143,소고기육개장,S0400000009a
2022,17144,소머리국,S0410000009a
2022,17146,순대국,S0420000009a
2022,17150,"장어, 양념, 구운것",K1530001279f
2022,17151,어묵국,K8020000009a
2022,17152,연근 조림,F1420000009a
2022,17153,연잎밥,S0490000009a
2022,17156,오징어 튀김,K6240000009j
2022,17160,육회,S0530000009a
2022,17161,"멸치 볶음, 잔멸치볶음",K0670020009a
2022,17164,게살죽,S0020000009d
2022,17165,깨죽,S0090000009d
2022,17166,소고기버섯죽,S0390000009d
2022,17167,전복죽,S0560000009d
2022,17169,호박죽,S0840000009d
2022,17178,추어탕,S0660000009a
2022,17182,탕수육,S0720000009a
2022,17186,"순대, 선지 비율 낮은것",I0220010009e
2022,17189,"게맛살, 어육함량이 높은것",K6030010009a
2022,18003,"동충하초, 누에동충하초, 말린것",G0060010001a
2022,18012,"누에, 번데기, 통조림",T011000000Ra
2022,18013,"뽕잎, 가루",R0670000005a
2022,18017,"선인장, 보검선인장, 줄기, 생것",F212001B160a
2022,18024,"송화, 가루",T0160000005a
2022,18031,"인삼, 수삼, 생것",T0210020000a
2022,18032,"인삼, 백삼, 말린것",T0210010001a
2022,18033,"인삼, 홍삼, 말린것",T0210030001a
2022,18034,"인삼, 홍삼, 추출",T021003000Na
2022,18037,"팽창제, 베이킹파우더",T0250010009a
2022,18043,"팽창제, 효모, 말린것",T0250030001a
2022,18044,"로즈마리, 말린것",R0460000001a
2022,18049,"오레가노, 말린것",R0610000001a
2022,18054,"단백질 보충제, 가루",T0300000005a
2022,18055,"단백질 보충제, 저지방, 가루",T0300002325a
2022,20002,"시리얼,아몬드푸레이크(농심켈로그)",
2022,20007,"시리얼,콘푸레이크(농심켈로그)",
2022,20008,"시리얼,콘푸로스트(농심켈로그)",
2022,20011,"시리얼,현미푸레이크(농심켈로그)",
2022,20012,"시리얼,후르트링(농심켈로그)",
2022,20015,"시리얼,포스트아몬드후레이크(동서식품㈜)",
2022,20016,"시리얼,포스트코코볼(동서식품㈜)",
2022,20017,"시리얼,포스트콘후레이크(동서식품㈜)",
2022,20019,"시리얼,포스트현미후레이크(동서식품㈜)",
2022,21018,"두부,순두부(풀무원)",
2022,22056,"다랑어/참치(통조림),고추참치(동원F&B)",
2022,22062,"꽁치,통조림(캔)(동원F&B)",
2022,22069,"다랑어/참치(통조림),라이트스탠다드참치(동원F&B)",
2022,22070,"다랑어/참치(통조림),마일드참치(동원F&B)",
2022,22154,"어육소시지,소시지,천하장사(진주햄)",
2022,22225,"다랑어/참치(통조림),살코기참치(한성기업)",
2022,22278,"다랑어/참치(통조림),동원살코기참치(삼진물산)",
2022,23002,"사과,넥타,과수원사과(남양유업)",
2022,23017,"요구르트(액상),요구르트(남양유업)",
2022,23024,"우유,남양우유(남양유업)",
2022,23032,"요구르트(액상),불가리스(사과)(남양유업)",
2022,23033,"요구르트(액상),불가리스(포도)(남양유업)",
2022,23034,"우유,아인슈타인(남양유업)",
2022,23036,"요구르트(액상),E-5(남양유업)",
2022,23037,"아이스밀크,더블비안코(롯데제과)",
2022,23039,"아이스크림,셀렉션(롯데제과)",
2022,23040,"아이스크림,월드콘(롯데제과)",
2022,23042,"아이스크림,조안나(롯데제과)",
2022,23059,"우유,매일우유(매일유업)",
2022,23061,"요구르트(액상),비피더스요구르트(사과)(매일유업)",
2022,23062,"요구르트(액상),비피더스요구르트(플레인)(매일유업)",
2022,23070,"치즈,앙팡치즈(서울우유)",
2022,23080,"우유,연세우유(연세유업)",
2022,23088,"우유,바나나맛우유(빙그레)",
2022,23094,"요구르트(호상),요플레(딸기)(빙그레)",
2022,23096,"요구르트(호상),요플레(클래식)(빙그레)",
2022,23107,"요구르트(액상),뿌요(사과)(한국야쿠르트)",
2022,23109,"요구르트(호상),슈퍼100(딸기)(한국야쿠르트)",
2022,23114,"요구르트(액상),야쿠르트(한국야쿠르트)",
2022,23137,"우유,후레쉬우유(파스퇴르유업)",
2022,23168,"우유,딸기우유(서울우유)",
2022,23170,"우유,앙팡우유(서울우유)",
2022,23172,"우유,서울우유(서울우유)",
2022,23173,"우유,저지방우유(서울우유)",
2022,23174,"우유,쵸코멸균우유(서울우유)",
2022,23175,"우유,쵸코우유(서울우유)",
2022,23177,"우유,커피우유(서울우유)",
2022,23188,"치즈,모짜렐라치즈(슈레드)(서울우유)",
2022,23190,"치즈,체다슬라이스치즈(서울우유)",
2022,24001,"커피프림,프리마(동서식품)",
2022,24007,"버터,서울우유버터(서울우유)",
2022,25024,"간장,양조간장501S(샘표식품)",
2022,25025,"간장,양조간장701(샘표식품)",
2022,25027,"간장,진간장금F3(샘표식품)",
2022,25028,"간장,진간장S(샘표식품)",
2022,25076,"참기름,신동방참기름(해표)",
2022,25084,"콩기름,신동방콩기름(해표)",
2022,26002,"과자,고래밥-볶음양념(오리온)",
2022,26005,"과자,다이제(오리온)",
2022,26006,"과자,다이제(초코)(오리온)",
2022,26009,"젤리,마이구미(포도)(오리온)",
2022,26012,"과자,미쯔블랙(오리온)",
2022,26016,"과자,베베(오리온)",
2022,26022,"과자,웨하스-바닐라(오리온)",
2022,26025,"과자,초코송이(오리온)",
2022,26027,"과자,초코칩쿠키(오리온)",
2022,26028,"밀,밀가공식품,빵/과자류,초코파이(오리온)",
2022,26029,"과자,촉촉한초코칩(오리온)",
2022,26030,"카라멜,땅콩(오리온)",
2022,26038,"초코바,핫브레이크(오리온)",
2022,26039,"카스테라,후레시베리(오리온)",
2022,26040,"초콜릿,가나(롯데제과)",
2022,26042,"과자,꼬깔콘(고소)(롯데제과)",
2022,26043,"아이스밀크,누크바(롯데제과)",
2022,26044,"과자,마가렛트(롯데제과)",
2022,26045,"사탕,목캔디(롯데제과)",
2022,26046,"밀,밀가공식품,빵/과자류,초코파이,몽쉘통통(롯데)",
2022,26048,"과자,빠다코코낫(롯데제과)",
2022,26049,"과자,빼빼로(롯데제과)",
2022,26053,"껌,자일리톨껌(롯데제과)",
2022,26055,"사탕,스카치세가지맛(롯데제과)",
2022,26056,"빙과,스크류바(롯데제과)",
2022,26058,"과자,아몬드빼빼로(롯데제과)",
2022,26061,"과자,애플쨈(롯데제과)",
2022,26062,"과자,엄마손파이(롯데제과)",
2022,26067,"과자,제크(롯데제과)",
2022,26073,"밀,밀가공식품,빵/과자류,초코파이(롯데)",
2022,26074,"과자,칙촉(롯데제과)",
2022,26075,"카스테라,카스타드(롯데)",
2022,26077,"초콜릿,크런키(롯데제과)",
2022,26080,"과자,하비스트(롯데제과)",
2022,26082,"껌,후라보노껌(롯데제과)",
2022,26114,"과자,땅콩강정(오리온프리토레이)",
2022,26121,"과자,오징어땅콩(오리온프리토레이)",
2022,26122,"과자,치토스-매콤(오리온프리토레이)",
2022,26123,"과자,치토스-바비큐(오리온프리토레이)",
2022,26125,"과자,포카칩-소금맛(오리온프리토레이)",
2022,26126,"과자,포카칩-양파맛(오리온프리토레이)",
2022,26128,"과자,바나나킥(농심)",
2022,26129,"과자,벌집핏자(농심)",
2022,26131,"과자,오징어집(농심)",
2022,26132,"과자,올리고고구마깡(농심)",
2022,26133,"과자,칼슘양파링(농심)",
2022,26134,"과자,콘드로이친감자깡(농심)",
2022,26135,"과자,키토산자갈치(농심)",
2022,26137,"과자,꽃게랑(빙그레)",
2022,26139,"과자,스모키베이컨칩(빙그레)",
2022,26140,"과자,야채타임(빙그레)",
2022,26150,"과자,맛동산(해태제과)",
2022,26152,"과자,샤브레(해태제과)",
2022,26156,"과자,양갱(해태제과)",
2022,26157,"과자,에이스(해태제과)",
2022,26158,"밀,밀가공식품,빵/과자류,초코파이,오예스(해태)",
2022,26159,"과자,웨하스(크림맛)(해태제과)",
2022,26162,"초코바,자유시간(해태제과)",
2022,26165,"초콜릿,허쉬(해태제과)",
2022,26166,"과자,홈런볼(쵸코)(해태제과)",
2022,26169,"과자,콘칩(삼양식품)",
2022,26170,"과자,콘칩매운맛(삼양식품)",
2022,27006,"커피음료,프렌치카페카페오레(남양유업)",
2022,27013,"커피믹스,맥스웰커피믹스(동서식품)",
2022,27014,"커피믹스,맥스웰하우스커피믹스(동서식품)",
2022,27015,"커피,분말,맥스웰화인(동서식품)",
2022,27016,"커피,분말,맥심(동서식품)",
2022,27017,"커피믹스,맥심디카페인커피믹스(동서식품)",
2022,27018,"커피믹스,맥심모카골드커피믹스(동서식품)",
2022,27019,"커피믹스,맥심커피믹스(동서식품)",
2022,27055,"두유,고소한베지밀(정식품)",
2022,27062,"두유,베지밀에이(팩)(정식품)",
2022,27063,"두유,베지밀비(팩)(정식품)",
2022,27067,"커피,분말,네스카페클래식(한국네슬레)",
2022,27070,"코코아,네스퀵쵸콜릿맛(한국네슬레)",
2022,27073,"커피,분말,테이스터스쵸이스(한국네슬레)",
2022,27079,"과일탄산음료,쿨피스(복숭아맛)(해태유업)",
2022,27095,"오렌지,주스,아침에주스오렌지(서울우유)",
2022,27099,"포도,주스,아침에주스포도(서울우유)",
2022,29032,"김,양반김(동원F&B)",
2022,29091,"곰탕/사골국물,옛날사골곰탕(오뚜기)",
2022,29092,"카레분말,카레(오뚜기)",
2022,29096,"스프,가루,인스턴트,크림스프(오뚜기)",
2022,29116,"밥,햇반(CJ)",
2022,29127,"크로켓,고로케(풀무원)",
2022,29146,"만두,참고향만두(해태)",
2022,40031,"감자튀김,후렌치후라이(R)(버거킹)",
2022,40119,"빵,비스켓(KFC)",
2022,40130,"감자튀김,포테이토(롯데리아)",
2022,40131,"치즈,내추럴치즈스틱(롯데리아)",
2022,40147,"감자튀김,후렌치후라이(R)(McDonald's)",
2022,50006,"과자,고소미(오리온)",
2022,50009,"과자,국희땅콩샌드(크라운제과)",
2022,50011,"과자,그레이스(크라운제과)",
2022,50025,"과자,닭다리(농심)",
2022,50061,"과자,라면땅",
2022,50064,"과자,롤리폴리(해태제과)",
2022,50071,"과자,못말리는신짱(크라운제과)",
2022,50085,"과자,버터링(해태제과)",
2022,50086,"과자,버터와플(크라운제과)",
2022,50092,"밀,밀가공식품,빵/과자류,초코파이,빅파이(크라운제과)",
2022,50093,"과자,빈츠(롯데제과)",
2022,50097,"과자,뿌셔뿌셔(오뚜기)",
2022,50098,"과자,사또밥(삼양식품)",
2022,50100,"과자,산도(크라운제과)",
2022,50109,"국수(마른것),소면(오뚜기)",
2022,50117,"과자,쌀로별(기린)",
2022,50119,"과자,씨리얼(롯데제과)",
2022,50120,"과자,아이비(해태제과)",
2022,50121,"과자,알새우칩(농심)",
2022,50125,"과자,예감(농심)",
2022,50127,"국수(마른것),옛날국수(오뚜기)",
2022,50128,"과자,오감자(오리온)",
2022,50130,"밀,밀가공식품,빵/과자류,초코파이,오뜨(오리온)",
2022,50132,"과자,오잉(롯데제과)",
2022,50144,"과자,조청유과(농심)",
2022,50145,"과자,죠리퐁(크라운제과)",
2022,50148,"과자,짱구(삼양식품)",
2022,50151,"과자,쫄병스낵(농심)",
2022,50153,"밀,밀가공식품,빵/과자류,초코파이,찰떡파이(롯데제과)",
2022,50156,"과자,참깨스틱",
2022,50157,"과자,참크래커(크라운제과)",
2022,50165,"과자,초코하임(크라운제과)",
2022,50167,"과자,치즈샌드(크라운제과)",
2022,50170,"과자,칸쵸(롯데제과)",
2022,50171,"과자,칼로리바란스(해태제과)",
2022,50181,"빵,크림빵(삼립식품)",
2022,50191,"과자,포스틱(농심)",
2022,50199,"빵,호두과자",
2022,50201,"과자,후렌치파이,사과(해태제과)",
2022,50209,"당면,옛날당면(오뚜기)",
2022,50210,"감자스낵,칩포테토(농심)",
2022,50211,"감자스낵,프링글스오리지널(P&G)",
2022,50216,"껌,와우",
2022,50236,"사탕,청포도맛사탕(롯데제과)",
2022,50240,"사탕,홍삼캔디(한국인삼공사)",
2022,50244,"설탕,백설탕(CJ)",
2022,50248,"설탕,황설탕(큐원)(삼양사)",
2022,50251,"설탕,황설탕(CJ)",
2022,50253,"젤리,양갱,연양갱(해태제과)",
2022,50256,"물엿/시럽,백설올리고당(CJ)",
2022,50257,"물엿/시럽,청정원올리고당(대상)",
2022,50258,"물엿/시럽,백설요리당(CJ)",
2022,50265,"초콜릿,키세스(허쉬)",
2022,50266,"초콜릿,페레로로쉐(페레로로쉐)",
2022,50267,"초콜릿,ABC초콜릿(롯데제과)",
2022,50268,"카라멜,마이쮸(크라운제과)",
2022,50270,"카라멜,새콤달콤(크라운제과)",
2022,50275,"두유,검은참깨두유(정식품)",
2022,50278,"두유,검은콩과검은참깨(정식품)",
2022,50279,"두유,검은콩두유(삼육식품)",
2022,50282,"두유,삼육두유(삼육식품)",
2022,50316,"망고,주스,델몬트망고주스(롯데칠성음료)",
2022,50317,"오렌지,주스,델몬트오렌지주스(롯데칠성음료)",
2022,50318,"오렌지,주스,델몬트콜드오렌지주스(롯데칠성음료)",
2022,50320,"포도,주스,델몬트포도주스(롯데칠성음료)",
2022,50321,"딸기,잼,복음자리딸기잼(복음자리)",
2022,50322,"딸기,잼,오뚜기딸기잼(오뚜기)",
2022,50329,"석류,주스,석류원액",
2022,50334,"포도,주스,썬키스트포도주스(해태음료)",
2022,50344,"과일음료/과즙음료,오렌지에이드",
2022,50373,돼지껍데기,
2022,50377,"완자,떡갈비",
2022,50391,"돼지고기가공품,런천미트,스팸(CJ)",
2022,50416,"어패류액젓,멸치액젓(하선정종합식품)",
2022,50434,"어패류액젓,참치액젓(한라)",
2022,50453,"김,김가루",
2022,50457,"김,김자반",
2022,50509,"아이스크림,구구콘(롯데삼강)",
2022,50510,"아이스밀크,국화빵(롯데삼강)",
2022,50512,"아이스크림,나뚜루(롯데)",
2022,50513,"아이스크림,누가바(해태제과)",
2022,50514,"빙과,더위사냥(빙그레)",
2022,50515,"샤베트,돼지바(롯데삼강)",
2022,50519,"빙과/샤베트,델몬트망고(롯데삼강)",
2022,50520,"아이스밀크,메가톤바(롯데제과)",
2022,50521,"아이스밀크,메로나(빙그레)",
2022,50523,"빙과,바밤바(해태제과)",
2022,50524,"빙과,보석바(롯데삼강)",
2022,50526,"아이스크림,부라보콘(해태제과)",
2022,50527,"아이스밀크,붕어싸만코(빙그레)",
2022,50533,"샤베트,비비빅(빙그레)",
2022,50534,"샤베트,빠삐코(롯데삼강)",
2022,50535,"아이스밀크,빵또아(빙그레)",
2022,50536,"아이스밀크,빵빠레(롯데삼강)",
2022,50537,"샤베트,뽕따(빙그레)",
2022,50543,"아이스밀크,쌍쌍바(해태제과)",
2022,50545,"아이스크림,엑설런트(빙그레)",
2022,50546,"아이스밀크,엔초(빙그레)",
2022,50548,"아이스밀크,옥동자(롯데제과)",
2022,50549,"아이스밀크,와일드바디(롯데제과)",
2022,50550,"빙과,왕포도알(빙그레)",
2022,50551,"샤베트,요맘때(빙그레)",
2022,50555,"빙과,죠스바(롯데제과)",
2022,50556,"아이스밀크,찰떡아이스(롯데제과)",
2022,50562,"샤베트,캔디바(빙그레)",
2022,50563,"아이스밀크,쿠앤크(빙그레)",
2022,50564,"빙과,탱크보이(해태제과)",
2022,50565,"아이스크림,투게더(빙그레)",
2022,50568,"빙과,폴라포,포도맛(해태제과)",
2022,50569,"아이스크림,호두마루(해태제과)",
2022,50579,"요구르트(액상),야구르트(빙그레)",
2022,50583,"요구르트(액상),엔요(매일유업)",
2022,50586,"요구르트(액상),요구르트(서울우유)",
2022,50590,"요구르트(액상),윌(한국야쿠르트)",
2022,50594,"요구르트(액상),쿠퍼스(한국야쿠르트)",
2022,50598,"요구르트(액상),런(시온식품)",
2022,50602,"요구르트(호상),바이오거트(매일유업)",
2022,50604,"요구르트(호상),비요뜨(서울우유)",
2022,50608,"요구르트(호상),짜요짜요(서울우유)",
2022,50613,"우유,부산우유(부산우유)",
2022,50614,"우유,비락우유(비락)",
2022,50616,"우유,제주우유(제주우유)",
2022,50617,"우유,강성원우유(강성원우유)",
2022,50618,"우유,건국우유(건국우유)",
2022,50629,"우유,고구마우유",
2022,50637,"우유,굿모닝우유(빙그레)",
2022,50641,"우유,딸기맛우유(매일유업)",
2022,50647,"우유,맛있는우유GT(남양유업)",
2022,50649,"우유,맛있는우유GT저지방로우(남양유업)",
2022,50650,"우유,매일저지방우유ESL(매일유업)",
2022,50690,"치즈,뼈로가는칼슘치즈(매일유업)",
2022,50694,"치즈,치즈스틱",
2022,50709,"참기름,고소한참기름(오뚜기)",
2022,50711,"콩기름,오뚜기식용유(오뚜기)",
2022,50735,"옥수수기름,해표옥수수유(신동방)",
2022,50744,"기능성음료,꿀물(캔)",
2022,50771,"사이다,마운틴듀(롯데칠성음료)",
2022,50783,"맥주,버드와이저(OB맥주)",
2022,50784,"맥주,카스맥주(OB맥주)",
2022,50787,"맥주,하이트맥주(하이트맥주㈜)",
2022,50790,"탄산음료,맥콜(일화)",
2022,50794,"코코아,미떼핫초코(동서식품)",
2022,50795,"탄산음료,미린다(롯데칠성음료)",
2022,50796,"기능성음료,미에로화이바",
2022,50797,"탄산음료,밀키스(롯데칠성음료)",
2022,50799,백세주(국순당),
2022,50804,"식혜,비락식혜(비락)",
2022,50805,"기능성음료,비타500",
2022,50807,"기능성음료,비타민음료",
2022,50816,"소주,시원소주(대선주조)",
2022,50818,"소주,잎새주(보해양조)",
2022,50819,"소주,참소주(금복주)",
2022,50820,"소주,참이슬(진로)",
2022,50822,"소주,한라산(한라산)",
2022,50823,"소주,화이트소주(무학)",
2022,50824,"과일음료/과즙음료,솔의눈(롯데칠성음료)",
2022,50825,수정과,
2022,50827,"사이다,스프라이트(한국코카콜라보틀링)",
2022,50833,"음료류,탄산음료,과일탄산음료,써니텐(해태음료)",
2022,50839,"과일음료/과즙음료,자연은790일알로에(웅진식품)",
2022,50843,"탄산음료,암바사(한국코카콜라보틀링)",
2022,50848,"과일탄산음료,웰치스(농심)",
2022,50852,"기능성음료,이온음료,2%부족할때(롯데칠성음료)",
2022,50854,"기능성음료,이온음료,게토레이(롯데칠성음료)",
2022,50856,"기능성음료,이온음료,파워에이드(한국코카콜라보틀링)",
2022,50857,"기능성음료,이온음료,포카리스웨트(동아오츠카)",
2022,50861,"코코아,제티(동서식품)",
2022,50864,"사이다,천연사이다(일화)",
2022,50865,"과일음료/과즙음료,초록매실(웅진식품)",
2022,50867,"사이다,칠성사이다(롯데칠성음료)",
2022,50869,"과일음료/과즙음료,카프리썬(농심)",
2022,50871,"커피음료,레쓰비",
2022,50876,"커피,분말,맥심모카골드(동서식품)",
2022,50881,"커피음료,카페라떼",
2022,50884,"콜라,코카콜라(한국코카콜라보틀링)",
2022,50885,"과일음료/과즙음료,코코팜(해태음료)",
2022,50891,"사이다,킨사이다(한국코카콜라보틀링)",
2022,50893,"콜라,펩시콜라(롯데칠성음료)",
2022,50896,"과일음료/과즙음료,피크닉,애플(매일유업)",
2022,50900,"우유,허쉬초콜렛드링크(매일유업)",
2022,50904,"기능성음료,화이브미니(동아오츠카)",
2022,50906,"과일탄산음료,환타(한국코카콜라보틀링)",
2022,50912,"자장소스,3분짜장(오뚜기)",
2022,50913,"카레소스,3분카레(오뚜기)",
2022,50921,"간장,맛간장(삼화)",
2022,50922,"간장,몽고간장(몽고식품)",
2022,50923,"간장,몽고송표간장(몽고식품)",
2022,50926,"간장,삼화맑은국간장(삼화)",
2022,50931,"간장,오복진간장(오복식품)",
2022,50940,"간장,몽고진간장(몽고식품)",
2022,50941,"간장,진간장(삼화식품)",
2022,50953,"조미소,감칠맛나는미원(대상)",
2022,50977,"고추장,태양초고추장(해찬들)",
2022,50978,"고추장,태양초찰고추장(순창)",
2022,50983,"육수,냉면육수",
2022,50991,"마요네즈,고소한마요네즈(대상)",
2022,50992,"마요네즈,오뚜기마요네즈(오뚜기)",
2022,50995,"조미소,미원(대상)",
2022,51000,"분말조미료,멸치다시다(CJ)",
2022,51002,"분말조미료,쇠고기맛나(대상)",
2022,51003,"분말조미료,쇠고기다시다(CJ)",
2022,51004,"분말조미료,조개다시다(CJ)",
2022,51023,"소금,맛소금(대상)",
2022,51035,"후추,순후추(오뚜기)",
2022,51054,"쌈장,사계절쌈장(해찬들)",
2022,51062,"토마토케첩,오뚜기케찹(오뚜기)",
2022,51066,"굴소스,팬더굴소스(오뚜기)",
2022,51078,"빵,보름달(샤니)",
2022,51081,"밀,밀가공식품,부침가루(오뚜기)",
2022,51085,"찹쌀미숫가루,선식,생식,황성주생식(erom)",
2022,51165,"빙과,생귤탱귤(빙그레)",
2022,51167,"샤베트,와(롯데제과)",
2022,51180,"샤베트,팥빙수(롯데삼강)",
2022,51208,"커피믹스,헤이즐넛",
2022,51210,"고추장,삼화고추장(삼화)",
2022,51217,"맛술/미림,미향(오뚜기)",
2022,51226,"샐러드드레싱,파인애플드레싱",
2022,51237,"빵,델리만쥬",
2022,51242,"빵,식빵,밤식빵",
2022,51248,"과자,소라깡",
2022,51255,"과자,오사쯔(해태제과)",
2022,51268,"초코바,미니트윅스(MrFoodKorea)",
2022,51285,"석류,주스,석류음료",
2022,51297,"어패류액젓,참치액젓",
2022,51306,"우유,덴마크우유(한국DMfood)",
2022,51307,"요구르트(호상),요플레(마일드플레인)(빙그레)",
2022,51312,"아이스밀크,별난바(롯데삼강)",
2022,51314,"빙과/샤베트,빙빙바(롯데제과)",
2022,51335,"빙과,팽이팽이(해태제과)",
2022,51336,"빙과/샤베트,포도슬러쉬",
2022,51346,"참기름,진한참기름(오뚜기)",
2022,51368,"된장,막장",
2022,52100,"고카페인음료,에너지드링크",
2022,60233,"사탕,애니타임(롯데제과)",
2022,61068,"양념장,고추다대기",
2022,61130,"맛술/미림,롯데미림(롯데칠성음료)",
2022,61137,"포도,주스,자연은140일포도(웅진식품)",
2022,61139,"과자,로투스씽글팩(한국로투스㈜)",
2022,61143,"과자,스낵과자,누드빼빼로(롯데제과)",
2022,61173,"사탕,아이셔(오리온)",
2022,61179,"토마토,주스,하루야채(한국야쿠르트)",
2022,61185,"닭고기튀김,치킨너겟(하림)",
2022,61195,"빙과,아맛나(롯데삼강)",
2022,61203,"우유,프리미엄저지방우유(연세유업)",
2022,61224,"맥주,하이네켄(하이네켄)",
2022,61235,"홍차음료,립톤아이스캔(복숭아맛)(립톤)",
2022,61238,"간장,청정원소불고기양념(대상)",
2022,61258,"짜장분말,오뚜기분말짜장(오뚜기)",
2022,61260,"카레소스,백세카레(오뚜기)",
2022,61261,"토마토케첩,하인즈토마토케첩(하인즈)",
2022,81005,"가루믹스,백설 찹쌀호떡믹스(씨제이푸드㈜)",
2022,81009,"가루믹스,핫케이크믹스(씨제이푸드㈜)",
2022,81016,"건빵,보리건빵(㈜금풍제과)",
2022,81031,"과자,꼬깔콘 군옥수수맛(롯데)",
2022,81033,"과자,꿀꽈배기(농심)",
2022,81039,"과자,도도한나초(오리온)",
2022,81040,"과자,도리토스 나쵸치즈맛(롯데제과)",
2022,81048,"과자,매운새우깡(농심)",
2022,81053,"과자,별뽀빠이(삼양식품)",
2022,81054,"과자,뿌셔뿌셔 불고기맛(오뚜기)",
2022,81056,"과자,새우깡(농심)",
2022,81059,"과자,스윙칩 오리지날(오리온프리토레이)",
2022,81062,"과자,썬칩 오리지널(오리온)",
2022,81063,"과자,썬칩 핫스파이시(오리온)",
2022,81065,"과자,양파깡(농심)",
2022,81068,"과자,옥수수브이콘(진한제과)",
2022,81073,"과자,우리밀라면땅(자연드림)",
2022,81074,"과자,인디안밥(농심)",
2022,81078,"과자,초코과자미쯔(오리온)",
2022,81079,"과자,초코비(토하토)",
2022,81081,"과자,치킨팝 닭강정맛(오리온)",
2022,81084,"과자,콘초코(크라운제과)",
2022,81086,"과자,콘치(크라운제과)",
2022,81131,"국수,청수 소면(청수식품)",
2022,81204,"만두,비비고 물만두(씨제이푸드㈜)",
2022,81205,"만두,비비고 왕교자만두(씨제이푸드㈜)",
2022,81241,"미숫가루,이경제 더힘찬선식((주)늘푸른)",
2022,81289,"빵,부쉬맨브레드(아웃백스테이크하우스)",
2022,81301,"샌드과자,크라운산도 딸기맛(크라운제과)",
2022,81302,"샌드과자,키드오(필리핀 Modne Nissin Corp.)",
2022,81305,"스파게티면,오뚜기 프레스코스파게티면(pastificio fabianelli(오뚜기))",
2022,81326,"시리얼,켈로그 스페셜K(농심)",
2022,81327,"시리얼,켈로그 스페셜K귀리&허니(농심켈로그)",
2022,81330,"시리얼,켈로그 초코첵스(농심)",
2022,81334,"시리얼,켈로그 현미(농심)",
2022,81335,"시리얼,켈로그 후르트링(농심)",
2022,81343,"시리얼,포스트 그래놀라크랜베리아몬드(동서식품)",
2022,81351,"시리얼,포스트 오곡코코볼(동서식품)",
2022,81352,"시리얼,포스트 오레오(동서식품)",
2022,81353,"시리얼,포스트 오레오오즈(동서식품)",
2022,81354,"시리얼,포스트 콘푸라이트(동서식품)",
2022,81355,"시리얼,포스트 콘푸라이트1/3슈거라이트(동서식품)",
2022,81356,"시리얼,포스트 콘푸로스트(동서식품)",
2022,81384,"쌀과자,미왕 쌀과자(우리씨앤디(주))",
2022,81390,"쌀과자,참쌀선과(크라운제과)",
2022,81393,"쌀과자,크라운 참쌀설병(크라운)",
2022,81429,"웨하스,로아커(Loacker) Minis 바닐라맛(로아커)",
2022,81433,"웨하스,쿠크다스 화이트(크라운제과)",
2022,81434,"웨하스,쿠크다스커피슬림(크라운제과)",
2022,81435,"웨하스,크리스피롤12곡 체다치즈맛(대만 PEI TIEN FOOD CO.,LTD.)",
2022,81436,"웨하스,키커(크라운제과)",
2022,81437,"웨하스,화이트하임(크라운제과)",
2022,81453,"인스턴트면,청수 물냉면(청수식품)",
2022,81466,"잼빵,맛있는옛날꿀호떡(㈜삼립식품)",
2022,81473,"죽,양반 야채죽(동원F&B)",
2022,81474,"죽,양반 전복죽(동원F&B)",
2022,81501,"케이크,초코롤케익((주)삼립식품)",
2022,81519,"쿠키,사과맛쿠키(삼립식품)",
2022,81525,"쿠키,오레오 초콜렛샌드위치화이트쿠키(미가방유한회사)",
2022,81526,"쿠키,오레오 초콜릿샌드위치쿠키(미가방유한회사)",
2022,81527,"쿠키,옹골진 오곡쿠키(크라운제과)",
2022,81531,"쿠키,초코픽(해태)",
2022,81556,"팥빵,쫀득쫀득참붕어빵(오리온)",
2022,82003,"감자칩,구운감자(해태제과)",
2022,82004,"감자칩,눈을감자(오리온)",
2022,82008,"감자칩,예감치즈그라탕(오리온)",
2022,82010,"감자칩,포테이토칩 오리지널(농심)",
2022,82011,"감자칩,프링글스 양파맛(한국프링글스)",
2022,82012,"감자칩,프링글스 치즈맛(한국프링글스)",
2022,82013,"감자칩,허니버터칩(해태)",
2022,82017,"과자,오감자딥(오리온)",
2022,82018,"과자,자가비(해태제과)",
2022,83015,"과일잼,아웃백 망고스프레드(오뚜기)",
2022,83032,"껌,롯데 자일리톨 알파후레쉬(롯데제과)",
2022,83049,"껌,왓따껌 콜라(롯데)",
2022,83057,"껌,자일리톨-F(롯데제과㈜)",
2022,83168,"사탕,목캔디 믹스베리맛(롯데)",
2022,83190,"사탕,츄파춥스 라임맛(농심)",
2022,83192,"사탕,츄파춥스 레몬맛(농심)",
2022,83195,"사탕,츄파춥스 오렌지맛(농심)",
2022,83199,"사탕,콜라볼(원코리아)",
2022,83204,"사탕,폭신폭신말랑카우 츄잉캔디(롯데)",
2022,83207,"사탕,호올스 허니레몬(태국 Cadbury Adams Ltd)",
2022,83215,"사탕,후르트텔라 요구르트향(퍼페티반멜레,인도네시아(유나이티드식품))",
2022,83223,"설탕,백설 브라운자일로스설탕(씨제이푸드㈜)",
2022,83259,"시리얼바,닥터유 에너지바(오리온)",
2022,83287,"젤리,웰치스 후르츠스넥(웰치스)",
2022,83288,"젤리,젤리데이포도(오리온제과)",
2022,83292,"젤리,하리보 골드베렌 (Haribo Gmbh & Co.KG)",
2022,83297,"초코바,가나초코바아몬드(롯데)",
2022,83298,"초코바,스니커즈 미니(MARS.INC)",
2022,83300,"초코바,자유시간미니(해태제과(주))",
2022,83305,"초코스프레드,뉴텔라 페레로(페레로(매일유업))",
2022,83312,"초콜렛,드림카카오72%(롯데)",
2022,83322,"초콜렛,석기시대(롯데제과)",
2022,83326,"초콜렛,엠앤엠(m&m)(중국 Mars Foods)",
2022,83330,"우유,초코에몽(남양유업)",
2022,83333,"초콜렛,크런키볼(롯데제과(주))",
2022,83339,"초콜렛,킨더초콜렛(수입원:매일유업)",
2022,83341,"초콜렛,킷캣(KITKAT)(네슬레)",
2022,83357,"초콜렛,허쉬키세스 크리미아몬드(허쉬코리아)",
2022,83360,"카라멜,땅콩카라멜(크라운제과)",
2022,83363,"카라멜,마이쮸 딸기맛(크라운제과)",
2022,83364,"카라멜,마이쮸 사과맛(크라운제과)",
2022,83365,"카라멜,마이쮸 포도맛(크라운제과)",
2022,83366,"카라멜,멘토스(퍼페티반멜레)",
2022,83367,"카라멜,미니멘토스(퍼페티반멜레)",
2022,83372,"카라멜,스키틀즈(Skittles)(MARS FOODS 중국)",
2022,84001,"나또,살아있는실의힘생나또(신선나또(주))",
2022,84014,"두부,국산콩 찌개용두부(풀무원)",
2022,84064,"두유,검은콩두유(매일유업)",
2022,84065,"두유,검은콩두유(한살림)",
2022,84066,"두유,검은콩두유베지밀(정식품)",
2022,84067,"두유,고소한검은콩&고칼슘두유(연세우유)",
2022,84070,"두유,고소한아몬드&잣두유(연세유업)",
2022,84075,"두유,남양 맛있는두유GT 담백한맛(남양유업)",
2022,84087,"두유,베지밀 검은콩과검은참깨두유(정식품)",
2022,84091,"두유,베지밀 아몬드와호두(정식품)",
2022,84100,"두유,뼈로가는칼슘두유검은콩(매일유업)",
2022,84103,"두유,삼육 검은콩칼슘두유(삼육식품)",
2022,84107,"두유,삼육두유 검은콩호두&아몬드(삼육식품)",
2022,84113,"두유,연세 고칼슘두유(연세우유)",
2022,84115,"두유,연세두유 검은참깨두유(연세우유)",
2022,84123,"두유,이롬황성주 국산콩검은콩칼슘두유((주)한미메디케어)",
2022,84124,"두유,이롬황성주 국산콩두유(한미메디케어㈜)",
2022,84125,"두유,이롬황성주 국산콩두유검은콩(한미메디커어㈜)",
2022,84130,"두유,전두유 고칼슘검은콩(한미메디칼)",
2022,84132,"두유,진한콩국물검은콩(정식품)",
2022,84139,"두유,파스퇴르 쾌변두유 후레쉬(롯데푸드㈜파스퇴르공장)",
2022,84142,"두유,현미참두유 검은콩(롯데칠성음료)",
2022,84144,"두유,현미참두유 오리지널(롯데칠성음료)",
2022,85045,"밤가공,맛밤(씨제이푸드㈜)",
2022,86029,"채소음료,파스퇴르100%유기농야채농장(롯데푸드)",
2022,86031,"채소음료,하루야채 레드(한국야쿠르트)",
2022,86032,"채소음료,하루야채 키즈뽀로로(한국야쿠르트)",
2022,88003,"건과일,썬스위트건자두(미국 Sun Sweet Growers, Inc.)",
2022,88018,"과일음료,따옴 오렌지주스(빙그레)",
2022,88019,"과일음료,맘마밀 요미요미 유기농주스 사과포도배(매일)",
2022,88025,"과일음료,미닛메이드 프리미엄 제주감귤플러스(코카콜라음료(주))",
2022,89049,"돼지고기가공,리챔 오리지널(동원F&B)",
2022,89064,"돼지고기가공,목우촌햄 뚝심(농협 목우촌)",
2022,89093,"돼지고기가공,의성마늘프랑크(롯데푸드)",
2022,89095,"돼지고기가공,의성마늘햄(롯데햄)",
2022,89131,"어육소시지,맥스봉(씨제이푸드㈜)",
2022,91006,"게맛살,대림선크라비아(사조대림)",
2022,91019,"골뱅이통조림,동원 자연산골뱅이(동원F&B)",
2022,91029,"생선과자,바삭바삭고소한꾸이맨(경진식품)",
2022,91055,"액젓,하선정 까나리액젓(씨제이푸드㈜)",
2022,91106,"참치통조림,사조 마일드참치((주)사조산업)",
2022,91108,"참치통조림,사조 살코기참치안심따개((주)사조해표)",
2022,91112,"참치통조림,콜라겐 동원참치(동원)",
2022,92080,"조미김,더고소한김(해표)",
2022,92082,"조미김,들기름으로구운김(동원)",
2022,92138,"조미김,양반김 들기름향이그윽한김(동원F&B)",
2022,92186,"조미김,해달음 광천김(해도원(광천맛김식품))",
2022,93010,"아이스밀크,거북알(롯데삼강)",
2022,93011,"빙과,고드름(롯데)",
2022,93014,"빙과,돌핀폴라레티(이태리 DOLFIN S.P.A)",
2022,93020,"빙과,아이스가이피치(해태제과)",
2022,93025,"빙과,주물러 콜라(롯데)",
2022,93030,"빙과,폴라포 스포츠(해태제과)",
2022,93033,"아이스밀크,설레임 밀크(롯데제과)",
2022,93040,"아이스밀크,녹차마루(해태제과)",
2022,93045,"아이스크림,셀렉션 딸기맛(롯데제과)",
2022,93046,"빙과,수박바(롯데삼강)",
2022,93055,"샤베트,인절미통통(해태제과)",
2022,93070,"아이스크림,구구크러스터(롯데삼강)",
2022,93080,"아이스크림,민트초코(베스킨라빈스31)",
2022,93086,"아이스밀크,빵빠레 초코(롯데삼강)",
2022,93089,"아이스크림,아몬드봉봉(베스킨라빈스31)",
2022,93090,"아이스밀크,아시나요(삼립식품)",
2022,93095,"아이스크림,요맘때콘 플레인(빙그레)",
2022,93096,"아이스크림,월드콘XQ(롯데삼강)",
2022,93099,"아이스밀크,참붕어싸만코 클래식(빙그레)",
2022,93106,"아이스크림,티코 밀크초코(롯데)",
2022,93112,"아이스크림,하겐다즈 초코맛(하겐다즈)",
2022,93114,"액상요구르트,비타요구(롯데푸르밀)",
2022,93115,"액상요구르트,뽀로로와친구들 요구르트(빙그레)",
2022,93118,"액상요구르트,소와나무 새코미(동원데어리푸드)",
2022,93125,"액상요구르트,유기농이오(남양유업)",
2022,93127,"액상요구르트,이오20's(남양)",
2022,93129,"액상요구르트,한국야쿠르트 라이트((주)한국야쿠르트)",
2022,93139,"요구르트,다논 액티비아 딸기(다논)",
2022,93146,"요구르트,다논 액티비아 플레인(다논)",
2022,93149,"요구르트,덴마크 드링킹요구르트 딸기(동원데어리푸드)",
2022,93153,"요구르트,덴마크 드링킹요구르트 플레인(㈜동원데어리푸드)",
2022,93162,"요구르트,비피더스 블루베리(푸르밀)",
2022,93165,"요구르트,비피더스명장 딸기(㈜동원데어리푸드)",
2022,93167,"요구르트,비피더스명장 사과(㈜동원데어리푸드)",
2022,93169,"요구르트,상하목장 유기요구르트 플레인(매일유업)",
2022,93189,"우유,가나초코우유(㈜푸르밀)",
2022,93202,"우유,건국우유 저지방(건국유업)",
2022,93212,"우유,남양 맛있는우유GT 아인슈타인베이비(남양유업)",
2022,93230,"우유,대니쉬THE건강한우유(동원F&B)",
2022,93246,"우유,매일 멸균우유 오리지널(매일유업)",
2022,93249,"우유,매일 저지방우유(매일유업)",
2022,93253,"우유,매일우유 무지방&칼슘(매일유업)",
2022,93254,"우유,매일우유 오리지널(매일우유)",
2022,93257,"우유,멸균서울우유(서울우유)",
2022,93262,"우유,목장의신선함이살아있는우유(서울우유)",
2022,93266,"우유,바나나는원래하얗다(매일유업)",
2022,93278,"우유,비락 참맛있는우유(비락)",
2022,93295,"우유,상하목장 유기농바나나우유(매일유업)",
2022,93296,"우유,상하목장 유기농우유(매일유업)",
2022,93297,"우유,상하목장 유기저지방우유(매일)",
2022,93300,"우유,서울우유 멸균우유(서울우유)",
2022,93312,"우유,소화가잘되는우유(매일유업)",
2022,93313,"우유,소화가잘되는우유저지방(매일유업)",
2022,93325,"우유,신선한하루 하루우유(한국야쿠르트)",
2022,93331,"우유,얼리브밀크 비타민우유(㈜동원데어리푸드)",
2022,93335,"우유,연세 자녀사랑키짱우유(연세유업)",
2022,93336,"우유,연세딸기우유(연세우유)",
2022,93339,"우유,연세우유 저지방고칼슘(연세우유)",
2022,93340,"우유,연세우유(멸균)(연세유업)",
2022,93345,"우유,오메가3헬스닥터(연세우유)",
2022,93348,"우유,우유속에모카치노(매일유업)",
2022,93391,"우유,파스퇴르우유(파스퇴르유업)",
2022,93406,"우유,허쉬초코우유(허쉬코리아)",
2022,93408,"우유,홈플러스 IA우유(연세우유)",
2022,93419,"조제분유,앱솔루트 명작3단계(매일유업)",
2022,93429,"치즈,덴마크 인포켓치즈 오리지널(동원 데어리푸드)",
2022,93442,"치즈,벨큐브 플레인(Fromageries Bel(서울우유))",
2022,93446,"치즈,상하치즈 유기농아가치즈2단계(매일유업)",
2022,93447,"치즈,상하치즈 유기농어린이치즈(매일유업)",
2022,93474,"치즈,프리고스트링치즈(Frigo String Cheese heads)(SAPUTO)",
2022,93481,"크림치즈,필라델피아소프트크림치즈(크래프트(동서식품))",
2022,93490,"호상요구르트,덴마크 요거트 플레인((주)동원F&B)",
2022,93492,"호상요구르트,떠먹는불가리스 딸기맛(남양유업)",
2022,93494,"호상요구르트,떠먹는불가리스 복숭아(남양)",
2022,93499,"호상요구르트,매일 바이오 딸기(매일유업)",
2022,93500,"호상요구르트,매일 바이오 복숭아(매일유업)",
2022,93501,"호상요구르트,매일 바이오 플레인요거트(매일유업)",
2022,93506,"호상요구르트,비요뜨 초코링(서울우유)",
2022,93510,"호상요구르트,소와나무 생크림요거트(㈜동원데어리푸드)",
2022,93516,"호상요구르트,아이러브요거트 딸기(다논)",
2022,93529,"호상요구르트,요플레 블루베리(빙그레)",
2022,93533,"호상요구르트,요플레 오리지널 복숭아(빙그레)",
2022,93534,"호상요구르트,요플레 클래식 플레인(빙그레)",
2022,93552,"호상요구르트,짜요짜요 딸기맛(서울우유)",
2022,93553,"호상요구르트,짜요짜요 포도맛(서울우유)",
2022,93577,"호상요구르트,헬리코박터프로젝터윌 저지방(한국야쿠르트)",
2022,93578,"호상요구르트,후디스 그릭요거트플레인(일동후디스(주))",
2022,94005,"땅콩버터,스키피 땅콩버터 청크(유니레버)",
2022,95007,"가당음료,2%부족할때(롯데칠성음료)",
2022,95008,"가당음료,귀여운내친구뽀로로 딸기맛((주)팔도)",
2022,95009,"가당음료,귀여운내친구뽀로로 밀크맛(한국야쿠르트)",
2022,95017,"가당음료,썬키스트 레몬에이드(해태)",
2022,95029,"가당음료,파워오투 오렌지레몬((주)농심)",
2022,95033,"가당음료분말,립톤아이스티믹스 레몬맛(유니레버)",
2022,95040,"가당음료분말,크리스탈라이트(크리스탈라이트)",
2022,95041,"가당음료분말,티오아이스티 복숭아맛(동서식품)",
2022,95048,"건강음료,광동 힘찬하루헛개차(광동제약)",
2022,95049,"건강음료,꿀홍삼(웅진식품)",
2022,95069,"과일음료,갈아만든배(해태)",
2022,95075,"과일음료,내사랑유자C(웅진식품)",
2022,95118,"과일음료,코코팜 피치핑크복숭아(해태음료)",
2022,95122,"과일음료,포도봉봉(해태음료)",
2022,95137,"기능성음료,광동 쌍화탕(광동제약)",
2022,95149,"분말차,담터 대추차(담터)",
2022,95152,"분말차,생강차(담터)",
2022,95153,"분말차,생강차플러스(담터)",
2022,95159,"비가당음료,광동 옥수수수염차(광동제약)",
2022,95162,"탄산음료,나랑드(동아오츠카)",
2022,95166,"비가당음료,태양의마테차(한국코카콜라)",
2022,95180,"식초,청정원 마시는홍초 석류(㈜대상)",
2022,95187,"쌍화차,쌍화차(담터)",
2022,95189,"유산균음료,쥬시쿨 자두맛(빙그레)",
2022,95192,"유산균음료,쿨피스 파인애플맛(㈜동원데어리푸드)",
2022,95199,"율무차,담터 호두아몬드밤율무차(담터)",
2022,95200,"율무차,담터 호두아몬드율무차(담터)",
2022,95224,"차음료,하늘보리(웅진식품)",
2022,95242,"카페인음료,박카스디액(동아제약)",
2022,95246,"카페인음료,핫식스(롯데칠성음료)",
2022,95250,"커피믹스,까페드다몬 오리지날 커피믹스(한국암웨이(주))",
2022,95251,"커피믹스,네스까페 수프리모 부드러운블랙(한국네슬레)",
2022,95252,"커피믹스,네스까페 수프리모 커피믹스(네스카페)",
2022,95264,"커피믹스,맥심 부드러운블랙오리지날(동서식품)",
2022,95265,"커피믹스,맥심 아라비카100커피믹스(동서식품)",
2022,95267,"커피믹스,맥심 아이스커피믹스(동서식품)",
2022,95269,"커피믹스,맥심 카누 콜롬비아블랜드 다크로스트 스위트아메리카노(동서)",
2022,95270,"커피믹스,맥심 카누 콜롬비아블렌드 마일드로스트 스위트아메리카노(동서)",
2022,95272,"커피믹스,맥심 카푸치노바닐라(동서식품)",
2022,95273,"커피믹스,맥심 화이트골드 커피믹스(동서식품)",
2022,95279,"커피믹스,애터미 카페 아라비카(애터미(주))",
2022,95292,"커피분말,테이스터스초이스 하우스블렌드(한국네슬레)",
2022,95295,"커피믹스,프렌치카페 골드라벨(남양유업)",
2022,95298,"커피믹스,프렌치카페 카페믹스아라비카골드라벨(남양유업)",
2022,95300,"커피믹스,프렌치카페 카페믹스클래식(남양유업)",
2022,95304,"커피분말,G7 coffee(베트남산)",
2022,95311,"커피분말,네스카페 수프리모 크레마아메리카노(한국네슬레)",
2022,95313,"커피분말,맥심 디카페인(동서식품)",
2022,95314,"커피분말,맥심 아라비카100(동서식품)",
2022,95315,"커피분말,맥심 카누 콜롬비아블랜드 다크로스트 아메리카노(동서식품)",
2022,95316,"커피분말,맥심 카누 콜롬비아블랜드 마일드로스트 아메리카노(동서식품)",
2022,95319,"커피분말,카페 이과수(브라질 이과수사(에이스코리아))",
2022,95323,"커피분말,테이스터스초이스 오리지날(한국네슬레)",
2022,95335,"커피음료,맥스웰하우스 오리지널(동서식품)",
2022,95337,"커피음료,맥심 티오피 더블랙(동서식품)",
2022,95338,"커피음료,맥심 티오피 마스터라떼(동서)",
2022,95340,"커피음료,맥심 티오피 스위트아메리카노(동서식품)",
2022,95353,"커피음료,스타벅스 더블샷에스프레소&크림(스타벅스)",
2022,95356,"커피음료,아카펠라 아메리카노(빙그레)",
2022,95360,"커피음료,조지아 까페라떼(한국코카콜라보틀링)",
2022,95363,"커피음료,조지아 스위트아메리카노(코카콜라㈜)",
2022,95367,"커피음료,조지아 오리지널(한국코카콜라보틀링)",
2022,95369,"커피음료,카페베네 카페라떼(푸르밀)",
2022,95375,"커피음료,칸타타 카라멜마키아또(롯데칠성음료)",
2022,95376,"커피음료,칸타타 프리미엄라떼(롯데칠성음료)",
2022,95392,"콜라,코카콜라 제로(한국코카콜라주식회사)",
2022,95395,"콜라,펩시제로콜라(롯데칠성음료)",
2022,95397,"탄산수,씨그램 라임(코카-콜라음료(주))",
2022,95399,"탄산수,트레비레몬(롯데칠성음료)",
2022,95408,"탄산음료,트로피카나스파클링 사과맛(롯데칠성음료)",
2022,95411,"탄산음료,환타 파인애플맛(한국코카콜라주식회사)",
2022,95412,"탄산음료,환타 포도맛(한국코카콜라주식회사)",
2022,95429,"막걸리,금정산정막걸리(㈜금정산정토산주)",
2022,95434,"막걸리,무등산쌀막걸리(광주무등산탁주)",
2022,95442,"막걸리,생소성주(인천탁주합동제1공장)",
2022,95444,"막걸리,서울막걸리(서울탁주)",
2022,95446,"막걸리,서울장수막걸리(서울탁주)",
2022,95458,"막걸리,장수생막거리(서울장수주식회사)",
2022,95460,"막걸리,제주생막걸리(제주막걸리(주))",
2022,95463,"막걸리,태화루막걸리(울산 태화루탁주)",
2022,95470,"맥주,기네스(기네스맥주)",
2022,95471,"맥주,기린맥주(하이트진로)",
2022,95475,"맥주,산미구엘 페일필젠(필리핀 산미구엘맥주)",
2022,95477,"맥주,아사히맥주(아사히(주))",
2022,95481,"맥주,카스 라이트(OB)",
2022,95486,"맥주,클라우드맥주(롯데주류(주))",
2022,95489,"맥주,하이트제로(하이트맥주)",
2022,95490,"맥주,호가든(OB맥주)",
2022,95498,"소주,오투린소주(㈜선양)",
2022,95500,"소주,좋은데이(㈜무학소주)",
2022,95502,"소주,진로소주(하이트진로)",
2022,95503,"소주,참이슬 후레쉬(하이트진로)",
2022,95504,"소주,처음처럼 (롯데주류BG)",
2022,95519,"청주,청하(롯데주류BG)",
2022,96015,"간장,맛간장(한국미연식품연구소(한살림))",
2022,96045,"간장,오복간장청표((주)오복식품)",
2022,96069,"간장,쯔유(일산)",
2022,96073,"간장,청정원 햇살담은자연숙성국간장(㈜대상)",
2022,96085,"간장,황가오복양조간장(오복식품)",
2022,96088,"건야채스프,신라면 후레이크(농심)",
2022,96114,"고추장,순창궁찹쌀고추장(해표)",
2022,96115,"고추장,순창궁햅쌀고추장(해표)",
2022,96251,"머스터드소스,하인즈옐로우머스타드(하인즈)",
2022,96252,"머스터드소스,허니머스타드소스(오뚜기)",
2022,96267,"샐러드드레싱,맥코믹 시저샐러드드레싱(미국 맥코믹사)",
2022,96340,"소금,백설 허브솔트순한맛(씨제이푸드㈜)",
2022,96464,"식초,오뚜기 2배사과식초(오뚜기)",
2022,96465,"식초,오뚜기 2배양조식초(오뚜기)",
2022,96485,"식초,청정원 발사믹식초(㈜대상)",
2022,96497,"양념가루,밥친구 채소(오뚜기)",
2022,96499,"양념가루,백설 밥이랑야채 쇠고기맛(씨제이푸드㈜)",
2022,96533,"양념간장,홍게맛장소스(홍일점)",
2022,96537,"양념식초,새콤달콤초밥소스((주)신미씨앤에프(씨제이푸드㈜))",
2022,96551,"조미료,소고기감치미(㈜대상)",
2022,96570,"조미료,연두 순(샘표)",
2022,96571,"조미료,연두 진(샘표)",
2022,96593,"짜장소스,오뚜기 3분쇠고기짜장(오뚜기)",
2022,96608,"초고추장,청정원 순창 우리쌀로만든초고추장(㈜대상)",
2022,96618,"카레분말,백세카레 순한맛(오뚜기)",
2022,96624,"카레분말,오뚜기 카레 매운맛(오뚜기)",
2022,96625,"카레분말,오뚜기 카레 순한맛(오뚜기)",
2022,96626,"카레분말,오뚜기 카레 약간매운맛((주)오뚜기)",
2022,96629,"카레분말,청정원 우리쌀카레여왕구운마늘&양파(㈜대상)",
2022,96636,"카레소스,오뚜기 3분카레 매운맛(오뚜기)",
2022,96637,"카레소스,오뚜기 3분카레 순한맛(오뚜기)",
2022,97018,"스프분말,보노 포르치니버섯스프(일본 크노르식품주식회사)",
2022,98019,"단백질보충제,뉴트리파이토프로틴(한국암웨이)",
2022,98023,"단백질보충제,신타6(BSN)",
2022,98027,"단백질보충제,퍼스널단백질파우더(Valentine Enterprise(허벌라이프))",
2023,01002,"귀리, 쌀귀리, 도정, 생것",A001002A010a
2023,01003,"귀리, 오트밀",A0020000009a
2023,01004,"기장, 도정, 생것",A003000A010a
2023,01005,"메밀, 도정, 생것",A004000A010a
2023,01006,"메밀, 도정, 가루",A004000A015a
2023,01007,"메밀 국수, 생것",A0050000000a
2023,01008,"메밀 국수, 생것, 삶은것",A0050000000b
2023,01009,"메밀 국수, 말린것",A0050000001a
2023,01010,"메밀 국수, 말린것, 삶은것",A0050000001b
2023,01011,"메밀 냉면, 말린것",A0060000001a
2023,01012,메밀묵,A0070000000a
2023,01014,"밀, 도정, 생것",A016000A010a
2023,01019,"밀, 중력밀가루",A0160080005a
2023,01020,"밀, 통밀가루",A0160100005a
2023,01021,"밀, 강력밀가루",A0160010005a
2023,01023,"밀, 박력밀가루",A0160040005a
2023,01025,"밀, 부침가루",A0160050005a
2023,01026,"밀, 빵가루",A0160060005a
2023,01027,"밀, 튀김가루",A0160110005a
2023,01031,"라면, 말린것",A0190000001a
2023,01033,"마카로니, 말린것",A0240010001a
2023,01034,"마카로니, 말린것, 삶은것",A0240010001b
2023,01035,"국수, 소면, 말린것",A0180010001a
2023,01036,"국수, 소면, 말린것, 삶은것",A0180010001b
2023,01037,"스파게티면, 말린것",A0240020001a
2023,01038,"스파게티면, 말린것, 삶은것",A0240020001b
2023,01039,"우동면, 생것",A0180020000a
2023,01040,"우동면, 생것, 삶은것",A0180020000b
2023,01043,"중국국수면, 생것",A0180040000a
2023,01044,"중국국수면, 생것, 삶은것",A0180040000b
2023,01048,"국수, 중면, 말린것",A0180050001a
2023,01049,"쫄면, 말린것",A0180060001a
2023,01050,"칼국수면, 생것",A0180070000a
2023,01051,"칼국수면, 반건조",A0180070004a
2023,01052,"과자, 건빵",A0170010009a
2023,01054,"빵, 곰보빵",A0210020009a
2023,01055,"빵, 도넛, 링",A0210040339a
2023,01058,"빵, 도넛, 팥",A0210040069a
2023,01059,"빵, 롤빵, 소프트",A0210050159a
2023,01061,"빵, 마늘빵",A0210060009a
2023,01062,"과자, 만주, 밤",A0170020139a
2023,01063,"빵, 머핀, 우유",A0210070369a
2023,01065,"과자, 모나카",A0170030009a
2023,01066,"빵, 모닝빵",A0210080009a
2023,01069,"과자, 비스킷, 소프트",A0170040159a
2023,01071,"과자, 사과파이",A0170050009a
2023,01076,"샌드위치, 햄, 치즈",S0370050009a
2023,01077,"과자, 전병",A0170060009a
2023,01078,"과자, 전병, 김",A0170060169a
2023,01081,"과자, 스낵, 새우",A0170080179a
2023,01082,"과자, 스낵, 옥수수",A0170080209a
2023,01084,"빵, 식빵",A0210120009a
2023,01085,"빵, 식빵, 우유",A0210120369a
2023,01086,"빵, 식빵, 옥수수",A0210120209a
2023,01087,"빵, 모카빵",A0210090009a
2023,01089,"과자, 약과",A0170090009a
2023,01091,"빵, 옥수수빵",A0210130009a
2023,01092,"빵, 와플",A0210250009a
2023,01093,"빵, 와플, 커스터드 크림",A0210250239a
2023,01094,"빵, 와플, 잼",A0210250229a
2023,01095,"과자, 바닐라 웨하스",A0170110269a
2023,01096,"빵, 잼빵",A0210140009a
2023,01098,"과자, 초코볼",A0170120009a
2023,01099,"과자, 초코파이",A0170130009a
2023,01100,"빵, 카스텔라",A0210160009a
2023,01104,"케이크, 롤 케이크",A0230030009a
2023,01105,"케이크, 생크림 블루베리",A0230050009a
2023,01108,"케이크, 스폰지 케이크",A0230070009a
2023,01110,"케이크, 초콜릿 케이크",A0230090009a
2023,01111,"케이크, 치즈 케이크",A0230100009a
2023,01113,"케이크, 파운드 케이크",A0230120009a
2023,01114,"케이크, 과일(후르츠)",A0230010009a
2023,01115,"과자, 쿠키, 땅콩버터",A0170140279a
2023,01116,"과자, 쿠키, 초코칩",A0170140289a
2023,01117,"과자, 쿠키, 버터",A0170140299a
2023,01118,"과자, 크랙커",A0170150009a
2023,01119,"과자, 크래커, 땅콩샌드",A0170150309a
2023,01120,"과자, 크래커, 치즈샌드",A0170150319a
2023,01121,"빵, 크루아상",A0210170009a
2023,01124,"빵, 크로켓",A0210180009a
2023,01125,"빵, 크림빵",A0210190009a
2023,01126,"빵, 팥빵",A0210200009a
2023,01127,"빵, 페이스트리, 과일",A0210210449a
2023,01128,"빵, 페이스트리, 치즈",A0210210439a
2023,01129,"케이크, 팬케이크",A0230130009a
2023,01131,"푸딩, 커스터드",C0200020009a
2023,01133,"빵, 피칸파이",A0210260009a
2023,01138,"빵, 찐빵, 팥",A0210150069a
2023,01139,"빵, 찐빵, 채소",A0210150409a
2023,01143,"보리, 겉보리, 도정, 생것",A025001A010a
2023,01144,"보리, 겉보리, 압맥",A0250010469a
2023,01146,"보리, 쌀보리, 도정, 생것",A025005A010a
2023,01148,"보리, 쌀보리, 찰보리, 도정, 생것",A025007A010a
2023,01149,"보리, 가루",A0250000005a
2023,01154,"수수, 도정, 생것",A027000A010a
2023,01156,"수수떡, 수수경단",A0280010009a
2023,01157,"수수, 찰수수, 도정, 생것",A027001A010a
2023,01158,"시리얼, 옥수수",A0290100009a
2023,01159,"시리얼, 쌀",A0290170009a
2023,01160,"시리얼, 옥수수, 아몬드",A0290040009a
2023,01161,"시리얼, 옥수수, 코코아",A0290180009a
2023,01163,"시리얼, 현미",A0290130009a
2023,01167,"멥쌀, 현미, 일품벼, 생것",A008020A060a
2023,01172,"멥쌀, 칠분도미, 생것",A008000A050a
2023,01173,"멥쌀, 백미, 생것",A008000A030a
2023,01182,"멥쌀, 현미, 흑미, 생것",A0080000020a
2023,01194,"찹쌀, 현미, 생것",A038000A060a
2023,01195,"찹쌀, 백미, 생것",A038000A030a
2023,01197,"멥쌀, 현미, 밥",A013000A069a
2023,01199,"멥쌀, 백미, 밥",A013000A039a
2023,01204,누룽지,A0130000089a
2023,01207,"멥쌀, 백미, 죽",A015000A039a
2023,01211,"멥쌀떡, 가래떡",A0110010009a
2023,01212,"멥쌀떡, 개피떡(바람떡)",A0110020009a
2023,01213,"멥쌀떡, 개피떡(바람떡), 쑥",A0110020039a
2023,01214,"멥쌀떡, 꿀떡",A0110030009a
2023,01215,"멥쌀떡, 백설기",A0110060009a
2023,01217,"멥쌀떡, 송편, 검정콩",A0110070059a
2023,01218,"멥쌀떡, 송편, 깨",A0110070079a
2023,01219,"멥쌀떡, 송편, 팥",A0110070069a
2023,01220,"멥쌀떡, 시루떡, 팥",A0110080009a
2023,01221,"멥쌀떡, 절편",A0110100009a
2023,01222,"멥쌀떡, 증편",A0110110009a
2023,01228,"멥쌀, 현미, 발아현미, 생것",A008009A060a
2023,01230,"멥쌀, 백미, 가루",A008000A035a
2023,01231,"멥쌀 과자, 쌀엿강정, 팽화",A0090040009w
2023,01232,"멥쌀 과자, 튀밥, 팽화",A0090030009j
2023,01233,멥쌀 과자,A0090000009a
2023,01234,"찹쌀 과자, 전병",A0390040009a
2023,01239,"찹쌀떡, 경단 카스텔라",A0410010529a
2023,01240,"찹쌀떡, 약식",A0410030009a
2023,01241,"찹쌀떡, 인절미, 콩고물",A0410040549a
2023,01242,"찹쌀떡, 인절미, 팥고물",A0410040539a
2023,01243,"찹쌀떡, 찰시루떡",A0410050009a
2023,01244,찹쌀떡,A0410000009a
2023,01247,"찹쌀 과자, 산자",A0390020009a
2023,01248,"찹쌀 과자, 유과",A0390030009a
2023,01249,"찹쌀, 백미, 가루",A0380000005a
2023,01251,"옥수수, 메옥수수, 구운것",A0300030009f
2023,01252,"옥수수, 메옥수수, 말린것",A0300030001a
2023,01253,"옥수수, 단옥수수, 생것",A0300020000a
2023,01254,"옥수수, 단옥수수, 삶은것",A0300020009b
2023,01255,"옥수수, 찰옥수수, 생것",A0300070000a
2023,01257,"옥수수, 찰옥수수, 삶은것",A0300070009b
2023,01259,"옥수수, 가루",A0300000005a
2023,01261,"옥수수, 통조림, 가당",A030000E01Ra
2023,01263,"옥수수, 통조림, 홀커넬",A030000049Ra
2023,01267,"율무, 도정, 생것",A034000A010a
2023,01270,"조, 메조, 도정, 생것",A037001A010a
2023,01271,"조, 차조, 도정, 생것",A037002A010a
2023,01276,호밀빵,A0450000009a
2023,01278,"옥수수 과자, 팝콘, 캐러멜맛",A0310032619a
2023,01279,"멥쌀, 현미, 생것",A008000A060a
2023,01280,"빵, 베이글",A0210110009a
2023,01283,"찹쌀, 현미, 흑미, 생것",A0380000020a
2023,01284,"미숫가루, 혼합곡물",A0250030005a
2023,01300,"멥쌀 국수, 말린것",A0100000001a
2023,01302,"빵, 꽈배기",A0210030009a
2023,01303,"찹쌀빵, 찹쌀도넛",A0420010009a
2023,01304,"빵, 크림빵, 버터",A0210190299a
2023,01305,"빵, 바게트",A0210100009a
2023,01306,"빵, 페이스트리",A0210210009a
2023,01307,"빵, 크로켓, 채소",A0210180409a
2023,01314,"멥쌀밥, 쪄서 말린것",A0130000002a
2023,01316,"멥쌀떡, 모싯잎송편, 동부",A0110072649a
2023,01318,"멥쌀떡, 무지개떡",A0110050009a
2023,01319,"찹쌀떡, 모듬찰떡",A0410020009a
2023,01320,"기장, 찰기장, 도정, 생것",A003001A010a
2023,01321,"메밀 냉면, 말린것, 삶은것",A0060000001b
2023,01323,"멥쌀떡, 백설기, 검정콩",A0110060059a
2023,01328,"즉석밥, 잡곡밥(멥쌀, 찹쌀, 흑미, 팥, 기장, 찰수수)",A0140002209a
2023,01329,"즉석밥, 백미",A014000A039a
2023,01331,"밀, 호라산, 말린것",A0160142481a
2023,01332,"과자, 쿠키, 통밀",A0170140109a
2023,01333,"과자, 크래커, 채소",A0170152229a
2023,01334,"과자, 뻥튀기, 원반 모양, 팽화",A0170172219w
2023,01335,"과자, 마카로니",A0170180009j
2023,01336,"국수, 생것",A0180000000a
2023,01337,"국수, 중면, 말린것, 삶은것",A0180050001b
2023,01338,"칼국수면, 생것, 삶은것",A0180070000b
2023,01339,"라면, 말린것, 삶은것",A0190000001d
2023,01340,"빵, 붕어빵, 팥",A0210220069a
2023,01341,"빵, 소시지빵",A0210230009a
2023,01342,"빵, 난",A0210240009a
2023,01344,"보리, 겉보리, 늘보리, 도정, 생것",A025008A010a
2023,01346,"시리얼, 옥수수, 그래놀라, 코코넛",A0290150009a
2023,01347,"시리얼, 옥수수, 그래놀라, 건조과일",A0290160009a
2023,01351,"옥수수, 메옥수수, 삶은것",A0300030009b
2023,01353,"옥수수 과자, 강냉이",A0310010009a
2023,01354,"옥수수 과자, 팝콘, 전자레인지 조리",A0310030009t
2023,01355,"잡곡, 현미, 찹쌀, 현미찹쌀, 보리 등, 생것",A0470002590a
2023,01357,김밥,S0060000009a
2023,01358,"김밥, 김치 김밥",S0060010009a
2023,01360,"김밥, 소고기 김밥",S0060030009a
2023,01361,"김밥, 참치 김밥",S0060040009a
2023,01362,"덮밥, 불고기 덮밥",S0150010009a
2023,01364,"덮밥, 제육 덮밥",S0150030009a
2023,01365,"덮밥, 참치 덮밥",S0150040009a
2023,01369,"볶음밥, 김치 볶음밥",S0300010009a
2023,01371,비빔밥,S0330000009a
2023,01372,알밥,S0470000009a
2023,01373,잡채밥,S0540000009a
2023,01376,짜장밥,S0590000009a
2023,01384,"퀴노아, 쪄서 말린것",A0460000002a
2023,02002,"감자, 대지, 생것",B0010060000a
2023,02003,"감자, 수미, 생것",B0010140000a
2023,02007,"감자, 으깬감자",B0050000009a
2023,02009,감자 샐러드,B0040000009a
2023,02011,"감자 과자, 감자칩, 튀긴것",B0020010009j
2023,02012,"감자 튀김, 튀긴것",B0030000009j
2023,02013,"감자 튀김, 해시브라운, 튀긴것",B0030010009j
2023,02015,"감자, 자색, 찐것",B0010180009e
2023,02016,"고구마, 생것",B0060000000a
2023,02018,"고구마, 구운것",B0060000009f
2023,02019,"고구마, 말린것",B0060000001a
2023,02020,"고구마, 찐것",B0060000009e
2023,02022,"곤약(구약나물), 국수형, 생것",B0090010000a
2023,02023,"곤약(구약나물), 판형, 생것",B0090020000a
2023,02026,"마, 단마, 생것",B0110010000a
2023,02028,"마, 장마, 생것",B0110030000a
2023,02030,"전분, 감자, 가루",B0140010005a
2023,02031,"전분, 고구마, 가루",B0140020005a
2023,02034,"전분, 옥수수, 가루",B0140050005a
2023,02039,"당면, 고구마, 말린것",B0070010001a
2023,02040,"당면, 고구마, 삶은것",B0070010001b
2023,02041,양장피,S0820000000a
2023,02043,"토란, 생것",B0170000000a
2023,02059,"감자, 대지, 삶은것",B0010060009b
2023,02060,"감자, 대지, 찐것",B0010060009e
2023,02061,"감자, 대지, 구운것",B0010060009f
2023,02062,"감자, 수미, 삶은것",B0010140009b
2023,02068,"감자, 로즈밸리, 삶은것",B0010220009b
2023,02070,"고구마, 분질(밤) 고구마, 생것",B0060150000a
2023,02071,"고구마, 분질(밤) 고구마, 찐것",B0060150009e
2023,02072,"고구마, 분질(밤) 고구마, 구운것",B0060150009f
2023,02073,"고구마, 점질(호박) 고구마, 생것",B0060160000a
2023,02074,"고구마, 점질(호박) 고구마, 찐것",B0060160009e
2023,02075,"고구마, 점질(호박) 고구마, 구운것",B0060160009f
2023,02076,"돼지감자, 말린것",B0100000001a
2023,02077,"돼지감자, 삶은것",B0100000009b
2023,03002,"껌, 추잉 껌",C0020010009a
2023,03003,"껌, 풍선껌",C0020020009a
2023,03004,꿀,C0030000009a
2023,03006,"꿀, 밤",C0030020009a
2023,03008,"꿀, 아카시아",C0030040009a
2023,03009,"꿀, 잡화",C0030050009a
2023,03010,"꿀, 토종",C0030060009a
2023,03011,로얄제리,C0050000009a
2023,03014,물엿,C0070000009a
2023,03017,"사탕, 드롭스",C0090030009a
2023,03018,"사탕, 마쉬멜로",C0090040009a
2023,03019,"사탕, 박하사탕",C0090050009a
2023,03020,"사탕, 버터",C0090060009a
2023,03024,"설탕, 백설탕",C0110020009a
2023,03025,"설탕, 황설탕",C0110040009a
2023,03026,"설탕, 흑설탕",C0110050009a
2023,03027,"설탕, 각설탕",C0110010009a
2023,03029,"설탕, 가루",C0110000005a
2023,03030,"시럽, 단풍나무",C0120010009a
2023,03032,"시럽, 초콜릿",C0120030009a
2023,03036,"양갱, 팥",C0130010009a
2023,03037,"엿, 고구마",C0060020009a
2023,03040,"젤리, 구미",C0150010009a
2023,03041,"초콜릿, 다크 초콜릿",C0170020009a
2023,03042,"초콜릿, 땅콩 초콜릿",C0170030009a
2023,03043,"초콜릿, 밀크 초콜릿",C0170060009a
2023,03044,"초콜릿, 크런치 초콜릿",C0170110009a
2023,03045,"초콜릿, 밀크 아몬드 초콜릿",C0170050009a
2023,03047,"초콜릿, 화이트 초콜릿",C0170100009a
2023,03048,"초콜릿, 스위트 초콜릿",C0170080009a
2023,03051,"캐러멜, 우유",C0180010009a
2023,03061,"조청, 도라지",C0160030009a
2023,03062,"조청, 쌀",C0160060009a
2023,03063,"껌, 무설탕",C0020030009a
2023,03066,"사탕, 땅콩",C0090070009a
2023,03067,"초코바, 땅콩 캐러멜",C0210010009a
2023,03068,"초코바, 쿠키 캐러멜",C0210020009a
2023,04001,"강낭콩, 생것",D0010000000a
2023,04002,"강낭콩, 말린것",D0010000001a
2023,04003,"강낭콩, 삶은것",D0010000009b
2023,04004,"녹두, 말린것",D0020000001a
2023,04006,"녹두 빈대떡, 가루",D0030000005a
2023,04009,녹두묵,D0050000009a
2023,04010,"대두, 검은색, 흑태, 말린것",D0120080001a
2023,04011,"대두, 검은색, 서리태, 말린것",D0120050001a
2023,04012,"대두, 노란색, 말린것",D0120020001a
2023,04015,"대두, 노란색, 삶은것",D0120020009b
2023,04016,"밤콩, 갈색, 말린것",D0120010001a
2023,04017,두부,D0150000009a
2023,04018,"두부, 동두부, 동결건조",D0150010008a
2023,04019,"두부, 순두부",D0150020009a
2023,04020,"두부, 연두부",D0150030009a
2023,04021,"두부, 유부",D0150040009j
2023,04022,비지,D0160000009a
2023,04023,"두유, 대두",D0170000009a
2023,04024,"대두, 콩가루",D0120020005n
2023,04027,"동부, 생것",D0060000000a
2023,04028,"동부, 말린것",D0060000001a
2023,04029,"동부, 삶은것",D0060000009b
2023,04033,"완두, 생것",D0080000000a
2023,04034,"완두, 말린것",D0080000001a
2023,04035,"완두, 삶은것",D0080000009b
2023,04040,"쥐눈이콩(검정소립콩), 말린것",D0110000001a
2023,04041,"팥, 검은색, 말린것",D0180010001a
2023,04042,"팥, 검은색, 삶은것",D0180010009b
2023,04044,"팥, 적색, 말린것",D0180020001a
2023,04046,"팥, 적색, 삶은것",D0180020009b
2023,04047,"팥, 앙금, 페이스트",D0190000009a
2023,04064,"작두(도두), 말린것",D0090000001a
2023,04066,"렌즈콩(렌틸콩), 빨간색, 말린것",D020001C021a
2023,04067,"렌즈콩(렌틸콩), 갈색, 말린것",D020001C061a
2023,04068,"병아리콩, 말린것",D0210010001a
2023,04069,"쥐눈이콩(검정소립콩), 삶은것",D0110000009b
2023,04070,"쥐눈이콩(검정소립콩), 볶은것",D0110000009n
2023,04072,"대두, 검은색, 서리태, 삶은것",D0120050009b
2023,04073,"대두, 검은색, 서리태, 볶은것",D0120050009n
2023,04076,"두유, 검은콩",D0170010009a
2023,04077,"두유, 검은콩, 검은참깨",D0170020009a
2023,04078,"두유, 콩국물, 소금 0.3%",D0170032259a
2023,04079,순두부찌개,S0430000009a
2023,05002,"개암, 헤이즐넛, 볶은것",E0010000009n
2023,05004,"도토리, 가루",E0020000005a
2023,05005,"도토리묵, 가루",E0040000005a
2023,05010,도토리묵,E0040000009a
2023,05011,"들깨, 말린것",E0050000001a
2023,05015,"땅콩, 중립종, 말린것",E0070040001a
2023,05017,"땅콩, 볶은것",E0070000009n
2023,05018,"땅콩, 삶은것, 소금첨가",E0070000009b
2023,05019,"땅콩, 조미, 볶은것",E007000000Do
2023,05020,"땅콩, 가루",E0070000005a
2023,05026,"마카다미아, 조미, 볶은것",E012000000Dn
2023,05028,"밤, 생것",E0140000000a
2023,05033,"밤, 말린것",E0140000001a
2023,05035,"밤, 삶은것",E0140000009b
2023,05041,"밤, 통조림",E014000000Ra
2023,05043,"브라질너트, 말린것",E0170000001a
2023,05044,"브라질너트, 조미, 볶은것",E017000000Dn
2023,05045,"삼씨(대마씨), 말린것",E0180000001a
2023,05048,"아몬드, 말린것",E0200000001a
2023,05049,"아몬드, 조미, 볶은것",E020000000Dn
2023,05050,"연씨, 생것",E0210000580a
2023,05052,"은행, 생것",E0220000000a
2023,05053,"은행, 삶은것",E0220000009b
2023,05054,"잣, 말린것",E0230000001a
2023,05055,"잣, 볶은것",E0230000009n
2023,05058,"참깨, 검은색, 말린것",E0260010001a
2023,05059,"참깨, 검은색, 볶은것",E0260010009n
2023,05061,"참깨, 흰색, 볶은것",E0260020009n
2023,05062,"참깨 과자, 엿강정",E0270010009a
2023,05064,"캐슈넛, 조미, 볶은것",E029000000Da
2023,05065,"코코넛, 말린것",E0300000001a
2023,05068,"코코넛, 코코넛밀크",E0300000609a
2023,05069,코코넛수,E0310000619a
2023,05070,"피스타치오, 말린것",E0320000001a
2023,05071,"피스타치오, 조미, 볶은것",E032000000Dn
2023,05072,"피칸, 말린것",E0330000001a
2023,05073,"피칸, 조미, 볶은것",E033000000Dn
2023,05074,"해바라기씨, 말린것",E0340000001a
2023,05075,"해바라기씨, 볶은것",E0340000009n
2023,05076,"해바라기씨, 조미, 볶은것",E034000000Dn
2023,05077,"호두, 말린것",E0350000001a
2023,05078,"호두, 볶은것",E0350000009n
2023,05079,"호박씨, 말린것",E0360000001a
2023,05080,"호박씨, 조미, 볶은것",E036001000Dn
2023,05089,"들깨, 볶은것",E0050000009n
2023,05091,"땅콩, 말린것",E0070000001a
2023,05102,"밤, 구운것",E0140000009f
2023,05103,"아마씨, 볶은것",E037000B179n
2023,05104,"아몬드, 볶은것",E0200000009n
2023,05105,"은행, 볶은것",E0220000009n
2023,05106,"잣, 생것",E0230000000a
2023,05107,"치아씨, 말린것",E038000B171a
2023,05108,"피스타치오, 볶은것",E0320000009n
2023,06001,"가시오갈피, 순, 생것",F001000B110a
2023,06002,"가시오갈피, 순, 데친것",F001000B119c
2023,06004,"가지, 생것",F0030000000a
2023,06005,"가지, 말린것",F0030000001a
2023,06006,"가지, 데친것",F0030000009c
2023,06007,"가지, 염절임",F003000000Ia
2023,06008,"갓, 생것",F0040000000a
2023,06013,"고구마, 잎, 생것",F208000B140a
2023,06014,"고구마, 줄기, 생것",F208000B160a
2023,06015,"고구마, 줄기, 말린것",F208000B161a
2023,06016,"고구마, 줄기, 삶은것",F208000B169b
2023,06017,"고들빼기, 생것",F0130000000a
2023,06019,"고려엉겅퀴(곤드레), 재배, 말린것",F0140030001a
2023,06025,"고사리, 생것",F0160000000a
2023,06026,"고사리, 삶아서 말린것",F0160000003a
2023,06027,"고사리, 데친것",F0160000009c
2023,06028,"고수(향채), 생것",F0170000000a
2023,06029,"고추, 꽈리고추, 생것",F0180020000a
2023,06030,"고추, 빨간색, 생것",F018000C020a
2023,06032,"고추, 빨간색, 말린것",F018000C021a
2023,06037,고추장아찌,F0200000009a
2023,06038,"고춧잎, 생것",F019000B140a
2023,06039,"고춧잎, 데친것",F019000B149c
2023,06040,"고추냉이, 뿌리, 생것",F021000B090a
2023,06045,"취나물, 곰취, 생것",F0230000000a
2023,06046,"취나물, 곰취, 데친것",F0230000009c
2023,06048,"취나물, 곰취, 재배, 말린것",F0230020001a
2023,06049,"공심채, 생것",F0240000000a
2023,06050,"공심채, 데친것",F0240000009c
2023,06055,"근대, 생것",F0270000000a
2023,06056,"근대, 데친것",F0270000009c
2023,06057,"김치, 갓김치",F2050010009a
2023,06058,"김치, 고들빼기",F2050020009a
2023,06059,"김치, 깍두기",F2050030009a
2023,06060,"김치, 나박 김치",F2050040009a
2023,06061,"김치, 동치미",F2050050009a
2023,06063,"김치, 배추 김치",F2050070009a
2023,06064,"김치, 백김치",F2050080009a
2023,06065,"김치, 열무 김치",F2050090009a
2023,06066,"김치, 열무 물김치",F2050100009a
2023,06067,"김치, 유채 김치",F2050120009a
2023,06069,"김치, 총각 김치",F2050140009a
2023,06070,"김치, 파 김치",F2050150009a
2023,06071,"들깻잎, 생것",F049000B140a
2023,06072,"들깻잎, 데친것",F049000B149c
2023,06073,"들깻잎, 찐것",F049000B149e
2023,06077,"꽃양배추(콜리플라워), 생것",F0300000000a
2023,06078,"꽃양배추(콜리플라워), 데친것",F0300000009c
2023,06080,"냉이, 생것",F0330000000a
2023,06085,"완두, 통조림",D008000000Ra
2023,06092,"달래, 생것",F0390000000a
2023,06096,"당근, 뿌리, 생것",F041000B090a
2023,06097,"당근, 뿌리, 데친것",F041000B099c
2023,06098,"더덕, 뿌리, 생것",F043000B090a
2023,06100,"도라지, 뿌리, 생것",F044000B090a
2023,06102,"도라지, 뿌리, 데친것",F044000B099c
2023,06103,"도라지, 뿌리, 가루",F044000B095a
2023,06104,"돌나물, 생것",F0450000000a
2023,06107,"두릅, 참두릅, 생것",F0470000000a
2023,06108,"두릅, 참두릅, 데친것",F0470000009c
2023,06121,"마늘, 생것",F053000B060a
2023,06124,"마늘, 말린것",F053000B061a
2023,06125,"마늘, 동결건조",F053000B068a
2023,06126,"풋마늘, 잎줄기, 생것",F054000B150a
2023,06127,"마늘종, 꽃줄기, 생것",F055000B080a
2023,06128,마늘 장아찌,F0570000009a
2023,06129,마늘종 장아찌,F2060000009a
2023,06134,"머위, 생것",F0620000000a
2023,06136,"머위, 데친것",F0620000009c
2023,06137,"머위, 삶은것",F0620000009b
2023,06145,"무청, 조선무, 생것",F067002B140a
2023,06146,"무, 조선무, 생것",F065002B090a
2023,06147,"무 절임, 단무지",F060000B09Ia
2023,06148,"무말랭이, 말린것",F071000B091a
2023,06149,"무청, 시래기, 말린것, 삶은것",F068000B141b
2023,06151,"무 절임, 치킨무",F069000B09Ia
2023,06155,"물쑥, 생것",F0760000000a
2023,06157,"미나리, 물미나리, 생것",F0770030000a
2023,06158,"미나리, 물미나리, 데친것",F0770030009c
2023,06159,"미나리, 물미나리, 줄기, 생것",F077003B160a
2023,06165,"미나리, 돌미나리, 생것",F0770020000a
2023,06166,"미나리, 돌미나리, 데친것",F0770020009c
2023,06168,"민들레, 생것",F0780000000a
2023,06169,"민들레, 데친것",F0780000009c
2023,06175,"바질, 잎, 생것",F080000B140a
2023,06178,"박, 생것, 씨 포함",F081000B040a
2023,06179,"박고지, 말린것",F0820000001a
2023,06186,"배추, 생것",F0870000000a
2023,06187,"배추, 봄동, 생것",F0870030000a
2023,06188,"배추, 얼갈이배추, 생것",F1360000000a
2023,06189,"배추, 데친것",F0870000009c
2023,06194,"보리, 순, 가루",F213000B115a
2023,06196,"부추, 재래종, 생것",F0910040000a
2023,06197,"부추, 재래종, 데친것",F0910040009c
2023,06198,"부추, 호부추, 생것",F0910050000a
2023,06200,"브로콜리, 생것",F0920000000a
2023,06201,"브로콜리, 데친것",F0920000009c
2023,06202,"브로콜리, 삶은것",F0920000009b
2023,06203,"개비름, 생것",F0930000000a
2023,06204,"개비름, 데친것",F0930000009c
2023,06206,"비타민채(다채), 생것",F0940000000a
2023,06207,"비트, 잎, 생것",F095000B140a
2023,06209,"비트, 뿌리, 생것",F095000B090a
2023,06210,"비트, 뿌리, 데친것",F095000B099c
2023,06211,"비트 피클, 통조림",F096000B09Ra
2023,06214,"산마늘(명이나물), 생것",F098000B150a
2023,06223,"상추, 반결구, 로메인, 녹색, 생것",F1010032490a
2023,06227,"생강, 뿌리줄기, 생것",F102000B100a
2023,06229,생강 피클,F104000000Ja
2023,06230,"생강, 편강, 당조림",F1950000009q
2023,06234,"갯나물, 세발나물, 생것",F1060000000a
2023,06235,"셀러리, 생것",F1070000000a
2023,06241,"숙주나물, 생것",F1120000000a
2023,06242,"숙주나물, 데친것",F1120000009c
2023,06248,"순무, 뿌리, 염절임",F113000B09Ia
2023,06249,"시금치, 노지, 생것",F1150010000a
2023,06250,"시금치, 하우스, 생것",F1150030000a
2023,06251,"시금치, 데친것",F1150000009c
2023,06252,"시금치, 포항초, 생것",F1150020000a
2023,06257,"무순, 싹, 생것",F066000B120a
2023,06258,"메밀, 싹, 생것",F211000B120a
2023,06259,"알팔파, 싹, 생것",F127000B120a
2023,06262,"쌈추, 생것",F1170000000a
2023,06263,"쑥, 생것",F1180000000a
2023,06265,"쑥갓, 생것",F1190000000a
2023,06266,"쑥갓, 데친것",F1190000009c
2023,06268,"씀바귀, 생것",F1210000000a
2023,06269,"씀바귀, 데친것",F1210000009c
2023,06271,"아스파라거스, 생것",F1220000000a
2023,06272,"아스파라거스, 데친것",F1220000009c
2023,06274,"아욱, 생것",F1230000000a
2023,06275,"아욱, 데친것",F1230000009c
2023,06277,"아주까리, 잎, 생것",F125000B140a
2023,06279,"양배추, 생것",F1290000000a
2023,06280,"양배추, 데친것",F1290000009c
2023,06281,"양배추 샐러드, 코울슬로",F1300010009a
2023,06282,"양배추, 적색, 생것",F1290010000a
2023,06283,"상추, 결구(양상추), 녹색, 생것",F1010142490a
2023,06285,"양파, 생것",F1320000000a
2023,06287,"양파, 말린것",F1320000001a
2023,06288,"양파, 데친것",F1320000009c
2023,06289,"양파링, 튀긴것(튀김옷)",F1330000009k
2023,06294,"음나무(엄나무), 잎, 데친것",F138000B149c
2023,06297,"여주(고야), 생것",F1400000000a
2023,06298,"연근, 생것",F1410000000a
2023,06299,"연근, 데친것",F1410000009c
2023,06300,"열무, 생것",F1440000000a
2023,06301,"열무, 데친것",F1440000009c
2023,06303,염교(락교),F146000000Ja
2023,06307,"오이, 다다기, 생것",F1480010000a
2023,06310,"오이, 늙은오이, 생것",F1480030000a
2023,06311,"오이지, 염절임",F150000000Ia
2023,06312,오이 피클,F149000000Ja
2023,06313,"김치, 오이 소박이",F2050110009a
2023,06320,"우엉, 생것",F1540000000a
2023,06321,"우엉, 데친것",F1540000009c
2023,06323,"원추리, 생것",F1560000000a
2023,06326,"유채, 잎, 생것",F157000B140a
2023,06327,"유채, 동채, 생것",F1570010000a
2023,06329,"유채, 잎줄기, 데친것",F157004B159c
2023,06333,"겨자, 적색, 생것",F0110010000a
2023,06338,"대나무순(죽순), 생것",F167000B110a
2023,06340,"대나무순(죽순), 데친것",F167000B119c
2023,06341,"대나무순(죽순), 통조림",F167000B11Ra
2023,06347,"참나물, 재배, 생것",F1710020000a
2023,06349,"참나물, 재배, 말린것",F1710020001a
2023,06354,"취나물, 참취, 생것",F1770030000a
2023,06356,"취나물, 참취, 데친것",F1770030009c
2023,06357,"청경채, 생것",F1750000000a
2023,06358,"치커리, 잎, 적색, 생것",F178001B140a
2023,06359,"치커리, 잎, 생것",F178000B140a
2023,06362,"케일, 생것",F1800000000a
2023,06365,"콜라비, 생것",F1810000000a
2023,06366,"콜라비, 데친것",F1810000009c
2023,06367,"콩나물, 생것",F1820000000a
2023,06368,"콩나물, 삶은것",F1820000009b
2023,06372,"콩잎, 잎, 생것",F183000B140a
2023,06375,"토란대, 줄기, 생것",F185000B160a
2023,06376,"토란대, 줄기, 데친것",F185000B169c
2023,06378,"토란대, 줄기, 말린것, 데친것",F185000B161b
2023,06379,"토마토, 생것",F1860000000a
2023,06380,"토마토, 데친것",F1860000009c
2023,06381,토마토 음료,F1870002299a
2023,06382,"토마토, 통조림",F186000000Ra
2023,06383,"토마토, 통조림, 페이스트",F1880000009a
2023,06384,"토마토, 통조림, 퓨레",F189000000Ra
2023,06385,"토마토, 방울토마토, 생것",F1860010000a
2023,06386,"토마토, 흑토마토, 생것",F1860030000a
2023,06388,"파, 골파, 생것",F1910010000a
2023,06389,"파, 쪽파, 생것",F1910030000a
2023,06390,"파, 실파, 생것",F1910020000a
2023,06392,"파슬리, 생것",F1930000000a
2023,06394,"파프리카, 빨간색, 생것",F194000C020a
2023,06395,"파프리카, 주황색, 생것",F194000C040a
2023,06396,"파프리카, 노란색, 생것",F194000C010a
2023,06400,"피망, 초록색, 생것",F196000C050a
2023,06401,"피망, 빨간색, 생것",F196000C020a
2023,06402,"호박, 국수호박, 생것",F1980020000a
2023,06404,"호박, 늙은호박, 생것",F1980030000a
2023,06405,"호박, 늙은호박, 말린것",F1990010001a
2023,06407,"호박, 애호박, 생것",F1980050000a
2023,06408,"호박, 애호박, 데친것",F1980050009c
2023,06410,"호박, 쥬키니, 생것",F1980060000a
2023,06412,"호박, 단호박, 생것",F1980040000a
2023,06413,"호박, 단호박, 데친것",F1980040009c
2023,06414,"호박, 잎, 생것",F198000B140a
2023,06415,"호박, 잎, 데친것",F198000B149c
2023,06416,"호박, 잎, 찐것",F198000B149e
2023,06426,"배추, 삶은것",F0870000009b
2023,06427,"배추, 염절임",F087000000Ia
2023,06431,"고추, 청양고추, 생것",F0180080000a
2023,06432,"고추, 오이고추, 생것",F0180060000a
2023,06433,"고추, 풋고추, 생것",F0180000620a
2023,06434,"고춧잎, 말린것",F019000B141a
2023,06435,"냉이, 데친것",F0330000009c
2023,06436,"당귀, 일당귀, 잎, 생것",F040001B140a
2023,06437,"당귀, 참당귀, 잎, 생것",F040004B140a
2023,06443,"배추, 봄동, 데친것",F0870030009c
2023,06460,"브로콜리, 잎, 말린것",F092000B141a
2023,06462,"브로콜리, 가루",F0920000005a
2023,06466,"비타민채(다채), 어린잎, 생것",F0940002660a
2023,06467,"양배추, 적색, 싹, 생것",F129001B120a
2023,06475,"오이, 취청, 생것",F1480050000a
2023,06481,"파, 생것",F1910000000a
2023,06485,무국물,F0700000009a
2023,06491,"알로에, 과육, 생것",F1260000590a
2023,06492,들깻잎장아찌,F0500000009a
2023,06499,"갯기름나물, 하우스, 데친것",F0080020009c
2023,06503,"고구마, 줄기, 삶아서 말린것, 삶은것",F208000B163b
2023,06504,"고구마, 줄기, 데친것",F208000B169c
2023,06509,"겨자, 녹색, 생것",F0110020000a
2023,06510,"고춧잎, 삶아서 말린것, 삶은것",F019000B143b
2023,06515,"김치, 얼갈이배추 김치",F2050160009a
2023,06518,당근 주스,F0420000749a
2023,06527,"루꼴라, 생것",F2320000000a
2023,06528,"마늘, 데친것",F053000B069c
2023,06529,"마늘, 통마늘, 구운것",F053000B069f
2023,06534,"풋마늘, 잎줄기, 데친것",F054000B159c
2023,06535,"마늘종, 꽃줄기, 데친것",F055000B089c
2023,06543,"무 절임, 쌈무",F222000000Ja
2023,06544,"미니파프리카, 주황색, 생것",F194004C040a
2023,06545,"미니파프리카, 노란색, 생것",F194002C010a
2023,06546,"미니파프리카, 빨간색, 생것",F194003C020a
2023,06548,"배초향(방아), 잎, 생것",F221000B140a
2023,06557,"배추, 가을 재배, 염절임",F087000228Ia
2023,06562,"뽕잎, 삶아서 말린것, 삶은것",F2350000003b
2023,06564,"뽕잎, 생것",F2350000000a
2023,06565,"부지갱이(섬쑥부쟁이), 생것",F0900000000a
2023,06568,"부지갱이(섬쑥부쟁이), 데친것",F0900000009c
2023,06569,"산마늘(명이나물), 데친것",F098000B159c
2023,06573,"삼채, 뿌리, 생것",F217000B090a
2023,06577,"상추, 잎상추, 치마상추, 녹색, 생것",F1010162490a
2023,06578,"상추, 잎상추, 치마상추, 적색, 생것",F1010162500a
2023,06579,"갯나물, 세발나물, 데친것",F1060000009c
2023,06583,"숙주나물, 찐것",F1120000009e
2023,06587,"시금치, 노지, 데친것",F1150010009c
2023,06588,"시금치, 포항초, 데친것",F1150020009c
2023,06589,"시금치, 하우스, 데친것",F1150030009c
2023,06590,"시금치, 섬초, 생것",F1150040000a
2023,06591,"시금치, 섬초, 데친것",F1150040009c
2023,06594,"아주까리, 순, 말린것",F125000B110a
2023,06599,"양배추, 찐것",F1290000009e
2023,06600,"양파, 자색 양파, 생것",F1320020000a
2023,06604,양파 장아찌,F2180000009a
2023,06605,"배추, 얼갈이배추, 데친것",F1360000009c
2023,06607,"울금, 뿌리줄기, 생것",F228000B100a
2023,06609,"유채, 잎, 데친것",F157000B149c
2023,06610,"유채, 동채, 데친것",F1570010009c
2023,06611,"대나무순(죽순), 삶은것",F167000B119b
2023,06612,"참나물, 재배, 데친것",F1710020009c
2023,06613,"참죽나물(가죽나물), 생것",F1740000000a
2023,06616,"참죽나물(가죽나물), 데친것",F1740000009c
2023,06617,"청경채, 데친것",F1750000009c
2023,06620,"취나물, 참취, 삶아서 말린것",F1770030003a
2023,06621,"취나물, 참취, 삶아서 말린것, 데친것",F1770030003c
2023,06625,"토마토, 대저, 생것",F1860040000a
2023,06626,"토마토, 대저, 데친것",F1860040009c
2023,06630,"파, 대파, 생것",F1910040000a
2023,06636,"할라페뇨, 통조림",F233000000Ra
2023,06637,"호박, 늙은호박, 찐것",F1980030009e
2023,06638,"호박, 단호박, 찐것",F1980040009e
2023,06639,"호박, 애호박, 말린것, 데친것",F1980050001c
2023,06640,"호박, 애호박, 말린것",F1980050001a
2023,06643,호박즙,F2150000759a
2023,06644,"우엉, 장조림",F2140000009r
2023,06645,"멸치 볶음, 멸치풋고추볶음",K0670010009a
2023,06646,채소 주스,P0010000009a
2023,06647,"채소 주스, 녹즙",P0010042369a
2023,06650,"배추, 시래기, 말린것, 삶은것",F087000B141b
2023,06651,산마늘(명이나물)장아찌,F098000B15Ja
2023,06652,"갯기름나물, 생것",F0080000000a
2023,06653,"갯기름나물, 데친것",F0080000009c
2023,06655,"시금치, 생것",F1150000000a
2023,07003,"느타리버섯, 생것",G0040000000a
2023,07004,"느타리버섯, 데친것",G0040000009c
2023,07005,"만가닥버섯, 생것",G0070000000a
2023,07006,"목이버섯, 말린것",G0080000001a
2023,07007,"목이버섯, 데친것",G0080000009c
2023,07016,"석이버섯, 말린것",G0130000001a
2023,07017,"상황버섯, 말린것",G0120000001a
2023,07018,"송이버섯, 생것",G0140000000a
2023,07021,"싸리버섯, 생것",G0150000000a
2023,07024,"아위버섯, 생것",G0160000000a
2023,07025,"양송이버섯, 생것",G0180000000a
2023,07026,"양송이버섯, 통조림",G018000000Ra
2023,07034,"큰느타리버섯(새송이버섯), 생것",G0230000000a
2023,07035,"큰느타리버섯(새송이버섯), 데친것",G0230000009c
2023,07038,"팽이버섯, 생것",G0250040000a
2023,07039,"팽이버섯, 데친것",G0250040009c
2023,07044,"표고버섯, 참나무재배, 생것",G0270020000a
2023,07045,"표고버섯, 참나무재배, 데친것",G0270020009c
2023,07046,"표고버섯, 참나무재배, 말린것",G0270020001a
2023,07047,"표고버섯, 참나무재배, 말린것, 삶은것",G0270000001b
2023,07048,"표고버섯, 가루",G0270000005a
2023,07064,"목이버섯, 생것",G0080000000a
2023,07069,"능이버섯(향버섯), 생것",G0050000000a
2023,07078,"애느타리버섯, 생것",G0170000000a
2023,07081,"표고버섯, 배지재배, 갓, 생것",G0270000640a
2023,07082,"표고버섯, 배지재배, 갓, 말린것",G0270000641a
2023,07101,"양송이버섯, 말린것(자연건조)",G018000000Xa
2023,08001,"감, 단감, 생것",H0010010000a
2023,08003,"감, 연시, 생것",H0010040000a
2023,08004,"감, 대봉, 갑주백목, 생것",H0010020000a
2023,08005,"감, 연시, 냉동",H0010040007a
2023,08006,"감, 감말랭이, 말린것",H0050000001a
2023,08007,"감, 곶감, 말린것",H0060000001a
2023,08013,"귤 주스, 천연과즙",H0130000759a
2023,08016,"귤, 통조림",H010000E03Ra
2023,08018,"귤, 만감류, 한라봉, 생것",H0100010000a
2023,08020,"구아바 주스, 과즙 음료(10%)",H0090000739a
2023,08022,"자몽(그레이프프루트), 생것",H0840000000a
2023,08026,"자몽(그레이프프루트) 주스, 가당, 캔",H085000E01Qa
2023,08028,"금귤, 생것",H0140000000a
2023,08032,"대추, 생것",H0160000000a
2023,08033,"대추, 말린것",H0160000001a
2023,08035,"두리안, 생것",H0180000000a
2023,08036,"딸기, 개량종, 생것",H0190010000a
2023,08038,"딸기, 잼",H0210000009a
2023,08040,"라임 주스, 천연과즙",H0230000759a
2023,08042,"레몬, 생것",H0240000000a
2023,08043,레몬 과즙,H0250000009a
2023,08048,"망고, 생것",H0280000000a
2023,08049,"매실, 생것",H0290000000a
2023,08050,매실청,H030000000Ha
2023,08051,"매실 절임, 염절임, 고형물",H031000000Ia
2023,08053,"머루, 개량머루, 생것, 껍질과 씨 포함",H0320010000a
2023,08054,"머루, 생것, 껍질과 씨 포함",H032000B220a
2023,08057,"멜론, 머스크, 생것",H0340020000a
2023,08060,"무화과, 생것",H0360000000a
2023,08061,"무화과, 수입산, 말린것",H0360000001a
2023,08063,"바나나, 생것",H0370000000a
2023,08064,"바나나, 말린것",H0370000001a
2023,08065,"배, 신고, 생것",H0380040000a
2023,08068,배즙,H0390000009a
2023,08077,"복숭아, 백도, 생것",H0430020000a
2023,08078,"복숭아, 천도, 생것",H0430070000a
2023,08079,"복숭아, 황도, 생것",H0430080000a
2023,08080,"복숭아, 넥타",H0440000009a
2023,08082,"복숭아, 잼",H0450000009a
2023,08084,"복숭아, 황도, 통조림",H043008000Ra
2023,08085,"블루베리, 생것",H0470000000a
2023,08086,"블루베리, 잼",H0480000009a
2023,08090,"사과, 부사, 생것",H0500020000a
2023,08091,"사과, 아오리, 생것, 껍질 포함",H050003B030a
2023,08092,"사과, 홍옥, 생것",H0500070000a
2023,08093,"사과, 말린것",H0500000001a
2023,08096,사과 주스,H0530000749a
2023,08097,사과 음료,H053000000Qa
2023,08100,"사과, 잼",H0520000009a
2023,08101,"산딸기, 생것",H0540000000a
2023,08103,"살구, 생것",H0560000000a
2023,08104,"살구, 말린것",H0560000001a
2023,08107,"살구, 잼",H0580000009a
2023,08108,"석류, 생것",H0590000000a
2023,08110,"수박, 적육질, 생것",H0610030000a
2023,08114,"아보카도, 생것",H0640000000a
2023,08116,"앵두, 생것",H0660000000a
2023,08119,"오디, 생것",H0680000009a
2023,08121,"오렌지, 생것",H0690000000a
2023,08122,오렌지 주스,H0720000009a
2023,08126,오렌지 마멀레이드,H0710000009a
2023,08129,"올리브 절임, 미숙, 초록색",H076000C059a
2023,08130,"올리브 절임, 완숙, 검은색",H0760000799a
2023,08136,"자두, 생것",H0820000000a
2023,08137,"참외, 생것, 씨 포함",H086000B040a
2023,08138,"참외, 금싸라기, 생것, 씨 제거",H0860010850a
2023,08141,"크랜베리, 생것",H0880000000a
2023,08142,"크랜베리 주스, 칵테일",H0890000869a
2023,08144,"파인애플, 생것",H0920000000a
2023,08145,파인애플 주스,H0940000749a
2023,08148,"파인애플 주스, 캔",H094000000Qa
2023,08150,"파인애플, 통조림, 고형물",H092000251Ra
2023,08153,"백향과(패션프루트) 주스, 황색과육",H0970000849a
2023,08155,"포도, 거봉, 생것",H0980010000a
2023,08158,"포도, 캠벨얼리, 생것",H0980070000a
2023,08160,"포도, 건포도",H0980000001a
2023,08161,포도 주스,H1020000009a
2023,08163,포도즙,H1060000759a
2023,08170,"프루트칵테일, 통조림",H104000000Ra
2023,08173,"배, 생것",H0380000000a
2023,08174,"사과, 생것",H0500000000a
2023,08181,"귤, 온주밀감, 생것",H0100020000a
2023,08184,"망고, 애플망고, 생것",H0280010000a
2023,08193,"블랙베리, 생것",H0460000000a
2023,08194,"블루베리, 냉동",H0470000007a
2023,08198,"오미자, 말린것",H0730000001a
2023,08199,오미자청,H074000000Ha
2023,08200,"용과, 백육종, 생것",H0770010000a
2023,08207,"자두, 말린것",H0820000001a
2023,08210,유자청,O023000000Ha
2023,08215,"귤, 만감류, 천혜향, 생것",H0100060000a
2023,08216,"꾸지뽕, 열매, 생것",H114000B130a
2023,08217,"딸기, 말린것",H0190010001a
2023,08221,"리치, 냉동",H0270000007a
2023,08222,"망고스틴, 생것",H1160000000a
2023,08225,"바나나칩, 튀긴것",H0370000001j
2023,08226,"배 음료, 캔",H1070000619a
2023,08229,"복숭아, 황도, 통조림, 고형물",H043008251Ra
2023,08233,"블루베리, 말린것",H0470000001a
2023,08234,"사과, 아오리, 생것",H050003B020a
2023,08236,"아로니아, 네로, 생것",H1100010000a
2023,08237,"아로니아, 바이킹, 냉동",H1100020007a
2023,08242,"참외, 생것, 씨 제거",H086000B200a
2023,08243,"체리, 생것",H1110000000a
2023,08244,"체리, 통조림, 고형물",H112000251Ra
2023,08246,"크랜베리, 말린것, 가당",H0880000001a
2023,08247,"키위, 골드, 생것",H0900010000a
2023,08248,"키위, 그린, 생것",H0900020000a
2023,08249,키위 주스,H1090002449a
2023,08250,"파인애플, 통조림, 액즙",H092000252Ra
2023,08253,"파파야, 완숙, 생것",H0950002540a
2023,08255,"백향과(패션프루트), 생것, 씨 포함",H0960000000a
2023,08256,"포도, 거봉, 생것, 껍질 포함",H098001B030a
2023,08257,"포도, 캠벨얼리, 생것, 껍질 포함",H098007B030a
2023,08258,"포도, 캠벨얼리, 생것, 껍질과 씨 포함",H098007B220a
2023,08259,"포도, 힘로드시드레스, 생것",H0980080000a
2023,08260,"포도, 힘로드시드레스, 생것, 껍질 포함",H098008B030a
2023,08261,"포도, 샤인머스캣, 생것, 껍질 포함",H098009B030a
2023,08263,"귤, 만감류, 레드향, 생것",H0100140000a
2023,08264,"귤, 만감류, 황금향, 생것",H0100150000a
2023,08265,"포도, 레드글로브, 생것, 껍질 포함",H098012B030a
2023,09001,"개고기, 생것",
2023,09015,"닭고기, 성계, 생것",I0080010000a
2023,09016,"닭고기, 살코기, 생것",I008000D150a
2023,09018,"닭고기, 살코기, 삶은것",I008000D159b
2023,09020,"닭고기, 살코기, 튀긴것(튀김옷)",I008000D159k
2023,09026,"닭고기, 가슴, 생것",I008000D020a
2023,09027,"닭고기, 가슴, 구운것(팬)",I008000D029g
2023,09028,"닭고기, 가슴, 튀긴것(튀김옷)",I008000D029k
2023,09029,"닭고기, 날개, 생것",I008000D050a
2023,09030,"닭고기, 날개, 구운것(오븐)",I008000D059i
2023,09033,"닭고기, 날개, 튀긴것(튀김옷)",I008000D059k
2023,09037,"닭고기, 다리(넓적다리), 튀긴것(튀김옷)",I008000D069k
2023,09038,"닭고기, 다리(넓적다리), 생것",I008000D060a
2023,09041,"닭고기, 다리(아랫다리), 생것",I008000F080a
2023,09042,"닭고기, 다리(아랫다리), 구운것(오븐)",I008000F089i
2023,09045,"닭고기, 다리(아랫다리), 튀긴것(튀김옷)",I008000F089k
2023,09051,"닭고기, 목, 튀긴것(튀김옷)",I008000D129k
2023,09052,"닭고기, 영계, 삶은것",I0080020009b
2023,09054,"닭고기, 토종, 생것",I0080040000a
2023,09060,"닭고기, 전체, 튀긴것",I008000B019j
2023,09061,닭 육수,I0110000009a
2023,09066,"닭 부산물, 모래주머니, 생것",I009000D410a
2023,09070,"돼지고기, 살코기, 생것",I014000D150a
2023,09071,"돼지고기, 갈비, 생것",I014000D030a
2023,09072,"돼지고기, 갈비, 구운것(팬)",I014000D039g
2023,09073,"돼지고기, 갈비, 삶은것",I014000D039b
2023,09075,"돼지고기, 뒷다리, 생것",I014000D100a
2023,09077,"돼지고기, 등심, 생것",I014000D110a
2023,09078,"돼지고기, 등심, 구운것(팬)",I014000D119g
2023,09081,"돼지고기, 목심, 생것",I014000D130a
2023,09082,"돼지불고기, 생것",I0190000000a
2023,09083,"돼지고기, 사태, 생것",I014000D140a
2023,09084,"돼지고기, 사태, 구운것(팬)",I014000D149g
2023,09085,"돼지고기, 삼겹살(삼겹살), 생것",I014000D160a
2023,09086,"돼지고기, 안심, 생것",I014000D200a
2023,09089,"돼지고기, 앞다리(앞다리살), 생것",I014000D770a
2023,09094,"돼지 부산물, 간, 삶은것",I015000D339b
2023,09096,"돼지 부산물, 머리고기, 생것",I015000D400a
2023,09097,"돼지 부산물, 소창(곱창), 삶은것",I015000D459b
2023,09099,"돼지 부산물, 신장, 삶은것",I015000D469b
2023,09101,"돼지 부산물, 심장(염통), 삶은것",I015000D479b
2023,09103,"돼지 부산물, 족발, 삶은것",I015000D519b
2023,09104,"돼지 부산물, 족발, 조미, 삶은것",I015000D51Db
2023,09106,"돼지 부산물, 허파, 삶은것",I015000D579b
2023,09107,"포크커틀릿, 냉동",I0180000007a
2023,09109,베이컨,I0210000009a
2023,09110,"베이컨, 구운것",I0210000009f
2023,09113,"소시지, 볼로냐소시지",I0160020009a
2023,09114,"소시지, 위너(비엔나)소시지",I0160030009a
2023,09115,"소시지, 이탈리안소시지",I0160040009a
2023,09116,"소시지, 프랑크푸르트소시지",I0160050009a
2023,09119,"햄, 등심햄",I0170010009a
2023,09124,"햄, 슬라이스햄",I0170060009a
2023,09128,"햄, 런천미트햄",I0170020009a
2023,09135,"소고기, 한우(1등급), 살코기, 생것",I027006D150a
2023,09137,"소고기, 한우, 등심, 생것",I027003D110a
2023,09142,"소고기, 한우, 양지, 생것",I027003D280a
2023,09145,"소불고기, 생것",I0290000000a
2023,09149,"소고기, 수입산, 목심(목심살), 생것",I027001D130a
2023,09150,"소고기, 수입산, 목심(목심살), 삶은것",I027001D139b
2023,09156,"소고기, 수입산, 안심(안심살), 구운것",I027001D209f
2023,09162,"소 부산물, 간, 생것",I028000D330a
2023,09166,"소 부산물, 꼬리, 생것",I028000D360a
2023,09167,양지국물,I0300000009a
2023,09168,"우족국물, 중량3배물",I0310001079a
2023,09170,"소 부산물, 외국산, 대장, 생것",
2023,09171,"소 부산물, 소장(곱창), 생것",I028000D450a
2023,09172,"소 부산물, 신장, 생것",I028000D460a
2023,09174,"소 부산물, 심장, 생것",I028000D470a
2023,09176,"소 부산물, 양(위), 생것",I028000D480a
2023,09177,"소 부산물, 천엽, 생것",I028000D540a
2023,09178,"소 부산물, 선지(피), 생것",I028000D440a
2023,09179,"소 부산물, 허파, 생것",I028000D570a
2023,09183,"소고기, 육포",I0320000009a
2023,09218,"어린양고기, 수입산, 살코기, 생것",I037001D150a
2023,09233,"칠면조고기, 생것",I0430010000a
2023,09239,"햄, 프레스햄",I0170080009a
2023,09251,"돼지고기, 삼겹살, 구운것(팬)",I014000D169g
2023,09252,"돼지 부산물, 대장, 생것",I015000D380a
2023,09255,"돼지 부산물, 소창(곱창), 생것",I015000D450a
2023,09256,"돼지 부산물, 위(오소리감투), 삶은것",I015000D499b
2023,09261,"포크커틀릿, 냉동, 튀긴것(빵가루)",I0180000007j
2023,09283,"닭고기, 가슴, 삶은것",I008000D029b
2023,09284,"닭고기, 다리(넓적다리), 삶은것",I008000D069b
2023,09285,"닭 부산물, 닭발, 삶은것",I009000F050b
2023,09288,"돼지고기, 목심, 삶은것",I014000D139b
2023,09289,"돼지고기, 목심, 구운것(팬)",I014000D139g
2023,09291,"돼지고기, 삼겹살, 삶은것",I014000D169b
2023,09295,"돼지고기, 뒷다리(뒷사태살), 생것",I014000D640a
2023,09299,"돼지고기, 뒷다리(홍두깨살), 생것",I014000D680a
2023,09304,"돼지고기, 삼겹살(갈매기살), 생것",I014000D730a
2023,09305,"돼지고기, 삼겹살(등갈비), 생것",I014000D740a
2023,09308,"돼지고기, 앞다리(항정살), 생것",I014000D780a
2023,09310,"돼지 부산물, 위(오소리감투), 생것",I015000D490a
2023,09315,"소고기, 한우, 등심, 구운것(팬)",I027003D119g
2023,09316,"소고기, 한우, 양지, 삶은것",I027003D289b
2023,09317,"소고기, 한우, 양지, 구운것(팬)",I027003D289g
2023,09318,"소고기, 한우(1등급), 목심, 생것",I027006D130a
2023,09320,"소고기, 한우(1등급), 설도(설깃살), 생것",I027006D190a
2023,09321,"소고기, 한우(1등급), 안심, 생것",I027006D200a
2023,09322,"소고기, 한우(1등급), 앞다리(꾸리살), 생것",I027006D220a
2023,09323,"소고기, 한우(1등급), 우둔(우둔살), 생것",I027006D260a
2023,09324,"소고기, 한우(1등급), 우둔(홍두깨살), 생것",I027006D270a
2023,09325,"소고기, 한우(1등급), 양지(양지머리), 생것",I027006D290a
2023,09326,"소고기, 한우(1등급), 양지(업진살), 생것",I027006D300a
2023,09327,"소고기, 한우(1등급), 채끝, 생것",I027006D320a
2023,09328,"소고기, 한우(1등급), 앞다리(부채살), 생것",I027006D710a
2023,09329,"소고기, 한우(1등급), 앞다리(앞다리살), 생것",I027006D770a
2023,09330,"소고기, 한우(1등급), 갈비(꽃갈비), 생것",I027006D800a
2023,09337,"소고기, 한우(1등급), 등심(살치살), 생것",I027006D870a
2023,09343,"소고기, 한우(1등급), 사태(아롱사태), 생것",I027006D930a
2023,09344,"소고기, 한우(1등급), 사태(앞사태), 생것",I027006D940a
2023,09345,"소고기, 한우(1등급), 설도(도가니살), 생것",I027006D950a
2023,09346,"소고기, 한우(1등급), 설도(삼각살), 생것",I027006D960a
2023,09352,"소고기, 한우(1등급), 양지(차돌박이), 생것",I027006F030a
2023,09353,"소고기, 한우(1등급), 양지(치마살), 생것",I027006F040a
2023,09356,"오리고기, 생것, 껍질 포함",I040000B030a
2023,09357,"오리고기, 살코기, 생것",I040000D150a
2023,09361,"소고기, 한우(1등급), 갈비, 생것",I027006D030a
2023,09362,"소고기, 한우(1등급), 등심, 생것",I027006D110a
2023,09363,"소고기, 한우(1등급), 사태, 생것",I027006D140a
2023,09364,"소고기, 한우(1등급), 설도, 생것",I027006D170a
2023,09365,"소고기, 한우(1등급), 앞다리, 생것",I027006D210a
2023,09366,"소고기, 한우(1등급), 우둔, 생것",I027006F070a
2023,09367,"소고기, 한우(1등급), 양지, 생것",I027006D280a
2023,10005,"달걀, 생것",J0030000000a
2023,10006,"달걀, 삶은것",J0030000009b
2023,10007,"달걀, 난백, 생것",J0030001080a
2023,10008,"달걀, 난백, 삶은것",J0030001089b
2023,10009,"달걀, 난황, 생것",J0030001090a
2023,10011,"달걀, 가루",J0030000005a
2023,10012,"달걀, 수란, 중탕",J0050000009s
2023,10013,"달걀, 스크램블에그",J0060000009n
2023,10014,"달걀, 부침(달걀프라이)",J0040000009m
2023,10015,"메추리알, 생것",J0080000000a
2023,10016,"메추리알, 삶은것",J0080000009b
2023,10018,"오리알, 피단",J0100010009a
2023,11004,"가다랑어, 반건",
2023,11007,"다랑어, 가다랑어, 통조림, 유지",K001000000Sa
2023,11013,"가오리, 나비가오리, 생것",K0070010000a
2023,11014,"가오리, 노랑가오리, 생것",K0070020000a
2023,11017,"가오리, 조미하여 말린것",K007000000Ba
2023,11018,"가자미, 생것",K0080000000a
2023,11032,"갈치, 생것",K0100000000a
2023,11033,"갈치, 얼간",K010000000Ka
2023,11034,"갈치, 젓갈",K011000000Ia
2023,11039,"고등어, 생것",K0150000000a
2023,11041,"고등어, 반건조",K0150000004a
2023,11042,"고등어, 구운것",K0150000009f
2023,11044,"고등어, 자반고등어",K015000112Ka
2023,11045,"고등어, 통조림",K015000000Ra
2023,11055,"꽁치, 생것",K0230000000a
2023,11060,"꽁치, 통조림, 조미",K023000000Ta
2023,11062,"날치, 알, 생것",K025000D590a
2023,11065,"넙치(광어), 생것",K0270000000a
2023,11083,"다랑어, 참다랑어, 생것",K0390010000a
2023,11085,"다랑어, 참다랑어, 붉은살, 생것",K0390010940a
2023,11089,"다랑어, 참다랑어, 냉동",K0390010007a
2023,11093,"다랑어, 황다랑어, 생것",K0390020000a
2023,11099,"대구, 생것",K0440000000a
2023,11102,"대구, 내장, 생것",K045000D370a
2023,11103,"대구, 알, 생것",K045000D590a
2023,11104,"대구, 냉동",K0440000007a
2023,11109,"대구, 아가미, 젓갈",K047001000Ia
2023,11110,"대구 튀김, 냉동",K0460000007a
2023,11112,"도다리, 생것",K0500000000a
2023,11113,"도루묵, 생것",K0520000000a
2023,11119,"돔, 감성돔, 생것",K0550020000a
2023,11126,"돔, 돌돔, 생것",K0550090000a
2023,11135,"돔, 옥돔, 생것",K0550190000a
2023,11138,"돔, 옥돔, 반건조",K0550190004a
2023,11141,"돔, 참돔, 생것",K0550220000a
2023,11143,"돔, 참돔, 삶은것",K0550220009b
2023,11162,"메기, 생것",K0650000000a
2023,11163,"멸치, 생것",K0660000000a
2023,11164,"멸치, 대멸치, 삶아서 말린것",K0660001143a
2023,11165,"멸치, 중멸치, 삶아서 말린것",K0660001153a
2023,11166,"멸치, 잔멸치, 삶아서 말린것",K0660001163a
2023,11167,"멸치, 젓갈",K069000000Ia
2023,11168,"멸치, 액젓",K069001000Ia
2023,11169,"멸치, 통조림, 유지",K066000000Sa
2023,11170,"명태, 생것",K0700000000a
2023,11172,"명태, 북어, 말린것",K0700001171a
2023,11173,"명태, 노가리, 말린것",K0700001181a
2023,11174,"명태, 동태, 냉동",K0700001227a
2023,11175,"명태, 코다리, 반건조",K0700001214a
2023,11177,"명태, 먹태, 포, 말린것",K070000D561a
2023,11180,"명태, 알, 생것",K071000D590a
2023,11188,"문절망둑, 생것",K0750000000a
2023,11191,"메기, 물메기, 생것",K0650010000a
2023,11193,"미꾸리, 생것",K0770000000a
2023,11196,"민어, 생것",K0790000000a
2023,11206,"박대, 반건조",K0820000004a
2023,11207,"방어, 생것",K0830000000a
2023,11213,"밴댕이, 생것",K0850000000a
2023,11214,"밴댕이, 삶아서 말린것",K0850000003a
2023,11215,"밴댕이, 젓갈",K086000000Ia
2023,11218,"뱅어, 포, 말린것",K087000D561a
2023,11219,"베도라치, 생것",K0880000000a
2023,11225,"병어, 생것",K0920000000a
2023,11229,"복어, 검복, 생것",K0950010000a
2023,11230,"복어, 까치복, 생것",K0950030000a
2023,11233,"복어, 밀복, 생것",K0950060000a
2023,11239,"볼락, 생것",K0960000000a
2023,11242,"볼락, 조피볼락(우럭), 생것",K0960070000a
2023,11244,"볼락, 구운것",K0960000009f
2023,11248,"볼락, 불볼락, 생것",K0960040000a
2023,11261,"빙어, 바다빙어, 구운것(오븐)",K1030010000i
2023,11267,"삼치, 생것",K1070000000a
2023,11287,"서대, 참서대, 생것",K1150030000a
2023,11293,"숭어, 생것",K1200000000a
2023,11298,"쏘가리, 생것",K1240000000a
2023,11303,"아귀, 생것",K1280000000a
2023,11305,"아귀, 간, 생것",K129000D330a
2023,11313,"양미리, 생것",K1330000000a
2023,11315,"양태, 생것",K1340000000a
2023,11318,"연어, 생것",K1370000000a
2023,11319,"연어, 생것, 소금첨가",K1370001240a
2023,11321,"연어, 알, 생것",K138000D590a
2023,11328,"연어, 훈제",K137000000Fa
2023,11333,"대구, 은대구, 생것",K0440020000a
2023,11345,"임연수어, 생것",K1480000000a
2023,11346,"임연수어, 반건조",K1480000004a
2023,11347,"임연수어, 염장",K148000000Ka
2023,11352,"장어, 갯장어, 생것",K1530010000a
2023,11353,"장어, 먹장어, 생것",K1530020000a
2023,11354,"장어, 뱀장어, 생것",K1530040000a
2023,11355,"장어, 뱀장어, 구운것",K1530040009f
2023,11358,"장어, 붕장어, 생것",K1530050000a
2023,11360,"장어, 붕장어, 뼈, 튀긴것",K154002D439j
2023,11363,"장문볼락, 생것",K1520000000a
2023,11375,"전어, 생것",K1570000000a
2023,11392,"조기(참조기), 생것",K1620000000a
2023,11393,"조기(참조기), 굴비, 소금에 절여 말린것",K162000129Aa
2023,11394,"조기(참조기), 젓갈",K163000000Ia
2023,11406,"청어, 생것",K1680000000a
2023,11416,"틸라피아, 생것",K1730000000a
2023,11423,"향어, 생것",K1780000000a
2023,11424,"홍어, 생것",K1800000000a
2023,11433,"황새치, 젓갈",K184000000Ia
2023,11440,"어묵, 구운것",K8000000009f
2023,11441,"어묵, 찐어묵",K8000000009e
2023,11442,어묵,K8000000009j
2023,11443,어육소시지,K8030000009a
2023,11449,"가리비, 생것",K4000000000a
2023,11451,"가리비, 삶은것",K4000000009b
2023,11455,"가리비, 관자, 생것",K4000001300a
2023,11459,"조개, 가무락조개, 생것",K4250010000a
2023,11461,"조개, 개량조개(명주조개), 생것",K4250020000a
2023,11462,"조개, 개량조개(명주조개), 말린것",K4250020001a
2023,11463,"조개, 개조개, 생것",K4250030000a
2023,11467,"굴, 참굴, 생것",K4040020000a
2023,11473,"굴, 참굴, 양념젓갈(어리굴젓)",K405001000Ia
2023,11477,"꼬막, 생것",K4060000000a
2023,11479,"우렁이, 논우렁이, 생것",K4190010000a
2023,11481,"동죽, 생것",K4110000000a
2023,11491,"바지락, 생것",K4130000000a
2023,11495,"바지락, 젓갈",K414000000Ia
2023,11498,"백합, 생것",K4150000000a
2023,11507,"대합, 북방대합, 생것",K4100010000a
2023,11508,"맛, 붉은맛(큰죽합), 생것",K4120010000a
2023,11512,"꼬막, 새꼬막, 생것",K4060010000a
2023,11516,"소라, 생것",K4160000000a
2023,11517,"소라, 통조림",K416000000Ra
2023,11521,"우렁이, 왕우렁, 생것",K4190030000a
2023,11522,"조개, 우럭, 생것",K4250100000a
2023,11523,"고둥, 위고둥, 생것",K4030130000a
2023,11524,"재첩, 생것",K4210000000a
2023,11525,"전복, 둥근전복, 생것",K4220010000a
2023,11527,"전복, 북방전복, 생것",K4220030000a
2023,11530,"전복, 내장, 생것",K423000D370a
2023,11534,"조개, 접시조개(비단조개), 생것",K4250110000a
2023,11541,"우렁이, 큰구슬우렁이(골뱅이), 생것",K4190040000a
2023,11543,"조개, 키조개, 생것",K4250140000a
2023,11546,"고둥, 피뿔고둥, 생것",K4030170000a
2023,11547,"조개, 피조개, 생것",K4250160000a
2023,11550,"담치, 참담치(홍합), 생것",K4270000000a
2023,11551,"담치, 참담치(홍합), 삶아서 말린것",K4270000003a
2023,11552,"담치, 참담치(홍합), 통조림",K427000000Ra
2023,11553,"가재, 갯가재, 생것",K6000010000a
2023,11555,"가재, 바닷가재, 생것",K6000020000a
2023,11556,"가재, 바닷가재, 찐것",K6000020009e
2023,11557,"오징어, 갑오징어, 생것",K6230010000a
2023,11559,"개불, 생것",K6010000000a
2023,11560,"게, 꽃게, 생것",K6020010000a
2023,11561,"게, 꽃게, 찐것",K6020010009e
2023,11564,"게, 닭게, 젓갈",K604001000Ia
2023,11570,"게, 붉은대게, 생것",K6020100000a
2023,11575,"군소, 생것",K6050000000a
2023,11577,"꼴뚜기, 참꼴뚜기, 삶아서 말린것",K6060000003a
2023,11579,"꼴뚜기, 양념젓갈",K607000127Ia
2023,11581,"낙지, 세발낙지, 생것",K6080010000a
2023,11582,"문어, 생것",K6110000000a
2023,11583,"문어, 대문어, 말린것",K6110000001a
2023,11584,"문어, 삶은것",K6110000009b
2023,11585,"미더덕, 생것",K6120000000a
2023,11586,"게, 방게, 생것",K6020060000a
2023,11587,"성게, 보라성게, 알, 생것",K619001D599a
2023,11590,"꼴뚜기, 불똥꼴뚜기, 삶은것",K6060010009b
2023,11594,"새우, 가시발새우, 생것",K6130010000a
2023,11597,"새우, 꽃새우, 생것",K6130050000a
2023,11598,"새우, 꽃새우, 찐것",K6130050009e
2023,11599,"새우, 꽃새우, 튀긴것(빵가루)",K6130050009k
2023,11600,"새우, 꽃새우, 냉동",K6130050007a
2023,11601,"새우, 꽃새우, 삶아서 말린것",K6130050003a
2023,11605,"새우, 대하, 생것",K6130070000a
2023,11609,"새우, 보리새우, 생것",K6130110000a
2023,11610,"새우, 보리새우, 삶은것",K6130110009b
2023,11612,"새우, 중하, 생것",K6130130000a
2023,11617,"새우, 젓새우, 생것",K6130140000a
2023,11621,"새우, 징거미새우, 생것",K6130150000a
2023,11626,"새우, 젓갈, 토굴육젓",K617005136Ia
2023,11627,"새우, 젓갈, 추젓",K617007000Ia
2023,11634,"성게, 알, 젓갈",K620002000Ia
2023,11636,"오징어, 생것",K6230000000a
2023,11637,"오징어, 말린것",K6230000001a
2023,11638,"오징어, 구운것",K6230000009f
2023,11641,"오징어, 냉동",K6230000007a
2023,11644,"오징어, 양념젓갈",K627000127Ia
2023,11646,"오징어, 조미, 구운것",K623000000Df
2023,11647,"오징어, 포, 조미하여 말린것",K623000D56Ba
2023,11649,"오징어, 조미훈제",K623000000Ga
2023,11650,"멍게(우렁쉥이), 생것",K6100000000a
2023,11651,"멍게, 양식, 생것",K6100030000a
2023,11652,"주꾸미, 생것",K6290000000a
2023,11658,"한치, 생것",K6330000000a
2023,11659,"해삼, 생것",K6340000000a
2023,11660,"해삼, 말린것",K6340000001a
2023,11662,"해파리, 생것",K6360000000a
2023,11666,"새우, 젓갈",K617004000Ia
2023,11693,"명태, 황태, 포, 말린것",K0700001201a
2023,11707,"다슬기, 생것",K4070000000a
2023,11720,"게, 대게, 생것",K6020030000a
2023,11723,"게, 민꽃게, 생것",K6020040000a
2023,11734,어묵 국물,K8010000009a
2023,11738,"쥐치, 포, 조미하여 말린것",K165000D56Ba
2023,11740,큰우슬우렁이(골뱅이) 무침,K4200010009a
2023,11742,"게, 대게, 삶은것",K6020030009b
2023,11744,"낙지, 생것",K6080000000a
2023,11745,"새우, 흰다리새우, 생것",K6130180000a
2023,11752,"까나리, 액젓",K019001000Ia
2023,11753,"꽁치, 통조림",K023000000Ra
2023,11755,"명태, 알, 양념젓갈(명란젓)",K072001127Ia
2023,11756,"명태, 내장, 양념젓갈(창난젓)",K072002127Ia
2023,11758,"우렁이, 큰구슬우렁이(골뱅이), 통조림, 고형물",K419004251Ra
2023,11759,"조개, 젓갈",K425000000Ia
2023,11760,"오징어, 채, 조미하여 말린것",K623000F06Ba
2023,11761,"낙지, 양념젓갈",K806000127Ia
2023,12001,"갈래곰보, 생것",L0010000000a
2023,12004,"김, 참김, 생것",L0030090000a
2023,12005,"김, 참김, 말린것",L0030090001a
2023,12009,"김, 참김, 구운것",L0030090009f
2023,12010,"김, 김밥용김, 말린것",L0030010001a
2023,12011,"김, 둥근돌김, 말린것",L0030030001a
2023,12014,"김, 초밥김, 말린것",L0030100001a
2023,12016,"꼬시래기, 생것",L0040000000a
2023,12017,"다시마, 생것",L0050000000a
2023,12018,"다시마, 말린것",L0050000001a
2023,12025,다시마 튀각,L0080000009a
2023,12028,"매생이, 말린것",L0110000001a
2023,12033,"미역, 생것",L0130000000a
2023,12035,"미역, 말린것",L0130000001a
2023,12037,"미역, 줄기, 생것",L013000B160a
2023,12041,"미역, 염장, 데친것",L013000000Kc
2023,12043,"불등풀가사리, 말린것",L0150000001a
2023,12048,우뭇가사리묵(우무),L0200000009a
2023,12049,한천,L0210000009a
2023,12055,"톳, 생것",L0260000000a
2023,12056,"톳, 말린것",L0260000001a
2023,12058,"파래, 생것",L0270000000a
2023,12060,"파래, 말린것",L0270000001a
2023,12070,"매생이, 생것",L0110000000a
2023,12071,"미역, 줄기, 염장 후 탈염, 삶은것",L013000B16Lb
2023,12073,"김, 조미김, 구운것",L0030040009f
2023,13002,"분유, 전지",M0020040009a
2023,13004,"분유, 2단계",M0020020009a
2023,13005,"분유, 3단계",M0020030009a
2023,13007,"연유, 점성이 높은것",M007000E019a
2023,13009,"연유, 점성이 낮은것",M007000E039a
2023,13010,우유,M0090000009a
2023,13012,"우유, 저지방우유",M0090040009a
2023,13014,"우유, 강화우유, 고칼슘",M0090021469a
2023,13015,"우유, 가공우유, 딸기맛",M0090011389a
2023,13016,"우유, 가공우유, 바나나맛",M0090011459a
2023,13017,"우유, 가공우유, 초코맛",M0090011429a
2023,13018,"우유, 가공우유, 커피맛",M0090011439a
2023,13019,산양유,M0030000009a
2023,13020,셔벗,M0040000009a
2023,13021,아이스밀크,M0050000009a
2023,13022,"아이스크림, 유지방 12%",M0060002099a
2023,13023,"아이스크림, 유지방 8%",M0060002089a
2023,13024,"아이스크림, 딸기맛",M0060001389a
2023,13025,"아이스크림, 바닐라맛",M0060001399a
2023,13026,"아이스크림, 초콜릿맛",M0060001409a
2023,13027,"아이스크림, 소프트 아이스크림, 바닐라맛",M0060011399a
2023,13028,"요구르트, 액상",M0080010009a
2023,13029,"요구르트, 호상, 딸기맛",M0080041389a
2023,13030,"요구르트, 호상, 플레인",M0080042339a
2023,13034,"치즈, 모차렐라",M0100020009a
2023,13035,"치즈, 체다",M0100040009a
2023,13037,"치즈, 크림",M0100060009a
2023,13038,"치즈, 파르메산(파마산)",M0100070009a
2023,13045,"크림, 휘핑, 동물성",M0130050009a
2023,13046,"요구르트, 액상(농후), 딸기맛",M0080011389a
2023,13047,"요구르트, 액상, 저당",M0080012319a
2023,13049,"요구르트, 액상(농후), 식이섬유 첨가",M0080030009a
2023,13050,"요구르트, 액상(농후), 사과맛, 식이섬유 첨가",M0080032149a
2023,13052,"요구르트, 액상(농후), 플레인, 식이섬유 첨가",M0080032339a
2023,13053,"요구르트, 호상, 망고맛",M0080042349a
2023,13054,"치즈, 블루",M0100080009a
2023,13055,"치즈, 브리",M0100090009a
2023,13056,"치즈, 까망베르",M0100100009a
2023,13057,"치즈, 고다",M0100110009a
2023,13059,"치즈, 리코타",M0100130009a
2023,13060,"크림, 생크림",M0130070009a
2023,13061,"크림, 휘핑, 식물성",M0130060009a
2023,13062,"치즈, 모차렐라, 슈레드타입",M0100022659a
2023,14001,닭기름,N0010000009a
2023,14002,돼지기름,N0020000009a
2023,14003,들기름,N0030000009a
2023,14005,땅콩 버터,N0050000009a
2023,14006,"땅콩 버터, 청크",N0050040009a
2023,14007,"땅콩 버터, 크림",N0050050009a
2023,14008,마가린,N0060000009a
2023,14010,버터,N0080000009a
2023,14013,쇠기름,N0110000009a
2023,14014,쇼트닝,N0120000009a
2023,14015,쌀겨기름(미강유),N0130000009a
2023,14017,옥수수기름,N0160000009a
2023,14018,올리브유,N0170000009a
2023,14021,유채씨기름,N0180000009a
2023,14023,참기름,N0200000009a
2023,14024,"커피크리머, 가루",M0120000005a
2023,14027,코코넛유,N0210000009a
2023,14028,콩기름,N0220000009a
2023,14029,팜유,N0230000009a
2023,14030,해바라기유,N0240000009a
2023,14031,혼합식물성유,N0250000009a
2023,14041,고추기름,N0270000009a
2023,14044,아보카도유,N0320000009a
2023,14046,포도씨유,N0260000009a
2023,15002,레모네이드,P0030000009a
2023,15005,매실 음료,P0040000009a
2023,15008,"셰이크, 딸기맛",P0050001389a
2023,15009,"셰이크, 바닐라맛",P0050001399a
2023,15010,"셰이크, 초콜릿맛",P0050001409a
2023,15011,"식혜, 캔",P006000000Qa
2023,15012,"이온 음료, 레몬향",P0080002379a
2023,15014,"탄산 음료, 레몬소다",P0090020009a
2023,15015,"탄산 음료, 오렌지소다",P0090050009a
2023,15017,"탄산 음료, 파인애플소다",P0090110009a
2023,15018,"탄산 음료, 포도소다",P0090120009a
2023,15019,"탄산 음료, 사이다",P0090030009a
2023,15020,"탄산 음료, 소다수",P0090040009a
2023,15022,"탄산 음료, 콜라",P0090090009a
2023,15023,"탄산 음료, 저칼로리콜라",P0090060009a
2023,15025,토닉워터,P0100000009a
2023,15029,"막걸리, 알코올 6%",Q0040001689a
2023,15030,매실주,Q0050000009a
2023,15031,"맥주, 알코올 4.5%",Q0060001629a
2023,15034,"맥주, 흑맥주, 알코올 4.2%",Q0060031619a
2023,15035,"보드카, 알코올 40%",Q0070001639a
2023,15038,"샴페인, 알코올 6%",Q0090001689a
2023,15039,"소주, 알코올 25%",Q0100001719a
2023,15042,"위스키, 알코올 40%",Q0120001639a
2023,15046,"청주, 알코올 16%",Q0140001759a
2023,15047,"칵테일, 다이키리",Q0150010009a
2023,15048,"칵테일, 테킬라썬라이즈",Q0150020009a
2023,15059,"포도주, 백포도주, 알코올 12%",Q0160021849a
2023,15060,"포도주, 적포도주, 알코올 12%",Q0160031849a
2023,15064,"구기자차, 말린것",O0040000001a
2023,15065,"녹차, 가루",O0070000005a
2023,15066,녹차,O007000000Na
2023,15067,도라지차,O011000000Na
2023,15070,보리차,O014000000Na
2023,15072,"생강차, 가루",O0170000005a
2023,15073,"쌍화차, 가루",O0180000005a
2023,15076,우롱차,O022000000Na
2023,15079,"율무차, 가루",O0240000005a
2023,15081,"인삼차, 과립차, 가루",O0250001545a
2023,15084,"커피, 커피가루, 인스턴트",O0270021585a
2023,15085,"커피, 커피가루, 디카페인",O0270021565a
2023,15087,"커피, 아메리카노(2샷)",O027001158Pa
2023,15088,"커피, 캔",O027002155Qa
2023,15089,"코코아, 밀크코코아, 가루",O0290010005a
2023,15093,"녹차, 현미",O007003000Na
2023,15095,"홍삼차, 가루",O0310000005a
2023,15097,홍차,O032000000Na
2023,15099,"홍차, 레몬",O032001000Na
2023,15100,"커피, 원두",O027000157Na
2023,15110,야콘차,O020000000Na
2023,15111,대추차,O010000000Na
2023,15119,둥굴레차,O013000000Na
2023,15121,쌀 음료,P0070000009a
2023,15122,"커피, 커피가루, 설탕, 크림, 인스턴트",O0270021555a
2023,15124,칡즙,B0190000009a
2023,15125,알로에 음료,F2160000009a
2023,15126,망고 음료,H108000E019a
2023,15132,보이차,O0340000009a
2023,15133,"유자차, 고형물 포함",O023000235Pa
2023,15134,카모마일차,O036000000Na
2023,15135,"커피, 에스프레소",O027001157Pa
2023,15136,헛개 음료,O0330000009a
2023,15137,"홍차, 복숭아, 캔",O032002000Qa
2023,15141,"혼합 음료, 비타민C 함유",P0120002469a
2023,15144,"탄산 음료, 요구르트소다",P0090140009a
2023,15145,"고량주, 알코올 50%",Q0170001649a
2023,15146,"복분자주, 알코올 15%",Q0180002479a
2023,15147,"소주, 알코올 17.8%",Q0100002389a
2023,15149,"포도주, 적포도주, 알코올 13%",Q0160031729a
2023,15150,"상황버섯, 추출",G012000000Na
2023,15152,"녹차라떼, 가루",O0070040005a
2023,15153,"커피, 커피가루, 설탕, 인스턴트",O0270022625a
2023,15155,생강청,O017000000Ha
2023,15156,"코코아, 가루",O0290000005a
2023,15157,홍삼 음료,O0310010009a
2023,15158,"홍차, 복숭아, 가루",O0320020005a
2023,16002,"간장, 재래",R0010030009a
2023,16003,"간장, 개량, 양조",R0010010009a
2023,16004,"겨자, 가루",R0520000005a
2023,16005,겨자 페이스트,R0500000009a
2023,16006,"계피, 가루",R0030000005a
2023,16007,"고추냉이, 가루",R0510000005a
2023,16008,"고추냉이, 페이스트",R0510010009a
2023,16009,고춧가루,R0070000005a
2023,16010,"고추장, 개량",R0050010009a
2023,16012,초고추장,R0060000009a
2023,16013,굴 소스,R0080000009a
2023,16014,"깨소금, 가루, 볶은것",R0090000005n
2023,16015,낫토,R0100000009a
2023,16016,포크커틀릿 소스,R0110000009a
2023,16018,"된장, 개량",R0120020009a
2023,16020,미소,R0120030009a
2023,16021,"된장, 재래",R0120040009a
2023,16022,라면 스프,R0130000009a
2023,16023,"마늘, 가루",R0530000005a
2023,16024,마늘 페이스트,R0140010009a
2023,16025,마요네즈,R0150020009a
2023,16027,맛술,R0160000009a
2023,16029,"조미료, 멸치맛, 가루",R0310001895a
2023,16030,"조미료, 쇠고기맛, 가루",R0310001905a
2023,16031,"산초, 가루",R0170000005a
2023,16032,"샐러드 드레싱, 사우전드아일랜드",R0180020009a
2023,16033,"샐러드 드레싱, 이탈리안",R0180040009a
2023,16034,"샐러드 드레싱, 프렌치",R0180050009a
2023,16035,"생강, 가루",R0550000005a
2023,16037,"소금, 굵은소금",R0200001859a
2023,16038,소금,R0200000009a
2023,16039,"소금, 가공염, 죽염",R0200011869a
2023,16041,"식초, 감식초",R0220010009a
2023,16043,"식초, 사과식초",R0220030009a
2023,16044,"식초, 포도식초",R0220070009a
2023,16047,"식초, 양조",R0220060009a
2023,16048,"식초, 현미식초",R0220080009a
2023,16049,쌈장,R0230000009a
2023,16050,"양파, 가루",R0560000005a
2023,16052,"올스파이스, 가루",R0250000005a
2023,16053,우스터 소스,R0260000009a
2023,16054,"육두구, 가루",R0270000009a
2023,16056,"정향, 가루",R0290000005a
2023,16059,청국장,R0320000009a
2023,16060,"청국장, 가루",R0320000005a
2023,16061,"칠리, 가루",R0330000005a
2023,16062,"카레 소스, 가루",R0340000005a
2023,16064,"타임, 가루",R0360000005a
2023,16066,토마토 소스,R0380000009a
2023,16067,토마토 케첩,R0380010009a
2023,16068,"파슬리, 말린것",R0570000001a
2023,16070,핫 소스,R0400000009a
2023,16071,"후추, 검은색, 가루",R0410010005a
2023,16072,"후추, 흰색, 가루",R0410020005a
2023,16082,"소금, 천일염",R0200030009a
2023,16083,"소금, 천일염, 소금꽃",R0200031879a
2023,16088,소불고기 양념,R0040010009a
2023,16089,데리야끼 소스,R0640000009a
2023,16090,"된장, 개량, 찌개용",R0120052419a
2023,16092,바비큐 소스,R0630000009a
2023,16093,"식초, 발사믹",R0220090009a
2023,16096,"조미료, 액상",R0310010009a
2023,16097,"짜장 소스, 가루",R0280000005a
2023,16098,"짜장 소스, 레토르트",R028000000Wa
2023,16099,"청국장, 찌개용",R0320002419a
2023,16100,"짜장 소스, 춘장",R0580000009a
2023,16101,칠리 소스,R0620000009a
2023,16102,"라면, 국물, 조리후",S0830001929d
2023,16103,"메밀 냉면 육수, 인스턴트",S0860001589a
2023,16104,"라면, 용기라면, 국물, 조리후",S0850002239d
2023,16105,"마요네즈, 저칼로리",R0150030009a
2023,17002,"게맛살, 어육함량이 낮은것",K6030000009a
2023,17004,"고기 소스, 통조림",R004000000Ra
2023,17006,"미역국, 인스턴트, 조리전",S0280001581a
2023,17008,"사골국, 인스턴트",S0340001589a
2023,17012,마파두부,S0240000009a
2023,17013,"만두, 고기 만두",S0260010009a
2023,17014,"만두, 김치 만두",S0260030009a
2023,17016,"미트볼, 냉동",S0290000007a
2023,17017,"볶음밥, 새우 볶음밥",S0300020009a
2023,17019,"새우 튀김용, 냉동",K6160000007a
2023,17023,"스파게티, 미트소스 스파게티, 냉동",S0450010007a
2023,17024,"스파게티 소스, 토마토, 병조림",R021000000Va
2023,17026,"스프, 소고기 스프, 가루",S0460010005a
2023,17029,"스프, 소고기, 채소 스프, 가루, 끓인것",S0460020005d
2023,17030,"스프, 양송이 스프, 가루",S0460040005a
2023,17031,"스프, 양송이 스프, 가루, 끓인것",S0460040005d
2023,17036,"스프, 크림 스프, 가루",S0460070005a
2023,17038,"스프, 크림 스프, 가루, 끓인것",S0460070005d
2023,17063,"카레 소스, 레토르트",R034000000Wa
2023,17064,"크로켓, 감자 크로켓, 냉동",S0710010007a
2023,17068,"팥죽, 레토르트",S075000000Wa
2023,17078,"핫도그, 냉동",S0780000007a
2023,17079,"햄버거 스테이크, 냉동",
2023,17091,갈비탕,S0010000009a
2023,17095,곰탕,S0050000009a
2023,17096,"튀김, 김말이튀김",S0730010009a
2023,17102,김치찌개,S0070000009a
2023,17106,내장탕,S0120000009a
2023,17107,닭꼬치,I0120000009a
2023,17113,도가니탕,S0160000009a
2023,17114,"돈저냐(동그랑땡), 냉동",S0170000007a
2023,17116,돼지고기 볶음,S0190000009a
2023,17117,된장찌개,S0200000009a
2023,17119,떡볶이,S0220000009a
2023,17125,"만두, 군만두",S0260020009j
2023,17127,"만두, 물만두",S0260040009a
2023,17130,무말랭이 무침,F0720000009a
2023,17137,"삼각김밥, 고추장 불고기",S0350010009a
2023,17138,"삼각김밥, 숯불갈비",S0350020009a
2023,17139,"삼각김밥, 참치 마요네즈",S0350030009a
2023,17140,삼계탕,S0360000009a
2023,17143,소고기육개장,S0400000009a
2023,17144,소머리국,S0410000009a
2023,17146,순대국,S0420000009a
2023,17150,"장어, 양념, 구운것",K1530001279f
2023,17151,어묵국,K8020000009a
2023,17152,연근 조림,F1420000009a
2023,17153,연잎밥,S0490000009a
2023,17155,오징어채 볶음,K6280000009n
2023,17156,오징어 튀김,K6240000009j
2023,17159,"초밥, 유부 초밥",S0650030009a
2023,17160,육회,S0530000009a
2023,17161,"멸치 볶음, 잔멸치볶음",K0670020009a
2023,17164,게살죽,S0020000009d
2023,17166,소고기버섯죽,S0390000009d
2023,17167,전복죽,S0560000009d
2023,17169,호박죽,S0840000009d
2023,17174,"튀김, 채소튀김",S0730020009a
2023,17178,추어탕,S0660000009a
2023,17181,콩나물해장국,S0700000009a
2023,17186,"순대, 선지 비율 낮은것",I0220010009e
2023,17189,"게맛살, 어육함량이 높은것",K6030010009a
2023,18011,"누에, 번데기, 말린것",T0110000001a
2023,18012,"누에, 번데기, 통조림",T011000000Ra
2023,18013,"뽕잎, 가루",R0670000005a
2023,18024,"송화, 가루",T0160000005a
2023,18031,"인삼, 수삼, 생것",T0210020000a
2023,18032,"인삼, 백삼, 말린것",T0210010001a
2023,18033,"인삼, 홍삼, 말린것",T0210030001a
2023,18034,"인삼, 홍삼, 추출",T021003000Na
2023,18037,"팽창제, 베이킹파우더",T0250010009a
2023,18039,프로폴리스,T0260000009a
2023,18043,"팽창제, 효모, 말린것",T0250030001a
2023,18044,"로즈마리, 말린것",R0460000001a
2023,18049,"오레가노, 말린것",R0610000001a
2023,18054,"단백질 보충제, 가루",T0300000005a
2023,20002,"시리얼,아몬드푸레이크(농심켈로그)",
2023,20007,"시리얼,콘푸레이크(농심켈로그)",
2023,20008,"시리얼,콘푸로스트(농심켈로그)",
2023,20010,"시리얼,하니첵스(농심켈로그)",
2023,20011,"시리얼,현미푸레이크(농심켈로그)",
2023,20012,"시리얼,후르트링(농심켈로그)",
2023,20015,"시리얼,포스트아몬드후레이크(동서식품㈜)",
2023,20016,"시리얼,포스트코코볼(동서식품㈜)",
2023,20019,"시리얼,포스트현미후레이크(동서식품㈜)",
2023,21018,"두부,순두부(풀무원)",
2023,21022,"두부,연두부(풀무원)",
2023,22056,"다랑어/참치(통조림),고추참치(동원F&B)",
2023,22069,"다랑어/참치(통조림),라이트스탠다드참치(동원F&B)",
2023,22070,"다랑어/참치(통조림),마일드참치(동원F&B)",
2023,22108,"다랑어/참치(통조림),야채참치(동원F&B)",
2023,22154,"어육소시지,소시지,천하장사(진주햄)",
2023,22278,"다랑어/참치(통조림),동원살코기참치(삼진물산)",
2023,23002,"사과,넥타,과수원사과(남양유업)",
2023,23017,"요구르트(액상),요구르트(남양유업)",
2023,23024,"우유,남양우유(남양유업)",
2023,23032,"요구르트(액상),불가리스(사과)(남양유업)",
2023,23034,"우유,아인슈타인(남양유업)",
2023,23036,"요구르트(액상),E-5(남양유업)",
2023,23037,"아이스밀크,더블비안코(롯데제과)",
2023,23040,"아이스크림,월드콘(롯데제과)",
2023,23042,"아이스크림,조안나(롯데제과)",
2023,23050,"요구르트(액상),요구르트(매일유업)",
2023,23059,"우유,매일우유(매일유업)",
2023,23060,"요구르트(액상),비피더스요구르트(딸기)(매일유업)",
2023,23061,"요구르트(액상),비피더스요구르트(사과)(매일유업)",
2023,23080,"우유,연세우유(연세유업)",
2023,23081,"우유,자녀사랑끼짱우유(연세유업)",
2023,23088,"우유,바나나맛우유(빙그레)",
2023,23094,"요구르트(호상),요플레(딸기)(빙그레)",
2023,23096,"요구르트(호상),요플레(클래식)(빙그레)",
2023,23098,"요구르트(액상),욥닥터캡슐(빙그레)",
2023,23105,"요구르트(액상),메치니코프(사과)(한국야쿠르트)",
2023,23109,"요구르트(호상),슈퍼100(딸기)(한국야쿠르트)",
2023,23110,"요구르트(호상),슈퍼100(복숭아)(한국야쿠르트)",
2023,23114,"요구르트(액상),야쿠르트(한국야쿠르트)",
2023,23137,"우유,후레쉬우유(파스퇴르유업)",
2023,23161,"요구르트(액상),쾌변요구르트(사과)(파스퇴르유업)",
2023,23168,"우유,딸기우유(서울우유)",
2023,23170,"우유,앙팡우유(서울우유)",
2023,23172,"우유,서울우유(서울우유)",
2023,23173,"우유,저지방우유(서울우유)",
2023,23174,"우유,쵸코멸균우유(서울우유)",
2023,23175,"우유,쵸코우유(서울우유)",
2023,23177,"우유,커피우유(서울우유)",
2023,23190,"치즈,체다슬라이스치즈(서울우유)",
2023,24001,"커피프림,프리마(동서식품)",
2023,24007,"버터,서울우유버터(서울우유)",
2023,25024,"간장,양조간장501S(샘표식품)",
2023,25025,"간장,양조간장701(샘표식품)",
2023,25027,"간장,진간장금F3(샘표식품)",
2023,25028,"간장,진간장S(샘표식품)",
2023,25076,"참기름,신동방참기름(해표)",
2023,25084,"콩기름,신동방콩기름(해표)",
2023,26001,"과자,고래밥-매콤(오리온)",
2023,26002,"과자,고래밥-볶음양념(오리온)",
2023,26005,"과자,다이제(오리온)",
2023,26006,"과자,다이제(초코)(오리온)",
2023,26009,"젤리,마이구미(포도)(오리온)",
2023,26012,"과자,미쯔블랙(오리온)",
2023,26016,"과자,베베(오리온)",
2023,26020,"젤리,왕꿈틀이(오리온)",
2023,26025,"과자,초코송이(오리온)",
2023,26027,"과자,초코칩쿠키(오리온)",
2023,26028,"밀,밀가공식품,빵/과자류,초코파이(오리온)",
2023,26029,"과자,촉촉한초코칩(오리온)",
2023,26030,"카라멜,땅콩(오리온)",
2023,26035,"초콜릿,투유-마일드(오리온)",
2023,26039,"카스테라,후레시베리(오리온)",
2023,26040,"초콜릿,가나(롯데제과)",
2023,26042,"과자,꼬깔콘(고소)(롯데제과)",
2023,26043,"아이스밀크,누크바(롯데제과)",
2023,26044,"과자,마가렛트(롯데제과)",
2023,26045,"사탕,목캔디(롯데제과)",
2023,26046,"밀,밀가공식품,빵/과자류,초코파이,몽쉘통통(롯데)",
2023,26048,"과자,빠다코코낫(롯데제과)",
2023,26049,"과자,빼빼로(롯데제과)",
2023,26053,"껌,자일리톨껌(롯데제과)",
2023,26055,"사탕,스카치세가지맛(롯데제과)",
2023,26056,"빙과,스크류바(롯데제과)",
2023,26058,"과자,아몬드빼빼로(롯데제과)",
2023,26059,"초콜릿,아몬드초콜릿(롯데제과)",
2023,26061,"과자,애플쨈(롯데제과)",
2023,26062,"과자,엄마손파이(롯데제과)",
2023,26067,"과자,제크(롯데제과)",
2023,26073,"밀,밀가공식품,빵/과자류,초코파이(롯데)",
2023,26074,"과자,칙촉(롯데제과)",
2023,26075,"카스테라,카스타드(롯데)",
2023,26077,"초콜릿,크런키(롯데제과)",
2023,26080,"과자,하비스트(롯데제과)",
2023,26086,"과자,뻥이요(서울식품공업)",
2023,26114,"과자,땅콩강정(오리온프리토레이)",
2023,26121,"과자,오징어땅콩(오리온프리토레이)",
2023,26122,"과자,치토스-매콤(오리온프리토레이)",
2023,26123,"과자,치토스-바비큐(오리온프리토레이)",
2023,26125,"과자,포카칩-소금맛(오리온프리토레이)",
2023,26126,"과자,포카칩-양파맛(오리온프리토레이)",
2023,26128,"과자,바나나킥(농심)",
2023,26131,"과자,오징어집(농심)",
2023,26132,"과자,올리고고구마깡(농심)",
2023,26133,"과자,칼슘양파링(농심)",
2023,26134,"과자,콘드로이친감자깡(농심)",
2023,26135,"과자,키토산자갈치(농심)",
2023,26137,"과자,꽃게랑(빙그레)",
2023,26140,"과자,야채타임(빙그레)",
2023,26150,"과자,맛동산(해태제과)",
2023,26152,"과자,샤브레(해태제과)",
2023,26157,"과자,에이스(해태제과)",
2023,26158,"밀,밀가공식품,빵/과자류,초코파이,오예스(해태)",
2023,26161,"사탕,자두캔디(해태제과)",
2023,26166,"과자,홈런볼(쵸코)(해태제과)",
2023,27007,"커피음료,프렌치카페카푸치노(남양유업)",
2023,27013,"커피믹스,맥스웰커피믹스(동서식품)",
2023,27014,"커피믹스,맥스웰하우스커피믹스(동서식품)",
2023,27016,"커피,분말,맥심(동서식품)",
2023,27017,"커피믹스,맥심디카페인커피믹스(동서식품)",
2023,27018,"커피믹스,맥심모카골드커피믹스(동서식품)",
2023,27019,"커피믹스,맥심커피믹스(동서식품)",
2023,27055,"두유,고소한베지밀(정식품)",
2023,27062,"두유,베지밀에이(팩)(정식품)",
2023,27063,"두유,베지밀비(팩)(정식품)",
2023,27067,"커피,분말,네스카페클래식(한국네슬레)",
2023,27070,"코코아,네스퀵쵸콜릿맛(한국네슬레)",
2023,27071,"홍차음료,분말,네스티(한국네슬레)",
2023,27073,"커피,분말,테이스터스쵸이스(한국네슬레)",
2023,27075,"커피믹스,테이스터스쵸이스커피믹스(한국네슬레)",
2023,27079,"과일탄산음료,쿨피스(복숭아맛)(해태유업)",
2023,27095,"오렌지,주스,아침에주스오렌지(서울우유)",
2023,28010,"아몬드,칼몬드(우성식품)",
2023,29012,"꿀,아카시아꿀(동서식품)",
2023,29086,"인스턴트국,북어국(오뚜기)",
2023,29089,"스프,가루,인스턴트,야채스프(오뚜기)",
2023,29091,"곰탕/사골국물,옛날사골곰탕(오뚜기)",
2023,29092,"카레분말,카레(오뚜기)",
2023,29093,"스프,가루,인스턴트,옥수수수프(오뚜기)",
2023,29096,"스프,가루,인스턴트,크림스프(오뚜기)",
2023,29098,"하이라이스분말,하이라이스소스(오뚜기)",
2023,29116,"밥,햇반(CJ)",
2023,29146,"만두,참고향만두(해태)",
2023,40031,"감자튀김,후렌치후라이(R)(버거킹)",
2023,40035,"양파튀김,어니언링(R)(버거킹)",
2023,40130,"감자튀김,포테이토(롯데리아)",
2023,40147,"감자튀김,후렌치후라이(R)(McDonald's)",
2023,40150,"닭고기튀김,맥너겟6조각(McDonald's)",
2023,40244,"햄버거/샌드위치,소시지(Subway)",
2023,50006,"과자,고소미(오리온)",
2023,50009,"과자,국희땅콩샌드(크라운제과)",
2023,50010,"만두,군만두(CJ)",
2023,50011,"과자,그레이스(크라운제과)",
2023,50015,"빵,꿀호떡(샤니)",
2023,50025,"과자,닭다리(농심)",
2023,50029,"과자,땅콩크래커(해태제과)",
2023,50061,"과자,라면땅",
2023,50062,"과자,롯데샌드오리지날(롯데제과)",
2023,50064,"과자,롤리폴리(해태제과)",
2023,50075,"밀,밀가공식품,밀가루,백설밀가루(CJ)",
2023,50085,"과자,버터링(해태제과)",
2023,50086,"과자,버터와플(크라운제과)",
2023,50092,"밀,밀가공식품,빵/과자류,초코파이,빅파이(크라운제과)",
2023,50093,"과자,빈츠(롯데제과)",
2023,50096,"과자,뽀또(크라운제과)",
2023,50097,"과자,뿌셔뿌셔(오뚜기)",
2023,50098,"과자,사또밥(삼양식품)",
2023,50110,"빵,소보로빵(파리바게뜨)",
2023,50117,"과자,쌀로별(기린)",
2023,50118,"과자,쌀새우깡(농심)",
2023,50119,"과자,씨리얼(롯데제과)",
2023,50120,"과자,아이비(해태제과)",
2023,50121,"과자,알새우칩(농심)",
2023,50122,"과자,야채크래커V6(롯데제과)",
2023,50125,"과자,예감(농심)",
2023,50127,"국수(마른것),옛날국수(오뚜기)",
2023,50128,"과자,오감자(오리온)",
2023,50130,"밀,밀가공식품,빵/과자류,초코파이,오뜨(오리온)",
2023,50133,"과자,오징어땅콩볼(롯데제과)",
2023,50134,"옥수수통조림,옥수수콘,스위트콘(대상)",
2023,50145,"과자,죠리퐁(크라운제과)",
2023,50148,"과자,짱구(삼양식품)",
2023,50151,"과자,쫄병스낵(농심)",
2023,50153,"밀,밀가공식품,빵/과자류,초코파이,찰떡파이(롯데제과)",
2023,50156,"과자,참깨스틱",
2023,50157,"과자,참크래커(크라운제과)",
2023,50165,"과자,초코하임(크라운제과)",
2023,50167,"과자,치즈샌드(크라운제과)",
2023,50170,"과자,칸쵸(롯데제과)",
2023,50175,"과자,콘칩(크라운제과)",
2023,50191,"과자,포스틱(농심)",
2023,50199,"빵,호두과자",
2023,50201,"과자,후렌치파이,사과(해태제과)",
2023,50210,"감자스낵,칩포테토(농심)",
2023,50211,"감자스낵,프링글스오리지널(P&G)",
2023,50213,"사탕,고려홍삼제리",
2023,50220,"물엿/시럽,백설물엿(CJ)",
2023,50236,"사탕,청포도맛사탕(롯데제과)",
2023,50237,"사탕,츄파춥스",
2023,50243,"설탕,백설탕(큐원)(삼양사)",
2023,50244,"설탕,백설탕(CJ)",
2023,50248,"설탕,황설탕(큐원)(삼양사)",
2023,50251,"설탕,황설탕(CJ)",
2023,50253,"젤리,양갱,연양갱(해태제과)",
2023,50256,"물엿/시럽,백설올리고당(CJ)",
2023,50257,"물엿/시럽,청정원올리고당(대상)",
2023,50261,"초코바,스니커즈(Mars Foods)",
2023,50266,"초콜릿,페레로로쉐(페레로로쉐)",
2023,50267,"초콜릿,ABC초콜릿(롯데제과)",
2023,50268,"카라멜,마이쮸(크라운제과)",
2023,50270,"카라멜,새콤달콤(크라운제과)",
2023,50279,"두유,검은콩두유(삼육식품)",
2023,50282,"두유,삼육두유(삼육식품)",
2023,50299,"김치,배추김치,종가집배추김치(종가집)",
2023,50316,"망고,주스,델몬트망고주스(롯데칠성음료)",
2023,50317,"오렌지,주스,델몬트오렌지주스(롯데칠성음료)",
2023,50318,"오렌지,주스,델몬트콜드오렌지주스(롯데칠성음료)",
2023,50320,"포도,주스,델몬트포도주스(롯데칠성음료)",
2023,50321,"딸기,잼,복음자리딸기잼(복음자리)",
2023,50322,"딸기,잼,오뚜기딸기잼(오뚜기)",
2023,50327,"오렌지,주스,미닛메이드오리지널오렌지100(한국코카콜라보틀링)",
2023,50329,"석류,주스,석류원액",
2023,50344,"과일음료/과즙음료,오렌지에이드",
2023,50354,"귤,과일주스,제주감귤(롯데칠성음료)",
2023,50373,돼지껍데기,
2023,50377,"완자,떡갈비",
2023,50391,"돼지고기가공품,런천미트,스팸(CJ)",
2023,50395,"닭고기가공품(냉동품),용가리치킨(하림)",
2023,50397,"어육소시지,키스틱(롯데햄우유)",
2023,50416,"어패류액젓,멸치액젓(하선정종합식품)",
2023,50434,"어패류액젓,참치액젓(한라)",
2023,50438,"게맛살,크래미(한성기업)",
2023,50453,"김,김가루",
2023,50457,"김,김자반",
2023,50477,"김,양반올리브유로구운김(동원F&B)",
2023,50507,"아이스밀크,거북이(롯데삼강)",
2023,50509,"아이스크림,구구콘(롯데삼강)",
2023,50512,"아이스크림,나뚜루(롯데)",
2023,50513,"아이스크림,누가바(해태제과)",
2023,50514,"빙과,더위사냥(빙그레)",
2023,50515,"샤베트,돼지바(롯데삼강)",
2023,50519,"빙과/샤베트,델몬트망고(롯데삼강)",
2023,50520,"아이스밀크,메가톤바(롯데제과)",
2023,50521,"아이스밀크,메로나(빙그레)",
2023,50523,"빙과,바밤바(해태제과)",
2023,50526,"아이스크림,부라보콘(해태제과)",
2023,50527,"아이스밀크,붕어싸만코(빙그레)",
2023,50533,"샤베트,비비빅(빙그레)",
2023,50534,"샤베트,빠삐코(롯데삼강)",
2023,50535,"아이스밀크,빵또아(빙그레)",
2023,50536,"아이스밀크,빵빠레(롯데삼강)",
2023,50537,"샤베트,뽕따(빙그레)",
2023,50543,"아이스밀크,쌍쌍바(해태제과)",
2023,50545,"아이스크림,엑설런트(빙그레)",
2023,50546,"아이스밀크,엔초(빙그레)",
2023,50548,"아이스밀크,옥동자(롯데제과)",
2023,50549,"아이스밀크,와일드바디(롯데제과)",
2023,50551,"샤베트,요맘때(빙그레)",
2023,50555,"빙과,죠스바(롯데제과)",
2023,50556,"아이스밀크,찰떡아이스(롯데제과)",
2023,50557,"아이스크림,체리마루(해태제과)",
2023,50562,"샤베트,캔디바(빙그레)",
2023,50563,"아이스밀크,쿠앤크(빙그레)",
2023,50564,"빙과,탱크보이(해태제과)",
2023,50565,"아이스크림,투게더(빙그레)",
2023,50566,"빙과,파워캡(빙그레)",
2023,50568,"빙과,폴라포,포도맛(해태제과)",
2023,50569,"아이스크림,호두마루(해태제과)",
2023,50578,"요구르트(액상),앙팡(서울우유)",
2023,50579,"요구르트(액상),야구르트(빙그레)",
2023,50583,"요구르트(액상),엔요(매일유업)",
2023,50585,"요구르트(액상),요구르트(비락)",
2023,50586,"요구르트(액상),요구르트(서울우유)",
2023,50590,"요구르트(액상),윌(한국야쿠르트)",
2023,50593,"요구르트(액상),쾌변요구르트(파스퇴르유업)",
2023,50594,"요구르트(액상),쿠퍼스(한국야쿠르트)",
2023,50598,"요구르트(액상),런(시온식품)",
2023,50602,"요구르트(호상),바이오거트(매일유업)",
2023,50604,"요구르트(호상),비요뜨(서울우유)",
2023,50608,"요구르트(호상),짜요짜요(서울우유)",
2023,50613,"우유,부산우유(부산우유)",
2023,50614,"우유,비락우유(비락)",
2023,50616,"우유,제주우유(제주우유)",
2023,50618,"우유,건국우유(건국우유)",
2023,50625,"우유,검은콩우유(연세유업)",
2023,50629,"우유,고구마우유",
2023,50637,"우유,굿모닝우유(빙그레)",
2023,50647,"우유,맛있는우유GT(남양유업)",
2023,50650,"우유,매일저지방우유ESL(매일유업)",
2023,50675,"우유,축협우유(축협)",
2023,50690,"치즈,뼈로가는칼슘치즈(매일유업)",
2023,50694,"치즈,치즈스틱",
2023,50702,"콩기름,백설식용유(CJ)",
2023,50703,"올리브유,백설압착올리브유(CJ)",
2023,50704,"옥수수기름,백설옥수수유(CJ)",
2023,50705,"참기름,백설진한참기름(CJ)",
2023,50709,"참기름,고소한참기름(오뚜기)",
2023,50711,"콩기름,오뚜기식용유(오뚜기)",
2023,50744,"기능성음료,꿀물(캔)",
2023,50765,"음료류,탄산음료,과일탄산음료,데미소다(동아오츠카)",
2023,50768,뽕잎차,
2023,50771,"사이다,마운틴듀(롯데칠성음료)",
2023,50783,"맥주,버드와이저(OB맥주)",
2023,50784,"맥주,카스맥주(OB맥주)",
2023,50785,"맥주,카프리(OB맥주)",
2023,50787,"맥주,하이트맥주(하이트맥주㈜)",
2023,50790,"탄산음료,맥콜(일화)",
2023,50794,"코코아,미떼핫초코(동서식품)",
2023,50796,"기능성음료,미에로화이바",
2023,50797,"탄산음료,밀키스(롯데칠성음료)",
2023,50799,백세주(국순당),
2023,50803,"홍차음료,복숭아홍차(담터)",
2023,50804,"식혜,비락식혜(비락)",
2023,50805,"기능성음료,비타500",
2023,50807,"기능성음료,비타민음료",
2023,50810,"소주,레몬소주",
2023,50816,"소주,시원소주(대선주조)",
2023,50818,"소주,잎새주(보해양조)",
2023,50819,"소주,참소주(금복주)",
2023,50820,"소주,참이슬(진로)",
2023,50821,"소주,하이트소주(하이트주조)",
2023,50822,"소주,한라산(한라산)",
2023,50824,"과일음료/과즙음료,솔의눈(롯데칠성음료)",
2023,50825,수정과,
2023,50827,"사이다,스프라이트(한국코카콜라보틀링)",
2023,50836,아침햇살(웅진식품),
2023,50843,"탄산음료,암바사(한국코카콜라보틀링)",
2023,50845,"과일탄산음료,오란씨(동아오츠카)",
2023,50848,"과일탄산음료,웰치스(농심)",
2023,50852,"기능성음료,이온음료,2%부족할때(롯데칠성음료)",
2023,50854,"기능성음료,이온음료,게토레이(롯데칠성음료)",
2023,50856,"기능성음료,이온음료,파워에이드(한국코카콜라보틀링)",
2023,50857,"기능성음료,이온음료,포카리스웨트(동아오츠카)",
2023,50858,인삼주,
2023,50861,"코코아,제티(동서식품)",
2023,50864,"사이다,천연사이다(일화)",
2023,50865,"과일음료/과즙음료,초록매실(웅진식품)",
2023,50867,"사이다,칠성사이다(롯데칠성음료)",
2023,50869,"과일음료/과즙음료,카프리썬(농심)",
2023,50871,"커피음료,레쓰비",
2023,50875,"커피음료,마일드카페라테(매일유업)",
2023,50876,"커피,분말,맥심모카골드(동서식품)",
2023,50884,"콜라,코카콜라(한국코카콜라보틀링)",
2023,50885,"과일음료/과즙음료,코코팜(해태음료)",
2023,50889,"과일탄산음료,쿨피스(자두맛)",
2023,50891,"사이다,킨사이다(한국코카콜라보틀링)",
2023,50893,"콜라,펩시콜라(롯데칠성음료)",
2023,50896,"과일음료/과즙음료,피크닉,애플(매일유업)",
2023,50900,"우유,허쉬초콜렛드링크(매일유업)",
2023,50906,"과일탄산음료,환타(한국코카콜라보틀링)",
2023,50913,"카레소스,3분카레(오뚜기)",
2023,50914,"간장,청정원햇살담은진간장(대상)",
2023,50922,"간장,몽고간장(몽고식품)",
2023,50923,"간장,몽고송표간장(몽고식품)",
2023,50931,"간장,오복진간장(오복식품)",
2023,50937,"간장,청정원햇살담은조림간장(대상)",
2023,50938,"간장,조림간장(샘표식품)",
2023,50953,"조미소,감칠맛나는미원(대상)",
2023,50961,"고추장,새콤달콤초고추장(해찬들)",
2023,50964,"고추장,순창태양초찰고추장(대상)",
2023,50983,"육수,냉면육수",
2023,50989,"된장,재래식된장(해찬들)",
2023,50991,"마요네즈,고소한마요네즈(대상)",
2023,50992,"마요네즈,오뚜기마요네즈(오뚜기)",
2023,50995,"조미소,미원(대상)",
2023,51000,"분말조미료,멸치다시다(CJ)",
2023,51003,"분말조미료,쇠고기다시다(CJ)",
2023,51004,"분말조미료,조개다시다(CJ)",
2023,51023,"소금,맛소금(대상)",
2023,51035,"후추,순후추(오뚜기)",
2023,51046,"식초,사과식초(오뚜기)",
2023,51053,"쌈장,고기전용쌈장(해찬들)",
2023,51054,"쌈장,사계절쌈장(해찬들)",
2023,51055,"쌈장,청정원순창쌈장(대상)",
2023,51062,"토마토케첩,오뚜기케찹(오뚜기)",
2023,51067,"분말조미료,해물감치미(대상)",
2023,51068,"과자,계란과자(해태제과)",
2023,51070,"파이,고구마파이",
2023,51078,"빵,보름달(샤니)",
2023,51085,"찹쌀미숫가루,선식,생식,황성주생식(erom)",
2023,51131,"파인애플,델몬트파인애플통조림(롯데칠성음료)",
2023,51132,"딸기,잼,대상딸기잼(대상)",
2023,51162,"아이스크림,체리쥬빌레(베스킨라빈스31)",
2023,51167,"샤베트,와(롯데제과)",
2023,51180,"샤베트,팥빙수(롯데삼강)",
2023,51204,"기능성음료,컨피던스(동아오츠카)",
2023,51217,"맛술/미림,미향(오뚜기)",
2023,51220,"후추,순후추(대상)",
2023,51226,"샐러드드레싱,파인애플드레싱",
2023,51236,"빵,꿀호떡(기린)",
2023,51237,"빵,델리만쥬",
2023,51242,"빵,식빵,밤식빵",
2023,51248,"과자,소라깡",
2023,51255,"과자,오사쯔(해태제과)",
2023,51257,"빵,식빵,우유식빵(파리바게뜨)",
2023,51268,"초코바,미니트윅스(MrFoodKorea)",
2023,51285,"석류,주스,석류음료",
2023,51297,"어패류액젓,참치액젓",
2023,51307,"요구르트(호상),요플레(마일드플레인)(빙그레)",
2023,51314,"빙과/샤베트,빙빙바(롯데제과)",
2023,51325,"요구르트(액상),요쿠르트(농협)",
2023,51351,모과차,
2023,51368,"된장,막장",
2023,51374,"식초,양조식초(오뚜기)",
2023,52100,"고카페인음료,에너지드링크",
2023,61068,"양념장,고추다대기",
2023,61130,"맛술/미림,롯데미림(롯데칠성음료)",
2023,61139,"과자,로투스씽글팩(한국로투스㈜)",
2023,61143,"과자,스낵과자,누드빼빼로(롯데제과)",
2023,61168,"카스테라,카스테라(파리바게뜨)",
2023,61173,"사탕,아이셔(오리온)",
2023,61179,"토마토,주스,하루야채(한국야쿠르트)",
2023,61185,"닭고기튀김,치킨너겟(하림)",
2023,61190,사조꽁치(사조식품),
2023,61195,"빙과,아맛나(롯데삼강)",
2023,61197,"아이스밀크,서주아이스주(서주)",
2023,61218,포도씨유(CJ),
2023,61223,"맥주,스타우트(하이트맥주㈜)",
2023,61224,"맥주,하이네켄(하이네켄)",
2023,61238,"간장,청정원소불고기양념(대상)",
2023,61258,"짜장분말,오뚜기분말짜장(오뚜기)",
2023,61261,"토마토케첩,하인즈토마토케첩(하인즈)",
2023,61262,"인스턴트국,백설육개장(CJ)",
2023,81008,"가루믹스,핫케이크가루(오뚜기)",
2023,81029,"과자,구워만든곡물그대로21((주)개미식품)",
2023,81031,"과자,꼬깔콘 군옥수수맛(롯데)",
2023,81033,"과자,꿀꽈배기(농심)",
2023,81039,"과자,도도한나초(오리온)",
2023,81040,"과자,도리토스 나쵸치즈맛(롯데제과)",
2023,81048,"과자,매운새우깡(농심)",
2023,81054,"과자,뿌셔뿌셔 불고기맛(오뚜기)",
2023,81055,"과자,뿌셔뿌셔 양념치킨맛(오뚜기)",
2023,81056,"과자,새우깡(농심)",
2023,81059,"과자,스윙칩 오리지날(오리온프리토레이)",
2023,81062,"과자,썬칩 오리지널(오리온)",
2023,81063,"과자,썬칩 핫스파이시(오리온)",
2023,81065,"과자,양파깡(농심)",
2023,81068,"과자,옥수수브이콘(진한제과)",
2023,81071,"과자,왕고래밥(오리온)",
2023,81074,"과자,인디안밥(농심)",
2023,81078,"과자,초코과자미쯔(오리온)",
2023,81079,"과자,초코비(토하토)",
2023,81081,"과자,치킨팝 닭강정맛(오리온)",
2023,81082,"과자,카라멜콘메이플(크라운제과)",
2023,81084,"과자,콘초코(크라운제과)",
2023,81086,"과자,콘치(크라운제과)",
2023,81087,"과자,콘칩(오리온)",
2023,81088,"과자,콩과자(경화당제과)",
2023,81099,"국수,구포국수 중면(구포국수)",
2023,81121,"국수,옛날국수중면(오뚜기)",
2023,81195,"만두,교자만두(오뚜기냉동식품㈜)",
2023,81204,"만두,비비고 물만두(씨제이푸드㈜)",
2023,81205,"만두,비비고 왕교자만두(씨제이푸드㈜)",
2023,81222,"만주,밤만쥬(삼립식품)",
2023,81245,"미숫가루,이롬황성주 생식플러스((주)이롬)",
2023,81289,"빵,부쉬맨브레드(아웃백스테이크하우스)",
2023,81295,"샌드과자,롯데샌드 깜뜨(롯데)",
2023,81301,"샌드과자,크라운산도 딸기맛(크라운제과)",
2023,81302,"샌드과자,키드오(필리핀 Modne Nissin Corp.)",
2023,81326,"시리얼,켈로그 스페셜K(농심)",
2023,81328,"시리얼,켈로그 오곡으로만든첵스초코(농심켈로그)",
2023,81329,"시리얼,켈로그 첵스초코유에프오(농심)",
2023,81330,"시리얼,켈로그 초코첵스(농심)",
2023,81335,"시리얼,켈로그 후르트링(농심)",
2023,81336,"시리얼,퀘이커오츠(The Quaker Oats Com)",
2023,81341,"시리얼,포스트 그래놀라(동서식품)",
2023,81342,"시리얼,포스트 그래놀라블루베리(동서식품)",
2023,81343,"시리얼,포스트 그래놀라크랜베리아몬드(동서식품)",
2023,81351,"시리얼,포스트 오곡코코볼(동서식품)",
2023,81353,"시리얼,포스트 오레오오즈(동서식품)",
2023,81354,"시리얼,포스트 콘푸라이트(동서식품)",
2023,81355,"시리얼,포스트 콘푸라이트1/3슈거라이트(동서식품)",
2023,81356,"시리얼,포스트 콘푸로스트(동서식품)",
2023,81384,"쌀과자,미왕 쌀과자(우리씨앤디(주))",
2023,81390,"쌀과자,참쌀선과(크라운제과)",
2023,81393,"쌀과자,크라운 참쌀설병(크라운)",
2023,81428,"웨하스,네스킥 초코웨하스(네슬레)",
2023,81429,"웨하스,로아커(Loacker) Minis 바닐라맛(로아커)",
2023,81433,"웨하스,쿠크다스 화이트(크라운제과)",
2023,81434,"웨하스,쿠크다스커피슬림(크라운제과)",
2023,81436,"웨하스,키커(크라운제과)",
2023,81437,"웨하스,화이트하임(크라운제과)",
2023,81473,"죽,양반 야채죽(동원F&B)",
2023,81487,"초코파이,몽쉘 카카오케이크(롯데제과)",
2023,81511,"쿠키,딸기쿠키(롯데)",
2023,81516,"쿠키,미니참깨스틱(청우)",
2023,81517,"쿠키,빼빼로 화이트쿠키(롯데제과)",
2023,81525,"쿠키,오레오 초콜렛샌드위치화이트쿠키(미가방유한회사)",
2023,81526,"쿠키,오레오 초콜릿샌드위치쿠키(미가방유한회사)",
2023,81527,"쿠키,옹골진 오곡쿠키(크라운제과)",
2023,81531,"쿠키,초코픽(해태)",
2023,81534,"쿠키,포키 오리지날(해태)",
2023,81535,"쿠키,포키 초코(해태)",
2023,81539,"크래커,하비스트 고소한맛(롯데제과)",
2023,81556,"팥빵,쫀득쫀득참붕어빵(오리온)",
2023,81558,"호빵,삼립호빵 옛날단팥(삼립)",
2023,81559,"호빵,피자호빵(삼립)",
2023,82003,"감자칩,구운감자(해태제과)",
2023,82004,"감자칩,눈을감자(오리온)",
2023,82007,"감자칩,알감자칩(농심)",
2023,82008,"감자칩,예감치즈그라탕(오리온)",
2023,82010,"감자칩,포테이토칩 오리지널(농심)",
2023,82011,"감자칩,프링글스 양파맛(한국프링글스)",
2023,82013,"감자칩,허니버터칩(해태)",
2023,83015,"과일잼,아웃백 망고스프레드(오뚜기)",
2023,83049,"껌,왓따껌 콜라(롯데)",
2023,83091,"물엿,백설 건강한쌀올리고당(씨제이푸드㈜)",
2023,83092,"물엿,백설 건강한요리올리고당(씨제이푸드㈜)",
2023,83166,"사탕,마요라코피코커피맛(MAYORA INDAH TBK)",
2023,83181,"사탕,애니타임 레몬민트(롯데제과)",
2023,83195,"사탕,츄파춥스 오렌지맛(농심)",
2023,83206,"사탕,호올스 아이스블루(캐드베리)",
2023,83208,"사탕,호올스 후레쉬 라임(Cadbury AdamsLtd)",
2023,83209,"사탕,호올스(동서식품)",
2023,83221,"설탕,마스코바도((주)에이피넷)",
2023,83223,"설탕,백설 브라운자일로스설탕(씨제이푸드㈜)",
2023,83259,"시리얼바,닥터유 에너지바(오리온)",
2023,83287,"젤리,웰치스 후르츠스넥(웰치스)",
2023,83289,"젤리,젤리스트로우(키즈웰(대만 TSANG LIN INDUSTRIES CORP))",
2023,83291,"젤리,트롤리구미캔디사우어글로우웜즈(부강무역)",
2023,83292,"젤리,하리보 골드베렌 (Haribo Gmbh & Co.KG)",
2023,83297,"초코바,가나초코바아몬드(롯데)",
2023,83300,"초코바,자유시간미니(해태제과(주))",
2023,83303,"초코바,트윅스(Mr Food Korea)",
2023,83305,"초코스프레드,뉴텔라 페레로(페레로(매일유업))",
2023,83312,"초콜렛,드림카카오72%(롯데)",
2023,83313,"초콜렛,롯데 56%드림카카오(롯데제과주식회사)",
2023,83326,"초콜렛,엠앤엠(m&m)(중국 Mars Foods)",
2023,83330,"우유,초코에몽(남양유업)",
2023,83339,"초콜렛,킨더초콜렛(수입원:매일유업)",
2023,83340,"초콜렛,킨더초콜렛맥시(매일유업)",
2023,83341,"초콜렛,킷캣(KITKAT)(네슬레)",
2023,83345,"초콜렛,토블론 밀크(스위스 KRAFT)",
2023,83351,"초콜렛,허쉬너겟밀크초콜렛(허쉬코리아)",
2023,83357,"초콜렛,허쉬키세스 크리미아몬드(허쉬코리아)",
2023,83360,"카라멜,땅콩카라멜(크라운제과)",
2023,83363,"카라멜,마이쮸 딸기맛(크라운제과)",
2023,83364,"카라멜,마이쮸 사과맛(크라운제과)",
2023,83365,"카라멜,마이쮸 포도맛(크라운제과)",
2023,83366,"카라멜,멘토스(퍼페티반멜레)",
2023,83373,"카라멜,유가(청우식품)",
2023,84001,"나또,살아있는실의힘생나또(신선나또(주))",
2023,84014,"두부,국산콩 찌개용두부(풀무원)",
2023,84059,"두유,건국 비타민두유(건국유업)",
2023,84064,"두유,검은콩두유(매일유업)",
2023,84066,"두유,검은콩두유베지밀(정식품)",
2023,84067,"두유,고소한검은콩&고칼슘두유(연세우유)",
2023,84073,"두유,남양 맛있는두유GT 고칼슘검은콩깨두유(남양유업)",
2023,84087,"두유,베지밀 검은콩과검은참깨두유(정식품)",
2023,84088,"두유,베지밀 국산콩두유 검은콩(정식품)",
2023,84103,"두유,삼육 검은콩칼슘두유(삼육식품)",
2023,84106,"두유,삼육두유 검은콩참깨(삼육두유)",
2023,84107,"두유,삼육두유 검은콩호두&아몬드(삼육식품)",
2023,84108,"두유,삼육두유A(삼육식품)",
2023,84112,"두유,연세 검은콩두유(연세우유)",
2023,84113,"두유,연세 고칼슘두유(연세우유)",
2023,84124,"두유,이롬황성주 국산콩두유(한미메디케어㈜)",
2023,84125,"두유,이롬황성주 국산콩두유검은콩(한미메디커어㈜)",
2023,84138,"두유,파스퇴르 쾌변두유 검은콩검은참깨(㈜롯데푸드)",
2023,85045,"밤가공,맛밤(씨제이푸드㈜)",
2023,85047,"캐슈넛,구운캐슈넛(동우농산)",
2023,86015,"채소음료,미닛메이드 토마토주스(코카콜라음료(주))",
2023,86031,"채소음료,하루야채 레드(한국야쿠르트)",
2023,86032,"채소음료,하루야채 키즈뽀로로(한국야쿠르트)",
2023,88013,"과일음료,델몬트 포도100(롯데칠성음료㈜)",
2023,88014,"과일음료,델몬트 프리미엄 사과주스(롯데칠성음료㈜)",
2023,88030,"과일음료,사과농장(가야농장)",
2023,88044,"과일음료,아침에주스 100%사과(서울)",
2023,88082,"바나나가공,골든사나 바나나칩(필리핀)",
2023,89047,"돼지고기가공,로스팜(롯데)",
2023,89049,"돼지고기가공,리챔 오리지널(동원F&B)",
2023,89059,"돼지고기가공,목우촌 주부9단 불고기햄(농협목우촌)",
2023,89060,"돼지고기가공,목우촌 주부9단 비엔나소세지(농협목우촌)",
2023,89093,"돼지고기가공,의성마늘프랑크(롯데푸드)",
2023,89131,"어육소시지,맥스봉(씨제이푸드㈜)",
2023,91003,"건오징어,오징어숏다리(한양식품)",
2023,91006,"게맛살,대림선크라비아(사조대림)",
2023,91029,"생선과자,바삭바삭고소한꾸이맨(경진식품)",
2023,91050,"액젓,청정원 남해안멸치골드액젓(㈜대상)",
2023,91055,"액젓,하선정 까나리액젓(씨제이푸드㈜)",
2023,91106,"참치통조림,사조 마일드참치((주)사조산업)",
2023,91107,"참치통조림,사조 살코기참치(사조산업)",
2023,92017,"김자반,지도표성경돌자반 (성경식품)",
2023,92046,"조미김,광천재래김(조양식품)",
2023,92113,"조미김,성경재래김(성경)",
2023,92116,"조미김,소문난광천김(㈜광천김)",
2023,92135,"조미김,양반 참기름김(동원)",
2023,92138,"조미김,양반김 들기름향이그윽한김(동원F&B)",
2023,92164,"조미김,지도표성경김(성경식품)",
2023,93010,"아이스밀크,거북알(롯데삼강)",
2023,93012,"빙과,더블더블(서주)",
2023,93022,"빙과,젤루조아 제주감귤(해태제과)",
2023,93025,"빙과,주물러 콜라(롯데)",
2023,93033,"아이스밀크,설레임 밀크(롯데제과)",
2023,93035,"아이스밀크,설레임 아라비카커피쉐이크(롯데제과)",
2023,93039,"샤베트,까페오레(빙그레)",
2023,93040,"아이스밀크,녹차마루(해태제과)",
2023,93045,"아이스크림,셀렉션 딸기맛(롯데제과)",
2023,93046,"빙과,수박바(롯데삼강)",
2023,93053,"빙과,와삭바(롯데삼강)",
2023,93061,"아이스밀크,초코퍼지(롯데삼강)",
2023,93070,"아이스크림,구구크러스터(롯데삼강)",
2023,93079,"아이스밀크,명가찰옥수수(롯데제과)",
2023,93080,"아이스크림,민트초코(베스킨라빈스31)",
2023,93082,"아이스밀크,바밤바아이스샌드(해태)",
2023,93084,"샤베트,부라보콘 피스타치오(해태제과)",
2023,93086,"아이스밀크,빵빠레 초코(롯데삼강)",
2023,93089,"아이스크림,아몬드봉봉(베스킨라빈스31)",
2023,93095,"아이스크림,요맘때콘 플레인(빙그레)",
2023,93102,"아이스밀크,쿠키오(롯데삼강)",
2023,93106,"아이스크림,티코 밀크초코(롯데)",
2023,93111,"아이스크림,하겐다즈 바닐라(하겐다즈)",
2023,93112,"아이스크림,하겐다즈 초코맛(하겐다즈)",
2023,93115,"액상요구르트,뽀로로와친구들 요구르트(빙그레)",
2023,93118,"액상요구르트,소와나무 새코미(동원데어리푸드)",
2023,93125,"액상요구르트,유기농이오(남양유업)",
2023,93129,"액상요구르트,한국야쿠르트 라이트((주)한국야쿠르트)",
2023,93136,"요구르트,다논 마시는액티비아 사과맛(풀무원다논㈜)",
2023,93142,"요구르트,다논 액티비아 사과(다논)",
2023,93146,"요구르트,다논 액티비아 플레인(다논)",
2023,93149,"요구르트,덴마크 드링킹요구르트 딸기(동원데어리푸드)",
2023,93153,"요구르트,덴마크 드링킹요구르트 플레인(㈜동원데어리푸드)",
2023,93159,"요구르트,불가리스 복숭아(남양유업)",
2023,93162,"요구르트,비피더스 블루베리(푸르밀)",
2023,93164,"요구르트,비피더스 포도맛(푸르밀)",
2023,93167,"요구르트,비피더스명장 사과(㈜동원데어리푸드)",
2023,93169,"요구르트,상하목장 유기요구르트 플레인(매일유업)",
2023,93185,"우유,365 1등급서울우유(서울우유)",
2023,93212,"우유,남양 맛있는우유GT 아인슈타인베이비(남양유업)",
2023,93225,"우유,네스퀵초코우유(한국네슬레)",
2023,93242,"우유,딸기맛우유(빙그레)",
2023,93246,"우유,매일 멸균우유 오리지널(매일유업)",
2023,93249,"우유,매일 저지방우유(매일유업)",
2023,93254,"우유,매일우유 오리지널(매일우유)",
2023,93257,"우유,멸균서울우유(서울우유)",
2023,93266,"우유,바나나는원래하얗다(매일유업)",
2023,93267,"우유,바나나맛우유 저지방(빙그레(주))",
2023,93269,"우유,범산목장유기농우유(범산목장)",
2023,93295,"우유,상하목장 유기농바나나우유(매일유업)",
2023,93296,"우유,상하목장 유기농우유(매일유업)",
2023,93297,"우유,상하목장 유기저지방우유(매일)",
2023,93300,"우유,서울우유 멸균우유(서울우유)",
2023,93307,"우유,소와나무 고칼슘우유(동원)",
2023,93312,"우유,소화가잘되는우유(매일유업)",
2023,93313,"우유,소화가잘되는우유저지방(매일유업)",
2023,93325,"우유,신선한하루 하루우유(한국야쿠르트)",
2023,93348,"우유,우유속에모카치노(매일유업)",
2023,93359,"우유,저지방우유(한국야쿠르트)",
2023,93387,"우유,파스퇴르 강원청정 목장프리미엄골드(파스퇴르)",
2023,93390,"우유,파스퇴르우유 저지방(파스퇴르)",
2023,93391,"우유,파스퇴르우유(파스퇴르유업)",
2023,93402,"우유,하루우유 저지방(한국야쿠르트)",
2023,93429,"치즈,덴마크 인포켓치즈 오리지널(동원 데어리푸드)",
2023,93432,"치즈,드빈치 체다슬라이스치즈(남양유업)",
2023,93447,"치즈,상하치즈 유기농어린이치즈(매일유업)",
2023,93453,"치즈,소와나무 슬라이스치즈(동원데어리푸드)",
2023,93460,"치즈,유기농앙팡아기치즈스텝2(서울우유)",
2023,93467,"치즈,짜지않은치즈(동원)",
2023,93478,"코코아,제티 딸기맛(동서식품)",
2023,93481,"크림치즈,필라델피아소프트크림치즈(크래프트(동서식품))",
2023,93490,"호상요구르트,덴마크 요거트 플레인((주)동원F&B)",
2023,93492,"호상요구르트,떠먹는불가리스 딸기맛(남양유업)",
2023,93494,"호상요구르트,떠먹는불가리스 복숭아(남양)",
2023,93499,"호상요구르트,매일 바이오 딸기(매일유업)",
2023,93500,"호상요구르트,매일 바이오 복숭아(매일유업)",
2023,93501,"호상요구르트,매일 바이오 플레인요거트(매일유업)",
2023,93506,"호상요구르트,비요뜨 초코링(서울우유)",
2023,93510,"호상요구르트,소와나무 생크림요거트(㈜동원데어리푸드)",
2023,93516,"호상요구르트,아이러브요거트 딸기(다논)",
2023,93526,"호상요구르트,요플레 닥터캡슐사과(빙그레)",
2023,93529,"호상요구르트,요플레 블루베리(빙그레)",
2023,93533,"호상요구르트,요플레 오리지널 복숭아(빙그레)",
2023,93534,"호상요구르트,요플레 클래식 플레인(빙그레)",
2023,93552,"호상요구르트,짜요짜요 딸기맛(서울우유)",
2023,93553,"호상요구르트,짜요짜요 포도맛(서울우유)",
2023,93577,"호상요구르트,헬리코박터프로젝터윌 저지방(한국야쿠르트)",
2023,93578,"호상요구르트,후디스 그릭요거트플레인(일동후디스(주))",
2023,94009,"마가린,고소한옥수수마아가린((주)오뚜기)",
2023,94026,"카놀라유,비타민E+카놀라유(해표)",
2023,95008,"가당음료,귀여운내친구뽀로로 딸기맛((주)팔도)",
2023,95009,"가당음료,귀여운내친구뽀로로 밀크맛(한국야쿠르트)",
2023,95015,"가당음료,뽀로로스포츠(팔도)",
2023,95017,"가당음료,썬키스트 레몬에이드(해태)",
2023,95027,"가당음료,파워오투 아이스베리((주)농심)",
2023,95029,"가당음료,파워오투 오렌지레몬((주)농심)",
2023,95033,"가당음료분말,립톤아이스티믹스 레몬맛(유니레버)",
2023,95034,"가당음료분말,립톤아이스티믹스 복숭아맛(유니레버코리아)",
2023,95040,"가당음료분말,크리스탈라이트(크리스탈라이트)",
2023,95047,"건강음료,광동 진홍삼골드(광동제약)",
2023,95052,"건강음료,원비디(일양약품)",
2023,95058,"건강음료,컨디션헛개수(씨제이푸드㈜)",
2023,95068,"과일음료,가야 알로에농장(가야농장)",
2023,95069,"과일음료,갈아만든배(해태)",
2023,95073,"과일음료,과일촌 아침에사과(해태음료)",
2023,95080,"과일음료,델몬트 오렌지드링크(롯데칠성음료㈜)",
2023,95083,"과일음료,델몬트 포도드링크(롯데칠성음료㈜)",
2023,95092,"과일음료,미닛메이드 망고플러스(코카콜라음료(주))",
2023,95094,"과일음료,미닛메이드 제주감귤(코카콜라음료(주))",
2023,95097,"과일음료,블루하와이(썬키스트)",
2023,95110,"과일음료,유기농테일러푸룬주스((주)테일러팜스)",
2023,95117,"과일음료,코코몽 사과맛(웅진식품)",
2023,95122,"과일음료,포도봉봉(해태음료)",
2023,95137,"기능성음료,광동 쌍화탕(광동제약)",
2023,95152,"분말차,생강차(담터)",
2023,95153,"분말차,생강차플러스(담터)",
2023,95157,"분말차,허벌라이프 엔알지티(미국 Pharmachem)",
2023,95159,"비가당음료,광동 옥수수수염차(광동제약)",
2023,95162,"탄산음료,나랑드(동아오츠카)",
2023,95177,"식초,청정원 마시는홍초 복분자(㈜대상)",
2023,95180,"식초,청정원 마시는홍초 석류(㈜대상)",
2023,95183,"식혜,잔치집식혜(롯데칠성음료)",
2023,95187,"쌍화차,쌍화차(담터)",
2023,95189,"유산균음료,쥬시쿨 자두맛(빙그레)",
2023,95192,"유산균음료,쿨피스 파인애플맛(㈜동원데어리푸드)",
2023,95196,"율무차,단호박,마차((주)담터)",
2023,95198,"율무차,담터 율무차(담터)",
2023,95199,"율무차,담터 호두아몬드밤율무차(담터)",
2023,95200,"율무차,담터 호두아몬드율무차(담터)",
2023,95224,"차음료,하늘보리(웅진식품)",
2023,95241,"카페인음료,레드불(동서음료)",
2023,95242,"카페인음료,박카스디액(동아제약)",
2023,95246,"카페인음료,핫식스(롯데칠성음료)",
2023,95247,"커피믹스,3in1 TRUNG NGUYEN(TRUNG NGUYEN SINGAPORE PTE LTD)",
2023,95251,"커피믹스,네스까페 수프리모 부드러운블랙(한국네슬레)",
2023,95252,"커피믹스,네스까페 수프리모 커피믹스(네스카페)",
2023,95262,"커피믹스,맥심 부드러운블랙믹스모카골드(동서식품)",
2023,95264,"커피믹스,맥심 부드러운블랙오리지날(동서식품)",
2023,95265,"커피믹스,맥심 아라비카100커피믹스(동서식품)",
2023,95266,"커피믹스,맥심 아이스커피믹스 블랙(동서식품)",
2023,95267,"커피믹스,맥심 아이스커피믹스(동서식품)",
2023,95273,"커피믹스,맥심 화이트골드 커피믹스(동서식품)",
2023,95277,"커피분말,수프리모 인테소아메리카노(한국네슬레)",
2023,95279,"커피믹스,애터미 카페 아라비카(애터미(주))",
2023,95287,"커피믹스,칸타타 스위트아메리카노(롯데칠성음료)",
2023,95295,"커피믹스,프렌치카페 골드라벨(남양유업)",
2023,95298,"커피믹스,프렌치카페 카페믹스아라비카골드라벨(남양유업)",
2023,95300,"커피믹스,프렌치카페 카페믹스클래식(남양유업)",
2023,95301,"커피믹스,프렌치카페 커피믹스 부드러운블랙(남양)",
2023,95304,"커피분말,G7 coffee(베트남산)",
2023,95309,"커피분말,네스카페 마일드모카(한국네슬레)",
2023,95313,"커피분말,맥심 디카페인(동서식품)",
2023,95314,"커피분말,맥심 아라비카100(동서식품)",
2023,95315,"커피분말,맥심 카누 콜롬비아블랜드 다크로스트 아메리카노(동서식품)",
2023,95316,"커피분말,맥심 카누 콜롬비아블랜드 마일드로스트 아메리카노(동서식품)",
2023,95318,"커피분말,애터미 카페 아라비카블랙(애터미(주))",
2023,95319,"커피분말,카페 이과수(브라질 이과수사(에이스코리아))",
2023,95323,"커피분말,테이스터스초이스 오리지날(한국네슬레)",
2023,95324,"커피분말,프렌치카페 루카 다크 아메리카노(남양)",
2023,95335,"커피음료,맥스웰하우스 오리지널(동서식품)",
2023,95337,"커피음료,맥심 티오피 더블랙(동서식품)",
2023,95338,"커피음료,맥심 티오피 마스터라떼(동서)",
2023,95340,"커피음료,맥심 티오피 스위트아메리카노(동서식품)",
2023,95345,"커피음료,바리스타 에스프레소라떼(매일유업)",
2023,95351,"커피음료,산타페 오리지날(팔도)",
2023,95353,"커피음료,스타벅스 더블샷에스프레소&크림(스타벅스)",
2023,95354,"커피음료,스타벅스 프라프치노모카(동서식품)",
2023,95360,"커피음료,조지아 까페라떼(한국코카콜라보틀링)",
2023,95362,"커피음료,조지아 맥스(한국코카콜라보틀링)",
2023,95363,"커피음료,조지아 스위트아메리카노(코카콜라㈜)",
2023,95367,"커피음료,조지아 오리지널(한국코카콜라보틀링)",
2023,95374,"커피음료,칸타타 오리지날원두커피(롯데칠성음료)",
2023,95376,"커피음료,칸타타 프리미엄라떼(롯데칠성음료)",
2023,95378,"커피음료,프렌치카페 카라멜마끼아또(남양유업)",
2023,95385,"코코아,스위스미스 핫코코아믹스 마시멜로(미국 CONAGRA Food inc)",
2023,95392,"콜라,코카콜라 제로(한국코카콜라주식회사)",
2023,95395,"콜라,펩시제로콜라(롯데칠성음료)",
2023,95397,"탄산수,씨그램 라임(코카-콜라음료(주))",
2023,95398,"탄산수,초정탄산수((주)일화초정공장)",
2023,95399,"탄산수,트레비레몬(롯데칠성음료)",
2023,95402,"탄산음료,데미소다 애플(동아오츠카)",
2023,95411,"탄산음료,환타 파인애플맛(한국코카콜라주식회사)",
2023,95412,"탄산음료,환타 포도맛(한국코카콜라주식회사)",
2023,95419,"과일주,매화수(진로)",
2023,95426,"막걸리,국순당 쌀막걸리(국순당)",
2023,95437,"막걸리,부산생막걸리(부산합동양조)",
2023,95438,"막걸리,불로생막걸리(대구탁주합동)",
2023,95443,"막걸리,생탁(부산합동양조)",
2023,95444,"막걸리,서울막걸리(서울탁주)",
2023,95446,"막걸리,서울장수막걸리(서울탁주)",
2023,95447,"막걸리,소성주막걸리(인천탁주)",
2023,95458,"막걸리,장수생막거리(서울장수주식회사)",
2023,95469,"맥주,OB맥주(OB맥주)",
2023,95470,"맥주,기네스(기네스맥주)",
2023,95476,"맥주,삿뽀로 프리미엄 맥주(Sappro viefram Ltd)",
2023,95477,"맥주,아사히맥주(아사히(주))",
2023,95486,"맥주,클라우드맥주(롯데주류(주))",
2023,95489,"맥주,하이트제로(하이트맥주)",
2023,95490,"맥주,호가든(OB맥주)",
2023,95495,"소주,선양소주(㈜선양)",
2023,95497,"소주,시원소주(충북소주)",
2023,95500,"소주,좋은데이(㈜무학소주)",
2023,95502,"소주,진로소주(하이트진로)",
2023,95503,"소주,참이슬 후레쉬(하이트진로)",
2023,95504,"소주,처음처럼 (롯데주류BG)",
2023,95517,"청주,경주법주(경주법주)",
2023,95519,"청주,청하(롯데주류BG)",
2023,96015,"간장,맛간장(한국미연식품연구소(한살림))",
2023,96023,"간장,몽고송표간장프라임(몽고식품)",
2023,96030,"간장,샘표 양조간장501(샘표식품)",
2023,96032,"간장,샘표 진간장금S(샘표식품)",
2023,96088,"건야채스프,신라면 후레이크(농심)",
2023,96096,"고기양념,백설 소갈비양념(씨제이푸드㈜)",
2023,96097,"고기양념,백설 소불고기양념(씨제이푸드㈜)",
2023,96165,"고추장,해찬들 우리쌀로만든태양초골드매운고추장(씨제이푸드㈜)",
2023,96170,"굴소스,백설 남해굴소스(씨제이푸드㈜)",
2023,96175,"굴소스,프리미엄굴소스(오뚜기)",
2023,96185,"된장,백설 다담재래식된장에갖은양념한된장찌개(씨제이푸드㈜)",
2023,96208,"된장,찬마루청양초된장찌개전용(풀무원)",
2023,96227,"마요네즈,오뚜기 고소한골드마요네즈(오뚜기)",
2023,96251,"머스터드소스,하인즈옐로우머스타드(하인즈)",
2023,96254,"비빔장,고추나라맛다시((주)동방푸드마스타)",
2023,96270,"샐러드드레싱,아몬드호두소스(풀무원)",
2023,96286,"샐러드드레싱,프레시안 참깨피넛드레싱((주)동방푸드마스타)",
2023,96340,"소금,백설 허브솔트순한맛(씨제이푸드㈜)",
2023,96411,"소금,청정원 허브맛솔트 순한맛(㈜대상)",
2023,96422,"소금,한주소금(한일식품)",
2023,96442,"스테이크소스,오뚜기 스테이크소스(오뚜기)",
2023,96464,"식초,오뚜기 2배사과식초(오뚜기)",
2023,96467,"식초,오뚜기 3배사과식초(오뚜기)",
2023,96489,"식초,환만식초(롯데삼강)",
2023,96508,"양념간장,국시장국 가쓰오국물(샘표식품)",
2023,96570,"조미료,연두 순(샘표)",
2023,96571,"조미료,연두 진(샘표)",
2023,96618,"카레분말,백세카레 순한맛(오뚜기)",
2023,96621,"카레분말,오뚜기 바몬드카레 순한맛(오뚜기)",
2023,96624,"카레분말,오뚜기 카레 매운맛(오뚜기)",
2023,96625,"카레분말,오뚜기 카레 순한맛(오뚜기)",
2023,96626,"카레분말,오뚜기 카레 약간매운맛((주)오뚜기)",
2023,96629,"카레분말,청정원 우리쌀카레여왕구운마늘&양파(㈜대상)",
2023,96636,"카레소스,오뚜기 3분카레 매운맛(오뚜기)",
2023,96637,"카레소스,오뚜기 3분카레 순한맛(오뚜기)",
2023,96648,"토마토케첩,청정원 우리아이케첩(㈜대상)",
2023,97010,"스파게티소스,오뚜기 프레스코토마토소스(오뚜기)",
2023,98023,"단백질보충제,신타6(BSN)",
2023,98036,"체중조절보조제,뉴트리셔널 쉐이크믹스 바닐라맛(NBTY(허벌라이프))",
2023,98037,"체중조절보조제,뉴트리셔널 쉐이크믹스 초콜렛맛(NBTY(허벌라이프))",
2024,01002,"귀리, 쌀귀리, 도정, 생것",A001002A010a
2024,01003,"귀리, 오트밀",A0020000009a
2024,01004,"기장, 도정, 생것",A003000A010a
2024,01006,"메밀, 도정, 가루",A004000A015a
2024,01007,"메밀 국수, 생것",A0050000000a
2024,01008,"메밀 국수, 생것, 삶은것",A0050000000b
2024,01009,"메밀 국수, 말린것",A0050000001a
2024,01010,"메밀 국수, 말린것, 삶은것",A0050000001b
2024,01011,"메밀 냉면, 말린것",A0060000001a
2024,01012,메밀묵,A0070000000a
2024,01013,"밀, 통밀, 생것",A0160000100a
2024,01019,"밀, 중력밀가루",A0160080005a
2024,01020,"밀, 통밀가루",A0160100005a
2024,01021,"밀, 강력밀가루",A0160010005a
2024,01023,"밀, 박력밀가루",A0160040005a
2024,01025,"밀, 부침가루",A0160050005a
2024,01026,"밀, 빵가루",A0160060005a
2024,01027,"밀, 튀김가루",A0160110005a
2024,01028,"밀, 팬케이크가루",A0160120005a
2024,01031,"라면, 말린것",A0190000001a
2024,01033,"마카로니, 말린것",A0240010001a
2024,01034,"마카로니, 말린것, 삶은것",A0240010001b
2024,01035,"국수, 소면, 말린것",A0180010001a
2024,01036,"국수, 소면, 말린것, 삶은것",A0180010001b
2024,01037,"스파게티면, 말린것",A0240020001a
2024,01038,"스파게티면, 말린것, 삶은것",A0240020001b
2024,01039,"우동면, 생것",A0180020000a
2024,01040,"우동면, 생것, 삶은것",A0180020000b
2024,01043,"중국국수면, 생것",A0180040000a
2024,01044,"중국국수면, 생것, 삶은것",A0180040000b
2024,01048,"국수, 중면, 말린것",A0180050001a
2024,01049,"쫄면, 말린것",A0180060001a
2024,01050,"칼국수면, 생것",A0180070000a
2024,01051,"칼국수면, 반건조",A0180070004a
2024,01052,"과자, 건빵",A0170010009a
2024,01054,"빵, 곰보빵",A0210020009a
2024,01055,"빵, 도넛, 링",A0210040339a
2024,01058,"빵, 도넛, 팥",A0210040069a
2024,01059,"빵, 롤빵, 소프트",A0210050159a
2024,01061,"빵, 마늘빵",A0210060009a
2024,01062,"과자, 만주, 밤",A0170020139a
2024,01063,"빵, 머핀, 우유",A0210070369a
2024,01066,"빵, 모닝빵",A0210080009a
2024,01069,"과자, 비스킷, 소프트",A0170040159a
2024,01071,"과자, 사과파이",A0170050009a
2024,01077,"과자, 전병",A0170060009a
2024,01078,"과자, 전병, 김",A0170060169a
2024,01081,"과자, 스낵, 새우",A0170080179a
2024,01082,"과자, 스낵, 옥수수",A0170080209a
2024,01084,"빵, 식빵",A0210120009a
2024,01085,"빵, 식빵, 우유",A0210120369a
2024,01086,"빵, 식빵, 옥수수",A0210120209a
2024,01087,"빵, 모카빵",A0210090009a
2024,01089,"과자, 약과",A0170090009a
2024,01090,"과자, 대추꿀약과",A0170090219a
2024,01091,"빵, 옥수수빵",A0210130009a
2024,01092,"빵, 와플",A0210250009a
2024,01093,"빵, 와플, 커스터드 크림",A0210250239a
2024,01094,"빵, 와플, 잼",A0210250229a
2024,01095,"과자, 바닐라 웨하스",A0170110269a
2024,01096,"빵, 잼빵",A0210140009a
2024,01097,"빵, 찐빵, 단호박",A0210150419a
2024,01098,"과자, 초코볼",A0170120009a
2024,01099,"과자, 초코파이",A0170130009a
2024,01100,"빵, 카스텔라",A0210160009a
2024,01104,"케이크, 롤 케이크",A0230030009a
2024,01105,"케이크, 생크림 블루베리",A0230050009a
2024,01108,"케이크, 스폰지 케이크",A0230070009a
2024,01110,"케이크, 초콜릿 케이크",A0230090009a
2024,01111,"케이크, 치즈 케이크",A0230100009a
2024,01113,"케이크, 파운드 케이크",A0230120009a
2024,01115,"과자, 쿠키, 땅콩버터",A0170140279a
2024,01116,"과자, 쿠키, 초코칩",A0170140289a
2024,01117,"과자, 쿠키, 버터",A0170140299a
2024,01118,"과자, 크랙커",A0170150009a
2024,01119,"과자, 크래커, 땅콩샌드",A0170150309a
2024,01120,"과자, 크래커, 치즈샌드",A0170150319a
2024,01121,"빵, 크루아상",A0210170009a
2024,01124,"빵, 크로켓",A0210180009a
2024,01125,"빵, 크림빵",A0210190009a
2024,01126,"빵, 팥빵",A0210200009a
2024,01127,"빵, 페이스트리, 과일",A0210210449a
2024,01128,"빵, 페이스트리, 치즈",A0210210439a
2024,01129,"케이크, 팬케이크",A0230130009a
2024,01130,"푸딩, 바닐라 가루, 우유에 섞은것",C020001000Pa
2024,01131,"푸딩, 커스터드",C0200020009a
2024,01133,"빵, 피칸파이",A0210260009a
2024,01138,"빵, 찐빵, 팥",A0210150069a
2024,01139,"빵, 찐빵, 채소",A0210150409a
2024,01143,"보리, 겉보리, 도정, 생것",A025001A010a
2024,01144,"보리, 겉보리, 압맥",A0250010469a
2024,01146,"보리, 쌀보리, 도정, 생것",A025005A010a
2024,01148,"보리, 쌀보리, 찰보리, 도정, 생것",A025007A010a
2024,01149,"보리, 가루",A0250000005a
2024,01154,"수수, 도정, 생것",A027000A010a
2024,01156,"수수떡, 수수경단",A0280010009a
2024,01157,"수수, 찰수수, 도정, 생것",A027001A010a
2024,01158,"시리얼, 옥수수",A0290100009a
2024,01159,"시리얼, 쌀",A0290170009a
2024,01160,"시리얼, 옥수수, 아몬드",A0290040009a
2024,01161,"시리얼, 옥수수, 코코아",A0290180009a
2024,01163,"시리얼, 현미",A0290130009a
2024,01167,"멥쌀, 현미, 일품벼, 생것",A008020A060a
2024,01173,"멥쌀, 백미, 생것",A008000A030a
2024,01182,"멥쌀, 현미, 흑미, 생것",A0080000020a
2024,01194,"찹쌀, 현미, 생것",A038000A060a
2024,01195,"찹쌀, 백미, 생것",A038000A030a
2024,01197,"멥쌀, 현미, 밥",A013000A069a
2024,01199,"멥쌀, 백미, 밥",A013000A039a
2024,01204,누룽지,A0130000089a
2024,01207,"멥쌀, 백미, 죽",A015000A039a
2024,01211,"멥쌀떡, 가래떡",A0110010009a
2024,01212,"멥쌀떡, 개피떡(바람떡)",A0110020009a
2024,01213,"멥쌀떡, 개피떡(바람떡), 쑥",A0110020039a
2024,01214,"멥쌀떡, 꿀떡",A0110030009a
2024,01215,"멥쌀떡, 백설기",A0110060009a
2024,01217,"멥쌀떡, 송편, 검정콩",A0110070059a
2024,01218,"멥쌀떡, 송편, 깨",A0110070079a
2024,01219,"멥쌀떡, 송편, 팥",A0110070069a
2024,01220,"멥쌀떡, 시루떡, 팥",A0110080009a
2024,01221,"멥쌀떡, 절편",A0110100009a
2024,01222,"멥쌀떡, 증편",A0110110009a
2024,01228,"멥쌀, 현미, 발아현미, 생것",A008009A060a
2024,01230,"멥쌀, 백미, 가루",A008000A035a
2024,01231,"멥쌀 과자, 쌀엿강정, 팽화",A0090040009w
2024,01232,"멥쌀 과자, 튀밥, 팽화",A0090030009j
2024,01233,멥쌀 과자,A0090000009a
2024,01239,"찹쌀떡, 경단 카스텔라",A0410010529a
2024,01240,"찹쌀떡, 약식",A0410030009a
2024,01241,"찹쌀떡, 인절미, 콩고물",A0410040549a
2024,01242,"찹쌀떡, 인절미, 팥고물",A0410040539a
2024,01243,"찹쌀떡, 찰시루떡",A0410050009a
2024,01244,찹쌀떡,A0410000009a
2024,01247,"찹쌀 과자, 산자",A0390020009a
2024,01248,"찹쌀 과자, 유과",A0390030009a
2024,01249,"찹쌀, 백미, 가루",A0380000005a
2024,01252,"옥수수, 메옥수수, 말린것",A0300030001a
2024,01253,"옥수수, 단옥수수, 생것",A0300020000a
2024,01254,"옥수수, 단옥수수, 삶은것",A0300020009b
2024,01255,"옥수수, 찰옥수수, 생것",A0300070000a
2024,01256,"옥수수, 찰옥수수, 말린것",A0300070001a
2024,01257,"옥수수, 찰옥수수, 삶은것",A0300070009b
2024,01259,"옥수수, 가루",A0300000005a
2024,01261,"옥수수, 통조림, 가당",A030000E01Ra
2024,01263,"옥수수, 통조림, 홀커넬",A030000049Ra
2024,01264,"옥수수 샐러드, 콘샐러드",A0330010009a
2024,01267,"율무, 도정, 생것",A034000A010a
2024,01270,"조, 메조, 도정, 생것",A037001A010a
2024,01271,"조, 차조, 도정, 생것",A037002A010a
2024,01273,"호밀, 통호밀, 생것",A0440000550a
2024,01276,호밀빵,A0450000009a
2024,01278,"옥수수 과자, 팝콘, 캐러멜맛",A0310032619a
2024,01279,"멥쌀, 현미, 생것",A008000A060a
2024,01280,"빵, 베이글",A0210110009a
2024,01283,"찹쌀, 현미, 흑미, 생것",A0380000020a
2024,01284,"미숫가루, 혼합곡물",A0250030005a
2024,01300,"멥쌀 국수, 말린것",A0100000001a
2024,01302,"빵, 꽈배기",A0210030009a
2024,01303,"찹쌀빵, 찹쌀도넛",A0420010009a
2024,01304,"빵, 크림빵, 버터",A0210190299a
2024,01305,"빵, 바게트",A0210100009a
2024,01306,"빵, 페이스트리",A0210210009a
2024,01307,"빵, 크로켓, 채소",A0210180409a
2024,01314,"멥쌀밥, 쪄서 말린것",A0130000002a
2024,01316,"멥쌀떡, 모싯잎송편, 동부",A0110072649a
2024,01317,"멥쌀떡, 가래떡, 흑미",A0110010029a
2024,01319,"찹쌀떡, 모듬찰떡",A0410020009a
2024,01320,"기장, 찰기장, 도정, 생것",A003001A010a
2024,01321,"메밀 냉면, 말린것, 삶은것",A0060000001b
2024,01323,"멥쌀떡, 백설기, 검정콩",A0110060059a
2024,01328,"즉석밥, 잡곡밥(멥쌀, 찹쌀, 흑미, 팥, 기장, 찰수수)",A0140002209a
2024,01329,"즉석밥, 백미",A014000A039a
2024,01331,"밀, 호라산, 말린것",A0160142481a
2024,01332,"과자, 쿠키, 통밀",A0170140109a
2024,01333,"과자, 크래커, 채소",A0170152229a
2024,01334,"과자, 뻥튀기, 원반 모양, 팽화",A0170172219w
2024,01335,"과자, 마카로니",A0170180009j
2024,01336,"국수, 생것",A0180000000a
2024,01337,"국수, 중면, 말린것, 삶은것",A0180050001b
2024,01338,"칼국수면, 생것, 삶은것",A0180070000b
2024,01339,"라면, 말린것, 삶은것",A0190000001d
2024,01340,"빵, 붕어빵, 팥",A0210220069a
2024,01341,"빵, 소시지빵",A0210230009a
2024,01342,"빵, 난",A0210240009a
2024,01344,"보리, 겉보리, 늘보리, 도정, 생것",A025008A010a
2024,01346,"시리얼, 옥수수, 그래놀라, 코코넛",A0290150009a
2024,01347,"시리얼, 옥수수, 그래놀라, 건조과일",A0290160009a
2024,01348,"아마란스, 노란색, 말린것",A048000C010a
2024,01350,"옥수수, 메옥수수, 생것",A0300030000a
2024,01351,"옥수수, 메옥수수, 삶은것",A0300030009b
2024,01353,"옥수수 과자, 강냉이",A0310010009a
2024,01354,"옥수수 과자, 팝콘, 전자레인지 조리",A0310030009t
2024,01355,"잡곡, 현미, 찹쌀, 현미찹쌀, 보리 등, 생것",A0470002590a
2024,01357,김밥,S0060000009a
2024,01361,"김밥, 참치 김밥",S0060040009a
2024,01364,"덮밥, 제육 덮밥",S0150030009a
2024,01368,"라면, 조리전",S0830001919a
2024,01369,"볶음밥, 김치 볶음밥",S0300010009a
2024,01371,비빔밥,S0330000009a
2024,01384,"퀴노아, 쪄서 말린것",A0460000002a
2024,01388,"보리, 쌀보리, 밥",A0260010009a
2024,02002,"감자, 대지, 생것",B0010060000a
2024,02003,"감자, 수미, 생것",B0010140000a
2024,02007,"감자, 으깬감자",B0050000009a
2024,02009,감자 샐러드,B0040000009a
2024,02011,"감자 과자, 감자칩, 튀긴것",B0020010009j
2024,02012,"감자 튀김, 튀긴것",B0030000009j
2024,02013,"감자 튀김, 해시브라운, 튀긴것",B0030010009j
2024,02015,"감자, 자색, 찐것",B0010180009e
2024,02016,"고구마, 생것",B0060000000a
2024,02018,"고구마, 구운것",B0060000009f
2024,02019,"고구마, 말린것",B0060000001a
2024,02020,"고구마, 찐것",B0060000009e
2024,02022,"곤약(구약나물), 국수형, 생것",B0090010000a
2024,02023,"곤약(구약나물), 판형, 생것",B0090020000a
2024,02025,"돼지감자, 생것",B0100000000a
2024,02026,"마, 단마, 생것",B0110010000a
2024,02028,"마, 장마, 생것",B0110030000a
2024,02030,"전분, 감자, 가루",B0140010005a
2024,02031,"전분, 고구마, 가루",B0140020005a
2024,02034,"전분, 옥수수, 가루",B0140050005a
2024,02039,"당면, 고구마, 말린것",B0070010001a
2024,02040,"당면, 고구마, 삶은것",B0070010001b
2024,02041,양장피,S0820000000a
2024,02043,"토란, 생것",B0170000000a
2024,02044,"토란, 삶은것",B0170000009b
2024,02055,"천마, 생것",B0150000000a
2024,02059,"감자, 대지, 삶은것",B0010060009b
2024,02060,"감자, 대지, 찐것",B0010060009e
2024,02061,"감자, 대지, 구운것",B0010060009f
2024,02062,"감자, 수미, 삶은것",B0010140009b
2024,02063,"감자, 수미, 찐것",B0010140009e
2024,02069,"고구마, 베니하루까, 생것",B006018B020a
2024,02070,"고구마, 분질(밤) 고구마, 생것",B0060150000a
2024,02071,"고구마, 분질(밤) 고구마, 찐것",B0060150009e
2024,02072,"고구마, 분질(밤) 고구마, 구운것",B0060150009f
2024,02073,"고구마, 점질(호박) 고구마, 생것",B0060160000a
2024,02074,"고구마, 점질(호박) 고구마, 찐것",B0060160009e
2024,02075,"고구마, 점질(호박) 고구마, 구운것",B0060160009f
2024,02076,"돼지감자, 말린것",B0100000001a
2024,02083,"히카마(얌빈), 생것",B0200000000a
2024,03002,"껌, 추잉 껌",C0020010009a
2024,03004,꿀,C0030000009a
2024,03006,"꿀, 밤",C0030020009a
2024,03008,"꿀, 아카시아",C0030040009a
2024,03009,"꿀, 잡화",C0030050009a
2024,03010,"꿀, 토종",C0030060009a
2024,03014,물엿,C0070000009a
2024,03017,"사탕, 드롭스",C0090030009a
2024,03018,"사탕, 마쉬멜로",C0090040009a
2024,03019,"사탕, 박하사탕",C0090050009a
2024,03024,"설탕, 백설탕",C0110020009a
2024,03025,"설탕, 황설탕",C0110040009a
2024,03026,"설탕, 흑설탕",C0110050009a
2024,03029,"설탕, 가루",C0110000005a
2024,03030,"시럽, 단풍나무",C0120010009a
2024,03032,"시럽, 초콜릿",C0120030009a
2024,03033,"조청, 배",C0160040009a
2024,03036,"양갱, 팥",C0130010009a
2024,03037,"엿, 고구마",C0060020009a
2024,03040,"젤리, 구미",C0150010009a
2024,03041,"초콜릿, 다크 초콜릿",C0170020009a
2024,03042,"초콜릿, 땅콩 초콜릿",C0170030009a
2024,03043,"초콜릿, 밀크 초콜릿",C0170060009a
2024,03044,"초콜릿, 크런치 초콜릿",C0170110009a
2024,03045,"초콜릿, 밀크 아몬드 초콜릿",C0170050009a
2024,03047,"초콜릿, 화이트 초콜릿",C0170100009a
2024,03051,"캐러멜, 우유",C0180010009a
2024,03052,포도당,C0190000009a
2024,03060,"조청, 고구마",C0160020009a
2024,03061,"조청, 도라지",C0160030009a
2024,03062,"조청, 쌀",C0160060009a
2024,03063,"껌, 무설탕",C0020030009a
2024,03066,"사탕, 땅콩",C0090070009a
2024,03067,"초코바, 땅콩 캐러멜",C0210010009a
2024,03068,"초코바, 쿠키 캐러멜",C0210020009a
2024,04001,"강낭콩, 생것",D0010000000a
2024,04002,"강낭콩, 말린것",D0010000001a
2024,04003,"강낭콩, 삶은것",D0010000009b
2024,04004,"녹두, 말린것",D0020000001a
2024,04005,"녹두, 삶은것",D0020000009b
2024,04006,"녹두 빈대떡, 가루",D0030000005a
2024,04009,녹두묵,D0050000009a
2024,04010,"대두, 검은색, 흑태, 말린것",D0120080001a
2024,04011,"대두, 검은색, 서리태, 말린것",D0120050001a
2024,04012,"대두, 노란색, 말린것",D0120020001a
2024,04013,"대두, 노란색, 미국산, 말린것",D0120040001a
2024,04015,"대두, 노란색, 삶은것",D0120020009b
2024,04016,"밤콩, 갈색, 말린것",D0120010001a
2024,04017,두부,D0150000009a
2024,04018,"두부, 동두부, 동결건조",D0150010008a
2024,04019,"두부, 순두부",D0150020009a
2024,04020,"두부, 연두부",D0150030009a
2024,04021,"두부, 유부",D0150040009j
2024,04022,비지,D0160000009a
2024,04023,"두유, 대두",D0170000009a
2024,04024,"대두, 콩가루",D0120020005n
2024,04026,콩조림(콩자반),D0130000009a
2024,04027,"동부, 생것",D0060000000a
2024,04028,"동부, 말린것",D0060000001a
2024,04029,"동부, 삶은것",D0060000009b
2024,04033,"완두, 생것",D0080000000a
2024,04034,"완두, 말린것",D0080000001a
2024,04035,"완두, 삶은것",D0080000009b
2024,04036,"작두(도두), 생것",D0090000000a
2024,04037,"잠두, 생것",D0100000000a
2024,04040,"쥐눈이콩(검정소립콩), 말린것",D0110000001a
2024,04041,"팥, 검은색, 말린것",D0180010001a
2024,04044,"팥, 적색, 말린것",D0180020001a
2024,04046,"팥, 적색, 삶은것",D0180020009b
2024,04066,"렌즈콩(렌틸콩), 빨간색, 말린것",D020001C021a
2024,04067,"렌즈콩(렌틸콩), 갈색, 말린것",D020001C061a
2024,04068,"병아리콩, 말린것",D0210010001a
2024,04070,"쥐눈이콩(검정소립콩), 볶은것",D0110000009n
2024,04071,"대두, 노란색, 볶은것",D0120020009n
2024,04072,"대두, 검은색, 서리태, 삶은것",D0120050009b
2024,04073,"대두, 검은색, 서리태, 볶은것",D0120050009n
2024,04076,"두유, 검은콩",D0170010009a
2024,04077,"두유, 검은콩, 검은참깨",D0170020009a
2024,04078,"두유, 콩국물, 소금 0.3%",D0170032259a
2024,05002,"개암, 헤이즐넛, 볶은것",E0010000009n
2024,05004,"도토리, 가루",E0020000005a
2024,05010,도토리묵,E0040000009a
2024,05011,"들깨, 말린것",E0050000001a
2024,05015,"땅콩, 중립종, 말린것",E0070040001a
2024,05017,"땅콩, 볶은것",E0070000009n
2024,05018,"땅콩, 삶은것, 소금첨가",E0070000009b
2024,05019,"땅콩, 조미, 볶은것",E007000000Do
2024,05020,"땅콩, 가루",E0070000005a
2024,05026,"마카다미아, 조미, 볶은것",E012000000Dn
2024,05028,"밤, 생것",E0140000000a
2024,05033,"밤, 말린것",E0140000001a
2024,05035,"밤, 삶은것",E0140000009b
2024,05041,"밤, 통조림",E014000000Ra
2024,05043,"브라질너트, 말린것",E0170000001a
2024,05044,"브라질너트, 조미, 볶은것",E017000000Dn
2024,05045,"삼씨(대마씨), 말린것",E0180000001a
2024,05048,"아몬드, 말린것",E0200000001a
2024,05049,"아몬드, 조미, 볶은것",E020000000Dn
2024,05052,"은행, 생것",E0220000000a
2024,05053,"은행, 삶은것",E0220000009b
2024,05054,"잣, 말린것",E0230000001a
2024,05055,"잣, 볶은것",E0230000009n
2024,05058,"참깨, 검은색, 말린것",E0260010001a
2024,05059,"참깨, 검은색, 볶은것",E0260010009n
2024,05060,"참깨, 흰색, 말린것",E0260020001a
2024,05061,"참깨, 흰색, 볶은것",E0260020009n
2024,05062,"참깨 과자, 엿강정",E0270010009a
2024,05064,"캐슈넛, 조미, 볶은것",E029000000Da
2024,05065,"코코넛, 말린것",E0300000001a
2024,05068,"코코넛, 코코넛밀크",E0300000609a
2024,05069,코코넛수,E0310000619a
2024,05070,"피스타치오, 말린것",E0320000001a
2024,05071,"피스타치오, 조미, 볶은것",E032000000Dn
2024,05072,"피칸, 말린것",E0330000001a
2024,05073,"피칸, 조미, 볶은것",E033000000Dn
2024,05074,"해바라기씨, 말린것",E0340000001a
2024,05075,"해바라기씨, 볶은것",E0340000009n
2024,05076,"해바라기씨, 조미, 볶은것",E034000000Dn
2024,05077,"호두, 말린것",E0350000001a
2024,05078,"호두, 볶은것",E0350000009n
2024,05079,"호박씨, 말린것",E0360000001a
2024,05080,"호박씨, 조미, 볶은것",E036001000Dn
2024,05089,"들깨, 볶은것",E0050000009n
2024,05091,"땅콩, 말린것",E0070000001a
2024,05102,"밤, 구운것",E0140000009f
2024,05103,"아마씨, 볶은것",E037000B179n
2024,05104,"아몬드, 볶은것",E0200000009n
2024,05105,"은행, 볶은것",E0220000009n
2024,05106,"잣, 생것",E0230000000a
2024,05107,"치아씨, 말린것",E038000B171a
2024,05108,"피스타치오, 볶은것",E0320000009n
2024,06002,"가시오갈피, 순, 데친것",F001000B119c
2024,06004,"가지, 생것",F0030000000a
2024,06006,"가지, 데친것",F0030000009c
2024,06008,"갓, 생것",F0040000000a
2024,06013,"고구마, 잎, 생것",F208000B140a
2024,06014,"고구마, 줄기, 생것",F208000B160a
2024,06015,"고구마, 줄기, 말린것",F208000B161a
2024,06016,"고구마, 줄기, 삶은것",F208000B169b
2024,06019,"고려엉겅퀴(곤드레), 재배, 말린것",F0140030001a
2024,06025,"고사리, 생것",F0160000000a
2024,06026,"고사리, 삶아서 말린것",F0160000003a
2024,06027,"고사리, 데친것",F0160000009c
2024,06028,"고수(향채), 생것",F0170000000a
2024,06029,"고추, 꽈리고추, 생것",F0180020000a
2024,06030,"고추, 빨간색, 생것",F018000C020a
2024,06032,"고추, 빨간색, 말린것",F018000C021a
2024,06034,"고추, 초록색, 녹광, 생것",F018003C050a
2024,06037,고추장아찌,F0200000009a
2024,06038,"고춧잎, 생것",F019000B140a
2024,06039,"고춧잎, 데친것",F019000B149c
2024,06040,"고추냉이, 뿌리, 생것",F021000B090a
2024,06045,"취나물, 곰취, 생것",F0230000000a
2024,06046,"취나물, 곰취, 데친것",F0230000009c
2024,06048,"취나물, 곰취, 재배, 말린것",F0230020001a
2024,06049,"공심채, 생것",F0240000000a
2024,06050,"공심채, 데친것",F0240000009c
2024,06055,"근대, 생것",F0270000000a
2024,06056,"근대, 데친것",F0270000009c
2024,06057,"김치, 갓김치",F2050010009a
2024,06058,"김치, 고들빼기",F2050020009a
2024,06059,"김치, 깍두기",F2050030009a
2024,06060,"김치, 나박 김치",F2050040009a
2024,06061,"김치, 동치미",F2050050009a
2024,06063,"김치, 배추 김치",F2050070009a
2024,06064,"김치, 백김치",F2050080009a
2024,06065,"김치, 열무 김치",F2050090009a
2024,06066,"김치, 열무 물김치",F2050100009a
2024,06067,"김치, 유채 김치",F2050120009a
2024,06068,"김치, 유채 물김치",F2050130009a
2024,06069,"김치, 총각 김치",F2050140009a
2024,06070,"김치, 파 김치",F2050150009a
2024,06071,"들깻잎, 생것",F049000B140a
2024,06072,"들깻잎, 데친것",F049000B149c
2024,06073,"들깻잎, 찐것",F049000B149e
2024,06077,"꽃양배추(콜리플라워), 생것",F0300000000a
2024,06079,"날개콩, 미숙, 생것",F0320000580a
2024,06080,"냉이, 생것",F0330000000a
2024,06085,"완두, 통조림",D008000000Ra
2024,06092,"달래, 생것",F0390000000a
2024,06096,"당근, 뿌리, 생것",F041000B090a
2024,06097,"당근, 뿌리, 데친것",F041000B099c
2024,06098,"더덕, 뿌리, 생것",F043000B090a
2024,06100,"도라지, 뿌리, 생것",F044000B090a
2024,06102,"도라지, 뿌리, 데친것",F044000B099c
2024,06103,"도라지, 뿌리, 가루",F044000B095a
2024,06104,"돌나물, 생것",F0450000000a
2024,06107,"두릅, 참두릅, 생것",F0470000000a
2024,06108,"두릅, 참두릅, 데친것",F0470000009c
2024,06110,"두릅, 땅두릅, 데친것",F0470010009c
2024,06121,"마늘, 생것",F053000B060a
2024,06125,"마늘, 동결건조",F053000B068a
2024,06126,"풋마늘, 잎줄기, 생것",F054000B150a
2024,06127,"마늘종, 꽃줄기, 생것",F055000B080a
2024,06128,마늘 장아찌,F0570000009a
2024,06129,마늘종 장아찌,F2060000009a
2024,06134,"머위, 생것",F0620000000a
2024,06136,"머위, 데친것",F0620000009c
2024,06137,"머위, 삶은것",F0620000009b
2024,06145,"무청, 조선무, 생것",F067002B140a
2024,06146,"무, 조선무, 생것",F065002B090a
2024,06147,"무 절임, 단무지",F060000B09Ia
2024,06148,"무말랭이, 말린것",F071000B091a
2024,06149,"무청, 시래기, 말린것, 삶은것",F068000B141b
2024,06151,"무 절임, 치킨무",F069000B09Ia
2024,06157,"미나리, 물미나리, 생것",F0770030000a
2024,06158,"미나리, 물미나리, 데친것",F0770030009c
2024,06159,"미나리, 물미나리, 줄기, 생것",F077003B160a
2024,06165,"미나리, 돌미나리, 생것",F0770020000a
2024,06166,"미나리, 돌미나리, 데친것",F0770020009c
2024,06168,"민들레, 생것",F0780000000a
2024,06169,"민들레, 데친것",F0780000009c
2024,06175,"바질, 잎, 생것",F080000B140a
2024,06177,"박, 과육, 생것",F0810000590a
2024,06186,"배추, 생것",F0870000000a
2024,06187,"배추, 봄동, 생것",F0870030000a
2024,06188,"배추, 얼갈이배추, 생것",F1360000000a
2024,06189,"배추, 데친것",F0870000009c
2024,06194,"보리, 순, 가루",F213000B115a
2024,06196,"부추, 재래종, 생것",F0910040000a
2024,06197,"부추, 재래종, 데친것",F0910040009c
2024,06198,"부추, 호부추, 생것",F0910050000a
2024,06200,"브로콜리, 생것",F0920000000a
2024,06201,"브로콜리, 데친것",F0920000009c
2024,06202,"브로콜리, 삶은것",F0920000009b
2024,06203,"개비름, 생것",F0930000000a
2024,06204,"개비름, 데친것",F0930000009c
2024,06206,"비타민채(다채), 생것",F0940000000a
2024,06207,"비트, 잎, 생것",F095000B140a
2024,06209,"비트, 뿌리, 생것",F095000B090a
2024,06210,"비트, 뿌리, 데친것",F095000B099c
2024,06223,"상추, 반결구, 로메인, 녹색, 생것",F1010032490a
2024,06227,"생강, 뿌리줄기, 생것",F102000B100a
2024,06229,생강 피클,F104000000Ja
2024,06230,"생강, 편강, 당조림",F1950000009q
2024,06234,"갯나물, 세발나물, 생것",F1060000000a
2024,06235,"셀러리, 생것",F1070000000a
2024,06241,"숙주나물, 생것",F1120000000a
2024,06242,"숙주나물, 데친것",F1120000009c
2024,06250,"시금치, 하우스, 생것",F1150030000a
2024,06251,"시금치, 데친것",F1150000009c
2024,06253,"신선초(명일엽), 생것",F1160000000a
2024,06257,"무순, 싹, 생것",F066000B120a
2024,06258,"메밀, 싹, 생것",F211000B120a
2024,06259,"알팔파, 싹, 생것",F127000B120a
2024,06262,"쌈추, 생것",F1170000000a
2024,06263,"쑥, 생것",F1180000000a
2024,06264,"쑥, 데친것",F1180000009c
2024,06265,"쑥갓, 생것",F1190000000a
2024,06266,"쑥갓, 데친것",F1190000009c
2024,06268,"씀바귀, 생것",F1210000000a
2024,06271,"아스파라거스, 생것",F1220000000a
2024,06272,"아스파라거스, 데친것",F1220000009c
2024,06274,"아욱, 생것",F1230000000a
2024,06275,"아욱, 데친것",F1230000009c
2024,06278,"야콘, 뿌리, 생것",B018000B090a
2024,06279,"양배추, 생것",F1290000000a
2024,06280,"양배추, 데친것",F1290000009c
2024,06281,"양배추 샐러드, 코울슬로",F1300010009a
2024,06282,"양배추, 적색, 생것",F1290010000a
2024,06283,"상추, 결구(양상추), 녹색, 생것",F1010142490a
2024,06285,"양파, 생것",F1320000000a
2024,06287,"양파, 말린것",F1320000001a
2024,06288,"양파, 데친것",F1320000009c
2024,06289,"양파링, 튀긴것(튀김옷)",F1330000009k
2024,06294,"음나무(엄나무), 잎, 데친것",F138000B149c
2024,06297,"여주(고야), 생것",F1400000000a
2024,06298,"연근, 생것",F1410000000a
2024,06299,"연근, 데친것",F1410000009c
2024,06300,"열무, 생것",F1440000000a
2024,06301,"열무, 데친것",F1440000009c
2024,06303,염교(락교),F146000000Ja
2024,06307,"오이, 다다기, 생것",F1480010000a
2024,06310,"오이, 늙은오이, 생것",F1480030000a
2024,06311,"오이지, 염절임",F150000000Ia
2024,06312,오이 피클,F149000000Ja
2024,06313,"김치, 오이 소박이",F2050110009a
2024,06320,"우엉, 생것",F1540000000a
2024,06321,"우엉, 데친것",F1540000009c
2024,06322,울외장아찌,F155000000Ia
2024,06326,"유채, 잎, 생것",F157000B140a
2024,06327,"유채, 동채, 생것",F1570010000a
2024,06329,"유채, 잎줄기, 데친것",F157004B159c
2024,06333,"겨자, 적색, 생것",F0110010000a
2024,06338,"대나무순(죽순), 생것",F167000B110a
2024,06340,"대나무순(죽순), 데친것",F167000B119c
2024,06341,"대나무순(죽순), 통조림",F167000B11Ra
2024,06347,"참나물, 재배, 생것",F1710020000a
2024,06349,"참나물, 재배, 말린것",F1710020001a
2024,06354,"취나물, 참취, 생것",F1770030000a
2024,06356,"취나물, 참취, 데친것",F1770030009c
2024,06357,"청경채, 생것",F1750000000a
2024,06358,"치커리, 잎, 적색, 생것",F178001B140a
2024,06359,"치커리, 잎, 생것",F178000B140a
2024,06362,"케일, 생것",F1800000000a
2024,06365,"콜라비, 생것",F1810000000a
2024,06367,"콩나물, 생것",F1820000000a
2024,06368,"콩나물, 삶은것",F1820000009b
2024,06372,"콩잎, 잎, 생것",F183000B140a
2024,06375,"토란대, 줄기, 생것",F185000B160a
2024,06376,"토란대, 줄기, 데친것",F185000B169c
2024,06378,"토란대, 줄기, 말린것, 데친것",F185000B161b
2024,06379,"토마토, 생것",F1860000000a
2024,06380,"토마토, 데친것",F1860000009c
2024,06381,토마토 음료,F1870002299a
2024,06382,"토마토, 통조림",F186000000Ra
2024,06383,"토마토, 통조림, 페이스트",F1880000009a
2024,06384,"토마토, 통조림, 퓨레",F189000000Ra
2024,06385,"토마토, 방울토마토, 생것",F1860010000a
2024,06386,"토마토, 흑토마토, 생것",F1860030000a
2024,06389,"파, 쪽파, 생것",F1910030000a
2024,06390,"파, 실파, 생것",F1910020000a
2024,06392,"파슬리, 생것",F1930000000a
2024,06394,"파프리카, 빨간색, 생것",F194000C020a
2024,06395,"파프리카, 주황색, 생것",F194000C040a
2024,06396,"파프리카, 노란색, 생것",F194000C010a
2024,06400,"피망, 초록색, 생것",F196000C050a
2024,06401,"피망, 빨간색, 생것",F196000C020a
2024,06404,"호박, 늙은호박, 생것",F1980030000a
2024,06405,"호박, 늙은호박, 말린것",F1990010001a
2024,06406,"호박, 늙은호박, 삶은것",F1980030009b
2024,06407,"호박, 애호박, 생것",F1980050000a
2024,06408,"호박, 애호박, 데친것",F1980050009c
2024,06410,"호박, 쥬키니, 생것",F1980060000a
2024,06412,"호박, 단호박, 생것",F1980040000a
2024,06413,"호박, 단호박, 데친것",F1980040009c
2024,06414,"호박, 잎, 생것",F198000B140a
2024,06415,"호박, 잎, 데친것",F198000B149c
2024,06416,"호박, 잎, 찐것",F198000B149e
2024,06421,"화살나무(홑잎), 순, 데친것",F2030000009c
2024,06424,"무, 조선무, 데친것",F065002B099c
2024,06426,"배추, 삶은것",F0870000009b
2024,06427,"배추, 염절임",F087000000Ia
2024,06431,"고추, 청양고추, 생것",F0180080000a
2024,06432,"고추, 오이고추, 생것",F0180060000a
2024,06433,"고추, 풋고추, 생것",F0180000620a
2024,06434,"고춧잎, 말린것",F019000B141a
2024,06435,"냉이, 데친것",F0330000009c
2024,06437,"당귀, 참당귀, 잎, 생것",F040004B140a
2024,06443,"배추, 봄동, 데친것",F0870030009c
2024,06462,"브로콜리, 가루",F0920000005a
2024,06466,"비타민채(다채), 어린잎, 생것",F0940002660a
2024,06467,"양배추, 적색, 싹, 생것",F129001B120a
2024,06470,"쑥, 말린것",F1180000001a
2024,06475,"오이, 취청, 생것",F1480050000a
2024,06481,"파, 생것",F1910000000a
2024,06492,들깻잎장아찌,F0500000009a
2024,06504,"고구마, 줄기, 데친것",F208000B169c
2024,06509,"겨자, 녹색, 생것",F0110020000a
2024,06510,"고춧잎, 삶아서 말린것, 삶은것",F019000B143b
2024,06515,"김치, 얼갈이배추 김치",F2050160009a
2024,06518,당근 주스,F0420000749a
2024,06527,"루꼴라, 생것",F2320000000a
2024,06528,"마늘, 데친것",F053000B069c
2024,06529,"마늘, 통마늘, 구운것",F053000B069f
2024,06534,"풋마늘, 잎줄기, 데친것",F054000B159c
2024,06535,"마늘종, 꽃줄기, 데친것",F055000B089c
2024,06543,"무 절임, 쌈무",F222000000Ja
2024,06545,"미니파프리카, 노란색, 생것",F194002C010a
2024,06546,"미니파프리카, 빨간색, 생것",F194003C020a
2024,06548,"배초향(방아), 잎, 생것",F221000B140a
2024,06550,"배추, 봄 재배, 삶은것",F0870002269b
2024,06557,"배추, 가을 재배, 염절임",F087000228Ia
2024,06563,"뽕잎, 삶은것",F2350000009b
2024,06568,"부지갱이(섬쑥부쟁이), 데친것",F0900000009c
2024,06577,"상추, 잎상추, 치마상추, 녹색, 생것",F1010162490a
2024,06578,"상추, 잎상추, 치마상추, 적색, 생것",F1010162500a
2024,06579,"갯나물, 세발나물, 데친것",F1060000009c
2024,06583,"숙주나물, 찐것",F1120000009e
2024,06587,"시금치, 노지, 데친것",F1150010009c
2024,06588,"시금치, 포항초, 데친것",F1150020009c
2024,06589,"시금치, 하우스, 데친것",F1150030009c
2024,06591,"시금치, 섬초, 데친것",F1150040009c
2024,06599,"양배추, 찐것",F1290000009e
2024,06600,"양파, 자색 양파, 생것",F1320020000a
2024,06604,양파 장아찌,F2180000009a
2024,06605,"배추, 얼갈이배추, 데친것",F1360000009c
2024,06609,"유채, 잎, 데친것",F157000B149c
2024,06610,"유채, 동채, 데친것",F1570010009c
2024,06611,"대나무순(죽순), 삶은것",F167000B119b
2024,06612,"참나물, 재배, 데친것",F1710020009c
2024,06617,"청경채, 데친것",F1750000009c
2024,06620,"취나물, 참취, 삶아서 말린것",F1770030003a
2024,06621,"취나물, 참취, 삶아서 말린것, 데친것",F1770030003c
2024,06622,"치커리, 치콘, 생것",F1780002610a
2024,06625,"토마토, 대저, 생것",F1860040000a
2024,06630,"파, 대파, 생것",F1910040000a
2024,06631,"파프리카, 노란색, 데친것",F194000C040b
2024,06632,"파프리카, 빨간색, 데친것",F194000C020b
2024,06636,"할라페뇨, 통조림",F233000000Ra
2024,06638,"호박, 단호박, 찐것",F1980040009e
2024,06640,"호박, 애호박, 말린것",F1980050001a
2024,06643,호박즙,F2150000759a
2024,06644,"우엉, 장조림",F2140000009r
2024,06646,채소 주스,P0010000009a
2024,06647,"채소 주스, 녹즙",P0010042369a
2024,06649,"배추, 시래기, 말린것",F087000B141a
2024,06650,"배추, 시래기, 말린것, 삶은것",F087000B141b
2024,06651,산마늘(명이나물)장아찌,F098000B15Ja
2024,06652,"갯기름나물, 생것",F0080000000a
2024,06653,"갯기름나물, 데친것",F0080000009c
2024,06655,"시금치, 생것",F1150000000a
2024,07003,"느타리버섯, 생것",G0040000000a
2024,07004,"느타리버섯, 데친것",G0040000009c
2024,07005,"만가닥버섯, 생것",G0070000000a
2024,07006,"목이버섯, 말린것",G0080000001a
2024,07007,"목이버섯, 데친것",G0080000009c
2024,07017,"상황버섯, 말린것",G0120000001a
2024,07018,"송이버섯, 생것",G0140000000a
2024,07021,"싸리버섯, 생것",G0150000000a
2024,07025,"양송이버섯, 생것",G0180000000a
2024,07026,"양송이버섯, 통조림",G018000000Ra
2024,07034,"큰느타리버섯(새송이버섯), 생것",G0230000000a
2024,07035,"큰느타리버섯(새송이버섯), 데친것",G0230000009c
2024,07038,"팽이버섯, 생것",G0250040000a
2024,07039,"팽이버섯, 데친것",G0250040009c
2024,07044,"표고버섯, 참나무재배, 생것",G0270020000a
2024,07045,"표고버섯, 참나무재배, 데친것",G0270020009c
2024,07046,"표고버섯, 참나무재배, 말린것",G0270020001a
2024,07047,"표고버섯, 참나무재배, 말린것, 삶은것",G0270000001b
2024,07048,"표고버섯, 가루",G0270000005a
2024,07064,"목이버섯, 생것",G0080000000a
2024,07067,"노루궁뎅이버섯, 생것",G0030000000a
2024,07069,"능이버섯(향버섯), 생것",G0050000000a
2024,07078,"애느타리버섯, 생것",G0170000000a
2024,07079,"양송이버섯, 데친것",G0180000009c
2024,07081,"표고버섯, 배지재배, 갓, 생것",G0270000640a
2024,07082,"표고버섯, 배지재배, 갓, 말린것",G0270000641a
2024,07083,"표고버섯, 배지재배, 갓, 말린것, 삶은것",G0270000641b
2024,07084,"표고버섯, 배지재배, 갓, 데친것",G0270000649c
2024,07085,"표고버섯, 배지재배, 대, 생것",G0270000700a
2024,07086,"표고버섯, 배지재배, 대, 말린것",G0270000701a
2024,07090,"느타리버섯, 말린것",G0040000001a
2024,07097,"팽이버섯, 갈색팽이, 데친것",G0250050009c
2024,08001,"감, 단감, 생것",H0010010000a
2024,08003,"감, 연시, 생것",H0010040000a
2024,08004,"감, 대봉, 갑주백목, 생것",H0010020000a
2024,08005,"감, 연시, 냉동",H0010040007a
2024,08006,"감, 감말랭이, 말린것",H0050000001a
2024,08007,"감, 곶감, 말린것",H0060000001a
2024,08013,"귤 주스, 천연과즙",H0130000759a
2024,08016,"귤, 통조림",H010000E03Ra
2024,08017,"귤, 잼",H0120000009a
2024,08018,"귤, 만감류, 한라봉, 생것",H0100010000a
2024,08020,"구아바 주스, 과즙 음료(10%)",H0090000739a
2024,08022,"자몽(그레이프프루트), 생것",H0840000000a
2024,08026,"자몽(그레이프프루트) 주스, 가당, 캔",H085000E01Qa
2024,08027,"자몽(그레이프프루트) 주스, 무가당, 캔",H085000E03Qa
2024,08028,"금귤, 생것",H0140000000a
2024,08031,"다래, 생것",H0150000000a
2024,08032,"대추, 생것",H0160000000a
2024,08033,"대추, 말린것",H0160000001a
2024,08034,"대추야자, 말린것",H0170000001a
2024,08036,"딸기, 개량종, 생것",H0190010000a
2024,08038,"딸기, 잼",H0210000009a
2024,08040,"라임 주스, 천연과즙",H0230000759a
2024,08042,"레몬, 생것",H0240000000a
2024,08043,레몬 과즙,H0250000009a
2024,08048,"망고, 생것",H0280000000a
2024,08049,"매실, 생것",H0290000000a
2024,08050,매실청,H030000000Ha
2024,08051,"매실 절임, 염절임, 고형물",H031000000Ia
2024,08057,"멜론, 머스크, 생것",H0340020000a
2024,08060,"무화과, 생것",H0360000000a
2024,08063,"바나나, 생것",H0370000000a
2024,08064,"바나나, 말린것",H0370000001a
2024,08065,"배, 신고, 생것",H0380040000a
2024,08068,배즙,H0390000009a
2024,08077,"복숭아, 백도, 생것",H0430020000a
2024,08078,"복숭아, 천도, 생것",H0430070000a
2024,08079,"복숭아, 황도, 생것",H0430080000a
2024,08080,"복숭아, 넥타",H0440000009a
2024,08082,"복숭아, 잼",H0450000009a
2024,08084,"복숭아, 황도, 통조림",H043008000Ra
2024,08085,"블루베리, 생것",H0470000000a
2024,08086,"블루베리, 잼",H0480000009a
2024,08088,"비파, 생것",H0490000000a
2024,08090,"사과, 부사, 생것",H0500020000a
2024,08091,"사과, 아오리, 생것, 껍질 포함",H050003B030a
2024,08092,"사과, 홍옥, 생것",H0500070000a
2024,08093,"사과, 말린것",H0500000001a
2024,08096,사과 주스,H0530000749a
2024,08097,사과 음료,H053000000Qa
2024,08100,"사과, 잼",H0520000009a
2024,08101,"산딸기, 생것",H0540000000a
2024,08102,"산수유, 열매, 생것",H055000B130a
2024,08103,"살구, 생것",H0560000000a
2024,08104,"살구, 말린것",H0560000001a
2024,08105,"살구, 넥타",H0570000009a
2024,08107,"살구, 잼",H0580000009a
2024,08108,"석류, 생것",H0590000000a
2024,08110,"수박, 적육질, 생것",H0610030000a
2024,08114,"아보카도, 생것",H0640000000a
2024,08116,"앵두, 생것",H0660000000a
2024,08119,"오디, 생것",H0680000009a
2024,08121,"오렌지, 생것",H0690000000a
2024,08122,오렌지 주스,H0720000009a
2024,08125,"오렌지 음료, 캔",H072000000Qa
2024,08129,"올리브 절임, 미숙, 초록색",H076000C059a
2024,08130,"올리브 절임, 완숙, 검은색",H0760000799a
2024,08136,"자두, 생것",H0820000000a
2024,08137,"참외, 생것, 씨 포함",H086000B040a
2024,08138,"참외, 금싸라기, 생것, 씨 제거",H0860010850a
2024,08141,"크랜베리, 생것",H0880000000a
2024,08144,"파인애플, 생것",H0920000000a
2024,08145,파인애플 주스,H0940000749a
2024,08148,"파인애플 주스, 캔",H094000000Qa
2024,08150,"파인애플, 통조림, 고형물",H092000251Ra
2024,08155,"포도, 거봉, 생것",H0980010000a
2024,08158,"포도, 캠벨얼리, 생것",H0980070000a
2024,08160,"포도, 건포도",H0980000001a
2024,08161,포도 주스,H1020000009a
2024,08163,포도즙,H1060000759a
2024,08167,"포도, 잼",H1010000009a
2024,08170,"프루트칵테일, 통조림",H104000000Ra
2024,08172,"매실 절임, 당절임, 고형물",H031000000Ha
2024,08174,"사과, 생것",H0500000000a
2024,08181,"귤, 온주밀감, 생것",H0100020000a
2024,08184,"망고, 애플망고, 생것",H0280010000a
2024,08193,"블랙베리, 생것",H0460000000a
2024,08194,"블루베리, 냉동",H0470000007a
2024,08195,"복분자, 생것",H0420000000a
2024,08198,"오미자, 말린것",H0730000001a
2024,08199,오미자청,H074000000Ha
2024,08200,"용과, 백육종, 생것",H0770010000a
2024,08201,"용과, 적육종, 생것",H0770020000a
2024,08204,"자두, 대석, 생것",H0820010000a
2024,08207,"자두, 말린것",H0820000001a
2024,08210,유자청,O023000000Ha
2024,08215,"귤, 만감류, 천혜향, 생것",H0100060000a
2024,08218,"라즈베리, 냉동",H1150000007a
2024,08221,"리치, 냉동",H0270000007a
2024,08223,"머루, 머스켓베일리에이, 생것",H0320030000a
2024,08225,"바나나칩, 튀긴것",H0370000001j
2024,08226,"배 음료, 캔",H1070000619a
2024,08229,"복숭아, 황도, 통조림, 고형물",H043008251Ra
2024,08233,"블루베리, 말린것",H0470000001a
2024,08234,"사과, 아오리, 생것",H050003B020a
2024,08236,"아로니아, 네로, 생것",H1100010000a
2024,08237,"아로니아, 바이킹, 냉동",H1100020007a
2024,08242,"참외, 생것, 씨 제거",H086000B200a
2024,08243,"체리, 생것",H1110000000a
2024,08244,"체리, 통조림, 고형물",H112000251Ra
2024,08246,"크랜베리, 말린것, 가당",H0880000001a
2024,08247,"키위, 골드, 생것",H0900010000a
2024,08248,"키위, 그린, 생것",H0900020000a
2024,08249,키위 주스,H1090002449a
2024,08250,"파인애플, 통조림, 액즙",H092000252Ra
2024,08253,"파파야, 완숙, 생것",H0950002540a
2024,08256,"포도, 거봉, 생것, 껍질 포함",H098001B030a
2024,08257,"포도, 캠벨얼리, 생것, 껍질 포함",H098007B030a
2024,08258,"포도, 캠벨얼리, 생것, 껍질과 씨 포함",H098007B220a
2024,08259,"포도, 힘로드시드레스, 생것",H0980080000a
2024,08260,"포도, 힘로드시드레스, 생것, 껍질 포함",H098008B030a
2024,08261,"포도, 샤인머스캣, 생것, 껍질 포함",H098009B030a
2024,08263,"귤, 만감류, 레드향, 생것",H0100140000a
2024,08264,"귤, 만감류, 황금향, 생것",H0100150000a
2024,08265,"포도, 레드글로브, 생것, 껍질 포함",H098012B030a
2024,08266,크랜베리 주스,H0880000009a
2024,09001,"개고기, 생것",
2024,09015,"닭고기, 성계, 생것",I0080010000a
2024,09016,"닭고기, 살코기, 생것",I008000D150a
2024,09018,"닭고기, 살코기, 삶은것",I008000D159b
2024,09020,"닭고기, 살코기, 튀긴것(튀김옷)",I008000D159k
2024,09026,"닭고기, 가슴, 생것",I008000D020a
2024,09027,"닭고기, 가슴, 구운것(팬)",I008000D029g
2024,09028,"닭고기, 가슴, 튀긴것(튀김옷)",I008000D029k
2024,09029,"닭고기, 날개, 생것",I008000D050a
2024,09030,"닭고기, 날개, 구운것(오븐)",I008000D059i
2024,09031,"닭고기, 날개, 삶은것",I008000D059b
2024,09033,"닭고기, 날개, 튀긴것(튀김옷)",I008000D059k
2024,09037,"닭고기, 다리(넓적다리), 튀긴것(튀김옷)",I008000D069k
2024,09038,"닭고기, 다리(넓적다리), 생것",I008000D060a
2024,09039,"닭고기, 다리(넓적다리), 구운것(팬)",I008000D069g
2024,09041,"닭고기, 다리(아랫다리), 생것",I008000F080a
2024,09042,"닭고기, 다리(아랫다리), 구운것(오븐)",I008000F089i
2024,09043,"닭고기, 다리(아랫다리), 삶은것",I008000F089b
2024,09045,"닭고기, 다리(아랫다리), 튀긴것(튀김옷)",I008000F089k
2024,09049,"닭고기, 목, 생것",I008000D120a
2024,09051,"닭고기, 목, 튀긴것(튀김옷)",I008000D129k
2024,09052,"닭고기, 영계, 삶은것",I0080020009b
2024,09054,"닭고기, 토종, 생것",I0080040000a
2024,09060,"닭고기, 전체, 튀긴것",I008000B019j
2024,09061,닭 육수,I0110000009a
2024,09066,"닭 부산물, 모래주머니, 생것",I009000D410a
2024,09067,"닭 부산물, 모래주머니, 구운것(오븐)",I009000D419i
2024,09070,"돼지고기, 살코기, 생것",I014000D150a
2024,09071,"돼지고기, 갈비, 생것",I014000D030a
2024,09072,"돼지고기, 갈비, 구운것(팬)",I014000D039g
2024,09073,"돼지고기, 갈비, 삶은것",I014000D039b
2024,09075,"돼지고기, 뒷다리, 생것",I014000D100a
2024,09077,"돼지고기, 등심, 생것",I014000D110a
2024,09078,"돼지고기, 등심, 구운것(팬)",I014000D119g
2024,09081,"돼지고기, 목심, 생것",I014000D130a
2024,09082,"돼지불고기, 생것",I0190000000a
2024,09083,"돼지고기, 사태, 생것",I014000D140a
2024,09084,"돼지고기, 사태, 구운것(팬)",I014000D149g
2024,09085,"돼지고기, 삼겹살(삼겹살), 생것",I014000D160a
2024,09086,"돼지고기, 안심, 생것",I014000D200a
2024,09089,"돼지고기, 앞다리(앞다리살), 생것",I014000D770a
2024,09094,"돼지 부산물, 간, 삶은것",I015000D339b
2024,09096,"돼지 부산물, 머리고기, 생것",I015000D400a
2024,09097,"돼지 부산물, 소창(곱창), 삶은것",I015000D459b
2024,09099,"돼지 부산물, 신장, 삶은것",I015000D469b
2024,09101,"돼지 부산물, 심장(염통), 삶은것",I015000D479b
2024,09102,"돼지 부산물, 족발, 생것",I015000D510a
2024,09103,"돼지 부산물, 족발, 삶은것",I015000D519b
2024,09104,"돼지 부산물, 족발, 조미, 삶은것",I015000D51Db
2024,09106,"돼지 부산물, 허파, 삶은것",I015000D579b
2024,09107,"포크커틀릿, 냉동",I0180000007a
2024,09109,베이컨,I0210000009a
2024,09110,"베이컨, 구운것",I0210000009f
2024,09111,"소시지, 말린것",I0160000001a
2024,09113,"소시지, 볼로냐소시지",I0160020009a
2024,09114,"소시지, 위너(비엔나)소시지",I0160030009a
2024,09115,"소시지, 이탈리안소시지",I0160040009a
2024,09116,"소시지, 프랑크푸르트소시지",I0160050009a
2024,09119,"햄, 등심햄",I0170010009a
2024,09124,"햄, 슬라이스햄",I0170060009a
2024,09128,"햄, 런천미트햄",I0170020009a
2024,09135,"소고기, 한우(1등급), 살코기, 생것",I027006D150a
2024,09137,"소고기, 한우, 등심, 생것",I027003D110a
2024,09142,"소고기, 한우, 양지, 생것",I027003D280a
2024,09145,"소불고기, 생것",I0290000000a
2024,09147,"소고기, 수입산, 갈비, 구운것(오븐)",I027001D039i
2024,09149,"소고기, 수입산, 목심(목심살), 생것",I027001D130a
2024,09150,"소고기, 수입산, 목심(목심살), 삶은것",I027001D139b
2024,09156,"소고기, 수입산, 안심(안심살), 구운것",I027001D209f
2024,09162,"소 부산물, 간, 생것",I028000D330a
2024,09166,"소 부산물, 꼬리, 생것",I028000D360a
2024,09167,양지국물,I0300000009a
2024,09168,"우족국물, 중량3배물",I0310001079a
2024,09169,잡뼈국물,I0330000009a
2024,09170,"소 부산물, 외국산, 대장, 생것",
2024,09171,"소 부산물, 소장(곱창), 생것",I028000D450a
2024,09172,"소 부산물, 신장, 생것",I028000D460a
2024,09174,"소 부산물, 심장, 생것",I028000D470a
2024,09176,"소 부산물, 양(위), 생것",I028000D480a
2024,09177,"소 부산물, 천엽, 생것",I028000D540a
2024,09178,"소 부산물, 선지(피), 생것",I028000D440a
2024,09179,"소 부산물, 허파, 생것",I028000D570a
2024,09183,"소고기, 육포",I0320000009a
2024,09216,"양고기, 수입산, 다리, 생것",I036001D080a
2024,09218,"어린양고기, 수입산, 살코기, 생것",I037001D150a
2024,09219,"어린양고기, 수입산, 갈비, 생것",I037001D030a
2024,09221,"어린양고기, 수입산, 다리, 생것",I037001D080a
2024,09223,"어린양고기, 수입산, 어깨, 생것",I037001D230a
2024,09239,"햄, 프레스햄",I0170080009a
2024,09241,"햄, 프레스햄, 구운것(팬)",I0170080009g
2024,09243,"햄, 슬라이스햄, 구운것(팬)",I0170060009g
2024,09250,"닭고기, 구운것",I0080000009f
2024,09251,"돼지고기, 삼겹살, 구운것(팬)",I014000D169g
2024,09252,"돼지 부산물, 대장, 생것",I015000D380a
2024,09255,"돼지 부산물, 소창(곱창), 생것",I015000D450a
2024,09261,"포크커틀릿, 냉동, 튀긴것(빵가루)",I0180000007j
2024,09276,"소고기, 한우(3등급), 앞다리(꾸리살), 생것",I027005D220a
2024,09283,"닭고기, 가슴, 삶은것",I008000D029b
2024,09287,"돼지고기, 뒷다리, 삶은것",I014000D109b
2024,09288,"돼지고기, 목심, 삶은것",I014000D139b
2024,09289,"돼지고기, 목심, 구운것(팬)",I014000D139g
2024,09291,"돼지고기, 삼겹살, 삶은것",I014000D169b
2024,09295,"돼지고기, 뒷다리(뒷사태살), 생것",I014000D640a
2024,09299,"돼지고기, 뒷다리(홍두깨살), 생것",I014000D680a
2024,09304,"돼지고기, 삼겹살(갈매기살), 생것",I014000D730a
2024,09305,"돼지고기, 삼겹살(등갈비), 생것",I014000D740a
2024,09310,"돼지 부산물, 위(오소리감투), 생것",I015000D490a
2024,09315,"소고기, 한우, 등심, 구운것(팬)",I027003D119g
2024,09316,"소고기, 한우, 양지, 삶은것",I027003D289b
2024,09318,"소고기, 한우(1등급), 목심, 생것",I027006D130a
2024,09320,"소고기, 한우(1등급), 설도(설깃살), 생것",I027006D190a
2024,09321,"소고기, 한우(1등급), 안심, 생것",I027006D200a
2024,09322,"소고기, 한우(1등급), 앞다리(꾸리살), 생것",I027006D220a
2024,09323,"소고기, 한우(1등급), 우둔(우둔살), 생것",I027006D260a
2024,09324,"소고기, 한우(1등급), 우둔(홍두깨살), 생것",I027006D270a
2024,09325,"소고기, 한우(1등급), 양지(양지머리), 생것",I027006D290a
2024,09327,"소고기, 한우(1등급), 채끝, 생것",I027006D320a
2024,09328,"소고기, 한우(1등급), 앞다리(부채살), 생것",I027006D710a
2024,09329,"소고기, 한우(1등급), 앞다리(앞다리살), 생것",I027006D770a
2024,09330,"소고기, 한우(1등급), 갈비(꽃갈비), 생것",I027006D800a
2024,09331,"소고기, 한우(1등급), 갈비(본갈비), 생것",I027006D810a
2024,09337,"소고기, 한우(1등급), 등심(살치살), 생것",I027006D870a
2024,09343,"소고기, 한우(1등급), 사태(아롱사태), 생것",I027006D930a
2024,09344,"소고기, 한우(1등급), 사태(앞사태), 생것",I027006D940a
2024,09345,"소고기, 한우(1등급), 설도(도가니살), 생것",I027006D950a
2024,09346,"소고기, 한우(1등급), 설도(삼각살), 생것",I027006D960a
2024,09352,"소고기, 한우(1등급), 양지(차돌박이), 생것",I027006F030a
2024,09353,"소고기, 한우(1등급), 양지(치마살), 생것",I027006F040a
2024,09356,"오리고기, 생것, 껍질 포함",I040000B030a
2024,09357,"오리고기, 살코기, 생것",I040000D150a
2024,09361,"소고기, 한우(1등급), 갈비, 생것",I027006D030a
2024,09362,"소고기, 한우(1등급), 등심, 생것",I027006D110a
2024,09363,"소고기, 한우(1등급), 사태, 생것",I027006D140a
2024,09364,"소고기, 한우(1등급), 설도, 생것",I027006D170a
2024,09365,"소고기, 한우(1등급), 앞다리, 생것",I027006D210a
2024,09366,"소고기, 한우(1등급), 우둔, 생것",I027006F070a
2024,09367,"소고기, 한우(1등급), 양지, 생것",I027006D280a
2024,09371,"소고기, 한우(1+등급), 설도, 생것",I027007D170a
2024,10005,"달걀, 생것",J0030000000a
2024,10006,"달걀, 삶은것",J0030000009b
2024,10007,"달걀, 난백, 생것",J0030001080a
2024,10008,"달걀, 난백, 삶은것",J0030001089b
2024,10009,"달걀, 난황, 생것",J0030001090a
2024,10010,"달걀, 난황, 삶은것",J0030001099b
2024,10011,"달걀, 가루",J0030000005a
2024,10012,"달걀, 수란, 중탕",J0050000009s
2024,10013,"달걀, 스크램블에그",J0060000009n
2024,10014,"달걀, 부침(달걀프라이)",J0040000009m
2024,10015,"메추리알, 생것",J0080000000a
2024,10016,"메추리알, 삶은것",J0080000009b
2024,11004,"가다랑어, 반건",
2024,11005,"다랑어, 가다랑어 육수",K0020000009a
2024,11007,"다랑어, 가다랑어, 통조림, 유지",K001000000Sa
2024,11013,"가오리, 나비가오리, 생것",K0070010000a
2024,11014,"가오리, 노랑가오리, 생것",K0070020000a
2024,11018,"가자미, 생것",K0080000000a
2024,11032,"갈치, 생것",K0100000000a
2024,11033,"갈치, 얼간",K010000000Ka
2024,11034,"갈치, 젓갈",K011000000Ia
2024,11039,"고등어, 생것",K0150000000a
2024,11041,"고등어, 반건조",K0150000004a
2024,11042,"고등어, 구운것",K0150000009f
2024,11044,"고등어, 자반고등어",K015000112Ka
2024,11045,"고등어, 통조림",K015000000Ra
2024,11055,"꽁치, 생것",K0230000000a
2024,11056,"꽁치(과메기), 동건품",K023000000Ya
2024,11060,"꽁치, 통조림, 조미",K023000000Ta
2024,11062,"날치, 알, 생것",K025000D590a
2024,11065,"넙치(광어), 생것",K0270000000a
2024,11072,"농어, 생것",K0330000000a
2024,11083,"다랑어, 참다랑어, 생것",K0390010000a
2024,11084,"다랑어, 참다랑어, 지방육, 생것",K039001D310a
2024,11085,"다랑어, 참다랑어, 붉은살, 생것",K0390010940a
2024,11089,"다랑어, 참다랑어, 냉동",K0390010007a
2024,11099,"대구, 생것",K0440000000a
2024,11102,"대구, 내장, 생것",K045000D370a
2024,11103,"대구, 알, 생것",K045000D590a
2024,11104,"대구, 냉동",K0440000007a
2024,11105,"대구, 포, 말린것",K044000D561a
2024,11109,"대구, 아가미, 젓갈",K047001000Ia
2024,11110,"대구 튀김, 냉동",K0460000007a
2024,11112,"도다리, 생것",K0500000000a
2024,11113,"도루묵, 생것",K0520000000a
2024,11119,"돔, 감성돔, 생것",K0550020000a
2024,11126,"돔, 돌돔, 생것",K0550090000a
2024,11135,"돔, 옥돔, 생것",K0550190000a
2024,11138,"돔, 옥돔, 반건조",K0550190004a
2024,11141,"돔, 참돔, 생것",K0550220000a
2024,11147,"돔, 황돔, 생것",K0550250000a
2024,11159,"쥐치, 말쥐치, 조미하여 말린것",K165001000Ba
2024,11162,"메기, 생것",K0650000000a
2024,11163,"멸치, 생것",K0660000000a
2024,11164,"멸치, 대멸치, 삶아서 말린것",K0660001143a
2024,11165,"멸치, 중멸치, 삶아서 말린것",K0660001153a
2024,11166,"멸치, 잔멸치, 삶아서 말린것",K0660001163a
2024,11167,"멸치, 젓갈",K069000000Ia
2024,11168,"멸치, 액젓",K069001000Ia
2024,11169,"멸치, 통조림, 유지",K066000000Sa
2024,11170,"명태, 생것",K0700000000a
2024,11172,"명태, 북어, 말린것",K0700001171a
2024,11173,"명태, 노가리, 말린것",K0700001181a
2024,11174,"명태, 동태, 냉동",K0700001227a
2024,11175,"명태, 코다리, 반건조",K0700001214a
2024,11177,"명태, 먹태, 포, 말린것",K070000D561a
2024,11180,"명태, 알, 생것",K071000D590a
2024,11185,"송어, 무지개송어, 생것",K1170010000a
2024,11193,"미꾸리, 생것",K0770000000a
2024,11196,"민어, 생것",K0790000000a
2024,11198,"민어, 구운것",K0790000009f
2024,11206,"박대, 반건조",K0820000004a
2024,11207,"방어, 생것",K0830000000a
2024,11210,"방어, 구운것",K0830000009f
2024,11213,"밴댕이, 생것",K0850000000a
2024,11214,"밴댕이, 삶아서 말린것",K0850000003a
2024,11215,"밴댕이, 젓갈",K086000000Ia
2024,11216,"뱅어, 생것",K0870000000a
2024,11218,"뱅어, 포, 말린것",K087000D561a
2024,11222,"벤자리, 생것",K0910000000a
2024,11225,"병어, 생것",K0920000000a
2024,11229,"복어, 검복, 생것",K0950010000a
2024,11230,"복어, 까치복, 생것",K0950030000a
2024,11233,"복어, 밀복, 생것",K0950060000a
2024,11237,"볼기우럭, 생것",K1420000000a
2024,11239,"볼락, 생것",K0960000000a
2024,11242,"볼락, 조피볼락(우럭), 생것",K0960070000a
2024,11252,"붕어, 생것",K1010000000a
2024,11259,"빙어, 바다빙어, 생것",K1030010000a
2024,11267,"삼치, 생것",K1070000000a
2024,11285,"서대, 각시서대, 생것",K1150010000a
2024,11287,"서대, 참서대, 생것",K1150030000a
2024,11289,"송어, 생것",K1170000000a
2024,11293,"숭어, 생것",K1200000000a
2024,11303,"아귀, 생것",K1280000000a
2024,11305,"아귀, 간, 생것",K129000D330a
2024,11312,"애꼬치, 구운것",K1320000009f
2024,11314,"양미리, 말린것",K1330000001a
2024,11318,"연어, 생것",K1370000000a
2024,11319,"연어, 생것, 소금첨가",K1370001240a
2024,11321,"연어, 알, 생것",K138000D590a
2024,11322,"연어, 알, 염장",K138000D59Ka
2024,11328,"연어, 훈제",K137000000Fa
2024,11345,"임연수어, 생것",K1480000000a
2024,11346,"임연수어, 반건조",K1480000004a
2024,11347,"임연수어, 염장",K148000000Ka
2024,11348,"잉어, 생것",K1490000000a
2024,11352,"장어, 갯장어, 생것",K1530010000a
2024,11353,"장어, 먹장어, 생것",K1530020000a
2024,11354,"장어, 뱀장어, 생것",K1530040000a
2024,11355,"장어, 뱀장어, 구운것",K1530040009f
2024,11358,"장어, 붕장어, 생것",K1530050000a
2024,11360,"장어, 붕장어, 뼈, 튀긴것",K154002D439j
2024,11363,"장문볼락, 생것",K1520000000a
2024,11365,"전갱이, 생것",K1550000000a
2024,11375,"전어, 생것",K1570000000a
2024,11376,"전어, 젓갈",K159000000Ia
2024,11392,"조기(참조기), 생것",K1620000000a
2024,11393,"조기(참조기), 굴비, 소금에 절여 말린것",K162000129Aa
2024,11394,"조기(참조기), 젓갈",K163000000Ia
2024,11398,"전갱이, 줄전갱이, 생것",K1550020000a
2024,11400,"쥐치, 생것",K1650000000a
2024,11406,"청어, 생것",K1680000000a
2024,11411,"청어, 알, 생것",K169000D590a
2024,11419,"망둑어(풀망둑), 생것",K0630000000a
2024,11424,"홍어, 생것",K1800000000a
2024,11433,"황새치, 젓갈",K184000000Ia
2024,11440,"어묵, 구운것",K8000000009f
2024,11441,"어묵, 찐어묵",K8000000009e
2024,11442,어묵,K8000000009j
2024,11443,어육소시지,K8030000009a
2024,11449,"가리비, 생것",K4000000000a
2024,11455,"가리비, 관자, 생것",K4000001300a
2024,11459,"조개, 가무락조개, 생것",K4250010000a
2024,11461,"조개, 개량조개(명주조개), 생것",K4250020000a
2024,11462,"조개, 개량조개(명주조개), 말린것",K4250020001a
2024,11463,"조개, 개조개, 생것",K4250030000a
2024,11466,"굴, 석굴, 생것",K4040010000a
2024,11467,"굴, 참굴, 생것",K4040020000a
2024,11473,"굴, 참굴, 양념젓갈(어리굴젓)",K405001000Ia
2024,11477,"꼬막, 생것",K4060000000a
2024,11479,"우렁이, 논우렁이, 생것",K4190010000a
2024,11481,"동죽, 생것",K4110000000a
2024,11491,"바지락, 생것",K4130000000a
2024,11493,"바지락, 말린것",K4130000001a
2024,11495,"바지락, 젓갈",K414000000Ia
2024,11498,"백합, 생것",K4150000000a
2024,11500,"백합, 삶은것",K4150000009b
2024,11508,"맛, 붉은맛(큰죽합), 생것",K4120010000a
2024,11512,"꼬막, 새꼬막, 생것",K4060010000a
2024,11513,"조개, 새조개, 생것",K4250080000a
2024,11516,"소라, 생것",K4160000000a
2024,11517,"소라, 통조림",K416000000Ra
2024,11521,"우렁이, 왕우렁, 생것",K4190030000a
2024,11523,"고둥, 위고둥, 생것",K4030130000a
2024,11524,"재첩, 생것",K4210000000a
2024,11527,"전복, 북방전복, 생것",K4220030000a
2024,11531,"전복, 젓갈",K424000000Ia
2024,11534,"조개, 접시조개(비단조개), 생것",K4250110000a
2024,11543,"조개, 키조개, 생것",K4250140000a
2024,11546,"고둥, 피뿔고둥, 생것",K4030170000a
2024,11547,"조개, 피조개, 생것",K4250160000a
2024,11550,"담치, 참담치(홍합), 생것",K4270000000a
2024,11551,"담치, 참담치(홍합), 삶아서 말린것",K4270000003a
2024,11552,"담치, 참담치(홍합), 통조림",K427000000Ra
2024,11553,"가재, 갯가재, 생것",K6000010000a
2024,11555,"가재, 바닷가재, 생것",K6000020000a
2024,11556,"가재, 바닷가재, 찐것",K6000020009e
2024,11557,"오징어, 갑오징어, 생것",K6230010000a
2024,11558,"오징어, 갑오징어, 말린것",K6230010001a
2024,11559,"개불, 생것",K6010000000a
2024,11560,"게, 꽃게, 생것",K6020010000a
2024,11561,"게, 꽃게, 찐것",K6020010009e
2024,11570,"게, 붉은대게, 생것",K6020100000a
2024,11572,"게, 왕게, 삶은것",K6020070009b
2024,11577,"꼴뚜기, 참꼴뚜기, 삶아서 말린것",K6060000003a
2024,11579,"꼴뚜기, 양념젓갈",K607000127Ia
2024,11581,"낙지, 세발낙지, 생것",K6080010000a
2024,11582,"문어, 생것",K6110000000a
2024,11583,"문어, 대문어, 말린것",K6110000001a
2024,11584,"문어, 삶은것",K6110000009b
2024,11585,"미더덕, 생것",K6120000000a
2024,11586,"게, 방게, 생것",K6020060000a
2024,11587,"성게, 보라성게, 알, 생것",K619001D599a
2024,11597,"새우, 꽃새우, 생것",K6130050000a
2024,11598,"새우, 꽃새우, 찐것",K6130050009e
2024,11599,"새우, 꽃새우, 튀긴것(빵가루)",K6130050009k
2024,11600,"새우, 꽃새우, 냉동",K6130050007a
2024,11601,"새우, 꽃새우, 삶아서 말린것",K6130050003a
2024,11604,"새우, 닭새우, 생것",K6130060000a
2024,11605,"새우, 대하, 생것",K6130070000a
2024,11607,"새우, 물렁가시붉은새우, 생것",K6130090000a
2024,11609,"새우, 보리새우, 생것",K6130110000a
2024,11610,"새우, 보리새우, 삶은것",K6130110009b
2024,11612,"새우, 중하, 생것",K6130130000a
2024,11617,"새우, 젓새우, 생것",K6130140000a
2024,11621,"새우, 징거미새우, 생것",K6130150000a
2024,11626,"새우, 젓갈, 토굴육젓",K617005136Ia
2024,11627,"새우, 젓갈, 추젓",K617007000Ia
2024,11632,"성게, 생것",K6180000000a
2024,11636,"오징어, 생것",K6230000000a
2024,11637,"오징어, 말린것",K6230000001a
2024,11638,"오징어, 구운것",K6230000009f
2024,11641,"오징어, 냉동",K6230000007a
2024,11644,"오징어, 양념젓갈",K627000127Ia
2024,11646,"오징어, 조미, 구운것",K623000000Df
2024,11647,"오징어, 포, 조미하여 말린것",K623000D56Ba
2024,11650,"멍게(우렁쉥이), 생것",K6100000000a
2024,11651,"멍게, 양식, 생것",K6100030000a
2024,11652,"주꾸미, 생것",K6290000000a
2024,11658,"한치, 생것",K6330000000a
2024,11659,"해삼, 생것",K6340000000a
2024,11660,"해삼, 말린것",K6340000001a
2024,11662,"해파리, 생것",K6360000000a
2024,11666,"새우, 젓갈",K617004000Ia
2024,11692,멸치 육수,K0680000009a
2024,11693,"명태, 황태, 포, 말린것",K0700001201a
2024,11707,"다슬기, 생것",K4070000000a
2024,11720,"게, 대게, 생것",K6020030000a
2024,11723,"게, 민꽃게, 생것",K6020040000a
2024,11734,어묵 국물,K8010000009a
2024,11738,"쥐치, 포, 조미하여 말린것",K165000D56Ba
2024,11742,"게, 대게, 삶은것",K6020030009b
2024,11744,"낙지, 생것",K6080000000a
2024,11745,"새우, 흰다리새우, 생것",K6130180000a
2024,11749,동태찌개,S0180000009a
2024,11752,"까나리, 액젓",K019001000Ia
2024,11753,"꽁치, 통조림",K023000000Ra
2024,11754,"꽁치, 통조림, 고형물",K023000251Ra
2024,11755,"명태, 알, 양념젓갈(명란젓)",K072001127Ia
2024,11756,"명태, 내장, 양념젓갈(창난젓)",K072002127Ia
2024,11758,"우렁이, 큰구슬우렁이(골뱅이), 통조림, 고형물",K419004251Ra
2024,11759,"조개, 젓갈",K425000000Ia
2024,11760,"오징어, 채, 조미하여 말린것",K623000F06Ba
2024,11761,"낙지, 양념젓갈",K806000127Ia
2024,11762,"멍게, 양념젓갈",K807000127Ia
2024,12001,"갈래곰보, 생것",L0010000000a
2024,12005,"김, 참김, 말린것",L0030090001a
2024,12009,"김, 참김, 구운것",L0030090009f
2024,12010,"김, 김밥용김, 말린것",L0030010001a
2024,12011,"김, 둥근돌김, 말린것",L0030030001a
2024,12014,"김, 초밥김, 말린것",L0030100001a
2024,12016,"꼬시래기, 생것",L0040000000a
2024,12017,"다시마, 생것",L0050000000a
2024,12018,"다시마, 말린것",L0050000001a
2024,12025,다시마 튀각,L0080000009a
2024,12028,"매생이, 말린것",L0110000001a
2024,12029,"모자반, 생것",L0120000000a
2024,12033,"미역, 생것",L0130000000a
2024,12035,"미역, 말린것",L0130000001a
2024,12037,"미역, 줄기, 생것",L013000B160a
2024,12041,"미역, 염장, 데친것",L013000000Kc
2024,12042,미역 튀각,L0140000009j
2024,12043,"불등풀가사리, 말린것",L0150000001a
2024,12048,우뭇가사리묵(우무),L0200000009a
2024,12049,한천,L0210000009a
2024,12051,"청각, 생것",L0230000000a
2024,12055,"톳, 생것",L0260000000a
2024,12056,"톳, 말린것",L0260000001a
2024,12058,"파래, 생것",L0270000000a
2024,12060,"파래, 말린것",L0270000001a
2024,12070,"매생이, 생것",L0110000000a
2024,12071,"미역, 줄기, 염장 후 탈염, 삶은것",L013000B16Lb
2024,12073,"김, 조미김, 구운것",L0030040009f
2024,13002,"분유, 전지",M0020040009a
2024,13005,"분유, 3단계",M0020030009a
2024,13006,"분유, 탈지",M0020050009a
2024,13007,"연유, 점성이 높은것",M007000E019a
2024,13009,"연유, 점성이 낮은것",M007000E039a
2024,13010,우유,M0090000009a
2024,13012,"우유, 저지방우유",M0090040009a
2024,13014,"우유, 강화우유, 고칼슘",M0090021469a
2024,13015,"우유, 가공우유, 딸기맛",M0090011389a
2024,13016,"우유, 가공우유, 바나나맛",M0090011459a
2024,13017,"우유, 가공우유, 초코맛",M0090011429a
2024,13018,"우유, 가공우유, 커피맛",M0090011439a
2024,13019,산양유,M0030000009a
2024,13020,셔벗,M0040000009a
2024,13021,아이스밀크,M0050000009a
2024,13022,"아이스크림, 유지방 12%",M0060002099a
2024,13023,"아이스크림, 유지방 8%",M0060002089a
2024,13024,"아이스크림, 딸기맛",M0060001389a
2024,13025,"아이스크림, 바닐라맛",M0060001399a
2024,13026,"아이스크림, 초콜릿맛",M0060001409a
2024,13027,"아이스크림, 소프트 아이스크림, 바닐라맛",M0060011399a
2024,13028,"요구르트, 액상",M0080010009a
2024,13029,"요구르트, 호상, 딸기맛",M0080041389a
2024,13030,"요구르트, 호상, 플레인",M0080042339a
2024,13034,"치즈, 모차렐라",M0100020009a
2024,13035,"치즈, 체다",M0100040009a
2024,13036,"치즈, 카테지",M0100050009a
2024,13037,"치즈, 크림",M0100060009a
2024,13038,"치즈, 파르메산(파마산)",M0100070009a
2024,13045,"크림, 휘핑, 동물성",M0130050009a
2024,13046,"요구르트, 액상(농후), 딸기맛",M0080011389a
2024,13047,"요구르트, 액상, 저당",M0080012319a
2024,13049,"요구르트, 액상(농후), 식이섬유 첨가",M0080030009a
2024,13050,"요구르트, 액상(농후), 사과맛, 식이섬유 첨가",M0080032149a
2024,13052,"요구르트, 액상(농후), 플레인, 식이섬유 첨가",M0080032339a
2024,13054,"치즈, 블루",M0100080009a
2024,13055,"치즈, 브리",M0100090009a
2024,13056,"치즈, 까망베르",M0100100009a
2024,13057,"치즈, 고다",M0100110009a
2024,13059,"치즈, 리코타",M0100130009a
2024,13060,"크림, 생크림",M0130070009a
2024,13061,"크림, 휘핑, 식물성",M0130060009a
2024,13062,"치즈, 모차렐라, 슈레드타입",M0100022659a
2024,14001,닭기름,N0010000009a
2024,14002,돼지기름,N0020000009a
2024,14003,들기름,N0030000009a
2024,14004,땅콩기름,N0040000009a
2024,14005,땅콩 버터,N0050000009a
2024,14006,"땅콩 버터, 청크",N0050040009a
2024,14007,"땅콩 버터, 크림",N0050050009a
2024,14008,마가린,N0060000009a
2024,14010,버터,N0080000009a
2024,14013,쇠기름,N0110000009a
2024,14014,쇼트닝,N0120000009a
2024,14015,쌀겨기름(미강유),N0130000009a
2024,14017,옥수수기름,N0160000009a
2024,14018,올리브유,N0170000009a
2024,14021,유채씨기름,N0180000009a
2024,14023,참기름,N0200000009a
2024,14024,"커피크리머, 가루",M0120000005a
2024,14027,코코넛유,N0210000009a
2024,14028,콩기름,N0220000009a
2024,14029,팜유,N0230000009a
2024,14030,해바라기유,N0240000009a
2024,14031,혼합식물성유,N0250000009a
2024,14041,고추기름,N0270000009a
2024,14044,아보카도유,N0320000009a
2024,14046,포도씨유,N0260000009a
2024,14047,호두유,N0290000009a
2024,15001,"당근 주스, 캔",F042000000Qa
2024,15002,레모네이드,P0030000009a
2024,15005,매실 음료,P0040000009a
2024,15008,"셰이크, 딸기맛",P0050001389a
2024,15009,"셰이크, 바닐라맛",P0050001399a
2024,15010,"셰이크, 초콜릿맛",P0050001409a
2024,15011,"식혜, 캔",P006000000Qa
2024,15012,"이온 음료, 레몬향",P0080002379a
2024,15014,"탄산 음료, 레몬소다",P0090020009a
2024,15015,"탄산 음료, 오렌지소다",P0090050009a
2024,15017,"탄산 음료, 파인애플소다",P0090110009a
2024,15018,"탄산 음료, 포도소다",P0090120009a
2024,15019,"탄산 음료, 사이다",P0090030009a
2024,15020,"탄산 음료, 소다수",P0090040009a
2024,15021,"탄산 음료, 진저에일",P0090070009a
2024,15022,"탄산 음료, 콜라",P0090090009a
2024,15023,"탄산 음료, 저칼로리콜라",P0090060009a
2024,15025,토닉워터,P0100000009a
2024,15028,럼,Q0030000009a
2024,15029,"막걸리, 알코올 6%",Q0040001689a
2024,15030,매실주,Q0050000009a
2024,15031,"맥주, 알코올 4.5%",Q0060001629a
2024,15034,"맥주, 흑맥주, 알코올 4.2%",Q0060031619a
2024,15035,"보드카, 알코올 40%",Q0070001639a
2024,15038,"샴페인, 알코올 6%",Q0090001689a
2024,15039,"소주, 알코올 25%",Q0100001719a
2024,15042,"위스키, 알코올 40%",Q0120001639a
2024,15046,"청주, 알코올 16%",Q0140001759a
2024,15048,"칵테일, 테킬라썬라이즈",Q0150020009a
2024,15056,"칵테일, 피냐콜라다, 알코올 9.9%",Q0150111829a
2024,15059,"포도주, 백포도주, 알코올 12%",Q0160021849a
2024,15060,"포도주, 적포도주, 알코올 12%",Q0160031849a
2024,15064,"구기자차, 말린것",O0040000001a
2024,15065,"녹차, 가루",O0070000005a
2024,15066,녹차,O007000000Na
2024,15067,도라지차,O011000000Na
2024,15070,보리차,O014000000Na
2024,15072,"생강차, 가루",O0170000005a
2024,15073,"쌍화차, 가루",O0180000005a
2024,15076,우롱차,O022000000Na
2024,15079,"율무차, 가루",O0240000005a
2024,15084,"커피, 커피가루, 인스턴트",O0270021585a
2024,15085,"커피, 커피가루, 디카페인",O0270021565a
2024,15087,"커피, 아메리카노(2샷)",O027001158Pa
2024,15088,"커피, 캔",O027002155Qa
2024,15089,"코코아, 밀크코코아, 가루",O0290010005a
2024,15093,"녹차, 현미",O007003000Na
2024,15095,"홍삼차, 가루",O0310000005a
2024,15097,홍차,O032000000Na
2024,15099,"홍차, 레몬",O032001000Na
2024,15100,"커피, 원두",O027000157Na
2024,15110,야콘차,O020000000Na
2024,15111,대추차,O010000000Na
2024,15119,둥굴레차,O013000000Na
2024,15122,"커피, 커피가루, 설탕, 크림, 인스턴트",O0270021555a
2024,15124,칡즙,B0190000009a
2024,15125,알로에 음료,F2160000009a
2024,15126,망고 음료,H108000E019a
2024,15132,보이차,O0340000009a
2024,15133,"유자차, 고형물 포함",O023000235Pa
2024,15134,카모마일차,O036000000Na
2024,15135,"커피, 에스프레소",O027001157Pa
2024,15136,헛개 음료,O0330000009a
2024,15137,"홍차, 복숭아, 캔",O032002000Qa
2024,15141,"혼합 음료, 비타민C 함유",P0120002469a
2024,15142,"젖산 음료, 복숭아맛",P0110002459a
2024,15145,"고량주, 알코올 50%",Q0170001649a
2024,15146,"복분자주, 알코올 15%",Q0180002479a
2024,15147,"소주, 알코올 17.8%",Q0100002389a
2024,15148,"오가피주, 알코올 13%",Q0110001729a
2024,15150,"상황버섯, 추출",G012000000Na
2024,15152,"녹차라떼, 가루",O0070040005a
2024,15153,"커피, 커피가루, 설탕, 인스턴트",O0270022625a
2024,15154,"커피, 커피가루, 설탕, 물에 탄것(중량 2.7g)",O027002262Pa
2024,15155,생강청,O017000000Ha
2024,15157,홍삼 음료,O0310010009a
2024,15158,"홍차, 복숭아, 가루",O0320020005a
2024,16002,"간장, 재래",R0010030009a
2024,16003,"간장, 개량, 양조",R0010010009a
2024,16004,"겨자, 가루",R0520000005a
2024,16005,겨자 페이스트,R0500000009a
2024,16006,"계피, 가루",R0030000005a
2024,16007,"고추냉이, 가루",R0510000005a
2024,16008,"고추냉이, 페이스트",R0510010009a
2024,16009,고춧가루,R0070000005a
2024,16010,"고추장, 개량",R0050010009a
2024,16012,초고추장,R0060000009a
2024,16013,굴 소스,R0080000009a
2024,16014,"깨소금, 가루, 볶은것",R0090000005n
2024,16015,낫토,R0100000009a
2024,16016,포크커틀릿 소스,R0110000009a
2024,16018,"된장, 개량",R0120020009a
2024,16020,미소,R0120030009a
2024,16021,"된장, 재래",R0120040009a
2024,16022,라면 스프,R0130000009a
2024,16023,"마늘, 가루",R0530000005a
2024,16024,마늘 페이스트,R0140010009a
2024,16025,마요네즈,R0150020009a
2024,16027,맛술,R0160000009a
2024,16029,"조미료, 멸치맛, 가루",R0310001895a
2024,16030,"조미료, 쇠고기맛, 가루",R0310001905a
2024,16031,"산초, 가루",R0170000005a
2024,16032,"샐러드 드레싱, 사우전드아일랜드",R0180020009a
2024,16034,"샐러드 드레싱, 프렌치",R0180050009a
2024,16035,"생강, 가루",R0550000005a
2024,16037,"소금, 굵은소금",R0200001859a
2024,16038,소금,R0200000009a
2024,16039,"소금, 가공염, 죽염",R0200011869a
2024,16041,"식초, 감식초",R0220010009a
2024,16043,"식초, 사과식초",R0220030009a
2024,16044,"식초, 포도식초",R0220070009a
2024,16047,"식초, 양조",R0220060009a
2024,16048,"식초, 현미식초",R0220080009a
2024,16049,쌈장,R0230000009a
2024,16050,"양파, 가루",R0560000005a
2024,16052,"올스파이스, 가루",R0250000005a
2024,16053,우스터 소스,R0260000009a
2024,16054,"육두구, 가루",R0270000009a
2024,16059,청국장,R0320000009a
2024,16060,"청국장, 가루",R0320000005a
2024,16061,"칠리, 가루",R0330000005a
2024,16062,"카레 소스, 가루",R0340000005a
2024,16064,"타임, 가루",R0360000005a
2024,16066,토마토 소스,R0380000009a
2024,16067,토마토 케첩,R0380010009a
2024,16068,"파슬리, 말린것",R0570000001a
2024,16070,핫 소스,R0400000009a
2024,16071,"후추, 검은색, 가루",R0410010005a
2024,16072,"후추, 흰색, 가루",R0410020005a
2024,16082,"소금, 천일염",R0200030009a
2024,16083,"소금, 천일염, 소금꽃",R0200031879a
2024,16088,소불고기 양념,R0040010009a
2024,16089,데리야끼 소스,R0640000009a
2024,16090,"된장, 개량, 찌개용",R0120052419a
2024,16092,바비큐 소스,R0630000009a
2024,16093,"식초, 발사믹",R0220090009a
2024,16096,"조미료, 액상",R0310010009a
2024,16097,"짜장 소스, 가루",R0280000005a
2024,16098,"짜장 소스, 레토르트",R028000000Wa
2024,16099,"청국장, 찌개용",R0320002419a
2024,16100,"짜장 소스, 춘장",R0580000009a
2024,16101,칠리 소스,R0620000009a
2024,16102,"라면, 국물, 조리후",S0830001929d
2024,16103,"메밀 냉면 육수, 인스턴트",S0860001589a
2024,16105,"마요네즈, 저칼로리",R0150030009a
2024,17002,"게맛살, 어육함량이 낮은것",K6030000009a
2024,17004,"고기 소스, 통조림",R004000000Ra
2024,17006,"미역국, 인스턴트, 조리전",S0280001581a
2024,17008,"사골국, 인스턴트",S0340001589a
2024,17012,마파두부,S0240000009a
2024,17013,"만두, 고기 만두",S0260010009a
2024,17014,"만두, 김치 만두",S0260030009a
2024,17016,"미트볼, 냉동",S0290000007a
2024,17017,"볶음밥, 새우 볶음밥",S0300020009a
2024,17019,"새우 튀김용, 냉동",K6160000007a
2024,17023,"스파게티, 미트소스 스파게티, 냉동",S0450010007a
2024,17024,"스파게티 소스, 토마토, 병조림",R021000000Va
2024,17026,"스프, 소고기 스프, 가루",S0460010005a
2024,17030,"스프, 양송이 스프, 가루",S0460040005a
2024,17031,"스프, 양송이 스프, 가루, 끓인것",S0460040005d
2024,17032,"스프, 양파 스프, 가루",S0460050005a
2024,17035,"스프, 콘소메 스프, 가루, 끓인것",S0460060005d
2024,17036,"스프, 크림 스프, 가루",S0460070005a
2024,17038,"스프, 크림 스프, 가루, 끓인것",S0460070005d
2024,17063,"카레 소스, 레토르트",R034000000Wa
2024,17065,"크로켓, 채소 크로켓, 냉동",S0710020007a
2024,17078,"핫도그, 냉동",S0780000007a
2024,17079,"햄버거 스테이크, 냉동",
2024,17091,갈비탕,S0010000009a
2024,17095,곰탕,S0050000009a
2024,17096,"튀김, 김말이튀김",S0730010009a
2024,17102,김치찌개,S0070000009a
2024,17104,꼬리곰탕,S0100000009a
2024,17107,닭꼬치,I0120000009a
2024,17113,도가니탕,S0160000009a
2024,17114,"돈저냐(동그랑땡), 냉동",S0170000007a
2024,17116,돼지고기 볶음,S0190000009a
2024,17117,된장찌개,S0200000009a
2024,17125,"만두, 군만두",S0260020009j
2024,17127,"만두, 물만두",S0260040009a
2024,17130,무말랭이 무침,F0720000009a
2024,17137,"삼각김밥, 고추장 불고기",S0350010009a
2024,17138,"삼각김밥, 숯불갈비",S0350020009a
2024,17139,"삼각김밥, 참치 마요네즈",S0350030009a
2024,17141,"새우 튀김용, 튀긴것(빵가루)",K6160000009a
2024,17143,소고기육개장,S0400000009a
2024,17144,소머리국,S0410000009a
2024,17146,순대국,S0420000009a
2024,17150,"장어, 양념, 구운것",K1530001279f
2024,17151,어묵국,K8020000009a
2024,17152,연근 조림,F1420000009a
2024,17153,연잎밥,S0490000009a
2024,17155,오징어채 볶음,K6280000009n
2024,17156,오징어 튀김,K6240000009j
2024,17161,"멸치 볶음, 잔멸치볶음",K0670020009a
2024,17164,게살죽,S0020000009d
2024,17166,소고기버섯죽,S0390000009d
2024,17167,전복죽,S0560000009d
2024,17169,호박죽,S0840000009d
2024,17178,추어탕,S0660000009a
2024,17182,탕수육,S0720000009a
2024,17186,"순대, 선지 비율 낮은것",I0220010009e
2024,17187,"순대, 선지 비율 높은것",I0220020009e
2024,17189,"게맛살, 어육함량이 높은것",K6030010009a
2024,18001,"고로쇠나무, 수액",T0010001949a
2024,18003,"동충하초, 누에동충하초, 말린것",G0060010001a
2024,18012,"누에, 번데기, 통조림",T011000000Ra
2024,18013,"뽕잎, 가루",R0670000005a
2024,18024,"송화, 가루",T0160000005a
2024,18028,"월계수, 잎, 말린것",R048000B141a
2024,18031,"인삼, 수삼, 생것",T0210020000a
2024,18032,"인삼, 백삼, 말린것",T0210010001a
2024,18034,"인삼, 홍삼, 추출",T021003000Na
2024,18037,"팽창제, 베이킹파우더",T0250010009a
2024,18043,"팽창제, 효모, 말린것",T0250030001a
2024,18044,"로즈마리, 말린것",R0460000001a
2024,18049,"오레가노, 말린것",R0610000001a
2024,18054,"단백질 보충제, 가루",T0300000005a
2024,18055,"단백질 보충제, 저지방, 가루",T0300002325a
2024,20002,"시리얼,아몬드푸레이크(농심켈로그)",
2024,20007,"시리얼,콘푸레이크(농심켈로그)",
2024,20008,"시리얼,콘푸로스트(농심켈로그)",
2024,20011,"시리얼,현미푸레이크(농심켈로그)",
2024,20012,"시리얼,후르트링(농심켈로그)",
2024,20015,"시리얼,포스트아몬드후레이크(동서식품㈜)",
2024,20016,"시리얼,포스트코코볼(동서식품㈜)",
2024,20017,"시리얼,포스트콘후레이크(동서식품㈜)",
2024,20019,"시리얼,포스트현미후레이크(동서식품㈜)",
2024,20066,"국수(생면/삶은것),생칼국수(풀무원)",
2024,21022,"두부,연두부(풀무원)",
2024,21030,"두부,풀무원두부(풀무원)",
2024,22056,"다랑어/참치(통조림),고추참치(동원F&B)",
2024,22062,"꽁치,통조림(캔)(동원F&B)",
2024,22069,"다랑어/참치(통조림),라이트스탠다드참치(동원F&B)",
2024,22070,"다랑어/참치(통조림),마일드참치(동원F&B)",
2024,22074,"돼지고기가공품,미니돈까스(동원F&B)",
2024,22108,"다랑어/참치(통조림),야채참치(동원F&B)",
2024,22154,"어육소시지,소시지,천하장사(진주햄)",
2024,22225,"다랑어/참치(통조림),살코기참치(한성기업)",
2024,22278,"다랑어/참치(통조림),동원살코기참치(삼진물산)",
2024,23002,"사과,넥타,과수원사과(남양유업)",
2024,23013,"우유,딸기맛우유(남양유업)",
2024,23017,"요구르트(액상),요구르트(남양유업)",
2024,23024,"우유,남양우유(남양유업)",
2024,23031,"요구르트(액상),불가리스(딸기)(남양유업)",
2024,23032,"요구르트(액상),불가리스(사과)(남양유업)",
2024,23036,"요구르트(액상),E-5(남양유업)",
2024,23037,"아이스밀크,더블비안코(롯데제과)",
2024,23040,"아이스크림,월드콘(롯데제과)",
2024,23050,"요구르트(액상),요구르트(매일유업)",
2024,23059,"우유,매일우유(매일유업)",
2024,23061,"요구르트(액상),비피더스요구르트(사과)(매일유업)",
2024,23062,"요구르트(액상),비피더스요구르트(플레인)(매일유업)",
2024,23076,"두유,연세두유(연세유업)",
2024,23080,"우유,연세우유(연세유업)",
2024,23085,"우유,밀큐초코렛우유(빙그레)",
2024,23088,"우유,바나나맛우유(빙그레)",
2024,23094,"요구르트(호상),요플레(딸기)(빙그레)",
2024,23096,"요구르트(호상),요플레(클래식)(빙그레)",
2024,23098,"요구르트(액상),욥닥터캡슐(빙그레)",
2024,23105,"요구르트(액상),메치니코프(사과)(한국야쿠르트)",
2024,23114,"요구르트(액상),야쿠르트(한국야쿠르트)",
2024,23133,"우유,저지방우유2.0(파스퇴르유업)",
2024,23137,"우유,후레쉬우유(파스퇴르유업)",
2024,23157,"사과,주스,라이브사과(서울우유)",
2024,23161,"요구르트(액상),쾌변요구르트(사과)(파스퇴르유업)",
2024,23168,"우유,딸기우유(서울우유)",
2024,23170,"우유,앙팡우유(서울우유)",
2024,23171,"연유,연유(서울우유)",
2024,23172,"우유,서울우유(서울우유)",
2024,23173,"우유,저지방우유(서울우유)",
2024,23174,"우유,쵸코멸균우유(서울우유)",
2024,23175,"우유,쵸코우유(서울우유)",
2024,23177,"우유,커피우유(서울우유)",
2024,23190,"치즈,체다슬라이스치즈(서울우유)",
2024,25014,"토마토케첩,케찹(대상)",
2024,25024,"간장,양조간장501S(샘표식품)",
2024,25025,"간장,양조간장701(샘표식품)",
2024,25027,"간장,진간장금F3(샘표식품)",
2024,25028,"간장,진간장S(샘표식품)",
2024,25076,"참기름,신동방참기름(해표)",
2024,25084,"콩기름,신동방콩기름(해표)",
2024,26001,"과자,고래밥-매콤(오리온)",
2024,26002,"과자,고래밥-볶음양념(오리온)",
2024,26003,"과자,고래밥-숯불갈비(오리온)",
2024,26005,"과자,다이제(오리온)",
2024,26006,"과자,다이제(초코)(오리온)",
2024,26009,"젤리,마이구미(포도)(오리온)",
2024,26012,"과자,미쯔블랙(오리온)",
2024,26016,"과자,베베(오리온)",
2024,26020,"젤리,왕꿈틀이(오리온)",
2024,26022,"과자,웨하스-바닐라(오리온)",
2024,26025,"과자,초코송이(오리온)",
2024,26027,"과자,초코칩쿠키(오리온)",
2024,26028,"밀,밀가공식품,빵/과자류,초코파이(오리온)",
2024,26029,"과자,촉촉한초코칩(오리온)",
2024,26033,"사탕,통아몬드캔디(오리온)",
2024,26034,"과자,통크(오리온)",
2024,26038,"초코바,핫브레이크(오리온)",
2024,26039,"카스테라,후레시베리(오리온)",
2024,26040,"초콜릿,가나(롯데제과)",
2024,26042,"과자,꼬깔콘(고소)(롯데제과)",
2024,26043,"아이스밀크,누크바(롯데제과)",
2024,26044,"과자,마가렛트(롯데제과)",
2024,26045,"사탕,목캔디(롯데제과)",
2024,26046,"밀,밀가공식품,빵/과자류,초코파이,몽쉘통통(롯데)",
2024,26048,"과자,빠다코코낫(롯데제과)",
2024,26049,"과자,빼빼로(롯데제과)",
2024,26053,"껌,자일리톨껌(롯데제과)",
2024,26055,"사탕,스카치세가지맛(롯데제과)",
2024,26056,"빙과,스크류바(롯데제과)",
2024,26058,"과자,아몬드빼빼로(롯데제과)",
2024,26059,"초콜릿,아몬드초콜릿(롯데제과)",
2024,26062,"과자,엄마손파이(롯데제과)",
2024,26067,"과자,제크(롯데제과)",
2024,26073,"밀,밀가공식품,빵/과자류,초코파이(롯데)",
2024,26074,"과자,칙촉(롯데제과)",
2024,26075,"카스테라,카스타드(롯데)",
2024,26077,"초콜릿,크런키(롯데제과)",
2024,26086,"과자,뻥이요(서울식품공업)",
2024,26114,"과자,땅콩강정(오리온프리토레이)",
2024,26115,"과자,스윙칩-볶음고추장맛(오리온프리토레이)",
2024,26121,"과자,오징어땅콩(오리온프리토레이)",
2024,26122,"과자,치토스-매콤(오리온프리토레이)",
2024,26123,"과자,치토스-바비큐(오리온프리토레이)",
2024,26125,"과자,포카칩-소금맛(오리온프리토레이)",
2024,26126,"과자,포카칩-양파맛(오리온프리토레이)",
2024,26128,"과자,바나나킥(농심)",
2024,26131,"과자,오징어집(농심)",
2024,26132,"과자,올리고고구마깡(농심)",
2024,26133,"과자,칼슘양파링(농심)",
2024,26134,"과자,콘드로이친감자깡(농심)",
2024,26135,"과자,키토산자갈치(농심)",
2024,26137,"과자,꽃게랑(빙그레)",
2024,26141,"과자,쟈키자키(빙그레)",
2024,26150,"과자,맛동산(해태제과)",
2024,26152,"과자,샤브레(해태제과)",
2024,26155,"사탕,알사탕(해태제과)",
2024,26157,"과자,에이스(해태제과)",
2024,26158,"밀,밀가공식품,빵/과자류,초코파이,오예스(해태)",
2024,26161,"사탕,자두캔디(해태제과)",
2024,26162,"초코바,자유시간(해태제과)",
2024,26165,"초콜릿,허쉬(해태제과)",
2024,26166,"과자,홈런볼(쵸코)(해태제과)",
2024,27013,"커피믹스,맥스웰커피믹스(동서식품)",
2024,27014,"커피믹스,맥스웰하우스커피믹스(동서식품)",
2024,27015,"커피,분말,맥스웰화인(동서식품)",
2024,27016,"커피,분말,맥심(동서식품)",
2024,27017,"커피믹스,맥심디카페인커피믹스(동서식품)",
2024,27018,"커피믹스,맥심모카골드커피믹스(동서식품)",
2024,27019,"커피믹스,맥심커피믹스(동서식품)",
2024,27055,"두유,고소한베지밀(정식품)",
2024,27058,"두유,베지밀애플(정식품)",
2024,27062,"두유,베지밀에이(팩)(정식품)",
2024,27063,"두유,베지밀비(팩)(정식품)",
2024,27070,"코코아,네스퀵쵸콜릿맛(한국네슬레)",
2024,27073,"커피,분말,테이스터스쵸이스(한국네슬레)",
2024,27079,"과일탄산음료,쿨피스(복숭아맛)(해태유업)",
2024,27095,"오렌지,주스,아침에주스오렌지(서울우유)",
2024,29012,"꿀,아카시아꿀(동서식품)",
2024,29032,"김,양반김(동원F&B)",
2024,29075,"완자,3분미트볼(오뚜기)",
2024,29086,"인스턴트국,북어국(오뚜기)",
2024,29090,"스프,가루,인스턴트,양송이수프(오뚜기)",
2024,29091,"곰탕/사골국물,옛날사골곰탕(오뚜기)",
2024,29092,"카레분말,카레(오뚜기)",
2024,29093,"스프,가루,인스턴트,옥수수수프(오뚜기)",
2024,29096,"스프,가루,인스턴트,크림스프(오뚜기)",
2024,29098,"하이라이스분말,하이라이스소스(오뚜기)",
2024,29115,"밥,오곡밥(CJ)",
2024,29116,"밥,햇반(CJ)",
2024,29146,"만두,참고향만두(해태)",
2024,40031,"감자튀김,후렌치후라이(R)(버거킹)",
2024,40130,"감자튀김,포테이토(롯데리아)",
2024,40147,"감자튀김,후렌치후라이(R)(McDonald's)",
2024,50006,"과자,고소미(오리온)",
2024,50009,"과자,국희땅콩샌드(크라운제과)",
2024,50011,"과자,그레이스(크라운제과)",
2024,50015,"빵,꿀호떡(샤니)",
2024,50061,"과자,라면땅",
2024,50062,"과자,롯데샌드오리지날(롯데제과)",
2024,50064,"과자,롤리폴리(해태제과)",
2024,50071,"과자,못말리는신짱(크라운제과)",
2024,50078,"밀,밀가공식품,밀가루,찰밀가루(CJ)",
2024,50080,"국수(마른것),밀면",
2024,50085,"과자,버터링(해태제과)",
2024,50086,"과자,버터와플(크라운제과)",
2024,50092,"밀,밀가공식품,빵/과자류,초코파이,빅파이(크라운제과)",
2024,50093,"과자,빈츠(롯데제과)",
2024,50096,"과자,뽀또(크라운제과)",
2024,50097,"과자,뿌셔뿌셔(오뚜기)",
2024,50098,"과자,사또밥(삼양식품)",
2024,50109,"국수(마른것),소면(오뚜기)",
2024,50117,"과자,쌀로별(기린)",
2024,50118,"과자,쌀새우깡(농심)",
2024,50119,"과자,씨리얼(롯데제과)",
2024,50120,"과자,아이비(해태제과)",
2024,50121,"과자,알새우칩(농심)",
2024,50122,"과자,야채크래커V6(롯데제과)",
2024,50125,"과자,예감(농심)",
2024,50128,"과자,오감자(오리온)",
2024,50130,"밀,밀가공식품,빵/과자류,초코파이,오뜨(오리온)",
2024,50133,"과자,오징어땅콩볼(롯데제과)",
2024,50145,"과자,죠리퐁(크라운제과)",
2024,50148,"과자,짱구(삼양식품)",
2024,50151,"과자,쫄병스낵(농심)",
2024,50156,"과자,참깨스틱",
2024,50157,"과자,참크래커(크라운제과)",
2024,50165,"과자,초코하임(크라운제과)",
2024,50168,"과자,카라멜콘과땅콩(크라운제과)",
2024,50170,"과자,칸쵸(롯데제과)",
2024,50175,"과자,콘칩(크라운제과)",
2024,50181,"빵,크림빵(삼립식품)",
2024,50191,"과자,포스틱(농심)",
2024,50199,"빵,호두과자",
2024,50209,"당면,옛날당면(오뚜기)",
2024,50210,"감자스낵,칩포테토(농심)",
2024,50211,"감자스낵,프링글스오리지널(P&G)",
2024,50213,"사탕,고려홍삼제리",
2024,50216,"껌,와우",
2024,50223,"물엿/시럽,오뚜기옛날물엿(오뚜기)",
2024,50236,"사탕,청포도맛사탕(롯데제과)",
2024,50237,"사탕,츄파춥스",
2024,50244,"설탕,백설탕(CJ)",
2024,50251,"설탕,황설탕(CJ)",
2024,50253,"젤리,양갱,연양갱(해태제과)",
2024,50256,"물엿/시럽,백설올리고당(CJ)",
2024,50258,"물엿/시럽,백설요리당(CJ)",
2024,50261,"초코바,스니커즈(Mars Foods)",
2024,50265,"초콜릿,키세스(허쉬)",
2024,50266,"초콜릿,페레로로쉐(페레로로쉐)",
2024,50267,"초콜릿,ABC초콜릿(롯데제과)",
2024,50268,"카라멜,마이쮸(크라운제과)",
2024,50270,"카라멜,새콤달콤(크라운제과)",
2024,50274,"두유,검은참깨두유(삼육식품)",
2024,50278,"두유,검은콩과검은참깨(정식품)",
2024,50279,"두유,검은콩두유(삼육식품)",
2024,50282,"두유,삼육두유(삼육식품)",
2024,50304,"토마토,주스,자연은90일토마토(웅진식품)",
2024,50305,"단무지,치자단무지(진향미)",
2024,50309,"토마토,주스,토마토농장(가야)",
2024,50316,"망고,주스,델몬트망고주스(롯데칠성음료)",
2024,50317,"오렌지,주스,델몬트오렌지주스(롯데칠성음료)",
2024,50320,"포도,주스,델몬트포도주스(롯데칠성음료)",
2024,50321,"딸기,잼,복음자리딸기잼(복음자리)",
2024,50322,"딸기,잼,오뚜기딸기잼(오뚜기)",
2024,50329,"석류,주스,석류원액",
2024,50349,"오렌지,주스,델몬트오렌지주스100(롯데칠성음료)",
2024,50354,"귤,과일주스,제주감귤(롯데칠성음료)",
2024,50373,돼지껍데기,
2024,50377,"완자,떡갈비",
2024,50391,"돼지고기가공품,런천미트,스팸(CJ)",
2024,50395,"닭고기가공품(냉동품),용가리치킨(하림)",
2024,50416,"어패류액젓,멸치액젓(하선정종합식품)",
2024,50434,"어패류액젓,참치액젓(한라)",
2024,50438,"게맛살,크래미(한성기업)",
2024,50453,"김,김가루",
2024,50457,"김,김자반",
2024,50509,"아이스크림,구구콘(롯데삼강)",
2024,50510,"아이스밀크,국화빵(롯데삼강)",
2024,50513,"아이스크림,누가바(해태제과)",
2024,50514,"빙과,더위사냥(빙그레)",
2024,50515,"샤베트,돼지바(롯데삼강)",
2024,50519,"빙과/샤베트,델몬트망고(롯데삼강)",
2024,50520,"아이스밀크,메가톤바(롯데제과)",
2024,50521,"아이스밀크,메로나(빙그레)",
2024,50523,"빙과,바밤바(해태제과)",
2024,50524,"빙과,보석바(롯데삼강)",
2024,50526,"아이스크림,부라보콘(해태제과)",
2024,50527,"아이스밀크,붕어싸만코(빙그레)",
2024,50533,"샤베트,비비빅(빙그레)",
2024,50534,"샤베트,빠삐코(롯데삼강)",
2024,50535,"아이스밀크,빵또아(빙그레)",
2024,50536,"아이스밀크,빵빠레(롯데삼강)",
2024,50537,"샤베트,뽕따(빙그레)",
2024,50543,"아이스밀크,쌍쌍바(해태제과)",
2024,50545,"아이스크림,엑설런트(빙그레)",
2024,50546,"아이스밀크,엔초(빙그레)",
2024,50548,"아이스밀크,옥동자(롯데제과)",
2024,50549,"아이스밀크,와일드바디(롯데제과)",
2024,50551,"샤베트,요맘때(빙그레)",
2024,50552,"아이스크림,위즐(롯데제과)",
2024,50555,"빙과,죠스바(롯데제과)",
2024,50556,"아이스밀크,찰떡아이스(롯데제과)",
2024,50562,"샤베트,캔디바(빙그레)",
2024,50563,"아이스밀크,쿠앤크(빙그레)",
2024,50564,"빙과,탱크보이(해태제과)",
2024,50565,"아이스크림,투게더(빙그레)",
2024,50566,"빙과,파워캡(빙그레)",
2024,50568,"빙과,폴라포,포도맛(해태제과)",
2024,50569,"아이스크림,호두마루(해태제과)",
2024,50578,"요구르트(액상),앙팡(서울우유)",
2024,50579,"요구르트(액상),야구르트(빙그레)",
2024,50583,"요구르트(액상),엔요(매일유업)",
2024,50585,"요구르트(액상),요구르트(비락)",
2024,50586,"요구르트(액상),요구르트(서울우유)",
2024,50590,"요구르트(액상),윌(한국야쿠르트)",
2024,50594,"요구르트(액상),쿠퍼스(한국야쿠르트)",
2024,50598,"요구르트(액상),런(시온식품)",
2024,50602,"요구르트(호상),바이오거트(매일유업)",
2024,50608,"요구르트(호상),짜요짜요(서울우유)",
2024,50613,"우유,부산우유(부산우유)",
2024,50614,"우유,비락우유(비락)",
2024,50618,"우유,건국우유(건국우유)",
2024,50629,"우유,고구마우유",
2024,50637,"우유,굿모닝우유(빙그레)",
2024,50647,"우유,맛있는우유GT(남양유업)",
2024,50649,"우유,맛있는우유GT저지방로우(남양유업)",
2024,50650,"우유,매일저지방우유ESL(매일유업)",
2024,50690,"치즈,뼈로가는칼슘치즈(매일유업)",
2024,50694,"치즈,치즈스틱",
2024,50701,"콩기름,백설바삭요리유(CJ)",
2024,50702,"콩기름,백설식용유(CJ)",
2024,50705,"참기름,백설진한참기름(CJ)",
2024,50709,"참기름,고소한참기름(오뚜기)",
2024,50744,"기능성음료,꿀물(캔)",
2024,50763,대추차(분말),
2024,50764,더덕주,
2024,50765,"음료류,탄산음료,과일탄산음료,데미소다(동아오츠카)",
2024,50766,"홍차음료,데자와(동아오츠카)",
2024,50783,"맥주,버드와이저(OB맥주)",
2024,50784,"맥주,카스맥주(OB맥주)",
2024,50785,"맥주,카프리(OB맥주)",
2024,50787,"맥주,하이트맥주(하이트맥주㈜)",
2024,50790,"탄산음료,맥콜(일화)",
2024,50794,"코코아,미떼핫초코(동서식품)",
2024,50796,"기능성음료,미에로화이바",
2024,50797,"탄산음료,밀키스(롯데칠성음료)",
2024,50799,백세주(국순당),
2024,50804,"식혜,비락식혜(비락)",
2024,50805,"기능성음료,비타500",
2024,50807,"기능성음료,비타민음료",
2024,50810,"소주,레몬소주",
2024,50816,"소주,시원소주(대선주조)",
2024,50818,"소주,잎새주(보해양조)",
2024,50819,"소주,참소주(금복주)",
2024,50820,"소주,참이슬(진로)",
2024,50821,"소주,하이트소주(하이트주조)",
2024,50822,"소주,한라산(한라산)",
2024,50824,"과일음료/과즙음료,솔의눈(롯데칠성음료)",
2024,50825,수정과,
2024,50826,"매실주,순금매취순(보해양조)",
2024,50827,"사이다,스프라이트(한국코카콜라보틀링)",
2024,50833,"음료류,탄산음료,과일탄산음료,써니텐(해태음료)",
2024,50836,아침햇살(웅진식품),
2024,50839,"과일음료/과즙음료,자연은790일알로에(웅진식품)",
2024,50843,"탄산음료,암바사(한국코카콜라보틀링)",
2024,50845,"과일탄산음료,오란씨(동아오츠카)",
2024,50848,"과일탄산음료,웰치스(농심)",
2024,50852,"기능성음료,이온음료,2%부족할때(롯데칠성음료)",
2024,50854,"기능성음료,이온음료,게토레이(롯데칠성음료)",
2024,50856,"기능성음료,이온음료,파워에이드(한국코카콜라보틀링)",
2024,50857,"기능성음료,이온음료,포카리스웨트(동아오츠카)",
2024,50858,인삼주,
2024,50861,"코코아,제티(동서식품)",
2024,50862,"위스키,조니워커(조니워커)",
2024,50864,"사이다,천연사이다(일화)",
2024,50865,"과일음료/과즙음료,초록매실(웅진식품)",
2024,50867,"사이다,칠성사이다(롯데칠성음료)",
2024,50869,"과일음료/과즙음료,카프리썬(농심)",
2024,50871,"커피음료,레쓰비",
2024,50876,"커피,분말,맥심모카골드(동서식품)",
2024,50884,"콜라,코카콜라(한국코카콜라보틀링)",
2024,50885,"과일음료/과즙음료,코코팜(해태음료)",
2024,50889,"과일탄산음료,쿨피스(자두맛)",
2024,50891,"사이다,킨사이다(한국코카콜라보틀링)",
2024,50893,"콜라,펩시콜라(롯데칠성음료)",
2024,50896,"과일음료/과즙음료,피크닉,애플(매일유업)",
2024,50898,한방주,
2024,50900,"우유,허쉬초콜렛드링크(매일유업)",
2024,50906,"과일탄산음료,환타(한국코카콜라보틀링)",
2024,50912,"자장소스,3분짜장(오뚜기)",
2024,50913,"카레소스,3분카레(오뚜기)",
2024,50914,"간장,청정원햇살담은진간장(대상)",
2024,50915,"간장,샘표간장(샘표식품)",
2024,50920,"간장,맑은조선국간장(샘표식품)",
2024,50921,"간장,맛간장(삼화)",
2024,50953,"조미소,감칠맛나는미원(대상)",
2024,50961,"고추장,새콤달콤초고추장(해찬들)",
2024,50983,"육수,냉면육수",
2024,50992,"마요네즈,오뚜기마요네즈(오뚜기)",
2024,50995,"조미소,미원(대상)",
2024,50999,"분말조미료,멸치맛나(대상)",
2024,51000,"분말조미료,멸치다시다(CJ)",
2024,51003,"분말조미료,쇠고기다시다(CJ)",
2024,51004,"분말조미료,조개다시다(CJ)",
2024,51023,"소금,맛소금(대상)",
2024,51024,"소금,맛소금(CJ)",
2024,51027,"소금,송화소금(암웨이)",
2024,51035,"후추,순후추(오뚜기)",
2024,51046,"식초,사과식초(오뚜기)",
2024,51054,"쌈장,사계절쌈장(해찬들)",
2024,51062,"토마토케첩,오뚜기케찹(오뚜기)",
2024,51068,"과자,계란과자(해태제과)",
2024,51078,"빵,보름달(샤니)",
2024,51088,"빵,식빵,숙식빵(샤니)",
2024,51162,"아이스크림,체리쥬빌레(베스킨라빈스31)",
2024,51165,"빙과,생귤탱귤(빙그레)",
2024,51167,"샤베트,와(롯데제과)",
2024,51180,"샤베트,팥빙수(롯데삼강)",
2024,51217,"맛술/미림,미향(오뚜기)",
2024,51219,"분말조미료,쇠고기다시다골드(CJ)",
2024,51226,"샐러드드레싱,파인애플드레싱",
2024,51237,"빵,델리만쥬",
2024,51242,"빵,식빵,밤식빵",
2024,51248,"과자,소라깡",
2024,51255,"과자,오사쯔(해태제과)",
2024,51268,"초코바,미니트윅스(MrFoodKorea)",
2024,51272,"두유,진콩두유(남양유업)",
2024,51285,"석류,주스,석류음료",
2024,51297,"어패류액젓,참치액젓",
2024,51307,"요구르트(호상),요플레(마일드플레인)(빙그레)",
2024,51312,"아이스밀크,별난바(롯데삼강)",
2024,51314,"빙과/샤베트,빙빙바(롯데제과)",
2024,51336,"빙과/샤베트,포도슬러쉬",
2024,51351,모과차,
2024,51368,"된장,막장",
2024,51374,"식초,양조식초(오뚜기)",
2024,52100,"고카페인음료,에너지드링크",
2024,61068,"양념장,고추다대기",
2024,61137,"포도,주스,자연은140일포도(웅진식품)",
2024,61139,"과자,로투스씽글팩(한국로투스㈜)",
2024,61143,"과자,스낵과자,누드빼빼로(롯데제과)",
2024,61173,"사탕,아이셔(오리온)",
2024,61179,"토마토,주스,하루야채(한국야쿠르트)",
2024,61182,"오렌지,주스,쌕쌕오렌지(롯데칠성음료)",
2024,61218,포도씨유(CJ),
2024,61224,"맥주,하이네켄(하이네켄)",
2024,61235,"홍차음료,립톤아이스캔(복숭아맛)(립톤)",
2024,61241,"된장,순창재래식된장(대상)",
2024,61256,"식초,사과식초(CJ)",
2024,61260,"카레소스,백세카레(오뚜기)",
2024,61261,"토마토케첩,하인즈토마토케첩(하인즈)",
2024,81010,"감자칩,수미칩 오리지널(농심)",
2024,81031,"과자,꼬깔콘 군옥수수맛(롯데)",
2024,81032,"과자,꼬깔콘 매운맛(롯데제과)",
2024,81033,"과자,꿀꽈배기(농심)",
2024,81034,"과자,나나콘(서울식품)",
2024,81039,"과자,도도한나초(오리온)",
2024,81040,"과자,도리토스 나쵸치즈맛(롯데제과)",
2024,81048,"과자,매운새우깡(농심)",
2024,81052,"과자,베이비스타 치킨맛 라멘(OYATSU COMPANY LTD)",
2024,81054,"과자,뿌셔뿌셔 불고기맛(오뚜기)",
2024,81056,"과자,새우깡(농심)",
2024,81058,"과자,스윙칩 스윙컷(오리온)",
2024,81062,"과자,썬칩 오리지널(오리온)",
2024,81063,"과자,썬칩 핫스파이시(오리온)",
2024,81068,"과자,옥수수브이콘(진한제과)",
2024,81078,"과자,초코과자미쯔(오리온)",
2024,81079,"과자,초코비(토하토)",
2024,81081,"과자,치킨팝 닭강정맛(오리온)",
2024,81084,"과자,콘초코(크라운제과)",
2024,81099,"국수,구포국수 중면(구포국수)",
2024,81184,"라면사리,오뚜기 라면사리(오뚜기)",
2024,81186,"롤빵,기린고소한옥수수모닝롤(롯데제과주식회사)",
2024,81188,"롤빵,오리지널프렌치버터롤(삼립식품)",
2024,81192,"만두,개성왕만두(동원F&B)",
2024,81204,"만두,비비고 물만두(씨제이푸드㈜)",
2024,81205,"만두,비비고 왕교자만두(씨제이푸드㈜)",
2024,81245,"미숫가루,이롬황성주 생식플러스((주)이롬)",
2024,81272,"볶음밥,낙지볶음밥(천일식품(주))",
2024,81289,"빵,부쉬맨브레드(아웃백스테이크하우스)",
2024,81301,"샌드과자,크라운산도 딸기맛(크라운제과)",
2024,81326,"시리얼,켈로그 스페셜K(농심)",
2024,81328,"시리얼,켈로그 오곡으로만든첵스초코(농심켈로그)",
2024,81330,"시리얼,켈로그 초코첵스(농심)",
2024,81341,"시리얼,포스트 그래놀라(동서식품)",
2024,81342,"시리얼,포스트 그래놀라블루베리(동서식품)",
2024,81343,"시리얼,포스트 그래놀라크랜베리아몬드(동서식품)",
2024,81351,"시리얼,포스트 오곡코코볼(동서식품)",
2024,81353,"시리얼,포스트 오레오오즈(동서식품)",
2024,81354,"시리얼,포스트 콘푸라이트(동서식품)",
2024,81355,"시리얼,포스트 콘푸라이트1/3슈거라이트(동서식품)",
2024,81356,"시리얼,포스트 콘푸로스트(동서식품)",
2024,81359,"식빵,56시간부드러운숙성우유식빵(샤니)",
2024,81379,"쌀과자,고소한쌀과자(우리씨앤디)",
2024,81384,"쌀과자,미왕 쌀과자(우리씨앤디(주))",
2024,81390,"쌀과자,참쌀선과(크라운제과)",
2024,81393,"쌀과자,크라운 참쌀설병(크라운)",
2024,81429,"웨하스,로아커(Loacker) Minis 바닐라맛(로아커)",
2024,81433,"웨하스,쿠크다스 화이트(크라운제과)",
2024,81434,"웨하스,쿠크다스커피슬림(크라운제과)",
2024,81436,"웨하스,키커(크라운제과)",
2024,81437,"웨하스,화이트하임(크라운제과)",
2024,81466,"잼빵,맛있는옛날꿀호떡(㈜삼립식품)",
2024,81487,"초코파이,몽쉘 카카오케이크(롯데제과)",
2024,81513,"쿠키,마요라 커피죠이크래커(인도네시아 PT.MAYORA INDAH. TBK.)",
2024,81525,"쿠키,오레오 초콜렛샌드위치화이트쿠키(미가방유한회사)",
2024,81526,"쿠키,오레오 초콜릿샌드위치쿠키(미가방유한회사)",
2024,81529,"쿠키,찰떡쿠키(청우식품)",
2024,81534,"쿠키,포키 오리지날(해태)",
2024,81535,"쿠키,포키 초코(해태)",
2024,81539,"크래커,하비스트 고소한맛(롯데제과)",
2024,81556,"팥빵,쫀득쫀득참붕어빵(오리온)",
2024,81558,"호빵,삼립호빵 옛날단팥(삼립)",
2024,81559,"호빵,피자호빵(삼립)",
2024,82003,"감자칩,구운감자(해태제과)",
2024,82004,"감자칩,눈을감자(오리온)",
2024,82007,"감자칩,알감자칩(농심)",
2024,82008,"감자칩,예감치즈그라탕(오리온)",
2024,82010,"감자칩,포테이토칩 오리지널(농심)",
2024,82011,"감자칩,프링글스 양파맛(한국프링글스)",
2024,82012,"감자칩,프링글스 치즈맛(한국프링글스)",
2024,82013,"감자칩,허니버터칩(해태)",
2024,82022,"당면,옛날자른당면(오뚜기)",
2024,83092,"물엿,백설 건강한요리올리고당(씨제이푸드㈜)",
2024,83099,"물엿,백설 프락토건강한단맛올리고당(씨제이푸드㈜)",
2024,83166,"사탕,마요라코피코커피맛(MAYORA INDAH TBK)",
2024,83178,"사탕,썬키스트 포도(해태제과)",
2024,83184,"사탕,오리지날 폴로(한국네슬레)",
2024,83190,"사탕,츄파춥스 라임맛(농심)",
2024,83195,"사탕,츄파춥스 오렌지맛(농심)",
2024,83196,"사탕,츄파춥스 포도맛(농심)",
2024,83204,"사탕,폭신폭신말랑카우 츄잉캔디(롯데)",
2024,83207,"사탕,호올스 허니레몬(태국 Cadbury Adams Ltd)",
2024,83209,"사탕,호올스(동서식품)",
2024,83223,"설탕,백설 브라운자일로스설탕(씨제이푸드㈜)",
2024,83259,"시리얼바,닥터유 에너지바(오리온)",
2024,83278,"젤리,뉴젤리뽀(호남샤니㈜)",
2024,83287,"젤리,웰치스 후르츠스넥(웰치스)",
2024,83289,"젤리,젤리스트로우(키즈웰(대만 TSANG LIN INDUSTRIES CORP))",
2024,83291,"젤리,트롤리구미캔디사우어글로우웜즈(부강무역)",
2024,83292,"젤리,하리보 골드베렌 (Haribo Gmbh & Co.KG)",
2024,83298,"초코바,스니커즈 미니(MARS.INC)",
2024,83299,"초코바,스니커즈 펀사이즈(글로버푸드)",
2024,83300,"초코바,자유시간미니(해태제과(주))",
2024,83302,"초코바,크런키초코바(롯데)",
2024,83305,"초코스프레드,뉴텔라 페레로(페레로(매일유업))",
2024,83313,"초콜렛,롯데 56%드림카카오(롯데제과주식회사)",
2024,83322,"초콜렛,석기시대(롯데제과)",
2024,83323,"코코아,스위스미스 밀크초콜릿(CONAGRA FOODS)",
2024,83326,"초콜렛,엠앤엠(m&m)(중국 Mars Foods)",
2024,83330,"우유,초코에몽(남양유업)",
2024,83339,"초콜렛,킨더초콜렛(수입원:매일유업)",
2024,83341,"초콜렛,킷캣(KITKAT)(네슬레)",
2024,83355,"초콜렛,허쉬아몬드초콜렛(허쉬코리아)",
2024,83358,"초콜렛,허쉬키세스쿠키앤크림(허쉬코리아)",
2024,83361,"카라멜,땅콩캬라멜(수덕식품)",
2024,83362,"카라멜,마산땅콩캬라멜1호(마산제과사)",
2024,83363,"카라멜,마이쮸 딸기맛(크라운제과)",
2024,83364,"카라멜,마이쮸 사과맛(크라운제과)",
2024,83365,"카라멜,마이쮸 포도맛(크라운제과)",
2024,83366,"카라멜,멘토스(퍼페티반멜레)",
2024,83367,"카라멜,미니멘토스(퍼페티반멜레)",
2024,83370,"카라멜,비틀즈(오리온)",
2024,84001,"나또,살아있는실의힘생나또(신선나또(주))",
2024,84012,"두부,국산네모난두부 부침용(풀무원)",
2024,84065,"두유,검은콩두유(한살림)",
2024,84066,"두유,검은콩두유베지밀(정식품)",
2024,84070,"두유,고소한아몬드&잣두유(연세유업)",
2024,84079,"두유,달콤한삼육두유B(삼육식품)",
2024,84087,"두유,베지밀 검은콩과검은참깨두유(정식품)",
2024,84091,"두유,베지밀 아몬드와호두(정식품)",
2024,84103,"두유,삼육 검은콩칼슘두유(삼육식품)",
2024,84104,"두유,삼육 고칼슘두유(삼육)",
2024,84106,"두유,삼육두유 검은콩참깨(삼육두유)",
2024,84107,"두유,삼육두유 검은콩호두&아몬드(삼육식품)",
2024,84108,"두유,삼육두유A(삼육식품)",
2024,84112,"두유,연세 검은콩두유(연세우유)",
2024,84113,"두유,연세 고칼슘두유(연세우유)",
2024,84124,"두유,이롬황성주 국산콩두유(한미메디케어㈜)",
2024,84125,"두유,이롬황성주 국산콩두유검은콩(한미메디커어㈜)",
2024,84140,"두유,푸르밀두유(푸르밀)",
2024,84144,"두유,현미참두유 오리지널(롯데칠성음료)",
2024,85001,"땅콩,머거본 꿀땅콩(청주홍일식품유한공사)",
2024,85045,"밤가공,맛밤(씨제이푸드㈜)",
2024,86021,"채소음료,웅진 자연은 내사랑토마토(웅진식품)",
2024,88031,"과일음료,사과한모금(㈜자연과사람들)",
2024,88044,"과일음료,아침에주스 100%사과(서울)",
2024,89044,"돼지고기가공,런천미트(한성기업㈜)",
2024,89049,"돼지고기가공,리챔 오리지널(동원F&B)",
2024,89057,"돼지고기가공,목우촌 주부9단 김밥햄(목우촌)",
2024,89093,"돼지고기가공,의성마늘프랑크(롯데푸드)",
2024,89131,"어육소시지,맥스봉(씨제이푸드㈜)",
2024,89137,"완자,동그랑땡(동원F&B)",
2024,91051,"액젓,청정원 서해안까나리액젓(㈜대상)",
2024,91055,"액젓,하선정 까나리액젓(씨제이푸드㈜)",
2024,91079,"어묵,삼호 부산어묵(씨제이푸드㈜)",
2024,91104,"참치통조림,로하이사조참치마일드(사조산업)",
2024,91106,"참치통조림,사조 마일드참치((주)사조산업)",
2024,91112,"참치통조림,콜라겐 동원참치(동원)",
2024,92059,"조미김,김구이(형제수산)",
2024,92068,"조미김,대천김(대천김)",
2024,92080,"조미김,더고소한김(해표)",
2024,92106,"조미김,삼육김(삼육수산㈜)",
2024,92116,"조미김,소문난광천김(㈜광천김)",
2024,92138,"조미김,양반김 들기름향이그윽한김(동원F&B)",
2024,92164,"조미김,지도표성경김(성경식품)",
2024,93010,"아이스밀크,거북알(롯데삼강)",
2024,93012,"빙과,더블더블(서주)",
2024,93014,"빙과,돌핀폴라레티(이태리 DOLFIN S.P.A)",
2024,93018,"빙과,색고드름(동성물산)",
2024,93020,"빙과,아이스가이피치(해태제과)",
2024,93025,"빙과,주물러 콜라(롯데)",
2024,93032,"산양유,산양유(자연드림)",
2024,93033,"아이스밀크,설레임 밀크(롯데제과)",
2024,93046,"빙과,수박바(롯데삼강)",
2024,93053,"빙과,와삭바(롯데삼강)",
2024,93061,"아이스밀크,초코퍼지(롯데삼강)",
2024,93071,"아이스크림,그라시아 쿠앤크(빙그레)",
2024,93075,"아이스크림,나뚜루녹차아이스크림(롯데제과)",
2024,93079,"아이스밀크,명가찰옥수수(롯데제과)",
2024,93080,"아이스크림,민트초코(베스킨라빈스31)",
2024,93086,"아이스밀크,빵빠레 초코(롯데삼강)",
2024,93089,"아이스크림,아몬드봉봉(베스킨라빈스31)",
2024,93090,"아이스밀크,아시나요(삼립식품)",
2024,93097,"아이스크림,위즐 바닐라피칸(롯데제과)",
2024,93099,"아이스밀크,참붕어싸만코 클래식(빙그레)",
2024,93104,"아이스크림,투게더 베리베리&굿(빙그레)",
2024,93106,"아이스크림,티코 밀크초코(롯데)",
2024,93111,"아이스크림,하겐다즈 바닐라(하겐다즈)",
2024,93118,"액상요구르트,소와나무 새코미(동원데어리푸드)",
2024,93120,"액상요구르트,에포카(합동산업㈜)",
2024,93125,"액상요구르트,유기농이오(남양유업)",
2024,93127,"액상요구르트,이오20's(남양)",
2024,93129,"액상요구르트,한국야쿠르트 라이트((주)한국야쿠르트)",
2024,93136,"요구르트,다논 마시는액티비아 사과맛(풀무원다논㈜)",
2024,93138,"요구르트,다논 액티비아 달지않은플레인(풀무원)",
2024,93141,"요구르트,다논 액티비아 복숭아(풀무원 다논(주))",
2024,93142,"요구르트,다논 액티비아 사과(다논)",
2024,93146,"요구르트,다논 액티비아 플레인(다논)",
2024,93149,"요구르트,덴마크 드링킹요구르트 딸기(동원데어리푸드)",
2024,93150,"요구르트,덴마크 드링킹요구르트 베리믹스(동원데어리푸드)",
2024,93151,"요구르트,덴마크 드링킹요구르트 사과(동원데어리푸드)",
2024,93153,"요구르트,덴마크 드링킹요구르트 플레인(㈜동원데어리푸드)",
2024,93164,"요구르트,비피더스 포도맛(푸르밀)",
2024,93167,"요구르트,비피더스명장 사과(㈜동원데어리푸드)",
2024,93189,"우유,가나초코우유(㈜푸르밀)",
2024,93206,"우유,과즙바나나우유(빙그레)",
2024,93224,"우유,내추럴플랜퓨어그래스밀크(한국아큐르트)",
2024,93230,"우유,대니쉬THE건강한우유(동원F&B)",
2024,93247,"우유,매일 저지방&고칼슘1%(매일유업)",
2024,93249,"우유,매일 저지방우유(매일유업)",
2024,93252,"우유,매일상아우유(매일유업)",
2024,93253,"우유,매일우유 무지방&칼슘(매일유업)",
2024,93254,"우유,매일우유 오리지널(매일우유)",
2024,93257,"우유,멸균서울우유(서울우유)",
2024,93262,"우유,목장의신선함이살아있는우유(서울우유)",
2024,93266,"우유,바나나는원래하얗다(매일유업)",
2024,93267,"우유,바나나맛우유 저지방(빙그레(주))",
2024,93269,"우유,범산목장유기농우유(범산목장)",
2024,93273,"우유,부산우유저지방(부산우유)",
2024,93274,"우유,부산우유클래식(부산우유)",
2024,93295,"우유,상하목장 유기농바나나우유(매일유업)",
2024,93296,"우유,상하목장 유기농우유(매일유업)",
2024,93297,"우유,상하목장 유기저지방우유(매일)",
2024,93300,"우유,서울우유 멸균우유(서울우유)",
2024,93305,"우유,소와나무 365신선한우유(동원F&B)",
2024,93312,"우유,소화가잘되는우유(매일유업)",
2024,93313,"우유,소화가잘되는우유저지방(매일유업)",
2024,93325,"우유,신선한하루 하루우유(한국야쿠르트)",
2024,93332,"우유,얼리브밀크 저지방&칼슘(동원데어리푸드)",
2024,93335,"우유,연세 자녀사랑키짱우유(연세유업)",
2024,93337,"우유,연세우유 세브란스고칼슘(연세우유)",
2024,93340,"우유,연세우유(멸균)(연세유업)",
2024,93347,"우유,우유속에딸기과즙(매일유업)",
2024,93349,"우유,우유속에코코아(매일유업)",
2024,93369,"우유,처음그대로1974우유(부산우유)",
2024,93391,"우유,파스퇴르우유(파스퇴르유업)",
2024,93392,"우유,파스퇴르유기농우유(파스퇴르)",
2024,93413,"우유,후레쉬밀크(서울우유)",
2024,93429,"치즈,덴마크 인포켓치즈 오리지널(동원 데어리푸드)",
2024,93432,"치즈,드빈치 체다슬라이스치즈(남양유업)",
2024,93446,"치즈,상하치즈 유기농아가치즈2단계(매일유업)",
2024,93449,"치즈,상하치즈 체다슬라이스(매일유업)",
2024,93459,"치즈,유기농앙팡아기치즈스텝1(서울우유)",
2024,93460,"치즈,유기농앙팡아기치즈스텝2(서울우유)",
2024,93492,"호상요구르트,떠먹는불가리스 딸기맛(남양유업)",
2024,93494,"호상요구르트,떠먹는불가리스 복숭아(남양)",
2024,93496,"호상요구르트,떠먹는불가리스 포도맛(남양)",
2024,93497,"호상요구르트,떠먹는비피더스 딸기(푸르밀)",
2024,93499,"호상요구르트,매일 바이오 딸기(매일유업)",
2024,93501,"호상요구르트,매일 바이오 플레인요거트(매일유업)",
2024,93506,"호상요구르트,비요뜨 초코링(서울우유)",
2024,93510,"호상요구르트,소와나무 생크림요거트(㈜동원데어리푸드)",
2024,93526,"호상요구르트,요플레 닥터캡슐사과(빙그레)",
2024,93528,"호상요구르트,요플레 바이오플레사과맛(빙그레)",
2024,93533,"호상요구르트,요플레 오리지널 복숭아(빙그레)",
2024,93534,"호상요구르트,요플레 클래식 플레인(빙그레)",
2024,93539,"호상요구르트,웃담순수요구르트(백인관광농원)",
2024,93549,"호상요구르트,짜먹는요플레키즈(딸기맛)(빙그레)",
2024,93552,"호상요구르트,짜요짜요 딸기맛(서울우유)",
2024,93553,"호상요구르트,짜요짜요 포도맛(서울우유)",
2024,93577,"호상요구르트,헬리코박터프로젝터윌 저지방(한국야쿠르트)",
2024,93578,"호상요구르트,후디스 그릭요거트플레인(일동후디스(주))",
2024,94005,"땅콩버터,스키피 땅콩버터 청크(유니레버)",
2024,94006,"땅콩버터,스키피 땅콩버터 크리미(미국 Skippy Foods.Inc.)",
2024,94007,"땅콩버터,스키피 수퍼청크피넛버터(HORMEL FOODS)",
2024,95008,"가당음료,귀여운내친구뽀로로 딸기맛((주)팔도)",
2024,95029,"가당음료,파워오투 오렌지레몬((주)농심)",
2024,95033,"가당음료분말,립톤아이스티믹스 레몬맛(유니레버)",
2024,95034,"가당음료분말,립톤아이스티믹스 복숭아맛(유니레버코리아)",
2024,95041,"가당음료분말,티오아이스티 복숭아맛(동서식품)",
2024,95052,"건강음료,원비디(일양약품)",
2024,95068,"과일음료,가야 알로에농장(가야농장)",
2024,95069,"과일음료,갈아만든배(해태)",
2024,95078,"과일음료,델몬트 사과드링크(롯데칠성음료㈜)",
2024,95080,"과일음료,델몬트 오렌지드링크(롯데칠성음료㈜)",
2024,95090,"과일음료,매일 피크닉 복숭아(매일)",
2024,95118,"과일음료,코코팜 피치핑크복숭아(해태음료)",
2024,95159,"비가당음료,광동 옥수수수염차(광동제약)",
2024,95162,"탄산음료,나랑드(동아오츠카)",
2024,95164,"비가당음료,몸이가벼워지는시간17차(남양)",
2024,95178,"식초,청정원 마시는홍초 블루베리(㈜대상)",
2024,95180,"식초,청정원 마시는홍초 석류(㈜대상)",
2024,95183,"식혜,잔치집식혜(롯데칠성음료)",
2024,95187,"쌍화차,쌍화차(담터)",
2024,95189,"유산균음료,쥬시쿨 자두맛(빙그레)",
2024,95190,"유산균음료,쥬시쿨 파인애플(빙그레)",
2024,95192,"유산균음료,쿨피스 파인애플맛(㈜동원데어리푸드)",
2024,95198,"율무차,담터 율무차(담터)",
2024,95200,"율무차,담터 호두아몬드율무차(담터)",
2024,95210,"율무차,콘플레이크천마차(KY식품)",
2024,95224,"차음료,하늘보리(웅진식품)",
2024,95230,"채소음료,미닛메이드 알로에주스(코카콜라음료(주))",
2024,95241,"카페인음료,레드불(동서음료)",
2024,95242,"카페인음료,박카스디액(동아제약)",
2024,95246,"카페인음료,핫식스(롯데칠성음료)",
2024,95247,"커피믹스,3in1 TRUNG NGUYEN(TRUNG NGUYEN SINGAPORE PTE LTD)",
2024,95250,"커피믹스,까페드다몬 오리지날 커피믹스(한국암웨이(주))",
2024,95251,"커피믹스,네스까페 수프리모 부드러운블랙(한국네슬레)",
2024,95252,"커피믹스,네스까페 수프리모 커피믹스(네스카페)",
2024,95262,"커피믹스,맥심 부드러운블랙믹스모카골드(동서식품)",
2024,95263,"커피믹스,맥심 부드러운블랙아라비카100(동서식품)",
2024,95265,"커피믹스,맥심 아라비카100커피믹스(동서식품)",
2024,95267,"커피믹스,맥심 아이스커피믹스(동서식품)",
2024,95273,"커피믹스,맥심 화이트골드 커피믹스(동서식품)",
2024,95279,"커피믹스,애터미 카페 아라비카(애터미(주))",
2024,95292,"커피분말,테이스터스초이스 하우스블렌드(한국네슬레)",
2024,95298,"커피믹스,프렌치카페 카페믹스아라비카골드라벨(남양유업)",
2024,95300,"커피믹스,프렌치카페 카페믹스클래식(남양유업)",
2024,95304,"커피분말,G7 coffee(베트남산)",
2024,95313,"커피분말,맥심 디카페인(동서식품)",
2024,95314,"커피분말,맥심 아라비카100(동서식품)",
2024,95315,"커피분말,맥심 카누 콜롬비아블랜드 다크로스트 아메리카노(동서식품)",
2024,95316,"커피분말,맥심 카누 콜롬비아블랜드 마일드로스트 아메리카노(동서식품)",
2024,95318,"커피분말,애터미 카페 아라비카블랙(애터미(주))",
2024,95322,"커피분말,테이스터스초이스 수프리모(한국네슬레)",
2024,95323,"커피분말,테이스터스초이스 오리지날(한국네슬레)",
2024,95332,"커피음료,레쓰비카페타임아메리카노(롯데)",
2024,95337,"커피음료,맥심 티오피 더블랙(동서식품)",
2024,95338,"커피음료,맥심 티오피 마스터라떼(동서)",
2024,95340,"커피음료,맥심 티오피 스위트아메리카노(동서식품)",
2024,95341,"커피음료,모카레쓰비(롯데칠성)",
2024,95345,"커피음료,바리스타 에스프레소라떼(매일유업)",
2024,95347,"커피음료,바리스타커피 모카프레소(매일유업)",
2024,95351,"커피음료,산타페 오리지날(팔도)",
2024,95353,"커피음료,스타벅스 더블샷에스프레소&크림(스타벅스)",
2024,95356,"커피음료,아카펠라 아메리카노(빙그레)",
2024,95360,"커피음료,조지아 까페라떼(한국코카콜라보틀링)",
2024,95367,"커피음료,조지아 오리지널(한국코카콜라보틀링)",
2024,95375,"커피음료,칸타타 카라멜마키아또(롯데칠성음료)",
2024,95376,"커피음료,칸타타 프리미엄라떼(롯데칠성음료)",
2024,95378,"커피음료,프렌치카페 카라멜마끼아또(남양유업)",
2024,95392,"콜라,코카콜라 제로(한국코카콜라주식회사)",
2024,95395,"콜라,펩시제로콜라(롯데칠성음료)",
2024,95398,"탄산수,초정탄산수((주)일화초정공장)",
2024,95399,"탄산수,트레비레몬(롯데칠성음료)",
2024,95402,"탄산음료,데미소다 애플(동아오츠카)",
2024,95411,"탄산음료,환타 파인애플맛(한국코카콜라주식회사)",
2024,95412,"탄산음료,환타 포도맛(한국코카콜라주식회사)",
2024,95424,"막걸리,가평잣막걸리(가평양조장)",
2024,95426,"막걸리,국순당 쌀막걸리(국순당)",
2024,95434,"막걸리,무등산쌀막걸리(광주무등산탁주)",
2024,95438,"막걸리,불로생막걸리(대구탁주합동)",
2024,95441,"막걸리,생막걸리(국순당)",
2024,95442,"막걸리,생소성주(인천탁주합동제1공장)",
2024,95443,"막걸리,생탁(부산합동양조)",
2024,95446,"막걸리,서울장수막걸리(서울탁주)",
2024,95447,"막걸리,소성주막걸리(인천탁주)",
2024,95451,"막걸리,여수생막걸리(여수주조공사)",
2024,95458,"막걸리,장수생막거리(서울장수주식회사)",
2024,95460,"막걸리,제주생막걸리(제주막걸리(주))",
2024,95470,"맥주,기네스(기네스맥주)",
2024,95471,"맥주,기린맥주(하이트진로)",
2024,95473,"맥주,맥스(하이트진로㈜)",
2024,95474,"맥주,밀러 제뉴인드래프트(밀러브루잉 컴퍼니)",
2024,95476,"맥주,삿뽀로 프리미엄 맥주(Sappro viefram Ltd)",
2024,95477,"맥주,아사히맥주(아사히(주))",
2024,95481,"맥주,카스 라이트(OB)",
2024,95486,"맥주,클라우드맥주(롯데주류(주))",
2024,95489,"맥주,하이트제로(하이트맥주)",
2024,95490,"맥주,호가든(OB맥주)",
2024,95498,"소주,오투린소주(㈜선양)",
2024,95500,"소주,좋은데이(㈜무학소주)",
2024,95502,"소주,진로소주(하이트진로)",
2024,95503,"소주,참이슬 후레쉬(하이트진로)",
2024,95504,"소주,처음처럼 (롯데주류BG)",
2024,95505,"소주,한라산 순한소주(한라산)",
2024,95515,"위스키,윈저(디아지오코리아)",
2024,95519,"청주,청하(롯데주류BG)",
2024,96028,"간장,샘표 국간장(샘표식품)",
2024,96031,"간장,샘표 진간장(샘표식품)",
2024,96032,"간장,샘표 진간장금S(샘표식품)",
2024,96042,"간장,신앙촌생명물 양조간장(신앙촌식품)",
2024,96063,"간장,저염간장(샘표식품)",
2024,96069,"간장,쯔유(일산)",
2024,96085,"간장,황가오복양조간장(오복식품)",
2024,96088,"건야채스프,신라면 후레이크(농심)",
2024,96089,"겨자,연겨자(㈜대상)",
2024,96097,"고기양념,백설 소불고기양념(씨제이푸드㈜)",
2024,96170,"굴소스,백설 남해굴소스(씨제이푸드㈜)",
2024,96227,"마요네즈,오뚜기 고소한골드마요네즈(오뚜기)",
2024,96234,"맛술,생강&매실 미정(㈜대상)",
2024,96236,"맛술,청정원 생강&매실 미정(㈜대상)",
2024,96252,"머스터드소스,허니머스타드소스(오뚜기)",
2024,96273,"샐러드드레싱,청정원 그린키위드레싱소스(㈜대상)",
2024,96276,"샐러드드레싱,청정원 참깨흑임자드레싱(㈜대상)",
2024,96491,"양념가루,가쓰오풍후리가께(㈜이렌푸드)",
2024,96533,"양념간장,홍게맛장소스(홍일점)",
2024,96535,"양념고추장,쇠고기볶음고추장(㈜대상)",
2024,96570,"조미료,연두 순(샘표)",
2024,96571,"조미료,연두 진(샘표)",
2024,96575,"조미료,청정원 맛선생 소고기(㈜대상)",
2024,96584,"조미스프,신라면 분말스프(농심)",
2024,96618,"카레분말,백세카레 순한맛(오뚜기)",
2024,96624,"카레분말,오뚜기 카레 매운맛(오뚜기)",
2024,96625,"카레분말,오뚜기 카레 순한맛(오뚜기)",
2024,96626,"카레분말,오뚜기 카레 약간매운맛((주)오뚜기)",
2024,96629,"카레분말,청정원 우리쌀카레여왕구운마늘&양파(㈜대상)",
2024,96633,"카레분말바,백세카레고형 약간매운맛(오뚜기)",
2024,96636,"카레소스,오뚜기 3분카레 매운맛(오뚜기)",
2024,96637,"카레소스,오뚜기 3분카레 순한맛(오뚜기)",
2024,96638,"카레소스,오뚜기 3분카레 약간매운맛(오뚜기)",
2024,96669,"혼합장,청정원 순창양념듬뿍쌈장(㈜대상)",
2024,97010,"스파게티소스,오뚜기 프레스코토마토소스(오뚜기)",
2024,97012,"스파게티소스,토마토파스타소스(씨제이제일제당(주))",
2024,97024,"스프분말,청정원 우리쌀양송이스프(㈜대상)",
2024,97031,"핫도그,올바른핫도그(풀무원)",
2024,98019,"단백질보충제,뉴트리파이토프로틴(한국암웨이)",
