fdc_id,ndb_number,description,food_category,alpha_carotene_ug,beta_carotene_ug,beta_cryptoxanthin_ug,lutein_zeaxanthin_ug,lycopene_ug
167516,18932,"Waffles, buttermilk, frozen, ready-to-heat",Baked Products,0,2,2,63,0
167517,18933,"Waffle, buttermilk, frozen, ready-to-heat, toasted",Baked Products,0,2,2,66,0
167520,18942,"Pie Crust, Cookie-type, Graham Cracker, Ready Crust",Baked Products,0,0,0,23,0
167521,18943,"Pie Crust, Cookie-type, Chocolate, Ready Crust",Baked Products,0,0,0,12,0
167522,18944,"Pie, Dutch Apple, Commercially Prepared",Baked Products,0,10,11,42,1
167524,18951,"Waffles, chocolate chip, frozen, ready-to-heat",Baked Products,0,0,0,22,0
167526,18953,"Bread, salvadoran sweet cheese (quesadilla salvadorena)",Baked Products,0,81,1,41,0
167528,18959,"Pastry, Pastelitos de Guava (guava pastries)",Baked Products,0,17,3,14,348
167532,18967,"Bread, white wheat",Baked Products,0,2,0,25,0
167533,18968,"Bagels, wheat",Baked Products,0,2,0,88,0
167534,18969,"Cream puff, eclair, custard or cream filled, iced",Baked Products,0,1,1,86,0
167535,18970,"Tortillas, ready-to-bake or -fry, flour, shelf stable",Baked Products,0,0,0,12,0
167536,19002,"Snacks, beef jerky, chopped and formed",Snacks,0,0,0,0,0
167537,19003,"Snacks, corn-based, extruded, chips, plain",Snacks,2,20,41,527,0
167540,19013,"Snacks, fruit leather, pieces",Sweets,1,34,0,51,0
167541,19014,"Snacks, fruit leather, rolls",Sweets,1,34,0,41,0
167542,19015,"Snacks, granola bars, hard, plain",Snacks,6,17,0,189,0
167546,19025,"Candies, honey-combed, with peanut butter",Sweets,0,0,0,0,0
167547,19026,"Snacks, granola bars, soft, coated, milk chocolate coating, peanut butter",Snacks,0,6,0,33,0
167549,19035,"Snacks, popcorn, oil-popped, microwave, regular flavor, no trans fat",Snacks,46,70,0,829,0
167550,19036,"Snacks, popcorn, cakes",Snacks,21,33,0,537,0
167551,19038,"Snacks, popcorn, caramel-coated, with peanuts",Snacks,23,35,0,580,0
167552,19039,"Snacks, popcorn, caramel-coated, without peanuts",Snacks,0,1,0,0,0
167553,19045,"Snacks, potato chips, made from dried potatoes, reduced fat",Snacks,0,0,0,0,0
167555,19047,"Snacks, pretzels, hard, plain, salted",Snacks,0,0,0,9,0
167556,19048,"Snacks, pretzels, hard, confectioner's coating, chocolate-flavor",Snacks,0,0,0,9,0
167558,19056,"Snacks, tortilla chips, plain, white corn, salted",Snacks,0,2,2,5,0
167559,19057,"Snacks, tortilla chips, nacho cheese",Snacks,8,35,55,769,33
167564,19068,"Candies, NESTLE, BIT-O'-HONEY Candy Chews",Sweets,0,0,0,0,0
167565,19069,"Candies, NESTLE, BUTTERFINGER Bar",Sweets,0,0,0,0,0
167566,19076,"Candies, caramels, chocolate-flavor roll",Sweets,0,0,0,1,0
167568,19078,"Baking chocolate, unsweetened, squares",Sweets,0,0,0,38,0
167569,19079,"Candies, confectioner's coating, yogurt",Sweets,0,0,0,0,0
167570,19086,"Candies, confectioner's coating, peanut butter",Sweets,0,0,0,0,0
167571,19087,"Candies, white chocolate",Sweets,0,0,0,0,0
167572,19088,"Ice creams, vanilla, light",Sweets,0,14,0,0,0
167573,19089,"Ice creams, vanilla, rich",Sweets,1,32,1,34,0
167574,19094,"Desserts, flan, caramel custard, prepared-from-recipe",Sweets,0,5,2,65,0
167575,19095,"Ice creams, vanilla",Sweets,0,19,0,0,0
167576,19096,"Ice creams, vanilla, light, soft-serve",Sweets,0,5,0,0,0
167577,19097,"Sherbet, orange",Sweets,0,1,5,7,0
167579,19103,"Candies, fudge, vanilla, prepared-from-recipe",Sweets,0,10,0,0,0
167580,19104,"Candies, fudge, vanilla with nuts",Sweets,0,11,0,1,0
167582,19111,"Candies, NESTLE, BABY RUTH Bar",Sweets,0,0,0,0,0
167584,19113,"Syrups, table blends, pancake, with butter",Sweets,0,0,0,0,0
167585,19114,"Ice creams, chocolate, light",Sweets,0,135,0,1,0
167587,19120,"Candies, milk chocolate",Sweets,0,0,0,6,0
167588,19121,"Puddings, banana, dry mix, instant, prepared with 2% milk",Sweets,,10,,,
167589,19122,"Puddings, banana, dry mix, regular, prepared with 2% milk",Sweets,,10,,,
167602,31019,"Seaweed, Canadian Cultivated EMI-TSUNOMATA, dry",Vegetables and Vegetable Products,0,4872,0,,0
167603,31020,"Seaweed, Canadian Cultivated EMI-TSUNOMATA, rehydrated",Vegetables and Vegetable Products,0,592,0,,0
167606,31023,"Sweet Potatoes, french fried, frozen as packaged, salt added in processing",Vegetables and Vegetable Products,0,5204,0,8,0
167607,35049,"Moose, meat, raw (Alaska Native)",American Indian/Alaska Native Foods,0,0,0,0,0
167638,35149,"Fish, halibut, raw, with skin (Alaska Native)",American Indian/Alaska Native Foods,0,0,0,0,0
167639,35150,"Fish, salmon, coho (silver), raw (Alaska Native)",American Indian/Alaska Native Foods,0,0,0,0,0
167640,35155,"Blueberries, wild, raw (Alaska Native)",American Indian/Alaska Native Foods,0,69,0,,0
167641,35156,"Oil, spotted seal (Alaska Native)",American Indian/Alaska Native Foods,0,0,0,0,0
167642,35157,"Fish, salmon, red, canned, bones removed (Alaska Native)",American Indian/Alaska Native Foods,0,0,0,0,0
167643,35158,"Fish, whitefish, eggs (Alaska Native)",American Indian/Alaska Native Foods,0,0,0,0,0
167644,35160,"Caribou, rump meat, half dried (Alaska Native)",American Indian/Alaska Native Foods,0,0,0,0,0
167645,35166,"Fish, salmon, red, (sockeye), canned, smoked (Alaska Native)",American Indian/Alaska Native Foods,0,0,0,0,0
167646,35167,"Fish, salmon, red, (sockeye), kippered (Alaska Native)",American Indian/Alaska Native Foods,0,0,0,0,0
167647,35168,"Fish, salmon, king, with skin, kippered, (Alaska Native)",American Indian/Alaska Native Foods,0,0,0,0,0
167648,35169,"Fish, sheefish, raw (Alaska Native)",American Indian/Alaska Native Foods,0,0,0,0,0
167650,35175,"Seal, bearded (Oogruk), meat, partially dried (Alaska Native)",American Indian/Alaska Native Foods,0,0,0,0,0
167652,35177,"Elk, free range, roast, eye of round, raw (Shoshone Bannock)",American Indian/Alaska Native Foods,0,0,0,0,0
167653,35183,"Corn, dried, yellow (Northern Plains Indians)",American Indian/Alaska Native Foods,18,117,61,,0
167654,35184,"Smelt, dried (Alaska Native)",American Indian/Alaska Native Foods,0,0,0,0,0
167657,36060,"ON THE BORDER, soft taco with ground beef, cheese and lettuce",Restaurant Foods,0,53,0,28,686
167658,36061,"Restaurant, Mexican, soft taco with ground beef, cheese and lettuce",Restaurant Foods,0,61,2,44,696
167660,36403,"Restaurant, Latino, empanadas, beef, prepared",Restaurant Foods,0,73,33,174,417
167662,36409,"Restaurant, Latino, pupusas con queso (pupusas, cheese)",Restaurant Foods,0,18,1,2,0
167663,36410,"Restaurant, Latino, pupusas del cerdo (pupusas, pork)",Restaurant Foods,0,35,0,26,752
167664,36411,"Restaurant, Latino, tamale, corn",Restaurant Foods,1,23,4,145,0
167665,36417,"Restaurant, Mexican, spanish rice",Restaurant Foods,8,54,0,66,452
167666,36418,"Restaurant, Mexican, refried beans",Restaurant Foods,0,3,0,0,0
167668,36602,"Restaurant, Chinese, fried rice, without meat",Restaurant Foods,38,128,0,103,3
167671,36609,"CRACKER BARREL, macaroni n' cheese plate, from kid's menu",Restaurant Foods,0,22,1,37,0
167674,36617,"Restaurant, Chinese, lemon chicken",Restaurant Foods,0,1,1,36,0
167675,36618,"Restaurant, Chinese, general tso's chicken",Restaurant Foods,2,37,9,99,20
167676,36619,"Restaurant, Chinese, kung pao chicken",Restaurant Foods,341,601,16,226,0
167677,36625,"Restaurant, Chinese, vegetable lo mein, without meat",Restaurant Foods,21,97,0,112,3
167678,36626,"Restaurant, Chinese, chicken and vegetables",Restaurant Foods,66,286,0,301,0
167679,36629,"Restaurant, Chinese, orange chicken",Restaurant Foods,0,9,3,81,25
167680,36630,"Restaurant, Italian, spaghetti with meat sauce",Restaurant Foods,6,134,4,122,2236
167681,42055,"Beverages, fruit-flavored drink, dry powdered mix, low calorie, with aspartame",Beverages,0,0,0,0,0
167682,42063,"Pectin, liquid",Sweets,0,0,0,0,0
167683,42074,"Frozen novelties, ice cream type, vanilla ice cream, light, no sugar added, chocolate coated",Sweets,0,44,0,0,0
167684,42116,"Creamy dressing, made with sour cream and/or buttermilk and oil, reduced calorie",Fats and Oils,17,64,1,78,5
167685,42129,"Bologna, beef and pork, low fat",Sausages and Luncheon Meats,0,0,0,0,0
167686,42131,"Milk dessert, frozen, milk-fat free, chocolate",Sweets,0,18,0,0,0
167687,42135,"Whipped topping, frozen, low fat",Dairy and Egg Products,0,45,0,0,0
167688,42136,"Cream substitute, powdered, light",Dairy and Egg Products,0,9,0,0,0
167689,42148,"Candies, MARS SNACKFOOD US, M&M's Peanut Butter Chocolate Candies",Sweets,0,0,0,0,0
167690,42150,"Babyfood, apple yogurt dessert, strained",Baby Foods,0,7,5,7,0
167691,42151,"Vegetable oil-butter spread, reduced calorie",Fats and Oils,0,610,0,0,0
167692,42153,"Salad dressing, blue or roquefort cheese dressing, light",Fats and Oils,4,19,4,126,0
167693,42171,"Salad dressing, french dressing, reduced calorie",Fats and Oils,4,120,0,0,3843
167694,42173,"Sausage, turkey and pork, fresh, bulk, patty or link, cooked",Sausages and Luncheon Meats,0,0,0,0,0
167695,42178,"Mayonnaise, made with tofu",Fats and Oils,0,23,6,21,0
167696,42179,"Frankfurter, beef, low fat",Sausages and Luncheon Meats,0,0,0,0,0
167697,42189,"Milk, buttermilk, fluid, cultured, reduced fat",Dairy and Egg Products,0,3,0,0,0
167698,42190,"Pork sausage rice links, brown and serve, cooked",Sausages and Luncheon Meats,0,0,0,0,0
167699,42192,"Salad dressing, blue or roquefort cheese dressing, fat-free",Fats and Oils,0,2,0,0,0
167700,42193,"Salad Dressing, mayonnaise-like, fat-free",Fats and Oils,0,0,0,0,0
167701,42196,"Candies, MARS SNACKFOOD US, MILKY WAY Midnight Bar",Sweets,0,10,0,6,0
167702,42231,"Oil, flaxseed, cold pressed",Fats and Oils,0,0,0,0,0
167703,42235,"Cheese, cottage, lowfat, 1% milkfat, lactose reduced",Dairy and Egg Products,0,3,0,0,0
167704,43331,"Salad dressing, bacon and tomato",Fats and Oils,0,92,52,29,2597
167705,43340,"Cheese, parmesan, low sodium",Dairy and Egg Products,0,32,0,0,0
167706,43344,"Jams, preserves, marmalade, reduced sugar",Sweets,0,5,0,20,0
167707,43345,"Beverages, fruit-flavored drink, powder, with high vitamin C with other added vitamins, low calorie",Beverages,0,2,10,13,0
167708,43365,"Tomato and vegetable juice, low sodium",Vegetables and Vegetable Products,210,830,0,80,9660
167709,43366,"Turkey, wing, smoked, cooked, with skin, bone removed",Poultry Products,0,0,0,0,0
167710,43367,"Turkey, drumstick, smoked, cooked, with skin, bone removed",Poultry Products,0,0,0,0,0
167711,43369,"Beverages, Chocolate-flavored drink, whey and milk based",Beverages,0,0,0,1,0
167712,43378,"Pork, cured, bacon, cooked, broiled, pan-fried or roasted, reduced sodium",Pork Products,0,0,0,0,0
167713,43391,"Turkey, light or dark meat, smoked, cooked, skin and bone removed",Poultry Products,0,0,0,0,0
167714,43392,"Hearts of palm, raw",Vegetables and Vegetable Products,0,41,0,0,0
167715,43393,"Cereals ready-to-eat, POST, Shredded Wheat n' Bran, spoon-size",Breakfast Cereals,0,0,0,236,0
167716,43396,"Cheese, cottage, lowfat, 1% milkfat, with vegetables",Dairy and Egg Products,0,34,0,16,0
167717,43406,Yeast extract spread,Vegetables and Vegetable Products,0,0,0,0,0
167718,43408,"Babyfood, juice, pear",Baby Foods,0,0,0,0,0
167719,43410,"Chicken, meatless, breaded, fried",Legumes and Legume Products,0,0,0,0,0
167720,43417,"Babyfood, meat, beef with vegetables, toddler",Baby Foods,231,569,0,171,1706
167721,43450,"Frozen novelties, juice type, juice with cream",Sweets,0,59,0,27,0
167722,43476,Tofu yogurt,Legumes and Legume Products,0,20,0,0,0
167723,43479,"Alcoholic beverage, rice (sake)",Beverages,0,0,0,0,0
167724,43483,"Millet, puffed",Breakfast Cereals,0,0,0,0,0
167725,43495,"Cereals ready-to-eat, OAT BRAN FLAKES, HEALTH VALLEY",Breakfast Cereals,0,0,0,203,0
167726,43523,"Babyfood, mixed fruit yogurt, strained",Baby Foods,1,28,14,19,0
167727,43528,"Beverages, ABBOTT, ENSURE PLUS, ready-to-drink",Beverages,0,0,0,0,0
167728,43529,"Babyfood, rice and apples, dry",Baby Foods,0,4,3,8,0
167729,43535,"Babyfood, juice, apple - cherry",Baby Foods,0,11,0,21,0
167730,43543,"Milk, imitation, non-soy",Dairy and Egg Products,0,0,0,0,0
167731,43544,"Babyfood, cereal, rice with pears and apple, dry, instant fortified",Baby Foods,0,0,0,1,0
167732,43546,"Babyfood, banana no tapioca, strained",Baby Foods,2,2,0,20,0
167733,43550,"Babyfood, banana apple dessert, strained",Baby Foods,8,12,3,10,0
167734,43595,"Breakfast bar, corn flake crust with fruit",Snacks,0,0,0,40,0
167735,43597,"Cheese, mozzarella, low sodium",Dairy and Egg Products,0,44,0,0,0
167736,43598,"Mayonnaise dressing, no cholesterol",Fats and Oils,0,0,0,0,0
167737,44005,"Oil, corn, peanut, and olive",Fats and Oils,0,0,0,0,0
167738,44158,"Pie fillings, blueberry, canned",Sweets,0,13,0,33,0
167739,44203,"Beverages, Cocktail mix, non-alcoholic, concentrated, frozen",Beverages,0,2,9,12,0
167740,44258,"Puddings, chocolate flavor, low calorie, regular, dry mix",Sweets,0,0,0,9,0
167741,44259,"Puddings, all flavors except chocolate, low calorie, regular, dry mix",Sweets,0,0,0,0,0
167742,90240,"Mollusks, scallop, (bay and sea), cooked, steamed",Finfish and Shellfish Products,0,0,0,0,0
167743,90480,"Syrup, Cane",Sweets,0,0,0,0,0
167744,90560,"Mollusks, snail, raw",Finfish and Shellfish Products,0,0,0,0,0
167745,93600,"Turtle, green, raw",Finfish and Shellfish Products,0,0,0,0,0
167746,9150,"Lemons, raw, without peel",Fruits and Fruit Juices,1,3,20,11,0
167747,9152,"Lemon juice, raw",Fruits and Fruit Juices,0,1,4,15,0
167748,9153,"Lemon juice from concentrate, canned or bottled",Fruits and Fruit Juices,0,0,40,11,0
167749,9156,"Lemon peel, raw",Fruits and Fruit Juices,1,7,45,18,0
167750,9287,"Prickly pears, raw",Fruits and Fruit Juices,0,25,3,,
167751,9292,"Plums, dried (prunes), stewed, without added sugar",Fruits and Fruit Juices,25,173,41,65,0
167753,9294,"Prune juice, canned",Fruits and Fruit Juices,0,2,0,40,0
167754,9295,"Pummelo, raw",Fruits and Fruit Juices,0,0,10,,
167755,9302,"Raspberries, raw",Fruits and Fruit Juices,16,12,0,136,0
167756,9304,"Raspberries, canned, red, heavy syrup pack, solids and liquids",Fruits and Fruit Juices,16,12,0,91,0
167757,9306,"Raspberries, frozen, red, sweetened",Fruits and Fruit Juices,29,21,0,113,0
167758,9307,"Rhubarb, raw",Fruits and Fruit Juices,0,61,0,170,0
167760,9314,"Sapote, mamey, raw",Fruits and Fruit Juices,0,82,7,204,199
167761,9315,"Soursop, raw",Fruits and Fruit Juices,0,1,0,0,0
167762,9316,"Strawberries, raw",Fruits and Fruit Juices,0,7,0,26,0
167763,9322,"Tamarinds, raw",Fruits and Fruit Juices,0,18,0,0,0
167765,9326,"Watermelon, raw",Fruits and Fruit Juices,0,303,78,8,4532
167766,9328,"Maraschino cherries, canned, drained",Fruits and Fruit Juices,0,27,0,59,0
167767,9354,"Pineapple, canned, juice pack, drained",Fruits and Fruit Juices,0,30,0,0,0
167768,9357,"Apricots, canned, heavy syrup, drained",Fruits and Fruit Juices,0,1746,16,39,0
167770,9367,"Cherries, sweet, canned, pitted, heavy syrup, drained",Fruits and Fruit Juices,0,142,0,57,0
167771,9400,"Apple juice, canned or bottled, unsweetened, with added ascorbic acid",Fruits and Fruit Juices,0,0,0,16,0
167776,9412,"Pears, raw, bartlett (Includes foods for USDA's Food Distribution Program)",Fruits and Fruit Juices,2,14,3,51,0
167777,9413,"Pears, raw, red anjou",Fruits and Fruit Juices,0,14,1,53,0
167778,9414,"Pears, raw, bosc (Includes foods for USDA's Food Distribution Program)",Fruits and Fruit Juices,0,11,0,11,0
167779,9415,"Pears, raw, green anjou (Includes foods for USDA's Food Distribution Program)",Fruits and Fruit Juices,0,14,1,46,0
167781,9426,Candied fruit,Fruits and Fruit Juices,0,9,5,11,0
167782,9427,"Abiyuch, raw",Fruits and Fruit Juices,0,60,,,
167783,9428,"Rowal, raw",Fruits and Fruit Juices,0,230,,,
167784,9435,"Guava nectar, canned, with added ascorbic acid",Fruits and Fruit Juices,,,,0,35
167785,9436,"Mango nectar, canned",Fruits and Fruit Juices,0,402,26,0,0
167786,9437,"Tamarind nectar, canned",Fruits and Fruit Juices,0,0,0,0,0
167787,9442,"Pomegranate juice, bottled",Fruits and Fruit Juices,0,0,0,0,0
167789,9449,"Nance, frozen, unsweetened",Fruits and Fruit Juices,3,40,5,569,0
167790,9450,"Naranjilla (lulo) pulp, frozen, unsweetened",Fruits and Fruit Juices,4,333,10,299,0
167791,9451,Horned melon (Kiwano),Fruits and Fruit Juices,,88,,,
167792,9452,Orange Pineapple Juice Blend,Fruits and Fruit Juices,3,5,9,14,0
167793,9504,"Apples, raw, fuji, with skin (Includes foods for USDA's Food Distribution Program)",Fruits and Fruit Juices,0,17,11,11,0
167794,9506,"Orange juice, chilled, includes from concentrate, with added calcium and vitamins A, D, E",Fruits and Fruit Juices,8,8,27,27,0
167796,9508,"Fruit juice smoothie, NAKED JUICE, GREEN MACHINE",Fruits and Fruit Juices,5,247,15,183,0
167798,9515,"Fruit juice smoothie, BOLTHOUSE FARMS, GREEN GOODNESS",Fruits and Fruit Juices,12,242,4,16,0
167799,9516,"Fruit juice smoothie, BOLTHOUSE FARMS, strawberry banana",Fruits and Fruit Juices,4,9,1,25,0
167800,9517,"Apple juice, canned or bottled, unsweetened, with added ascorbic acid, calcium, and potassium",Fruits and Fruit Juices,0,0,0,16,0
167802,9524,"Lemon juice from concentrate, bottled, REAL LEMON",Fruits and Fruit Juices,0,0,40,11,0
167803,9525,"Cranberry sauce, whole, canned, OCEAN SPRAY",Fruits and Fruit Juices,,20,,,
167804,9526,"Cranberry sauce, jellied, canned, OCEAN SPRAY",Fruits and Fruit Juices,,20,,,
167805,9528,"Ruby Red grapefruit juice blend (grapefruit, grape, apple), OCEAN SPRAY, bottled, with added vitamin C",Fruits and Fruit Juices,,77,,,116
167808,9552,"Raspberries, puree, seedless",Fruits and Fruit Juices,30,8,0,448,0
167809,9553,"Raspberries, puree, with seeds",Fruits and Fruit Juices,79,19,0,469,0
167810,10003,"Pork, fresh, composite of trimmed leg, loin, shoulder, and spareribs, (includes cuts to be cured), separable lean and fat, raw",Pork Products,0,0,0,0,0
167811,10004,"Pork, fresh, backfat, raw",Pork Products,0,0,0,0,0
167812,10005,"Pork, fresh, belly, raw",Pork Products,0,0,0,0,0
167813,10006,"Pork, fresh, separable fat, raw",Pork Products,0,0,0,0,0
167814,10012,"Pork, fresh, leg (ham), rump half, separable lean and fat, raw",Pork Products,0,0,0,0,0
167815,10013,"Pork, fresh, leg (ham), rump half, separable lean and fat, cooked, roasted",Pork Products,0,0,0,0,0
167816,10014,"Pork, fresh, leg (ham), rump half, separable lean only, raw (Includes foods for USDA's Food Distribution Program)",Pork Products,0,0,0,0,0
167817,10015,"Pork, fresh, leg (ham), rump half, separable lean only, cooked, roasted",Pork Products,0,0,0,0,0
167818,10020,"Pork, fresh, loin, whole, separable lean and fat, raw",Pork Products,0,0,0,0,0
167819,10021,"Pork, fresh, loin, whole, separable lean and fat, cooked, braised",Pork Products,0,0,0,0,0
167820,10022,"Pork, fresh, loin, whole, separable lean and fat, cooked, broiled",Pork Products,0,0,0,0,0
167821,10023,"Pork, fresh, loin, whole, separable lean and fat, cooked, roasted",Pork Products,0,0,0,0,0
167822,10028,"Pork, fresh, loin, blade (chops or roasts), bone-in, separable lean and fat, raw",Pork Products,0,0,0,0,0
167823,10029,"Pork, fresh, loin, blade (chops), bone-in, separable lean and fat, cooked, braised",Pork Products,0,0,0,0,0
167824,10030,"Pork, fresh, loin, blade (chops), bone-in, separable lean and fat, cooked, broiled",Pork Products,0,0,0,0,0
167825,10031,"Pork, fresh, loin, blade (roasts), bone-in, separable lean and fat, cooked, roasted",Pork Products,0,0,0,0,0
167826,10037,"Pork, fresh, loin, center loin (chops), bone-in, separable lean and fat, cooked, braised",Pork Products,0,0,0,0,0
167827,10038,"Pork, fresh, loin, center loin (chops), bone-in, separable lean and fat, cooked, broiled",Pork Products,0,0,0,0,0
167828,10039,"Pork, fresh, loin, center loin (roasts), bone-in, separable lean and fat, cooked, roasted",Pork Products,0,0,0,0,0
167829,10040,"Pork, fresh, loin, center loin (chops), bone-in, separable lean only, raw",Pork Products,0,0,0,0,0
167830,10045,"Pork, fresh, loin, center rib (chops), bone-in, separable lean and fat, cooked, braised",Pork Products,0,0,0,0,0
167831,10046,"Pork, fresh, loin, center rib (chops), bone-in, separable lean and fat, cooked, broiled",Pork Products,0,0,0,0,0
167832,10047,"Pork, fresh, loin, center rib (roasts), bone-in, separable lean and fat, cooked, roasted",Pork Products,0,0,0,0,0
167833,10048,"Pork, fresh, loin, center rib (chops or roasts), bone-in, separable lean only, raw",Pork Products,0,0,0,0,0
167834,10053,"Pork, fresh, loin, sirloin (chops), bone-in, separable lean and fat, cooked, braised",Pork Products,0,0,0,0,0
167835,10054,"Pork, fresh, loin, sirloin (chops), bone-in, separable lean and fat, cooked, broiled",Pork Products,0,0,0,0,0
167836,10055,"Pork, fresh, loin, sirloin (roasts), bone-in, separable lean and fat, cooked, roasted",Pork Products,0,0,0,0,0
167837,10056,"Pork, fresh, loin, sirloin (chops or roasts), bone-in, separable lean only, raw",Pork Products,0,0,0,0,0
167838,10057,"Pork, fresh, loin, sirloin (chops), bone-in, separable lean only, cooked, braised",Pork Products,0,0,0,0,0
167839,10062,"Pork, fresh, loin, top loin (chops), boneless, separable lean and fat, raw",Pork Products,0,0,0,0,0
167840,10063,"Pork, fresh, loin, top loin (chops), boneless, separable lean and fat, cooked, braised",Pork Products,0,0,0,0,0
167841,10064,"Pork, fresh, loin, top loin (chops), boneless, separable lean and fat, cooked, broiled",Pork Products,0,0,0,0,0
167842,10065,"Pork, fresh, loin, top loin (roasts), boneless, separable lean and fat, cooked, roasted",Pork Products,0,0,0,0,0
167843,10070,"Pork, fresh, shoulder, whole, separable lean and fat, raw",Pork Products,0,0,0,0,0
167844,10071,"Pork, fresh, shoulder, whole, separable lean and fat, cooked, roasted",Pork Products,0,0,0,0,0
167846,10073,"Pork, fresh, shoulder, whole, separable lean only, cooked, roasted",Pork Products,0,0,0,0,0
167847,10078,"Pork, fresh, shoulder, arm picnic, separable lean only, cooked, braised",Pork Products,0,0,0,0,0
167849,10080,"Pork, fresh, shoulder, (Boston butt), blade (steaks), separable lean and fat, raw",Pork Products,0,0,0,0,0
167850,10081,"Pork, fresh, shoulder, (Boston butt), blade (steaks), separable lean and fat, cooked, braised",Pork Products,0,0,0,0,0
167851,10082,"Pork, fresh, shoulder, blade, boston (steaks), separable lean and fat, cooked, broiled",Pork Products,0,0,0,0,0
167852,10087,"Pork, fresh, shoulder, blade, boston (roasts), separable lean only, cooked, roasted",Pork Products,0,0,0,0,0
167853,10088,"Pork, fresh, spareribs, separable lean and fat, raw",Pork Products,0,0,0,0,0
167854,10089,"Pork, fresh, spareribs, separable lean and fat, cooked, braised",Pork Products,0,0,0,0,0
167855,10093,"Pork, fresh, composite of trimmed retail cuts (leg, loin, and shoulder), separable lean only, cooked",Pork Products,0,0,0,0,0
167856,10099,"Pork, fresh, variety meats and by-products, chitterlings, cooked, simmered",Pork Products,0,0,0,0,0
167859,10102,"Pork, fresh, variety meats and by-products, feet, raw",Pork Products,0,0,0,0,0
167867,10119,"Pork, fresh, variety meats and by-products, stomach, raw",Pork Products,0,0,0,0,0
167868,10120,"Pork, fresh, loin, blade (chops), bone-in, separable lean only, cooked, pan-fried",Pork Products,0,0,0,0,0
167869,10130,"Canadian bacon, unprepared",Pork Products,0,0,0,0,0
167870,10132,"Pork, cured, feet, pickled",Pork Products,0,0,0,0,0
167871,10134,"Pork, cured, ham, boneless, extra lean (approximately 5% fat), roasted",Pork Products,0,0,0,0,0
167872,10136,"Pork, cured, ham, boneless, regular (approximately 11% fat), roasted",Pork Products,0,0,0,0,0
167875,10150,"Pork, cured, ham, whole, separable lean and fat, unheated",Pork Products,0,0,0,0,0
167876,10152,"Pork, cured, ham, whole, separable lean only, unheated",Pork Products,0,0,0,0,0
167877,10166,"Pork, cured, separable fat (from ham and arm picnic), unheated",Pork Products,0,0,0,0,0
167879,10168,"Pork, cured, shoulder, arm picnic, separable lean and fat, roasted",Pork Products,0,0,0,0,0
167880,10169,"Pork, cured, shoulder, arm picnic, separable lean only, roasted",Pork Products,0,0,0,0,0
167882,10176,"Pork, fresh, loin, center loin (chops), bone-in, separable lean only, cooked, pan-fried",Pork Products,0,0,0,0,0
167883,10177,"Pork, fresh, loin, center rib (chops), bone-in, separable lean only, cooked, pan-fried",Pork Products,0,0,0,0,0
167884,10178,"Pork, fresh, loin, blade (chops), bone-in, separable lean and fat, cooked, pan-fried",Pork Products,0,0,0,0,0
167885,10184,"Pork, cured, ham, extra lean and regular, canned, unheated",Pork Products,0,0,0,0,0
167886,10185,"Pork, cured, ham, extra lean and regular, canned, roasted",Pork Products,0,0,0,0,0
167887,10186,"Pork, fresh, loin, top loin (chops), boneless, separable lean and fat, cooked, pan-fried",Pork Products,0,0,0,0,0
167889,10194,"Pork, fresh, loin, center rib (chops or roasts), boneless, separable lean and fat, raw",Pork Products,0,0,0,0,0
167892,10197,"Pork, fresh, loin, center rib (chops), boneless, separable lean and fat, cooked, pan-fried",Pork Products,0,0,0,0,0
167893,10202,"Pork, fresh, loin, center rib (chops), boneless, separable lean only, cooked, pan-fried",Pork Products,0,0,0,0,0
167895,10204,"Pork, fresh, loin, country-style ribs, separable lean and fat, raw",Pork Products,0,0,0,0,0
167896,10205,"Pork, fresh, loin, country-style ribs, separable lean and fat, cooked, braised",Pork Products,0,0,0,0,0
167897,10206,"Pork, fresh, loin, country-style ribs, separable lean and fat, bone-in, cooked, roasted",Pork Products,0,0,0,0,0
167898,10211,"Pork, fresh, loin, sirloin (chops), boneless, separable lean and fat, cooked, braised",Pork Products,0,0,0,0,0
167899,10212,"Pork, fresh, loin, sirloin (chops), boneless, separable lean and fat, cooked, broiled",Pork Products,0,0,0,0,0
167900,10213,"Pork, fresh, loin, sirloin (roasts), boneless, separable lean and fat, cooked, roasted",Pork Products,0,0,0,0,0
167901,10214,"Pork, fresh, loin, sirloin (chops or roasts), boneless, separable lean only, raw",Pork Products,0,0,0,0,0
167903,10220,"Pork, fresh, ground, cooked",Pork Products,0,0,0,0,0
167905,10222,"Pork, fresh, loin, tenderloin, separable lean and fat, cooked, roasted",Pork Products,0,0,0,0,0
167906,10227,"Pork, fresh, composite of trimmed retail cuts (loin and shoulder blade), separable lean and fat, cooked",Pork Products,0,0,0,0,0
167912,10858,"Pork, fresh, loin, top loin (chops), boneless, separable lean only, with added solution, cooked, pan-broiled",Pork Products,0,0,0,0,0
167913,10859,"Pork, fresh, loin, top loin (chops), boneless, separable lean and fat, with added solution, cooked, pan-broiled",Pork Products,0,0,0,0,0
167914,10860,"Pork, cured, bacon, cooked, baked",Pork Products,0,0,0,0,0
167915,10865,"Pork, cured, ham -- water added, rump, bone-in, separable lean only, heated, roasted",Pork Products,0,0,0,0,0
167916,10866,"Pork, cured, ham -- water added, rump, bone-in, separable lean only, unheated",Pork Products,0,0,0,0,0
167917,10867,"Pork, cured, ham -- water added, shank, bone-in, separable lean only, heated, roasted",Pork Products,0,0,0,0,0
167918,10868,"Pork, cured, ham -- water added, slice, bone-in, separable lean only, heated, pan-broil",Pork Products,0,0,0,0,0
167919,10873,"Pork, cured, ham with natural juices, rump, bone-in, separable lean only, heated, roasted",Pork Products,0,0,0,0,0
167920,10874,"Pork, cured, ham with natural juices, shank, bone-in, separable lean only, heated, roasted",Pork Products,0,0,0,0,0
167925,18927,"Crackers, cheese, sandwich-type with cheese filling",Baked Products,0,2,0,9,0
167927,18938,"Toaster Pastries, fruit, frosted (include apples, blueberry, cherry, strawberry)",Baked Products,0,0,0,52,0
167928,18939,"Toaster pastries, fruit, toasted (include apple, blueberry, cherry, strawberry)",Baked Products,3,3,3,,3
167929,18940,"Muffin, blueberry, commercially prepared, low-fat",Baked Products,0,3,1,56,0
167933,18949,"Crackers, whole-wheat, reduced fat",Baked Products,0,0,0,194,0
167934,18950,"Crackers, wheat, reduced fat",Baked Products,0,0,0,86,0
167935,18955,"Bread, pan dulce, sweet yeast bread",Baked Products,1,3,1,36,0
167939,18963,"Garlic bread, frozen",Baked Products,0,0,0,25,0
167940,18964,"Cinnamon buns, frosted (includes honey buns)",Baked Products,0,1,0,6,0
167941,18965,"Crackers, cheese, reduced fat",Baked Products,0,16,3,68,0
167942,18966,"Crackers, saltines, whole wheat (includes multi-grain)",Baked Products,0,1,0,80,0
167943,18971,"Bread, potato",Baked Products,0,6,0,17,0
167944,18972,"Bread, cheese",Baked Products,1,9,0,45,0
167945,18973,"Focaccia, Italian flatbread, plain",Baked Products,0,1,0,42,0
167946,19000,"SCHIFF,TIGER'S MILK BAR",Sweets,0,0,0,0,0
167947,19001,"Candies, TOBLERONE, milk chocolate with honey and almond nougat",Sweets,0,0,0,4,0
167948,19007,"Snacks, corn-based, extruded, onion-flavor",Snacks,33,51,0,879,0
167949,19008,"Snacks, corn-based, extruded, puffs or twists, cheese-flavor",Snacks,0,23,29,635,0
167950,19009,"Snacks, KRAFT, CORNNUTS, plain",Snacks,0,0,0,0,0
167953,19018,Fruit syrup,Sweets,0,1,0,1,0
167956,19029,"Topping, SMUCKER'S MAGIC SHELL",Sweets,0,1,0,1,0
167957,19030,"Syrup, fruit flavored",Sweets,0,0,0,0,0
167958,19031,"Snacks, oriental mix, rice-based",Snacks,0,0,0,0,0
167959,19034,"Snacks, popcorn, air-popped",Snacks,58,89,0,1450,0
167960,19040,"Snacks, popcorn, cheese-flavor",Snacks,40,62,0,1002,0
167961,19041,"Snacks, pork skins, plain",Snacks,0,0,0,0,0
167962,19042,"Snacks, potato chips, barbecue-flavor",Snacks,5,203,60,151,130
167963,19043,"Snacks, potato chips, sour-cream-and-onion-flavor",Snacks,,90,,,
167964,19049,"Snacks, M&M MARS, COMBOS Snacks Cheddar Cheese Pretzel",Snacks,0,18,0,5,0
167966,19051,"Snacks, rice cracker brown rice, plain",Snacks,0,0,0,0,0
167969,19062,"Snacks, trail mix, regular, with chocolate chips, salted nuts and seeds",Snacks,0,6,0,6,0
167971,19064,"Candies, TOOTSIE ROLL, chocolate-flavor roll",Sweets,0,0,0,0,0
167972,19070,"Candies, butterscotch",Sweets,0,6,0,0,0
167973,19071,"Candies, carob, unsweetened",Sweets,0,5,0,0,0
167974,19074,"Candies, caramels",Sweets,0,2,0,0,0
167976,19080,"Candies, semisweet chocolate",Sweets,0,0,0,18,0
167977,19081,"Candies, sweet chocolate",Sweets,0,0,0,18,0
167978,19083,"Candies, sweet chocolate coated fondant",Sweets,0,0,0,4,0
167980,19085,"Candies, confectioner's coating, butterscotch",Sweets,0,0,0,0,0
167981,19090,"Ice creams, french vanilla, soft-serve",Sweets,5,30,5,151,0
167985,19098,"Candies, 5TH AVENUE Candy Bar",Sweets,0,1,0,0,0
167986,19099,"Candies, fondant, prepared-from-recipe",Sweets,0,0,0,0,0
167987,19100,"Candies, fudge, chocolate, prepared-from-recipe",Sweets,0,10,0,4,0
167988,19101,"Candies, fudge, chocolate, with nuts, prepared-from-recipe",Sweets,0,10,0,5,0
167989,19106,"Candies, gumdrops, starch jelly pieces",Sweets,0,0,0,0,0
167990,19107,"Candies, hard",Sweets,0,0,0,0,0
167991,19108,"Candies, jellybeans",Sweets,0,0,0,0,0
167992,19109,"Candies, KIT KAT Wafer Bar",Sweets,0,0,0,23,0
167994,19115,"Candies, MARS SNACKFOOD US, MARS Almond Bar",Sweets,0,1,0,0,0
167995,19116,"Candies, marshmallows",Sweets,0,0,0,0,0
167996,19117,"Candies, halavah, plain",Sweets,0,0,0,,
167997,19118,"Candies, NESTLE, OH HENRY! Bar",Sweets,0,0,0,0,0
167998,19123,"Puddings, chocolate, dry mix, instant, prepared with 2% milk",Sweets,,10,,,
167999,19124,"Baking chocolate, mexican, squares",Sweets,0,0,0,7,0
168000,19125,Chocolate-flavored hazelnut spread,Sweets,0,1,0,10,0
168001,19126,"Candies, milk chocolate coated peanuts",Sweets,0,0,0,4,0
168013,28397,"Bread, multi-grain (includes whole-grain)",Baked Products,0,1,0,94,0
168014,28399,"Cookies, animal crackers (includes arrowroot, tea biscuits)",Baked Products,0,0,0,2,0
168020,35055,"Seal, bearded (Oogruk), meat, dried (Alaska Native)",American Indian/Alaska Native Foods,0,0,0,0,0
168045,35151,"Fish, salmon, sockeye (red), raw (Alaska Native)",American Indian/Alaska Native Foods,0,0,0,0,0
168046,35152,"Fish, Salmon, Chum, raw (Alaska Native)",American Indian/Alaska Native Foods,0,0,0,0,0
168047,35153,"Fish, salmon, king (chinook), raw (Alaska Native)",American Indian/Alaska Native Foods,0,0,0,0,0
168048,35154,"Salmonberries, raw (Alaska Native)",American Indian/Alaska Native Foods,41,277,0,,0
168049,35161,"Caribou, shoulder meat, dried (Alaska Native)",American Indian/Alaska Native Foods,0,0,0,0,0
168050,35162,"Caribou, hind quarter meat, raw (Alaska Native)",American Indian/Alaska Native Foods,0,0,0,0,0
168052,35165,"Fish, whitefish, dried (Alaska Native)",American Indian/Alaska Native Foods,0,0,0,0,0
168053,35170,"Seal, bearded (Oogruk), meat, low quadrant, raw (Alaska Native)",American Indian/Alaska Native Foods,0,0,0,0,0
168054,35171,"Fish, salmon, chum, dried (Alaska Native)",American Indian/Alaska Native Foods,0,0,0,0,0
168055,35172,"Elk, free range, ground, cooked patties (Shoshone Bannock)",American Indian/Alaska Native Foods,0,0,0,0,0
168056,35173,"Elk, free range, ground, raw (Shoshone Bannock)",American Indian/Alaska Native Foods,0,0,0,0,0
168057,35178,"Elk, free range, roast, eye of round, cooked (Shoshone Bannock)",American Indian/Alaska Native Foods,0,0,0,0,0
168058,35179,"Chokecherries, raw, pitted (Shoshone Bannock)",American Indian/Alaska Native Foods,0,26,0,,0
168059,35180,"Steelhead trout, dried, flesh (Shoshone Bannock)",American Indian/Alaska Native Foods,,0,0,0,0
168060,35181,"Steelhead trout, boiled, canned (Alaska Native)",American Indian/Alaska Native Foods,0,0,0,0,0
168062,36059,"Restaurant, Italian, chicken parmesan without pasta",Restaurant Foods,0,113,0,86,1605
168067,36412,"Restaurant, Latino, tamale, pork",Restaurant Foods,0,113,58,110,85
168070,36415,"Restaurant, Latino, arepa (unleavened cornmeal bread)",Restaurant Foods,0,7,0,4,0
168072,36603,"Restaurant, Chinese, beef and vegetables",Restaurant Foods,323,595,1,268,4
168073,36604,"CRACKER BARREL, chicken tenderloin platter, fried, from kid's menu",Restaurant Foods,0,2,1,49,0
168076,36611,"DENNY'S, mozzarella cheese sticks",Restaurant Foods,0,15,1,35,0
168078,36613,"DENNY'S, macaroni & cheese, from kid's menu",Restaurant Foods,1,5,0,110,0
168079,36614,"DENNY'S, chicken nuggets, star shaped, from kid's menu",Restaurant Foods,0,0,0,15,0
168080,36620,"Restaurant, Chinese, shrimp and vegetables",Restaurant Foods,331,626,0,330,6
168081,36621,"Restaurant, Chinese, sweet and sour chicken",Restaurant Foods,93,138,0,37,134
168082,36622,"Restaurant, Chinese, sweet and sour pork",Restaurant Foods,139,259,0,22,199
168083,36623,"Restaurant, Chinese, chicken chow mein",Restaurant Foods,99,166,1,66,0
168084,36624,"Restaurant, Chinese, vegetable chow mein, without meat or noodles",Restaurant Foods,28,148,0,178,0
168085,36631,"OLIVE GARDEN, spaghetti with meat sauce",Restaurant Foods,3,112,3,132,2015
168086,36632,"CARRABBA'S ITALIAN GRILL, spaghetti with meat sauce",Restaurant Foods,10,156,4,112,2458
168087,36633,"Restaurant, Chinese, sesame chicken",Restaurant Foods,0,10,3,90,28
168088,42040,"Syrups, grenadine",Sweets,0,0,0,0,0
168089,42117,"Imitation cheese, american or cheddar, low cholesterol",Dairy and Egg Products,0,28,0,0,0
168090,42119,"Babyfood, banana juice with low fat yogurt",Baby Foods,3,5,0,16,0
168091,42120,"Babyfood, mixed fruit juice with low fat yogurt",Baby Foods,0,3,8,18,0
168092,42128,"Ham, turkey, sliced, extra lean, prepackaged or deli",Sausages and Luncheon Meats,0,0,0,0,0
168093,42137,"Salad dressing, peppercorn dressing, commercial, regular",Fats and Oils,1,2,1,29,0
168094,42138,"Mayonnaise, reduced-calorie or diet, cholesterol-free",Fats and Oils,0,0,0,0,0
168095,42139,"Granola bar, soft, milk chocolate coated, peanut butter",Snacks,0,0,0,32,0
168096,42140,"Salad dressing, italian dressing, reduced calorie",Fats and Oils,0,0,0,0,0
168097,42141,"Cream substitute, liquid, light",Dairy and Egg Products,0,3,0,0,0
168098,42155,"Cheese, monterey, low fat",Dairy and Egg Products,0,55,0,0,0
168099,42157,"Creamy dressing, made with sour cream and/or buttermilk and oil, reduced calorie, fat-free",Fats and Oils,0,0,0,4,0
168100,42158,"Creamy dressing, made with sour cream and/or buttermilk and oil, reduced calorie, cholesterol-free",Fats and Oils,2,4,2,49,0
168101,42161,"Bologna, beef, low fat",Sausages and Luncheon Meats,0,0,0,0,0
168102,42183,"Candies, MARS SNACKFOOD US, TWIX chocolate fudge cookie bars",Sweets,0,0,0,4,0
168103,42185,"Frozen yogurts, chocolate, nonfat milk, sweetened without sugar",Sweets,0,8,0,0,0
168104,42186,"Frozen yogurts, chocolate",Sweets,0,9,0,0,0
168105,42187,"Frozen yogurts, flavors other than chocolate",Sweets,0,9,0,0,0
168106,42200,Papad,Legumes and Legume Products,0,4,0,1,0
168107,42204,"Rice cake, cracker (include hain mini rice cakes)",Snacks,0,0,0,0,0
168108,42227,"Candies, MARS SNACKFOOD US, M&M's Almond Chocolate Candies",Sweets,0,1,0,0,0
168109,42230,"Salad Dressing, coleslaw, reduced fat",Fats and Oils,0,0,0,1,0
168110,43326,"Pork, cured, ham, low sodium, lean and fat, cooked",Pork Products,0,0,0,0,0
168111,43327,"Pork, cured, ham, boneless, low sodium, extra lean (approximately 5% fat), roasted",Pork Products,0,0,0,0,0
168112,43329,"Salad dressing, mayonnaise and mayonnaise-type, low calorie",Fats and Oils,1,94,27,87,0
168113,43346,"Frozen novelties, juice type, orange",Sweets,0,12,0,39,0
168114,43352,"Cheese, cottage, lowfat, 1% milkfat, no sodium added",Dairy and Egg Products,0,3,0,0,0
168115,43355,"Mayonnaise, low sodium, low calorie or diet",Fats and Oils,0,0,0,0,0
168116,43364,"Snacks, tortilla chips, unsalted, white corn",Snacks,24,37,0,507,0
168117,43382,"Cranberry juice, unsweetened",Fruits and Fruit Juices,0,27,0,68,0
168118,43384,"Beef, bologna, reduced sodium",Sausages and Luncheon Meats,0,0,0,0,0
168119,43387,"Turnip greens, canned, no salt added",Vegetables and Vegetable Products,0,3573,0,6591,0
168120,43390,"Turkey, light or dark meat, smoked, cooked, with skin, bone removed",Poultry Products,0,0,0,0,0
168121,43398,"Cheese, pasteurized process, cheddar or American, low sodium",Dairy and Egg Products,0,81,0,0,0
168122,43401,"Beverages, coffee, instant, with whitener, reduced calorie",Beverages,0,9,0,0,0
168123,43404,"Beverages, cranberry-apple juice drink, low calorie, with vitamin C added",Beverages,0,6,0,19,0
168124,43405,"Cheese, swiss, low sodium",Dairy and Egg Products,0,69,0,0,0
168125,43432,"Babyfood, dinner, macaroni, beef and tomato sauce, toddler",Baby Foods,0,36,0,11,333
168126,43441,"Rolls, pumpernickel",Baked Products,1,3,0,106,0
168127,43447,"Snacks, corn-based, extruded, chips, unsalted",Snacks,0,42,0,212,0
168128,43449,"Beans, baked, canned, no salt added",Legumes and Legume Products,0,64,0,16,500
168129,43497,"Jellyfish, dried, salted",Finfish and Shellfish Products,0,0,0,0,0
168130,43506,"Frozen novelties, ice cream type, chocolate or caramel covered, with nuts",Sweets,0,44,0,0,0
168131,43507,"Frankfurter, low sodium",Sausages and Luncheon Meats,0,0,0,0,0
168132,43514,"Frozen novelties, ice type, pop, with low calorie sweetener",Sweets,0,0,0,0,0
168133,43536,"Babyfood, dessert, peach yogurt",Baby Foods,0,0,0,0,0
168134,43537,"Babyfood, dessert, blueberry yogurt, strained",Baby Foods,0,23,0,64,0
168135,43539,"Babyfood, dessert, banana yogurt, strained",Baby Foods,4,4,0,4,0
168136,43541,"Ice creams, chocolate, rich",Sweets,0,31,0,2,0
168137,43566,"Snacks, tortilla chips, light (baked with less oil)",Snacks,24,37,0,507,0
168138,43570,"Cereals ready-to-eat, POST, HONEY BUNCHES OF OATS, honey roasted",Breakfast Cereals,4,16,28,445,0
168139,43572,"Popcorn, microwave, low fat and sodium",Snacks,43,66,0,1087,0
168140,43585,"Babyfood, fruit supreme dessert",Baby Foods,0,25,10,149,0
168141,43589,"Cheese, swiss, low fat",Dairy and Egg Products,0,13,0,0,0
168142,44018,"Sweeteners, tabletop, fructose, liquid",Sweets,0,0,0,0,0
168143,44061,"Puddings, chocolate flavor, low calorie, instant, dry mix",Sweets,0,0,0,7,0
168144,44074,"Babyfood, grape juice, no sugar, canned",Baby Foods,1,46,0,83,0
168145,44110,"Jellies, reduced sugar, home preserved",Sweets,0,2,0,14,0
168146,44260,"Puddings, all flavors except chocolate, low calorie, instant, dry mix",Sweets,0,0,0,0,0
168147,48052,Vital wheat gluten,Cereal Grains and Pasta,0,0,0,0,0
168148,80200,"Frog legs, raw",Finfish and Shellfish Products,0,0,0,0,0
168149,83110,"Fish, mackerel, salted",Finfish and Shellfish Products,0,0,0,0,0
168153,9148,"Kiwifruit, green, raw",Fruits and Fruit Juices,0,52,0,122,0
168154,9149,"Kumquats, raw",Fruits and Fruit Juices,155,0,193,129,0
168155,9159,"Limes, raw",Fruits and Fruit Juices,0,30,0,0,0
168156,9160,"Lime juice, raw",Fruits and Fruit Juices,0,30,0,0,0
168157,9161,"Lime juice, canned or bottled, unsweetened",Fruits and Fruit Juices,0,10,0,0,0
168158,9163,"Blueberries, dried, sweetened",Fruits and Fruit Juices,0,84,0,208,0
168162,9291,"Plums, dried (prunes), uncooked",Fruits and Fruit Juices,57,394,93,148,0
168164,9297,"Raisins, golden, seedless",Fruits and Fruit Juices,0,0,0,0,0
168165,9298,"Raisins, dark, seedless (Includes foods for USDA's Food Distribution Program)",Fruits and Fruit Juices,0,0,0,0,0
168167,9301,"Rambutan, canned, syrup pack",Fruits and Fruit Juices,0,2,0,,
168168,9309,"Rhubarb, frozen, uncooked",Fruits and Fruit Juices,0,64,0,170,0
168169,9310,"Rhubarb, frozen, cooked, with sugar",Fruits and Fruit Juices,0,44,0,123,0
168172,9317,"Strawberries, canned, heavy syrup pack, solids and liquids",Fruits and Fruit Juices,0,16,0,18,0
168173,9318,"Strawberries, frozen, unsweetened (Includes foods for USDA's Food Distribution Program)",Fruits and Fruit Juices,0,27,0,26,0
168174,9320,"Strawberries, frozen, sweetened, sliced",Fruits and Fruit Juices,0,14,0,21,0
168176,9334,"Feijoa, raw",Fruits and Fruit Juices,0,2,3,27,5
168177,9340,"Pears, asian, raw",Fruits and Fruit Juices,0,0,0,50,0
168178,9351,"Fruit cocktail, canned, heavy syrup, drained",Fruits and Fruit Juices,0,138,52,112,0
168179,9352,"Blueberries, canned, light syrup, drained",Fruits and Fruit Juices,0,22,0,53,0
168181,9370,"Peaches, canned, heavy syrup, drained",Fruits and Fruit Juices,0,333,85,33,0
168182,9374,"Pears, canned, heavy syrup, drained",Fruits and Fruit Juices,0,4,2,50,0
168183,9379,"Plums, canned, heavy syrup, drained",Fruits and Fruit Juices,0,219,40,73,0
168184,9383,"Tangerines, (mandarin oranges), canned, juice pack, drained",Fruits and Fruit Juices,204,298,775,243,0
168185,9407,"Peach nectar, canned, with added ascorbic acid",Fruits and Fruit Juices,0,308,68,29,0
168187,9409,"Pineapple juice, canned or bottled, unsweetened, with added ascorbic acid",Fruits and Fruit Juices,0,3,0,0,0
168189,9416,"Grapefruit juice, white, bottled, unsweetened, OCEAN SPRAY",Fruits and Fruit Juices,,20,,,
168191,9421,"Dates, medjool",Fruits and Fruit Juices,0,89,0,23,0
168192,9422,"Durian, raw or frozen",Fruits and Fruit Juices,6,23,0,,
168193,9429,"Pineapple, raw, traditional varieties",Fruits and Fruit Juices,0,31,0,0,0
168194,9430,"Pineapple, raw, extra sweet variety",Fruits and Fruit Juices,0,34,0,0,0
168196,9434,"Guanabana nectar, canned",Fruits and Fruit Juices,0,0,0,0,0
168197,9443,"Juice, apple and grape blend, with added ascorbic acid",Fruits and Fruit Juices,0,2,0,33,0
168198,9444,"Juice, apple, grape and pear blend, with added ascorbic acid and calcium",Fruits and Fruit Juices,0,0,0,16,0
168199,9446,"Plantains, green, fried",Fruits and Fruit Juices,332,548,2,,
168200,9447,"Plantains, yellow, fried, Latino restaurant",Fruits and Fruit Juices,407,582,11,100,0
168201,9500,"Apples, raw, red delicious, with skin (Includes foods for USDA's Food Distribution Program)",Fruits and Fruit Juices,0,27,12,31,0
168202,9501,"Apples, raw, golden delicious, with skin",Fruits and Fruit Juices,0,25,12,28,0
168203,9502,"Apples, raw, granny smith, with skin (Includes foods for USDA's Food Distribution Program)",Fruits and Fruit Juices,0,59,2,64,0
168204,9503,"Apples, raw, gala, with skin (Includes foods for USDA's Food Distribution Program)",Fruits and Fruit Juices,0,11,11,11,0
168207,9512,"Grape juice, canned or bottled, unsweetened, with added ascorbic acid and calcium",Fruits and Fruit Juices,0,5,0,57,0
168208,9513,"Fruit juice smoothie, ODWALLA, ORIGINAL SUPERFOOD",Fruits and Fruit Juices,14,794,87,38,1
168209,9518,"Raspberries, frozen, red, unsweetened",Fruits and Fruit Juices,68,10,0,240,0
168210,9519,"Guava nectar, with sucralose, canned",Fruits and Fruit Juices,0,29,0,0,35
168211,9520,"Kiwifruit, ZESPRI SunGold, raw",Fruits and Fruit Juices,0,14,,24,0
168212,9522,"Cranberry juice blend, 100% juice, bottled, with added vitamin C and calcium",Fruits and Fruit Juices,0,15,0,68,0
168213,9530,"Fruit juice smoothie, ODWALLA, strawberry banana",Fruits and Fruit Juices,7,45,169,48,0
168214,9531,"Fruit juice smoothie, NAKED JUICE, strawberry banana",Fruits and Fruit Juices,7,11,9,26,0
168217,9554,Raspberry juice concentrate,Fruits and Fruit Juices,0,0,0,0,0
168218,10000,"Pork, fresh, composite of separable fat, with added solution, cooked",Pork Products,0,0,0,0,0
168219,10001,"Pork, fresh, carcass, separable lean and fat, raw",Pork Products,0,0,0,0,0
168220,10002,"Pork, fresh, composite of trimmed retail cuts (leg, loin, shoulder), separable lean only, raw",Pork Products,0,0,0,0,0
168221,10007,"Pork, fresh, separable fat, cooked",Pork Products,0,0,0,0,0
168223,10009,"Pork, fresh, leg (ham), whole, separable lean and fat, cooked, roasted",Pork Products,0,0,0,0,0
168224,10010,"Pork, fresh, leg (ham), whole, separable lean only, raw",Pork Products,0,0,0,0,0
168225,10011,"Pork, fresh, leg (ham), whole, separable lean only, cooked, roasted",Pork Products,0,0,0,0,0
168226,10016,"Pork, fresh, leg (ham), shank half, separable lean and fat, raw",Pork Products,0,0,0,0,0
168227,10017,"Pork, fresh, leg (ham), shank half, separable lean and fat, cooked, roasted",Pork Products,0,0,0,0,0
168228,10018,"Pork, fresh, leg (ham), shank half, separable lean only, raw",Pork Products,0,0,0,0,0
168229,10019,"Pork, fresh, leg (ham), shank half, separable lean only, cooked, roasted",Pork Products,0,0,0,0,0
168230,10024,"Pork, fresh, loin, whole, separable lean only, raw",Pork Products,0,0,0,0,0
168231,10025,"Pork, fresh, loin, whole, separable lean only, cooked, braised",Pork Products,0,0,0,0,0
168232,10026,"Pork, fresh, loin, whole, separable lean only, cooked, broiled",Pork Products,0,0,0,0,0
168233,10027,"Pork, fresh, loin, whole, separable lean only, cooked, roasted",Pork Products,0,0,0,0,0
168234,10032,"Pork, fresh, loin, blade (chops or roasts), bone-in, separable lean only, raw",Pork Products,0,0,0,0,0
168235,10033,"Pork, fresh, loin, blade (chops), bone-in, separable lean only, cooked, braised",Pork Products,0,0,0,0,0
168236,10034,"Pork, fresh, loin, blade (chops), bone-in, separable lean only, cooked, broiled",Pork Products,0,0,0,0,0
168237,10035,"Pork, fresh, loin, blade (roasts), bone-in, separable lean only, cooked, roasted",Pork Products,0,0,0,0,0
168238,10036,"Pork, fresh, loin, center loin (chops), bone-in, separable lean and fat, raw",Pork Products,0,0,0,0,0
168239,10041,"Pork, fresh, loin, center loin (chops), bone-in, separable lean only, cooked, braised",Pork Products,0,0,0,0,0
168240,10042,"Pork, fresh, loin, center loin (chops), bone-in, separable lean only, cooked, broiled",Pork Products,0,0,0,0,0
168241,10043,"Pork, fresh, loin, center loin (roasts), bone-in, separable lean only, cooked, roasted",Pork Products,0,0,0,0,0
168242,10044,"Pork, fresh, loin, center rib (chops or roasts), bone-in, separable lean and fat, raw",Pork Products,0,0,0,0,0
168243,10049,"Pork, fresh, loin, center rib (chops), bone-in, separable lean only, cooked, braised",Pork Products,0,0,0,0,0
168244,10050,"Pork, fresh, loin, center rib (chops), bone-in, separable lean only, cooked, broiled",Pork Products,0,0,0,0,0
168245,10051,"Pork, fresh, loin, center rib (roasts), bone-in, separable lean only, cooked, roasted",Pork Products,0,0,0,0,0
168246,10052,"Pork, fresh, loin, sirloin (chops or roasts), bone-in, separable lean and fat, raw",Pork Products,0,0,0,0,0
168247,10058,"Pork, fresh, loin, sirloin (chops), bone-in, separable lean only, cooked, broiled",Pork Products,0,0,0,0,0
168248,10059,"Pork, fresh, loin, sirloin (roasts), bone-in, separable lean only, cooked, roasted",Pork Products,0,0,0,0,0
168249,10060,"Pork, fresh, loin, tenderloin, separable lean only, raw",Pork Products,0,0,0,0,0
168250,10061,"Pork, fresh, loin, tenderloin, separable lean only, cooked, roasted",Pork Products,0,0,0,0,0
168251,10066,"Pork, fresh, loin, top loin (chops), boneless, separable lean only, raw",Pork Products,0,0,0,0,0
168252,10067,"Pork, fresh, loin, top loin (chops), boneless, separable lean only, cooked, braised",Pork Products,0,0,0,0,0
168253,10068,"Pork, fresh, loin, top loin (chops), boneless, separable lean only, cooked, broiled",Pork Products,0,0,0,0,0
168254,10069,"Pork, fresh, loin, top loin (roasts), boneless, separable lean only, cooked, roasted",Pork Products,0,0,0,0,0
168255,10074,"Pork, fresh, shoulder, arm picnic, separable lean and fat, raw",Pork Products,0,0,0,0,0
168256,10075,"Pork, fresh, shoulder, arm picnic, separable lean and fat, cooked, braised",Pork Products,0,0,0,0,0
168258,10077,"Pork, fresh, shoulder, arm picnic, separable lean only, raw",Pork Products,0,0,0,0,0
168259,10083,"Pork, fresh, shoulder, blade, boston (roasts), separable lean and fat, cooked, roasted",Pork Products,0,0,0,0,0
168260,10084,"Pork, fresh, shoulder, (Boston butt), blade (steaks), separable lean only, raw",Pork Products,0,0,0,0,0
168261,10085,"Pork, fresh, shoulder, (Boston butt), blade (steaks), separable lean only, cooked, braised",Pork Products,0,0,0,0,0
168262,10086,"Pork, fresh, shoulder, blade, boston (steaks), separable lean only, cooked, broiled",Pork Products,0,0,0,0,0
168263,10094,"Pork, fresh, loin, center loin (chops), boneless, separable lean only, raw",Pork Products,0,0,0,0,0
168266,10098,"Pork, fresh, variety meats and by-products, chitterlings, raw",Pork Products,0,0,0,0,0
168267,10103,"Pork, fresh, variety meats and by-products, heart, raw",Pork Products,0,0,0,0,0
168269,10105,"Pork, fresh, variety meats and by-products, jowl, raw",Pork Products,0,0,0,0,0
168275,10121,"Pork, fresh, variety meats and by-products, tongue, raw",Pork Products,0,0,0,0,0
168277,10123,"Pork, cured, bacon, unprepared",Pork Products,0,0,0,0,0
168279,10137,"Pork, cured, ham, extra lean (approximately 4% fat), canned, unheated",Pork Products,0,0,0,0,0
168282,10141,"Pork, cured, ham, center slice, country-style, separable lean only, raw",Pork Products,0,0,0,0,0
168284,10153,"Pork, cured, ham, whole, separable lean only, roasted",Pork Products,0,0,0,0,0
168285,10163,"Pork, fresh, loin, center loin (chops), boneless, separable lean only, cooked, pan-broiled",Pork Products,0,0,0,0,0
168286,10164,"Pork, fresh, loin, center loin (chops), boneless, separable lean and fat, raw",Pork Products,0,0,0,0,0
168287,10165,"Pork, cured, salt pork, raw",Pork Products,0,0,0,0,0
168290,10173,"Pork, fresh, variety meats and by-products, feet, cooked, simmered",Pork Products,0,0,0,0,0
168292,10179,"Pork, fresh, loin, center loin (chops), bone-in, separable lean and fat, cooked, pan-fried",Pork Products,0,0,0,0,0
168293,10180,"Pork, fresh, loin, center rib (chops), bone-in, separable lean and fat, cooked, pan-fried",Pork Products,0,0,0,0,0
168294,10181,"Pork, fresh, loin, top loin (chops), boneless, separable lean only, cooked, pan-fried",Pork Products,0,0,0,0,0
168295,10182,"Pork, cured, ham, boneless, extra lean and regular, unheated",Pork Products,0,0,0,0,0
168296,10183,"Pork, cured, ham, boneless, extra lean and regular, roasted",Pork Products,0,0,0,0,0
168297,10188,"Pork, fresh, composite of trimmed retail cuts (leg, loin, shoulder, and spareribs), separable lean and fat, cooked",Pork Products,0,0,0,0,0
168298,10189,"Pork, fresh, loin, center loin (chops), boneless, separable lean and fat, cooked, pan-broiled",Pork Products,0,0,0,0,0
168299,10192,"Pork, fresh, backribs, separable lean and fat, raw",Pork Products,0,0,0,0,0
168300,10193,"Pork, fresh, backribs, separable lean and fat, cooked, roasted",Pork Products,0,0,0,0,0
168302,10199,"Pork, fresh, loin, center rib (chops or roasts), boneless, separable lean only, raw",Pork Products,0,0,0,0,0
168303,10200,"Pork, fresh, loin, center rib (chops), boneless, separable lean only, cooked, braised",Pork Products,0,0,0,0,0
168305,10207,"Pork, fresh, loin, country-style ribs, separable lean only, raw",Pork Products,0,0,0,0,0
168306,10208,"Pork, fresh, loin, country-style ribs, separable lean only, cooked, braised",Pork Products,0,0,0,0,0
168307,10209,"Pork, fresh, loin, country-style ribs, separable lean only, bone-in, cooked, roasted",Pork Products,0,0,0,0,0
168308,10210,"Pork, fresh, loin, sirloin (chops or roasts), boneless, separable lean and fat, raw",Pork Products,0,0,0,0,0
168309,10215,"Pork, fresh, loin, sirloin (chops), boneless, separable lean only, cooked, braised",Pork Products,0,0,0,0,0
168310,10216,"Pork, fresh, loin, sirloin (chops), boneless, separable lean only, cooked, broiled",Pork Products,0,0,0,0,0
168311,10217,"Pork, fresh, loin, sirloin (roasts), boneless, separable lean only, cooked, roasted",Pork Products,0,0,0,0,0
168312,10218,"Pork, fresh, loin, tenderloin, separable lean and fat, raw",Pork Products,0,0,0,0,0
168314,10224,"Pork, fresh, loin, top loin (roasts), boneless, separable lean and fat, raw",Pork Products,0,0,0,0,0
168315,10225,"Pork, fresh, loin, top loin (roasts), boneless, separable lean only, raw",Pork Products,0,0,0,0,0
168316,10226,"Pork, fresh, composite of trimmed retail cuts (loin and shoulder blade), separable lean and fat, raw",Pork Products,0,0,0,0,0
168321,10861,"Pork, cured, bacon, cooked, microwaved",Pork Products,0,0,0,0,0
168322,10862,"Pork, cured, bacon, pre-sliced, cooked, pan-fried",Pork Products,0,0,0,0,0
168323,10863,"Pork, fresh, variety meats and by-products, stomach, cooked, simmered",Pork Products,0,0,0,0,0
168324,10864,"Pork, bacon, rendered fat, cooked",Pork Products,0,0,0,0,0
168325,10869,"Pork, cured, ham and water product, slice, bone-in, separable lean only, heated, pan-broil",Pork Products,0,0,0,0,0
168326,10870,"Pork, cured, ham and water product, slice, boneless, separable lean only, heated, pan-broil",Pork Products,0,0,0,0,0
168327,10871,"Pork, cured, ham and water product, whole, boneless, separable lean only, heated, roasted",Pork Products,0,0,0,0,0
168328,10872,"Pork, cured, ham and water product, whole, boneless, separable lean only, unheated",Pork Products,0,0,0,0,0
168329,10878,"Pork, cured, ham -- water added, slice, boneless, separable lean only, heated, pan-broil",Pork Products,0,0,0,0,0
168330,10875,"Pork, cured, ham with natural juices, slice, bone-in, separable lean only, heated, pan-broil",Pork Products,0,0,0,0,0
168331,10876,"Pork, cured, ham with natural juices, spiral slice, meat only, boneless, separable lean only, heated, roasted",Pork Products,0,0,0,0,0
168332,10877,"Pork, cured, ham and water product, rump, bone-in, separable lean only, heated, roasted",Pork Products,0,0,0,0,0
168333,10882,"Pork, cured, ham with natural juices, slice, boneless, separable lean only, heated, pan-broil",Pork Products,0,0,0,0,0
168334,10883,"Pork, cured, ham with natural juices, whole, boneless, separable lean only, heated, roasted",Pork Products,0,0,0,0,0
168335,10884,"Pork, cured, ham with natural juices, whole, boneless, separable lean only, unheated",Pork Products,0,0,0,0,0
168336,10885,"Pork, cured, ham -- water added, shank, bone-in, separable lean only, unheated",Pork Products,0,0,0,0,0
168337,10890,"Pork, cured, ham with natural juices, rump, bone-in, separable lean only, unheated",Pork Products,0,0,0,0,0
168338,10891,"Pork, cured, ham with natural juices, shank, bone-in, separable lean only, unheated",Pork Products,0,0,0,0,0
168339,10892,"Pork, cured, ham with natural juices, slice, bone-in, separable lean only, unheated",Pork Products,0,0,0,0,0
168340,10893,"Pork, cured, ham with natural juices, spiral slice, boneless, separable lean only, unheated",Pork Products,0,0,0,0,0
168341,10901,"Pork, cured, ham with natural juices, spiral slice, boneless, separable lean and fat, unheated",Pork Products,0,0,0,0,0
168342,10902,"Pork, cured, ham with natural juices, slice, bone-in, separable lean and fat, unheated",Pork Products,0,0,0,0,0
168343,10903,"Pork, cured, ham with natural juices, shank, bone-in, separable lean and fat, unheated",Pork Products,0,0,0,0,0
168344,10904,"Pork, cured, ham with natural juices, rump, bone-in, separable lean and fat, unheated",Pork Products,0,0,0,0,0
168345,10909,"Pork, cured, ham -- water added, whole, boneless, separable lean and fat, unheated",Pork Products,0,0,0,0,0
168346,10910,"Pork, cured, ham -- water added, slice, bone-in, separable lean and fat, unheated",Pork Products,0,0,0,0,0
168347,10911,"Pork, cured, ham -- water added, shank, bone-in, separable lean and fat, unheated",Pork Products,0,0,0,0,0
168348,10912,"Pork, cured, ham -- water added, rump, bone-in, separable lean and fat, unheated",Pork Products,0,0,0,0,0
168349,10917,"Pork, cured, ham -- water added, whole, boneless, separable lean and fat, heated, roasted",Pork Products,0,0,0,0,0
168350,10918,"Pork, cured, ham and water product, rump, bone-in, separable lean and fat, heated, roasted",Pork Products,0,0,0,0,0
168351,10919,"Pork, cured, ham and water product, shank, bone-in, separable lean and fat, heated, roasted",Pork Products,0,0,0,0,0
168352,10920,"Pork, cured, ham and water product, slice, bone-in, separable lean and fat, heated, pan-broil",Pork Products,0,0,0,0,0
168353,10926,"Pork, cured, ham with natural juices, slice, boneless, separable lean and fat, heated, pan-broil",Pork Products,0,0,0,0,0
168354,10927,"Pork, cured, ham with natural juices, spiral slice, boneless, separable lean and fat, heated, roasted",Pork Products,0,0,0,0,0
168355,10928,"Pork, cured, ham with natural juices, whole, boneless, separable lean and fat, heated, roasted",Pork Products,0,0,0,0,0
168356,10929,"Pork, cured, ham, rump, bone-in, separable lean and fat, heated, roasted",Pork Products,0,0,0,0,0
168357,10935,"Pork, cured, ham, shank, bone-in, separable lean and fat, heated, roasted",Pork Products,0,0,0,0,0
168358,10936,"Pork, cured, ham, shank, bone-in, separable lean and fat, unheated",Pork Products,0,0,0,0,0
168359,10937,"Pork, cured, ham, slice, bone-in, separable lean and fat, heated, pan-broil",Pork Products,0,0,0,0,0
168360,10938,"Pork, cured, ham, slice, bone-in, separable lean only, unheated",Pork Products,0,0,0,0,0
168361,10944,"Pork, fresh, enhanced, loin, tenderloin, separable lean only, raw",Pork Products,0,0,0,0,0
168362,10945,"Pork, fresh, shoulder, (Boston butt), blade (steaks), separable lean only, with added solution cooked, braised",Pork Products,0,0,0,0,0
168363,10946,"Pork, fresh, shoulder, (Boston butt), blade (steaks), separable lean only, with added solution, raw",Pork Products,0,0,0,0,0
168364,10947,"Pork, fresh, loin, top loin (chops), boneless, separable lean only, with added solution, cooked, broiled",Pork Products,0,0,0,0,0
168365,10953,"Pork, fresh, shoulder, (Boston butt), blade (steaks), separable lean and fat,with added solution, raw",Pork Products,0,0,0,0,0
168366,10954,"Pork, fresh, shoulder, (Boston butt), blade (steaks), separable lean and fat, with added solution, cooked, braised",Pork Products,0,0,0,0,0
168367,10955,"Pork, cured, ham, rump, bone-in, separable lean and fat, unheated",Pork Products,0,0,0,0,0
168368,10956,"Pork, loin, leg cap steak, boneless, separable lean and fat, cooked, broiled",Pork Products,0,0,0,0,0
168369,10961,"Pork, Shoulder petite tender, boneless, separable lean and fat, raw",Pork Products,0,0,0,0,0
168370,10962,"Pork, Leg sirloin tip roast, boneless, separable lean and fat, cooked, braised",Pork Products,0,0,0,0,0
168371,10963,"Pork, Leg sirloin tip roast, boneless, separable lean and fat, raw",Pork Products,0,0,0,0,0
168372,10972,"Pork, ground, 84% lean / 16% fat, raw",Pork Products,0,0,0,0,0
168373,10977,"Pork, ground, 72% lean / 28% fat, cooked, pan-broiled",Pork Products,0,0,0,0,0
168374,10978,"Pork, ground, 84% lean / 16% fat, cooked, pan-broiled",Pork Products,0,0,0,0,0
168375,10979,"Pork, ground, 96% lean / 4% fat, cooked, pan-broiled",Pork Products,0,0,0,0,0
168376,10980,"Pork loin, fresh, backribs, bone-in, raw, lean only",Pork Products,0,0,0,0,0
168377,10981,"Pork loin, fresh, backribs, bone-in, cooked-roasted, lean only",Pork Products,0,0,0,0,0
168378,10986,"Pork, fresh, loin, country-style ribs, separable lean only, bone-in, cooked, broiled",Pork Products,0,0,0,0,0
168379,10987,"Pork, fresh, loin, country-style ribs, separable lean only, boneless, cooked, roasted",Pork Products,0,0,0,0,0
168380,10988,"Pork, fresh, blade, (chops), boneless, separable lean and fat, cooked, broiled",Pork Products,0,0,0,0,0
168381,10989,"Pork, fresh, loin, blade (chops or roasts), boneless, separable lean and fat only, raw",Pork Products,0,0,0,0,0
168382,10994,"Bacon, pre-sliced, reduced/low sodium, unprepared",Pork Products,0,0,0,0,0
168383,10998,"Canadian bacon, cooked, pan-fried",Pork Products,0,0,0,0,0
168384,11001,"Alfalfa seeds, sprouted, raw",Vegetables and Vegetable Products,6,87,6,0,0
168386,11008,"Artichokes, (globe or french), cooked, boiled, drained, without salt",Vegetables and Vegetable Products,0,8,0,464,0
168388,11010,"Artichokes, (globe or french), frozen, cooked, boiled, drained, without salt",Vegetables and Vegetable Products,0,7,0,394,0
168389,11011,"Asparagus, raw",Vegetables and Vegetable Products,9,449,0,710,0
168390,11012,"Asparagus, cooked, boiled, drained",Vegetables and Vegetable Products,0,604,0,771,30
168392,11023,"Balsam-pear (bitter gourd), leafy tips, cooked, boiled, drained, without salt",Vegetables and Vegetable Products,0,1450,0,2638,0
168393,11024,"Balsam-pear (bitter gourd), pods, raw",Vegetables and Vegetable Products,185,190,,170,
168394,11025,"Balsam-pear (bitter gourd), pods, cooked, boiled, drained, without salt",Vegetables and Vegetable Products,0,68,0,1323,0
168396,11031,"Lima beans, immature seeds, raw",Vegetables and Vegetable Products,0,126,0,0,0
168398,11178,"Corn, sweet, yellow, frozen, kernels cut off cob, unprepared (Includes foods for USDA's Food Distribution Program)",Vegetables and Vegetable Products,17,49,120,672,0
168399,11179,"Corn, sweet, yellow, frozen, kernels cut off cob, boiled, drained, without salt",Vegetables and Vegetable Products,17,50,122,684,0
168400,11180,"Corn, sweet, yellow, frozen, kernels on cob, unprepared",Vegetables and Vegetable Products,21,61,149,897,0
168401,11181,"Corn, sweet, yellow, frozen, kernels on cob, cooked, boiled, drained, without salt",Vegetables and Vegetable Products,20,58,142,852,0
168402,11192,"Cowpeas (blackeyes), immature seeds, cooked, boiled, drained, without salt",Vegetables and Vegetable Products,0,475,0,0,0
168404,11196,"Cowpeas (blackeyes), immature seeds, frozen, cooked, boiled, drained, without salt",Vegetables and Vegetable Products,0,45,0,0,0
168405,11197,"Cowpeas, young pods with seeds, raw",Vegetables and Vegetable Products,55,794,0,932,0
168407,11203,"Cress, garden, raw",Vegetables and Vegetable Products,0,4150,0,12500,0
168408,11204,"Cress, garden, cooked, boiled, drained, without salt",Vegetables and Vegetable Products,0,2790,0,8402,0
168409,11205,"Cucumber, with peel, raw",Vegetables and Vegetable Products,11,45,26,23,0
168411,11212,"Edamame, frozen, prepared",Vegetables and Vegetable Products,0,175,8,1619,0
168412,11213,"Endive, raw",Vegetables and Vegetable Products,0,1300,0,0,0
168413,11214,"Escarole, cooked, boiled, drained, no salt added",Vegetables and Vegetable Products,0,1133,0,0,0
168417,11223,"Drumstick leaves, cooked, boiled, drained, without salt",Vegetables and Vegetable Products,0,4208,0,1747,0
168420,11232,"Jute, potherb, cooked, boiled, drained, without salt",Vegetables and Vegetable Products,0,3111,0,1747,0
168421,11233,"Kale, raw",Vegetables and Vegetable Products,0,2873,27,6261,0
168423,11240,"Mushrooms, morel, raw",Vegetables and Vegetable Products,0,0,0,0,0
168424,11241,"Kohlrabi, raw",Vegetables and Vegetable Products,0,22,0,0,0
168425,11242,"Kohlrabi, cooked, boiled, drained, without salt",Vegetables and Vegetable Products,0,21,0,0,0
168426,11247,"Leeks, (bulb and lower leaf-portion), cooked, boiled, drained, without salt",Vegetables and Vegetable Products,0,487,0,925,0
168429,11250,"Lettuce, butterhead (includes boston and bibb types), raw",Vegetables and Vegetable Products,0,1987,0,1223,0
168430,11255,"Lotus root, cooked, boiled, drained, without salt",Vegetables and Vegetable Products,0,0,0,0,0
168431,11257,"Lettuce, red leaf, raw",Vegetables and Vegetable Products,0,4495,0,1724,0
168434,11266,"Mushrooms, brown, italian, or crimini, raw",Vegetables and Vegetable Products,0,0,0,0,0
168435,11267,"Mushrooms, shiitake, stir-fried",Vegetables and Vegetable Products,0,0,0,0,0
168436,11268,"Mushrooms, shiitake, dried",Vegetables and Vegetable Products,0,0,0,0,0
168437,11269,"Mushrooms, shiitake, cooked, without salt",Vegetables and Vegetable Products,0,0,0,0,0
168442,11402,"Potatoes, french fried, all types, salt added in processing, frozen, unprepared",Vegetables and Vegetable Products,0,2,0,13,0
168444,11411,"Potatoes, french fried, steak fries, salt added in processing, frozen, as purchased",Vegetables and Vegetable Products,0,2,0,12,0
168446,11413,Potato flour,Vegetables and Vegetable Products,0,0,0,0,0
168447,11419,"Pumpkin leaves, cooked, boiled, drained, without salt",Vegetables and Vegetable Products,0,960,0,1747,0
168448,11422,"Pumpkin, raw",Vegetables and Vegetable Products,4016,3100,0,1500,0
168449,11423,"Pumpkin, cooked, boiled, drained, without salt",Vegetables and Vegetable Products,2715,2096,0,1014,0
168450,11424,"Pumpkin, canned, without salt",Vegetables and Vegetable Products,4795,6940,0,0,0
168451,11430,"Radishes, oriental, raw",Vegetables and Vegetable Products,0,0,0,0,0
168452,11431,"Radishes, oriental, cooked, boiled, drained, without salt",Vegetables and Vegetable Products,0,0,0,0,0
168453,11432,"Radishes, oriental, dried",Vegetables and Vegetable Products,0,0,0,0,0
168454,11435,"Rutabagas, raw",Vegetables and Vegetable Products,0,1,1,19,14
168455,11436,"Rutabagas, cooked, boiled, drained, without salt",Vegetables and Vegetable Products,0,1,0,13,10
168456,11444,"Seaweed, irishmoss, raw",Vegetables and Vegetable Products,0,71,0,0,0
168457,11445,"Seaweed, kelp, raw",Vegetables and Vegetable Products,0,70,0,0,0
168458,11446,"Seaweed, laver, raw",Vegetables and Vegetable Products,0,3121,0,0,0
168460,11453,"Soybeans, mature seeds, sprouted, cooked, steamed",Vegetables and Vegetable Products,12,12,12,0,0
168462,11457,"Spinach, raw",Vegetables and Vegetable Products,0,5626,0,12198,0
168463,11458,"Spinach, cooked, boiled, drained, without salt",Vegetables and Vegetable Products,0,6288,0,11308,0
168464,11467,"Squash, summer, crookneck and straightneck, raw",Vegetables and Vegetable Products,0,90,0,290,0
168465,11468,"Squash, summer, crookneck and straightneck, cooked, boiled, drained, without salt",Vegetables and Vegetable Products,0,670,0,315,0
168466,11471,"Squash, summer, crookneck and straightneck, canned, drained, solid, without salt",Vegetables and Vegetable Products,0,61,0,198,0
168468,11474,"Squash, summer, crookneck and straightneck, frozen, cooked, boiled, drained, without salt",Vegetables and Vegetable Products,0,120,0,388,0
168469,11479,"Squash, summer, zucchini, includes skin, frozen, unprepared",Vegetables and Vegetable Products,0,119,0,2102,0
168470,11480,"Squash, summer, zucchini, includes skin, frozen, cooked, boiled, drained, without salt",Vegetables and Vegetable Products,0,106,0,1877,0
168472,11482,"Squash, winter, acorn, raw",Vegetables and Vegetable Products,0,220,0,38,0
168473,11487,"Squash, winter, butternut, frozen, unprepared",Vegetables and Vegetable Products,376,1904,1564,0,0
168475,11489,"Squash, winter, hubbard, raw",Vegetables and Vegetable Products,0,820,0,0,0
168476,11490,"Squash, winter, hubbard, baked, without salt",Vegetables and Vegetable Products,885,3580,0,0,0
168481,11502,"Succotash, (corn and limas), frozen, cooked, boiled, drained, without salt",Vegetables and Vegetable Products,9,82,61,342,0
168482,11507,"Sweet potato, raw, unprepared (Includes foods for USDA's Food Distribution Program)",Vegetables and Vegetable Products,7,8509,0,0,0
168483,11508,"Sweet potato, cooked, baked in skin, flesh, without salt",Vegetables and Vegetable Products,43,11509,0,0,0
168484,11510,"Sweet potato, cooked, boiled, without skin",Vegetables and Vegetable Products,0,9444,0,0,0
168485,11512,"Sweet potato, canned, vacuum pack",Vegetables and Vegetable Products,0,4790,0,0,0
168486,11519,"Taro, cooked, without salt",Vegetables and Vegetable Products,0,39,22,0,0
168487,11520,"Taro leaves, raw",Vegetables and Vegetable Products,0,2895,0,1932,0
168490,11697,"Arrowroot, raw",Vegetables and Vegetable Products,0,11,0,,
168494,11709,"Asparagus, frozen, cooked, boiled, drained, with salt",Vegetables and Vegetable Products,0,483,0,618,24
168495,11710,"Balsam-pear (bitter gourd), leafy tips, cooked, boiled, drained, with salt",Vegetables and Vegetable Products,0,1450,0,2638,0
168496,11711,"Balsam-pear (bitter gourd), pods, cooked, boiled, drained, with salt",Vegetables and Vegetable Products,0,68,0,1323,0
168498,11717,"Lima beans, immature seeds, frozen, fordhook, cooked, boiled, drained, with salt",Vegetables and Vegetable Products,0,114,0,0,0
168499,11718,"Mung beans, mature seeds, sprouted, cooked, boiled, drained, with salt",Vegetables and Vegetable Products,4,4,4,0,0
168503,11727,"Beans, snap, yellow, canned, regular pack, solids and liquids",Vegetables and Vegetable Products,0,50,0,363,0
168504,11728,"Beans, snap, yellow, canned, no salt added, solids and liquids",Vegetables and Vegetable Products,0,50,0,363,0
168505,11729,"Beans, snap, green, canned, no salt added, drained solids",Vegetables and Vegetable Products,156,122,24,452,0
168506,11734,"Beets, cooked, boiled. drained, with salt",Vegetables and Vegetable Products,0,21,0,0,0
168507,11735,"Beets, canned, no salt added, solids and liquids",Vegetables and Vegetable Products,0,13,0,0,0
168508,11736,"Beet greens, cooked, boiled, drained, with salt",Vegetables and Vegetable Products,4,4590,0,1819,0
168510,11742,"Broccoli, cooked, boiled, drained, with salt",Vegetables and Vegetable Products,0,929,0,1080,0
168511,11743,"Broccoli, frozen, chopped, cooked, boiled, drained, with salt",Vegetables and Vegetable Products,19,597,1,1095,0
168512,11744,"Broccoli, frozen, spears, cooked, boiled, drained, with salt",Vegetables and Vegetable Products,15,663,1,1498,0
168513,11745,"Brussels sprouts, cooked, boiled, drained, with salt",Vegetables and Vegetable Products,0,465,0,1290,0
168514,11751,"Cabbage, common, cooked, boiled, drained, with salt",Vegetables and Vegetable Products,0,48,0,27,0
168515,11752,"Cabbage, red, cooked, boiled, drained, with salt",Vegetables and Vegetable Products,0,20,0,20,0
168517,11754,"Cabbage, chinese (pak-choi), cooked, boiled, drained, with salt",Vegetables and Vegetable Products,1,2549,0,38,0
168518,11759,"Carrots, canned, no salt added, drained solids",Vegetables and Vegetable Products,2743,5331,0,0,0
168519,11760,"Carrots, frozen, cooked, boiled, drained, with salt",Vegetables and Vegetable Products,3716,8199,199,676,0
168520,11761,"Cauliflower, cooked, boiled, drained, with salt",Vegetables and Vegetable Products,0,7,0,29,0
168521,11762,"Cauliflower, frozen, cooked, boiled, drained, with salt",Vegetables and Vegetable Products,0,6,0,24,0
168522,11767,"Chrysanthemum, garland, cooked, boiled, drained, with salt",Vegetables and Vegetable Products,0,1543,0,3467,0
168523,11768,"Collards, cooked, boiled, drained, with salt",Vegetables and Vegetable Products,68,4513,26,6197,0
168524,11769,"Collards, frozen, chopped, cooked, boiled, drained, with salt",Vegetables and Vegetable Products,127,6818,28,10898,0
168525,11770,"Corn, sweet, yellow, cooked, boiled, drained, with salt",Vegetables and Vegetable Products,23,66,161,906,0
168526,11777,"Cowpeas (blackeyes), immature seeds, cooked, boiled, drained, with salt",Vegetables and Vegetable Products,0,475,0,0,0
168527,11778,"Cowpeas (blackeyes), immature seeds, frozen, cooked, boiled, drained, with salt",Vegetables and Vegetable Products,0,45,0,0,0
168531,11786,"Drumstick leaves, cooked, boiled, drained, with salt",Vegetables and Vegetable Products,0,4208,0,1747,0
168534,11794,"Lambsquarters, cooked, boiled, drained, with salt",Vegetables and Vegetable Products,4,4688,0,1857,0
168535,11795,"Leeks, (bulb and lower leaf-portion), cooked, boiled, drained, with salt",Vegetables and Vegetable Products,0,487,0,925,0
168537,11797,"Mushrooms, white, cooked, boiled, drained, with salt",Vegetables and Vegetable Products,0,0,0,0,0
168538,11900,"Corn, sweet, white, raw",Vegetables and Vegetable Products,0,1,0,34,0
168539,11901,"Corn, sweet, white, cooked, boiled, drained, without salt",Vegetables and Vegetable Products,0,1,0,43,0
168540,11902,"Corn, sweet, white, cooked, boiled, drained, with salt",Vegetables and Vegetable Products,0,1,0,43,0
168541,11903,"Corn, sweet, white, canned, whole kernel, regular pack, solids and liquids",Vegetables and Vegetable Products,,,,,0
168542,11908,"Corn, sweet, white, canned, vacuum pack, regular pack",Vegetables and Vegetable Products,0,1,1,41,0
168543,11909,"Corn, sweet, white, canned, vacuum pack, no salt added",Vegetables and Vegetable Products,0,1,1,40,0
168544,11910,"Corn, sweet, white, frozen, kernels cut off cob, unprepared",Vegetables and Vegetable Products,0,1,0,35,0
168545,11911,"Corn, sweet, white, frozen, kernels cut off cob, boiled, drained, without salt",Vegetables and Vegetable Products,0,1,1,50,0
168547,11917,"Peppers, sweet, red, frozen, chopped, unprepared",Vegetables and Vegetable Products,15,1259,380,39,0
168548,11918,"Peppers, sweet, red, frozen, chopped, boiled, drained, without salt",Vegetables and Vegetable Products,12,994,300,31,0
168549,11919,"Peppers, sweet, red, frozen, chopped, boiled, drained, with salt",Vegetables and Vegetable Products,12,994,300,31,0
168550,11921,"Peppers, sweet, red, sauteed",Vegetables and Vegetable Products,96,1570,77,106,484
168554,11929,"Potatoes, mashed, prepared from granules, without milk, whole milk and margarine",Vegetables and Vegetable Products,,48,,,
168555,11934,"Potatoes, mashed, home-prepared, whole milk and butter added",Vegetables and Vegetable Products,0,9,0,7,0
168556,11935,Catsup,Vegetables and Vegetable Products,0,316,0,161,12062
168557,11936,"Mushrooms, brown, italian, or crimini, exposed to ultraviolet light, raw",Vegetables and Vegetable Products,0,0,0,0,0
168558,11937,"Pickles, cucumber, dill or kosher dill",Vegetables and Vegetable Products,13,53,30,28,0
168559,11943,"Pimento, canned",Vegetables and Vegetable Products,238,1474,0,366,0
168561,11945,"Pickle relish, sweet",Vegetables and Vegetable Products,129,519,296,271,0
168562,11946,"Pickles, cucumber, sour, low sodium",Vegetables and Vegetable Products,20,81,47,43,0
168563,11947,"Pickles, cucumber, dill, reduced sodium",Vegetables and Vegetable Products,13,53,30,28,0
168564,11952,"Radicchio, raw",Vegetables and Vegetable Products,0,16,0,8832,0
168566,11954,"Tomatillos, raw",Vegetables and Vegetable Products,10,63,0,467,0
168567,11955,"Tomatoes, sun-dried",Vegetables and Vegetable Products,0,524,0,1419,45902
168568,11960,"Carrots, baby, raw",Vegetables and Vegetable Products,3767,6391,0,358,0
168570,11962,"Peppers, hot chile, sun-dried",Vegetables and Vegetable Products,994,14844,1103,5494,0
168571,11963,"Nopales, raw",Vegetables and Vegetable Products,48,250,0,0,0
168572,11970,"Cabbage, napa, cooked",Vegetables and Vegetable Products,49,133,0,,0
168573,11972,"Lemon grass (citronella), raw",Vegetables and Vegetable Products,0,3,0,,
168574,11973,"Beans, fava, in pod, raw",Vegetables and Vegetable Products,0,196,9,1811,0
168575,11974,"Grape leaves, raw",Vegetables and Vegetable Products,629,16194,9,1747,0
168576,11979,"Peppers, jalapeno, raw",Vegetables and Vegetable Products,67,561,105,861,0
168578,11981,"Peppers, hungarian, raw",Vegetables and Vegetable Products,16,465,34,502,0
168580,11987,"Mushrooms, oyster, raw",Vegetables and Vegetable Products,0,29,0,0,0
168582,11989,"Mushrooms, straw, canned, drained solids",Vegetables and Vegetable Products,0,0,0,,
168583,11990,"Wasabi, root, raw",Vegetables and Vegetable Products,0,21,0,,
168584,11996,"Fiddlehead ferns, frozen, unprepared",Vegetables and Vegetable Products,280,1870,,,
168586,12179,"Nuts, coconut meat, dried (desiccated), sweetened, shredded",Nut and Seed Products,0,0,0,0,0
168588,12195,"Nuts, almond butter, plain, without salt added",Nut and Seed Products,0,1,0,1,0
168593,12538,"Seeds, sunflower seed kernels, oil roasted, with salt added",Nut and Seed Products,0,5,0,0,0
168596,12563,"Nuts, almonds, dry roasted, with salt added",Nut and Seed Products,0,1,0,1,0
168597,12588,"Nuts, cashew butter, plain, with salt added",Nut and Seed Products,0,0,0,18,0
168598,12632,"Nuts, macadamia nuts, dry roasted, with salt added",Nut and Seed Products,0,0,0,0,0
168599,12635,"Nuts, mixed nuts, dry roasted, with peanuts, with salt added",Nut and Seed Products,0,3,0,21,0
168600,12637,"Nuts, mixed nuts, oil roasted, with peanuts, with salt added",Nut and Seed Products,0,2,0,8,0
168602,12665,"Nuts, almonds, oil roasted, lightly salted",Nut and Seed Products,0,1,0,1,0
168603,12695,"Nuts, almond butter, plain, with salt added",Nut and Seed Products,0,1,0,1,0
168605,13019,"Beef, retail cuts, separable fat, raw",Beef Products,0,0,0,0,0
168606,13020,"Beef, retail cuts, separable fat, cooked",Beef Products,0,0,0,0,0
168607,13023,"Beef, brisket, whole, separable lean only, all grades, raw",Beef Products,0,0,0,0,0
168608,13047,"Beef, grass-fed, ground, raw",Beef Products,0,0,0,0,0
168609,13068,"Beef, flank, steak, separable lean only, trimmed to 0"" fat, choice, raw",Beef Products,0,0,0,0,0
168610,13069,"Beef, flank, steak, separable lean only, trimmed to 0"" fat, choice, cooked, braised",Beef Products,0,0,0,0,0
168611,13070,"Beef, flank, steak, separable lean only, trimmed to 0"" fat, choice, cooked, broiled",Beef Products,0,0,0,0,0
168613,13148,"Beef, rib, shortribs, separable lean and fat, choice, cooked, braised",Beef Products,0,0,0,0,0
168615,13150,"Beef, rib, shortribs, separable lean only, choice, cooked, braised",Beef Products,0,0,0,0,0
168616,13156,"Beef, round, full cut, separable lean only, trimmed to 1/4"" fat, choice, cooked, broiled",Beef Products,0,0,0,0,0
168618,13232,"Beef, short loin, porterhouse steak, separable lean only, trimmed to 1/8"" fat, choice, cooked, grilled",Beef Products,0,0,0,0,0
168619,13235,"Beef, short loin, t-bone steak, bone-in, separable lean only, trimmed to 1/8"" fat, choice, raw",Beef Products,0,0,0,0,0
168620,13236,"Beef, short loin, t-bone steak, bone-in, separable lean only, trimmed to 1/8"" fat, choice, cooked, grilled",Beef Products,0,0,0,0,0
168621,13284,"Beef, rib eye, small end (ribs 10-12), separable lean only, trimmed to 0"" fat, select, raw",Beef Products,0,0,0,0,0
168622,13318,"Beef, variety meats and by-products, brain, raw",Beef Products,0,88,0,0,0
168624,13320,"Beef, variety meats and by-products, brain, cooked, simmered",Beef Products,0,70,0,0,0
168625,13321,"Beef, variety meats and by-products, heart, raw",Beef Products,0,0,0,0,17
168626,13326,"Beef, variety meats and by-products, liver, cooked, braised",Beef Products,11,162,11,0,0
168627,13327,"Beef, variety meats and by-products, liver, cooked, pan-fried",Beef Products,11,182,21,0,0
168631,13447,"Beef, loin, top loin steak, boneless, lip off, separable lean and fat, trimmed to 0"" fat, select, cooked, grilled",Beef Products,0,0,0,0,0
168632,13448,"Beef, loin, top loin steak, boneless, lip off, separable lean only, trimmed to 0"" fat, all grades, cooked, grilled",Beef Products,0,0,0,0,0
168633,13453,"Beef, top sirloin, steak, separable lean and fat, trimmed to 0"" fat, select, cooked, broiled",Beef Products,0,0,0,0,0
168634,13454,"Beef, top sirloin, steak, separable lean only, trimmed to 0"" fat, all grades, cooked, broiled",Beef Products,0,0,0,0,0
168635,13455,"Beef, top sirloin, steak, separable lean only, trimmed to 0"" fat, choice, cooked, broiled",Beef Products,0,0,0,0,0
168636,13456,"Beef, top sirloin, steak, separable lean only, trimmed to 0"" fat, select, cooked, broiled",Beef Products,0,0,0,0,0
168637,13465,"Beef, short loin, porterhouse steak, separable lean only,  trimmed to 1/8"" fat, all grades, cooked, grilled",Beef Products,0,0,0,0,0
168638,13466,"Beef, short loin, porterhouse steak, separable lean only, trimmed to 0"" fat, all grades, cooked, broiled",Beef Products,0,0,0,0,0
168639,13467,"Beef, short loin, porterhouse steak, separable lean only, trimmed to 0"" fat, choice, cooked, broiled",Beef Products,0,0,0,0,0
168640,13468,"Beef, short loin, porterhouse steak, separable lean only, trimmed to 1/8"" fat, select, raw",Beef Products,0,0,0,0,0
168641,13469,"Beef, short loin, porterhouse steak, separable lean only, trimmed to 1/8"" fat, select, cooked, grilled",Beef Products,0,0,0,0,0
168642,13478,"Beef, short loin, t-bone steak, bone-in, separable lean only, trimmed to 1/8"" fat, all grades, raw",Beef Products,0,0,0,0,0
168643,13479,"Beef, short loin, t-bone steak, bone-in, separable lean only, trimmed to 1/8"" fat, all grades, cooked, grilled",Beef Products,0,0,0,0,0
168644,13481,"Beef, short loin, t-bone steak, separable lean only, trimmed to 0"" fat, choice, cooked, broiled",Beef Products,0,0,0,0,0
168645,13482,"Beef, short loin, t-bone steak, bone-in, separable lean only, trimmed to 1/8"" fat, select, raw",Beef Products,0,0,0,0,0
168646,13487,"Beef, round, tip round, roast, separable lean and fat, trimmed to 0"" fat, choice, raw",Beef Products,0,0,0,0,0
168647,13488,"Beef, round, tip round, roast, separable lean and fat, trimmed to 0"" fat, select, raw",Beef Products,0,0,0,0,0
168648,13490,"Beef, rib, eye, small end (ribs 10- 12) separable lean only, trimmed to 0"" fat, select, cooked, broiled",Beef Products,0,0,0,0,0
168649,13491,"Beef, round, top round steak, boneless, separable lean only, trimmed to 0"" fat, all grades, cooked, grilled",Beef Products,0,0,0,0,0
168650,13496,"Beef, ground, 70% lean meat / 30% fat, patty cooked, pan-broiled",Beef Products,0,0,0,0,0
168651,13497,"Beef, ground, 70% lean meat / 30% fat, patty, cooked, broiled",Beef Products,0,0,0,0,0
168652,13498,"Beef, ground, 70% lean meat / 30% fat, raw",Beef Products,0,0,0,0,0
168653,13499,"Beef, chuck, under blade center steak, boneless, Denver Cut, separable lean only, trimmed to 0"" fat, select, raw",Beef Products,0,0,0,0,0
168654,13500,"Beef, shoulder top blade steak, boneless, separable lean only, trimmed to 0"" fat, all grades, cooked, grilled",Beef Products,0,0,0,0,0
168655,13523,"Beef, shoulder top blade steak, boneless, separable lean only, trimmed to 0"" fat, select, raw",Beef Products,0,0,0,0,0
168656,13595,"Beef, brisket, flat half, boneless separable lean only, trimmed to 0"" fat, all grades, raw",Beef Products,0,0,0,0,0
168657,13596,"Beef, brisket, flat half, boneless, separable lean only, trimmed to 0"" fat, choice, raw",Beef Products,0,0,0,0,0
168658,13597,"Beef, brisket, flat half, boneless, separable lean only, trimmed to 0"" fat, select, raw",Beef Products,0,0,0,0,0
168659,13650,"Beef, shoulder top blade steak, boneless, separable lean and fat, trimmed to 0"" fat, choice, cooked, grilled",Beef Products,0,0,0,0,0
168660,13786,"Beef, chuck eye roast, boneless, America's Beef Roast, separable lean and fat, trimmed to 0"" fat, all grades, raw",Beef Products,0,0,0,0,0
168661,13788,"Beef, chuck eye roast, boneless, America's Beef Roast, separable lean and fat, trimmed to 0"" fat, choice, raw",Beef Products,0,0,0,0,0
168662,13791,"Beef, chuck eye roast, boneless, America's Beef Roast, separable lean and fat, trimmed to 0"" fat, select, raw",Beef Products,0,0,0,0,0
168663,13800,"Beef, composite of trimmed retail cuts, separable lean and fat, trimmed to 1/8"" fat, select, cooked",Beef Products,0,0,0,0,0
168664,13803,"Beef, brisket, whole, separable lean and fat, trimmed to 1/8"" fat, all grades, raw",Beef Products,0,0,0,0,0
168665,13804,"Beef, brisket, whole, separable lean and fat, trimmed to 1/8"" fat, all grades, cooked, braised",Beef Products,0,0,0,0,0
168666,13805,"Beef, brisket, flat half, separable lean and fat, trimmed to 1/8"" fat, all grades, raw",Beef Products,0,0,0,0,0
168667,13810,"Beef, chuck, arm pot roast, separable lean and fat, trimmed to 1/8"" fat, all grades, cooked, braised",Beef Products,0,0,0,0,0
168668,13811,"Beef, chuck, arm pot roast, separable lean and fat, trimmed to 1/8"" fat, choice, raw",Beef Products,0,0,0,0,0
168669,13812,"Beef, chuck, arm pot roast, separable lean and fat, trimmed to 1/8"" fat, choice, cooked, braised",Beef Products,0,0,0,0,0
168670,13813,"Beef, chuck, arm pot roast, separable lean and fat, trimmed to 1/8"" fat, select, raw",Beef Products,0,0,0,0,0
168671,13818,"Beef, chuck, blade roast, separable lean and fat, trimmed to 1/8"" fat, choice, cooked, braised",Beef Products,0,0,0,0,0
168672,13819,"Beef, chuck, blade roast, separable lean and fat, trimmed to 1/8"" fat, select, raw",Beef Products,0,0,0,0,0
168673,13820,"Beef, chuck, blade roast, separable lean and fat, trimmed to 1/8"" fat, select, cooked, braised",Beef Products,0,0,0,0,0
168674,13821,"Beef, chuck eye roast, boneless, America's Beef Roast, separable lean only, trimmed to 0"" fat, all grades, cooked, roasted",Beef Products,0,0,0,0,0
168677,13829,"Beef, rib, whole (ribs 6-12), separable lean and fat, trimmed to 1/8"" fat, choice, cooked, roasted",Beef Products,0,0,0,0,0
168682,13840,"Beef, rib, large end (ribs 6-9), separable lean and fat, trimmed to 1/8"" fat, all grades, cooked, roasted",Beef Products,0,0,0,0,0
168688,13854,"Beef, rib, small end (ribs 10-12), separable lean and fat, trimmed to 1/8"" fat, choice, cooked, broiled",Beef Products,0,0,0,0,0
168690,13856,"Beef, rib, small end (ribs 10-12), separable lean and fat, trimmed to 1/8"" fat, select, raw",Beef Products,0,0,0,0,0
168691,13857,"Beef, rib, small end (ribs 10-12), separable lean and fat, trimmed to 1/8"" fat, select, cooked, broiled",Beef Products,0,0,0,0,0
168692,13862,"Beef, shoulder top blade steak, boneless, separable lean and fat, trimmed to 0"" fat, select, cooked, grilled",Beef Products,0,0,0,0,0
168693,13863,"Beef, shoulder top blade steak, boneless, separable lean and fat, trimmed to 0"" fat, all grades, raw",Beef Products,0,0,0,0,0
168694,13864,"Beef, round, full cut, separable lean and fat, trimmed to 1/8"" fat, choice, raw",Beef Products,0,0,0,0,0
168695,13865,"Beef, round, full cut, separable lean and fat, trimmed to 1/8"" fat, choice, cooked, broiled",Beef Products,0,0,0,0,0
168696,13870,"Beef, round, bottom round, roast, separable lean and fat, trimmed to 1/8"" fat, all grades, cooked, roasted",Beef Products,0,0,0,0,0
168697,13871,"Beef, round, bottom round, steak, separable lean and fat, trimmed to 1/8"" fat, choice, raw",Beef Products,0,0,0,0,0
168698,13872,"Beef, round, bottom round, steak, separable lean and fat, trimmed to 1/8"" fat, choice, cooked, braised",Beef Products,0,0,0,0,0
168699,13873,"Beef, round, bottom round, roast, separable lean and fat, trimmed to 1/8"" fat, choice, cooked, roasted",Beef Products,0,0,0,0,0
168700,13874,"Beef, round, bottom round, steak, separable lean and fat, trimmed to 1/8"" fat, select, raw",Beef Products,0,0,0,0,0
168701,13879,"Beef, round, eye of round, roast, separable lean and fat, trimmed to 1/8"" fat, choice, raw",Beef Products,0,0,0,0,0
168702,13880,"Beef, round, eye of round, roast, separable lean and fat, trimmed to 1/8"" fat, choice, cooked, roasted",Beef Products,0,0,0,0,0
168703,13881,"Beef, round, eye of round, roast, separable lean and fat, trimmed to 1/8"" fat, select, raw",Beef Products,0,0,0,0,0
168704,13882,"Beef, round, eye of round, roast, separable lean and fat, trimmed to 1/8"" fat, select, cooked, roasted",Beef Products,0,0,0,0,0
168705,13887,"Beef, round, tip round, separable lean and fat, trimmed to 1/8"" fat, select, raw",Beef Products,0,0,0,0,0
168706,13888,"Beef, round, tip round, roast, separable lean and fat, trimmed to 1/8"" fat, select, cooked, roasted",Beef Products,0,0,0,0,0
168707,13889,"Beef, shoulder top blade steak, boneless, separable lean and fat, trimmed to 0"" fat, choice, raw",Beef Products,0,0,0,0,0
168708,13890,"Beef, round, top round, separable lean only, trimmed to 1/8"" fat, choice, cooked, pan-fried",Beef Products,0,0,0,0,0
168709,13895,"Beef, round, top round, separable lean and fat, trimmed to 1/8"" fat, choice, cooked, braised",Beef Products,0,0,0,0,0
168710,13896,"Beef, round, top round, steak, separable lean and fat, trimmed to 1/8"" fat, choice, cooked, broiled",Beef Products,0,0,0,0,0
168711,13897,"Beef, round, top round, separable lean and fat, trimmed to 1/8"" fat, choice, cooked, pan-fried",Beef Products,0,0,0,0,0
168712,13898,"Beef, round, top round, steak, separable lean and fat, trimmed to 1/8"" fat, select, raw",Beef Products,0,0,0,0,0
168713,13899,"Beef, round, top round, separable lean and fat, trimmed to 1/8"" fat, select, cooked, braised",Beef Products,0,0,0,0,0
168714,13904,"Beef, brisket, flat half, boneless, separable lean and fat, trimmed to 0"" fat, all grades, raw",Beef Products,0,0,0,0,0
168715,13905,"Beef, short loin, porterhouse steak, separable lean and fat, trimmed to 1/8"" fat, choice, raw",Beef Products,0,0,0,0,0
168716,13906,"Beef, short loin, porterhouse steak, separable lean and fat, trimmed to 1/8"" fat, choice, cooked, grilled",Beef Products,0,0,0,0,0
168717,13907,"Beef, short loin, t-bone steak, separable lean and fat, trimmed to 1/8"" fat, choice, raw",Beef Products,0,0,0,0,0
168718,13912,"Beef, short loin, top loin, steak, separable lean and fat, trimmed to 1/8"" fat, choice, cooked, grilled",Beef Products,0,0,0,0,0
168719,13913,"Beef, loin, top loin, separable lean and fat, trimmed to 1/8"" fat, select, raw",Beef Products,0,0,0,0,0
168720,13914,"Beef, loin, top loin, separable lean and fat, trimmed to 1/8"" fat, select, cooked, grilled",Beef Products,0,0,0,0,0
168721,13915,"Beef, short loin, top loin, steak, separable lean and fat, trimmed to 1/8"" fat, prime, raw",Beef Products,0,0,0,0,0
168722,13921,"Beef, tenderloin, steak, separable lean and fat, trimmed to 1/8"" fat, choice, cooked, broiled",Beef Products,0,0,0,0,0
168723,13922,"Beef, tenderloin, roast, separable lean and fat, trimmed to 1/8"" fat, choice, cooked, roasted",Beef Products,0,0,0,0,0
168724,13923,"Beef, tenderloin, steak, separable lean and fat, trimmed to 1/8"" fat, select, raw",Beef Products,0,0,0,0,0
168725,13924,"Beef, tenderloin, steak, separable lean and fat, trimmed to 1/8"" fat, select, cooked, broiled",Beef Products,0,0,0,0,0
168726,13929,"Beef, top sirloin, steak, separable lean and fat, trimmed to 1/8"" fat, all grades, raw",Beef Products,0,0,0,0,0
168727,13930,"Beef, top sirloin, steak, separable lean and fat, trimmed to 1/8"" fat, all grades, cooked, broiled",Beef Products,0,0,0,0,0
168728,13931,"Beef, top sirloin, steak, separable lean and fat, trimmed to 1/8"" fat, choice, raw",Beef Products,0,0,0,0,0
168729,13932,"Beef, top sirloin, steak, separable lean and fat, trimmed to 1/8"" fat, choice, cooked, broiled",Beef Products,0,0,0,0,0
168730,13940,"Beef, chuck, clod roast, separable lean only, trimmed to 0"" fat, select, cooked, roasted",Beef Products,0,0,0,0,0
168731,13943,"Beef, shoulder steak, boneless, separable lean only, trimmed to 0"" fat, choice, cooked, grilled",Beef Products,0,0,0,0,0
168732,13946,"Beef, shoulder steak, boneless, separable lean only, trimmed to 0"" fat, select, cooked, grilled",Beef Products,0,0,0,0,0
168733,13948,"Beef, flank, steak, separable lean and fat, trimmed to 0"" fat, all grades, cooked, broiled",Beef Products,0,0,0,0,0
168734,13954,"Beef, bottom sirloin, tri-tip roast, separable lean and fat, trimmed to 0"" fat, all grades, raw",Beef Products,0,0,0,0,0
168735,13955,"Beef, bottom sirloin, tri-tip roast, separable lean and fat, trimmed to 0"" fat, choice, cooked, roasted",Beef Products,0,0,0,0,0
168736,13956,"Beef, bottom sirloin, tri-tip roast, separable lean and fat, trimmed to 0"" fat, choice, raw",Beef Products,0,0,0,0,0
168737,13957,"Beef, bottom sirloin, tri-tip roast, separable lean and fat, trimmed to 0"" fat, select, cooked, roasted",Beef Products,0,0,0,0,0
168738,13965,"Beef, chuck, top blade, separable lean only, trimmed to 0"" fat, choice, cooked, broiled",Beef Products,0,0,0,0,0
168739,13967,"Beef, chuck, top blade, separable lean only, trimmed to 0"" fat, select, cooked, broiled",Beef Products,0,0,0,0,0
168740,13968,"Beef, round, top round steak, boneless, separable lean and fat, trimmed to 0"" fat, choice, cooked, grilled",Beef Products,0,0,0,0,0
168741,13969,"Beef, round, top round steak, boneless, separable lean and fat, trimmed to 0"" fat, select, cooked, grilled",Beef Products,0,0,0,0,0
168742,13974,"Beef, chuck eye roast, boneless, America's Beef Roast, separable lean only, trimmed to 0"" fat, select, raw",Beef Products,0,0,0,0,0
168743,13975,"Beef, brisket, flat half, boneless, separable lean and fat, trimmed to 0"" fat, choice, raw",Beef Products,0,0,0,0,0
168744,13977,"Beef, plate, inside skirt steak, separable lean only, trimmed to 0"" fat, all grades, cooked, broiled",Beef Products,0,0,0,0,0
168745,13979,"Beef, plate, outside skirt steak, separable lean only, trimmed to 0"" fat, all grades, cooked, broiled",Beef Products,0,0,0,0,0
168746,14003,"Alcoholic beverage, beer, regular, all",Beverages,0,0,0,0,0
168749,14006,"Alcoholic beverage, beer, light",Beverages,0,0,0,0,0
168751,14016,"Beverages, almond milk, sweetened, vanilla flavor, ready-to-drink",Beverages,0,0,0,0,0
168752,14017,"Alcoholic beverage, pina colada, prepared-from-recipe",Beverages,0,1,0,0,0
168754,19132,"Candies, milk chocolate, with almonds",Sweets,0,0,0,6,0
168755,19134,"Candies, milk chocolate, with rice cereal",Sweets,0,0,0,6,0
168756,19135,"Candies, MARS SNACKFOOD US, MILKY WAY Bar",Sweets,0,4,0,1,0
168757,19136,"Candies, HERSHEY'S SKOR Toffee Bar",Sweets,2,0,0,7,0
168758,19137,"Toppings, strawberry",Sweets,0,9,0,9,0
168759,19142,"Candies, MOUNDS Candy Bar",Sweets,0,0,0,5,0
168760,19143,"Candies, MR. GOODBAR Chocolate Bar",Sweets,0,0,0,5,0
168761,19144,"Candies, NESTLE, 100 GRAND Bar",Sweets,0,3,0,2,0
168763,19150,"Candies, REESE'S Peanut Butter Cups",Sweets,0,0,0,2,0
168764,19151,"Candies, REESE'S PIECES Candy",Sweets,0,0,0,0,0
168765,19152,"Candies, ROLO Caramels in Milk Chocolate",Sweets,0,0,0,0,0
168767,19159,"Candies, MARS SNACKFOOD US, 3 MUSKETEERS Bar",Sweets,0,0,0,1,0
168768,19160,"Candies, MARS SNACKFOOD US, TWIX Caramel Cookie Bars",Sweets,0,0,0,5,0
168769,19161,"Candies, MARS SNACKFOOD US, TWIX Peanut Butter Cookie Bars",Sweets,0,1,0,31,0
168770,19162,"Candies, WHATCHAMACALLIT Candy Bar",Sweets,0,1,0,0,0
168771,19163,Chewing gum,Sweets,0,0,0,0,0
168773,19170,"Egg custards, dry mix, prepared with whole milk",Sweets,0,6,0,0,0
168775,19172,"Gelatin desserts, dry mix",Sweets,0,0,0,0,0
168777,19182,"Desserts, mousse, chocolate, prepared-from-recipe",Sweets,3,27,3,94,0
168778,19183,"Puddings, chocolate, ready-to-eat",Sweets,0,0,0,1,0
168779,19184,"Puddings, chocolate, dry mix, instant",Sweets,0,0,0,4,0
168780,19190,"Puddings, chocolate, dry mix, regular, prepared with 2% milk",Sweets,0,3,0,1,0
168781,19191,"Puddings, coconut cream, dry mix, instant, prepared with 2% milk",Sweets,,0,,,
168782,19193,"Puddings, rice, ready-to-eat",Sweets,0,4,0,9,0
168784,19202,"Puddings, vanilla, dry mix, instant",Sweets,0,0,0,0,0
168785,19203,"Puddings, vanilla, dry mix, instant, prepared with whole milk",Sweets,,18,,,
168786,19204,"Puddings, lemon, dry mix, instant, prepared with 2% milk",Sweets,,10,,,
168787,19205,"Egg custards, dry mix, prepared with 2% milk",Sweets,0,4,0,0,0
168788,19212,"Puddings, vanilla, dry mix, regular, prepared with 2% milk",Sweets,,10,,,
168789,19213,"Rennin, chocolate, dry mix, prepared with 2% milk",Sweets,,11,,,
168791,19216,"Candies, praline, prepared-from-recipe",Sweets,0,10,3,6,0
168793,19223,"Rennin, vanilla, dry mix, prepared with whole milk",Sweets,,17,,,
168795,19226,"Frostings, chocolate, creamy, ready-to-eat",Sweets,0,0,0,0,0
168796,19232,"Flan, caramel custard, dry mix, prepared with whole milk",Sweets,,16,,,
168797,19233,"Puddings, vanilla, ready-to-eat, fat free",Sweets,0,5,0,0,0
168798,19234,"Puddings, tapioca, ready-to-eat, fat free",Sweets,0,0,0,0,0
168799,19235,"Puddings, chocolate, ready-to-eat, fat free",Sweets,0,0,0,1,0
168800,19241,"Frostings, chocolate, creamy, dry mix, prepared with butter",Sweets,0,18,0,0,0
168809,19270,"Ice creams, chocolate",Sweets,0,19,0,0,0
168813,19283,"Frozen novelties, ice type, pop",Sweets,0,0,0,0,0
168815,19293,"Frozen yogurts, vanilla, soft-serve",Sweets,0,11,0,0,0
168816,19294,"Fruit butters, apple",Sweets,0,9,9,17,0
168817,19301,"Candies, fudge, chocolate marshmallow, with nuts, prepared-by-recipe",Sweets,,,0,6,0
168819,19303,"Marmalade, orange",Sweets,5,15,38,58,0
168820,19304,Molasses,Sweets,0,0,0,0,0
168822,19312,"Pie fillings, apple, canned",Sweets,0,10,8,11,0
168825,19321,"Puddings, banana, dry mix, regular, prepared with whole milk",Sweets,0,6,0,0,0
168826,19322,"Puddings, coconut cream, dry mix, instant",Sweets,0,0,0,0,0
168827,19323,"Puddings, coconut cream, dry mix, instant, prepared with whole milk",Sweets,,15,,,
168828,19324,"Puddings, coconut cream, dry mix, regular",Sweets,0,0,0,0,0
168829,19325,"Puddings, coconut cream, dry mix, regular, prepared with whole milk",Sweets,,16,,,
168830,19331,"Puddings, lemon, dry mix, instant, prepared with whole milk",Sweets,,15,,,
168832,19333,"Pudding, lemon, dry mix, regular, prepared with sugar, egg yolk and water",Sweets,2,4,1,44,0
168833,19334,"Sugars, brown",Sweets,0,0,0,0,0
168834,19345,"Syrups, chocolate, HERSHEY'S Genuine Chocolate Flavored Lite Syrup",Sweets,0,0,0,3,0
168835,19348,"Syrups, chocolate, fudge-type",Sweets,0,0,0,4,0
168836,19349,"Syrups, corn, dark",Sweets,0,0,0,0,0
168837,19350,"Syrups, corn, light",Sweets,0,0,0,0,0
168838,19360,"Syrups, table blends, pancake, with 2% maple",Sweets,0,0,0,0,0
168841,19364,"Toppings, butterscotch or caramel",Sweets,0,0,0,0,0
168843,19370,"Candies, MARS SNACKFOOD US, SKITTLES Original Bite Size Candies",Sweets,0,0,0,1,0
168844,19371,"Frostings, vanilla, creamy, dry mix, prepared with margarine",Sweets,,91,,,
168845,19372,"Frostings, chocolate, creamy, dry mix, prepared with margarine",Sweets,,91,,,
168846,19384,"Candies, divinity, prepared-from-recipe",Sweets,0,0,0,0,0
168848,19393,"Frozen yogurts, chocolate, soft-serve",Sweets,,12,,,
168849,19400,"Snacks, banana chips",Snacks,32,34,0,46,0
168850,19407,"Snacks, beef sticks, smoked",Snacks,,150,,,
168851,19408,"Snacks, pork skins, barbecue-flavor",Snacks,,324,,,
168852,19409,"Frostings, glaze, chocolate, prepared-from-recipe, with butter, NFSMI Recipe No. C-32",Sweets,0,13,0,1,0
168853,19410,"Snack, potato chips, made from dried potatoes, plain",Snacks,0,0,0,0,0
168854,19415,"Snacks, potato sticks",Snacks,0,0,0,0,0
168856,19418,"Snacks, sesame sticks, wheat-based, salted",Snacks,0,3,0,19,0
168857,19419,"Snacks, corn cakes",Snacks,0,5,4,0,0
168859,19433,"Tortilla chips, low fat, baked without fat",Snacks,30,47,1,652,0
168860,19434,"Cheese puffs and twists, corn based, baked, low fat",Snacks,30,58,0,643,0
168861,19435,"Snacks, granola bar, fruit-filled, nonfat",Snacks,0,12,9,113,0
168862,19441,"Snacks, KELLOGG, KELLOGG'S, NUTRI-GRAIN Cereal Bars, fruit",Snacks,4,8,2,37,0
168863,19444,"Snacks, tortilla chips, low fat, made with olestra, nacho cheese",Snacks,0,107,0,507,45
168864,19445,"Snacks, potato chips, made from dried potatoes, fat-free, made with olestra",Snacks,0,0,0,0,0
168865,19524,"Snacks, taro chips",Snacks,0,66,37,0,0
168867,20022,"Cornmeal, degermed, enriched, yellow",Cereal Grains and Pasta,63,97,0,1628,0
168871,20032,"Millet, cooked",Cereal Grains and Pasta,0,2,0,70,0
168872,20033,"Oat bran, raw",Cereal Grains and Pasta,0,0,0,180,0
168874,20035,"Quinoa, uncooked",Cereal Grains and Pasta,0,8,1,163,0
168876,20042,"Rice, brown, parboiled, dry, UNCLE BEN'S",Cereal Grains and Pasta,0,0,0,0,0
168877,20044,"Rice, white, long-grain, regular, raw, enriched",Cereal Grains and Pasta,0,0,0,0,0
168878,20045,"Rice, white, long-grain, regular, enriched, cooked",Cereal Grains and Pasta,0,0,0,0,0
168884,20062,Rye grain,Cereal Grains and Pasta,0,7,0,210,0
168885,20063,"Rye flour, dark",Cereal Grains and Pasta,0,7,0,210,0
168886,20064,"Rye flour, medium",Cereal Grains and Pasta,0,0,0,210,0
168887,20065,"Rye flour, light",Cereal Grains and Pasta,0,0,0,210,0
168889,20071,"Wheat, hard red spring",Cereal Grains and Pasta,0,5,0,220,0
168890,20072,"Wheat, hard red winter",Cereal Grains and Pasta,0,5,0,220,0
168893,20080,"Wheat flour, whole-grain (Includes foods for USDA's Food Distribution Program)",Cereal Grains and Pasta,0,5,0,220,0
168894,20081,"Wheat flour, white, all-purpose, enriched, bleached",Cereal Grains and Pasta,0,0,0,18,0
168895,20082,"Wheat flour, white, all-purpose, self-rising, enriched",Cereal Grains and Pasta,0,0,0,18,0
168896,20083,"Wheat flour, white, bread, enriched",Cereal Grains and Pasta,0,1,0,79,0
168897,20089,"Wild rice, cooked",Cereal Grains and Pasta,0,2,0,64,0
168904,20106,"Macaroni, vegetable, enriched, cooked",Cereal Grains and Pasta,0,55,0,13,245
168905,20113,"Noodles, chinese, chow mein",Cereal Grains and Pasta,0,0,0,14,0
168910,20125,"Pasta, whole-wheat, cooked (Includes foods for USDA's Food Distribution Program)",Cereal Grains and Pasta,0,2,0,94,0
168911,20126,"Spaghetti, spinach, dry",Cereal Grains and Pasta,0,277,0,3487,0
168913,20129,"Wheat flours, bread, unenriched",Cereal Grains and Pasta,0,1,0,79,0
168914,20134,"Rice noodles, cooked",Cereal Grains and Pasta,0,0,0,0,0
168917,20137,"Quinoa, cooked",Cereal Grains and Pasta,0,3,0,53,0
168919,20310,"Noodles, egg, cooked, enriched, with added salt",Cereal Grains and Pasta,0,1,0,38,0
168922,20322,"Cornmeal, degermed, enriched, white",Cereal Grains and Pasta,0,1,1,5,0
168926,20410,"Noodles, egg, unenriched, cooked, without added salt",Cereal Grains and Pasta,0,1,0,38,0
168928,20421,"Pasta, cooked, unenriched, without added salt",Cereal Grains and Pasta,0,0,0,7,0
168929,20422,"Cornmeal, degermed, unenriched, yellow",Cereal Grains and Pasta,63,97,0,1628,0
168935,20545,"Rice, white, long-grain, regular, cooked, unenriched, with salt",Cereal Grains and Pasta,0,0,0,0,0
168936,20581,"Wheat flour, white, all-purpose, enriched, unbleached",Cereal Grains and Pasta,0,1,0,79,0
168938,20630,"Wheat flour, white (industrial), 10% protein, unbleached, enriched",Cereal Grains and Pasta,0,0,0,18,0
168939,20634,"Wheat flour, white (industrial), 11.5% protein, bleached, enriched",Cereal Grains and Pasta,0,0,0,18,0
168940,20635,"Wheat flour, white (industrial), 11.5% protein, bleached, unenriched",Cereal Grains and Pasta,0,0,0,18,0
168941,20636,"Wheat flour, white (industrial), 11.5% protein, unbleached, enriched",Cereal Grains and Pasta,0,0,0,18,0
168942,20640,"Wheat flour, white (industrial), 13% protein, bleached, enriched",Cereal Grains and Pasta,0,0,0,18,0
168944,20649,"Wheat flour, whole-grain, soft wheat",Cereal Grains and Pasta,0,5,0,220,0
168949,32000,"Rice and vermicelli mix, beef flavor, unprepared","Meals, Entrees, and Side Dishes",292,696,0,22,0
168951,32002,"Rice and vermicelli mix, rice pilaf flavor, unprepared","Meals, Entrees, and Side Dishes",0,1,0,28,0
168953,32008,"Pasta mix, classic cheeseburger macaroni, unprepared","Meals, Entrees, and Side Dishes",0,208,0,37,925
168954,32009,"Pasta mix, classic beef, unprepared","Meals, Entrees, and Side Dishes",0,0,0,1,0
168955,32010,"Pasta mix, Italian lasagna, unprepared","Meals, Entrees, and Side Dishes",1,78,0,27,334
168956,32011,"Yellow rice with seasoning, dry packet mix, unprepared","Meals, Entrees, and Side Dishes",0,0,0,1,0
168957,32012,"Pizza rolls, frozen, unprepared","Meals, Entrees, and Side Dishes",7,209,0,4,6530
168959,32018,"Spanish rice mix, dry mix, unprepared","Meals, Entrees, and Side Dishes",1,255,52,245,3677
168960,32019,"Lasagna, cheese, frozen, unprepared","Meals, Entrees, and Side Dishes",2,87,0,28,2779
168962,32027,"Turnover, meat- and cheese-filled, tomato-based sauce, reduced fat, frozen","Meals, Entrees, and Side Dishes",0,24,3,32,13
168963,32028,"Turnover, filled with egg, meat and cheese, frozen","Meals, Entrees, and Side Dishes",0,20,0,15,0
168964,32029,"Rice mix, white and wild, flavored, unprepared","Meals, Entrees, and Side Dishes",0,1,0,28,0
168965,32031,"Salisbury steak with gravy, frozen","Meals, Entrees, and Side Dishes",0,0,0,0,0
168966,33862,"Infant Formula, MEAD JOHNSON, ENFAMIL, Newborn, with ARA and DHA, powder",Baby Foods,0,0,0,0,0
168967,33863,"Infant Formula, MEAD JOHNSON, ENFAMIL, Premium LIPIL, Infant, powder",Baby Foods,0,0,0,0,0
168968,33864,"Infant Formula, MEAD JOHNSON, ENFAMIL, Premium LIPIL, Infant, Liquid concentrate, not reconstituted",Baby Foods,0,0,0,0,0
168969,33865,"Infant Formula, MEAD JOHNSON, ENFAMIL, Premium, Infant, Liquid concentrate, not reconstituted",Baby Foods,0,0,0,0,0
168970,33866,"Infant formula, MEAD JOHNSON, ENFAMIL, ENFAGROW, GENTLEASE, Toddler transitions, with ARA and DHA, powder",Baby Foods,0,0,0,0,0
168971,33871,"Infant formula, ABBOTT NUTRITION, SIMILAC, GO AND GROW, powder, with ARA and DHA",Baby Foods,0,0,0,0,0
168972,33872,"Infant formula, GERBER, GOOD START 2 SOY, with iron, powder",Baby Foods,0,0,0,0,0
168973,33873,"Infant formula, MEAD JOHNSON, ENFAMIL, NUTRAMIGEN, PurAmino, powder, not reconstituted",Baby Foods,0,0,0,0,0
168974,33874,"Infant formula, MEAD JOHNSON, ENFAMIL, Premature, 20 calories ready-to-feed Low iron",Baby Foods,0,0,0,0,0
168975,33881,"Babyfood, rice cereal, dry, EARTHS BEST ORGANIC WHOLE GRAIN, fortified only with iron",Baby Foods,0,0,0,0,0
168979,35012,"Whale, beluga, flipper, raw (Alaska Native)",American Indian/Alaska Native Foods,0,0,0,0,0
168981,35014,"Oil, beluga, whale (Alaska Native)",American Indian/Alaska Native Foods,0,0,0,0,0
168982,35015,"Blackberries, wild, raw (Alaska Native)",American Indian/Alaska Native Foods,0,27,0,,0
168992,35193,"Agave, cooked (Southwest)",American Indian/Alaska Native Foods,0,68,0,,0
168993,35194,"Agave, dried (Southwest)",American Indian/Alaska Native Foods,0,11,0,,0
168994,35195,"Cattail, Narrow Leaf Shoots (Northern Plains Indians)",American Indian/Alaska Native Foods,0,6,0,76,0
168995,35196,"Lambsquarters, raw (Northern Plains Indians)",American Indian/Alaska Native Foods,0,1171,0,3616,0
168997,35202,"Raspberries, wild (Northern Plains Indians)",American Indian/Alaska Native Foods,2,13,31,130,0
168998,35203,"Rose Hips, wild (Northern Plains Indians)",American Indian/Alaska Native Foods,31,2350,483,2001,6800
168999,35204,"Chokecherries, raw, pitted (Northern Plains Indians)",American Indian/Alaska Native Foods,2,90,19,347,0
169004,35234,"Piki bread, made from blue cornmeal (Hopi)",American Indian/Alaska Native Foods,0,1,1,9,0
169006,35236,"Stew, pinto bean and hominy, badufsuki (Hopi)",American Indian/Alaska Native Foods,0,0,0,1,0
169007,35237,"Tamales, masa and pork filling (Hopi)",American Indian/Alaska Native Foods,17,740,342,616,0
169010,36003,"APPLEBEE'S, KRAFT, Macaroni & Cheese, from kid's menu",Restaurant Foods,0,4,0,95,0
169011,36004,"APPLEBEE'S, mozzarella sticks",Restaurant Foods,0,37,4,44,0
169012,36005,"APPLEBEE'S, chicken tenders, from kids' menu",Restaurant Foods,0,23,11,72,6
169013,36010,"T.G.I. FRIDAY'S, chicken fingers, from kids' menu",Restaurant Foods,0,1,0,52,0
169015,36012,"Restaurant, family style, fried mozzarella sticks",Restaurant Foods,0,25,2,43,0
169017,36018,"APPLEBEE'S, fish, hand battered",Restaurant Foods,1,5,5,100,0
169018,36019,"APPLEBEE'S, chili",Restaurant Foods,0,577,200,367,4639
169019,36020,"T.G.I. FRIDAY'S, chicken fingers",Restaurant Foods,0,1,1,50,0
169020,36021,"APPLEBEE'S, coleslaw",Restaurant Foods,425,685,2,53,5
169021,36026,"CRACKER BARREL, onion rings, thick-cut",Restaurant Foods,1,15,9,69,0
169022,36027,"DENNY'S, chicken strips",Restaurant Foods,0,22,16,102,0
169023,36028,"DENNY'S, coleslaw",Restaurant Foods,197,309,2,78,7
169024,36029,"DENNY'S, fish fillet, battered or breaded, fried",Restaurant Foods,0,1,3,48,1
169026,36035,"Restaurant, family style, coleslaw",Restaurant Foods,262,456,2,67,4
169027,36036,"Restaurant, family style, onion rings",Restaurant Foods,1,6,4,42,0
169028,36037,"Restaurant, family style, chili with meat and beans",Restaurant Foods,0,577,200,367,4639
169029,36038,"Restaurant, family style, spaghetti and meatballs",Restaurant Foods,0,120,0,159,2740
169030,36043,"CARRABBA'S ITALIAN GRILL, lasagne",Restaurant Foods,19,240,0,90,2858
169031,36044,"ON THE BORDER, Mexican rice",Restaurant Foods,0,37,0,100,208
169033,36046,"Restaurant, Italian, spaghetti with pomodoro sauce (no meat)",Restaurant Foods,0,120,2,132,1872
169036,36053,"CARRABBA'S ITALIAN GRILL, cheese ravioli with marinara sauce",Restaurant Foods,0,218,0,98,2401
169037,36054,"OLIVE GARDEN, cheese ravioli with marinara sauce",Restaurant Foods,0,123,0,111,1368
169038,36055,"Restaurant, Italian, cheese ravioli with marinara sauce",Restaurant Foods,0,170,0,105,1885
169039,42236,"Cereals ready-to-eat, frosted oat cereal with marshmallows",Breakfast Cereals,0,0,0,92,0
169040,42237,"Cereals ready-to-eat, WEETABIX whole grain cereal",Breakfast Cereals,0,5,0,215,0
169041,42265,"Cereals ready-to-eat, POST, GREAT GRAINS, Raisin, Date & Pecan",Breakfast Cereals,0,4,1,115,0
169042,42266,"Babyfood, juice, apple-sweet potato",Baby Foods,0,1849,0,6,0
169043,42267,"Babyfood, juice, orange-carrot",Baby Foods,395,863,135,135,0
169044,42270,"Beverages, Orange juice drink",Beverages,1,7,37,29,0
169045,42281,"Gums, seed gums (includes locust bean, guar)",Sweets,0,0,0,0,0
169046,42283,"Snacks, potato chips, white, restructured, baked",Snacks,0,0,0,0,0
169047,42284,"Babyfood, baked product, finger snacks cereal fortified",Baby Foods,0,0,0,11,0
169048,42285,"Babyfood, cereal, brown rice, dry, instant",Baby Foods,0,0,0,0,0
169049,42286,"Babyfood, green beans and turkey, strained",Baby Foods,0,377,0,637,0
169050,42303,"Cheese, muenster, low fat",Dairy and Egg Products,0,8,0,0,0
169051,42304,"Cheese, mozzarella, nonfat",Dairy and Egg Products,0,41,0,0,0
169052,42307,"Margarine-like, butter-margarine blend, 80% fat, stick, without salt",Fats and Oils,0,610,0,0,0
169053,42309,"Margarine-like, vegetable oil-butter spread, reduced calorie, tub, with salt",Fats and Oils,0,610,0,0,0
169054,43008,"Babyfood, dinner, chicken and rice",Baby Foods,260,571,0,105,0
169055,43015,"Salad dressing, caesar dressing, regular",Fats and Oils,1,2,1,22,0
169056,43016,"Salad dressing, coleslaw",Fats and Oils,2,4,1,48,0
169057,43017,"Salad dressing, green goddess, regular",Fats and Oils,1,3,1,39,0
169058,43028,"Jams and preserves, no sugar (with sodium saccharin), any flavor",Sweets,0,0,0,0,0
169059,43031,"Candies, chocolate covered, caramel with nuts",Sweets,0,7,0,0,0
169060,43046,"Candies, nougat, with almonds",Sweets,0,0,1,1,0
169061,43057,"Candies, gum drops, no sugar or low calorie (sorbitol)",Sweets,0,0,0,0,0
169062,43098,"Pie fillings, cherry, low calorie",Sweets,0,125,0,70,0
169063,43100,"Breakfast bars, oats, sugar, raisins, coconut (include granola bar)",Snacks,0,91,0,107,0
169064,43109,"Pretzels, soft",Snacks,0,0,0,17,0
169065,43112,"Beans, chili, barbecue, ranch style, cooked",Legumes and Legume Products,0,7,0,13,297
169066,43131,"Luncheon slices, meatless",Legumes and Legume Products,0,0,0,0,0
169067,43132,"Meatballs, meatless",Legumes and Legume Products,0,0,0,0,0
169068,43134,Vegetarian fillets,Legumes and Legume Products,0,0,0,0,0
169069,43135,"Sandwich spread, meatless",Legumes and Legume Products,0,0,0,0,0
169070,43154,"Alcoholic beverage, wine, cooking",Beverages,0,0,0,0,0
169071,43155,"Alcoholic beverage, wine, light",Beverages,0,0,0,0,0
169072,43158,"Sweeteners, tabletop, saccharin (sodium saccharin)",Sweets,0,0,0,0,0
169073,43205,"Beverage, instant breakfast powder, chocolate, not reconstituted",Dairy and Egg Products,0,0,0,0,0
169074,43217,"Tomato sauce, canned, no salt added",Vegetables and Vegetable Products,0,259,3,24,13895
169075,43218,"Cereals ready-to-eat, ALPEN",Breakfast Cereals,0,0,0,0,0
169076,43241,"Cereals ready-to-eat, FAMILIA",Breakfast Cereals,0,3,1,130,0
169077,43245,"Cereals ready-to-eat, wheat and bran, presweetened with nuts and fruits",Breakfast Cereals,0,0,0,0,0
169078,43273,"Cheese, cottage, with vegetables",Dairy and Egg Products,0,142,0,16,0
169079,43274,"Cheese, cream, low fat",Dairy and Egg Products,0,11,0,0,0
169080,43275,"Cheese, pasteurized process, American, low fat",Dairy and Egg Products,0,18,0,0,0
169081,43276,"Cheese spread, cream cheese base",Dairy and Egg Products,0,19,0,0,0
169082,43297,"Pork, oriental style, dehydrated",Pork Products,0,0,0,0,0
169083,43299,"Soybean, curd cheese",Legumes and Legume Products,0,25,0,0,0
169084,43311,"Potatoes, canned, drained solids, no salt added",Vegetables and Vegetable Products,0,1,0,6,0
169085,43312,"Vegetables, mixed (corn, lima beans, peas, green beans, carrots) canned, no salt added",Vegetables and Vegetable Products,2636,5670,5,493,0
169086,9164,"Litchis, raw",Fruits and Fruit Juices,0,0,0,0,0
169087,9165,"Litchis, dried",Fruits and Fruit Juices,0,0,0,0,0
169088,9167,"Loganberries, frozen",Fruits and Fruit Juices,0,21,0,118,0
169090,9177,"Mangosteen, canned, syrup pack",Fruits and Fruit Juices,1,16,9,,
169091,9178,"Mango, dried, sweetened",Fruits and Fruit Juices,11,786,29,52,0
169092,9181,"Melons, cantaloupe, raw",Fruits and Fruit Juices,16,2020,1,26,0
169093,9183,"Melons, casaba, raw",Fruits and Fruit Juices,0,0,0,26,0
169094,9193,"Olives, ripe, canned (small-extra large)",Fruits and Fruit Juices,0,198,0,510,0
169095,9194,"Olives, ripe, canned (jumbo-super colossal)",Fruits and Fruit Juices,0,204,8,510,0
169096,9195,"Olives, pickled, canned or bottled, green",Fruits and Fruit Juices,0,231,9,510,0
169097,9200,"Oranges, raw, all commercial varieties",Fruits and Fruit Juices,11,71,116,129,0
169098,9206,"Orange juice, raw (Includes foods for USDA's Food Distribution Program)",Fruits and Fruit Juices,6,33,169,115,0
169099,9207,"Orange juice, canned, unsweetened",Fruits and Fruit Juices,5,29,148,115,0
169100,9209,"Orange juice, chilled, includes from concentrate",Fruits and Fruit Juices,8,8,27,27,0
169101,9210,"Orange juice, chilled, includes from concentrate, with added calcium and vitamin D",Fruits and Fruit Juices,8,8,27,27,0
169102,9215,"Orange juice, frozen concentrate, unsweetened, diluted with 3 volume water",Fruits and Fruit Juices,5,13,48,83,0
169104,9217,"Orange-grapefruit juice, canned or bottled, unsweetened",Fruits and Fruit Juices,4,20,98,73,0
169105,9218,"Tangerines, (mandarin oranges), raw",Fruits and Fruit Juices,101,155,407,138,0
169106,9219,"Tangerines, (mandarin oranges), canned, juice pack",Fruits and Fruit Juices,133,193,503,163,0
169107,9229,"Papaya nectar, canned",Fruits and Fruit Juices,0,91,251,25,0
169108,9231,"Passion-fruit, (granadilla), purple, raw",Fruits and Fruit Juices,0,743,41,0,0
169109,9232,"Passion-fruit juice, purple, raw",Fruits and Fruit Juices,0,419,23,0,0
169110,9233,"Passion-fruit juice, yellow, raw",Fruits and Fruit Juices,35,525,47,0,0
169111,9240,"Peaches, canned, light syrup pack, solids and liquids",Fruits and Fruit Juices,1,176,73,61,0
169112,9241,"Peaches, canned, heavy syrup pack, solids and liquids",Fruits and Fruit Juices,0,165,68,61,0
169114,9243,"Peaches, spiced, canned, heavy syrup pack, solids and liquids",Fruits and Fruit Juices,0,157,65,61,0
169116,9250,"Peaches, frozen, sliced, sweetened",Fruits and Fruit Juices,0,141,58,77,0
169117,9251,"Peach nectar, canned, with sucralose, without added ascorbic acid",Fruits and Fruit Juices,0,193,4,6,0
169118,9252,"Pears, raw",Fruits and Fruit Juices,1,14,2,44,0
169119,9253,"Pears, canned, water pack, solids and liquids",Fruits and Fruit Juices,0,0,0,34,0
169121,9259,"Pears, dried, sulfured, uncooked",Fruits and Fruit Juices,0,2,0,50,0
169122,9260,"Pears, dried, sulfured, stewed, without added sugar",Fruits and Fruit Juices,1,23,3,24,0
169124,9266,"Pineapple, raw, all varieties",Fruits and Fruit Juices,0,35,0,0,0
169125,9267,"Pineapple, canned, water pack, solids and liquids",Fruits and Fruit Juices,0,23,0,0,0
169126,9268,"Pineapple, canned, juice pack, solids and liquids",Fruits and Fruit Juices,0,23,0,0,0
169127,9269,"Pineapple, canned, light syrup pack, solids and liquids",Fruits and Fruit Juices,0,23,0,0,0
169128,9275,"Pineapple juice, frozen concentrate, unsweetened, diluted with 3 volume water",Fruits and Fruit Juices,0,6,0,0,0
169130,9277,"Plantains, yellow, raw",Fruits and Fruit Juices,438,457,0,30,0
169131,9278,"Plantains, yellow, baked",Fruits and Fruit Juices,353,369,0,28,0
169132,9284,"Plums, canned, purple, heavy syrup pack, solids and liquids",Fruits and Fruit Juices,0,142,26,49,0
169134,9286,"Pomegranates, raw",Fruits and Fruit Juices,0,0,0,0,0
169135,11032,"Lima beans, immature seeds, cooked, boiled, drained, without salt",Vegetables and Vegetable Products,0,182,0,0,0
169137,11044,"Mung beans, mature seeds, sprouted, cooked, boiled, drained, without salt",Vegetables and Vegetable Products,4,4,4,0,0
169141,11053,"Beans, snap, green, cooked, boiled, drained, without salt",Vegetables and Vegetable Products,0,380,0,641,0
169142,11054,"Beans, snap, green, canned, regular pack, solids and liquids",Vegetables and Vegetable Products,116,91,18,338,0
169143,11056,"Beans, snap, green, canned, regular pack, drained solids",Vegetables and Vegetable Products,156,122,24,384,0
169145,11080,"Beets, raw",Vegetables and Vegetable Products,0,20,0,0,0
169146,11081,"Beets, cooked, boiled, drained",Vegetables and Vegetable Products,0,21,0,0,0
169147,11082,"Beets, canned, regular pack, solids and liquids",Vegetables and Vegetable Products,0,14,0,0,0
169148,10879,"Pork, cured, ham -- water added, whole, boneless, separable lean only, heated, roasted",Pork Products,0,0,0,0,0
169149,10880,"Pork, cured, ham -- water added, whole, boneless, separable lean only, unheated",Pork Products,0,0,0,0,0
169150,10881,"Pork, cured, ham and water product, shank, bone-in, separable lean only, heated, roasted",Pork Products,0,0,0,0,0
169151,10886,"Pork, cured, ham -- water added, slice, bone-in, separable lean only, unheated",Pork Products,0,0,0,0,0
169152,10887,"Pork, cured, ham and water product, rump, bone-in, separable lean only, unheated",Pork Products,0,0,0,0,0
169153,10888,"Pork, cured, ham and water product, slice, bone-in, separable lean only, unheated",Pork Products,0,0,0,0,0
169154,10889,"Pork, cured, ham and water product, shank, bone-in, unheated, separable lean only",Pork Products,0,0,0,0,0
169155,10894,"Pork, cured, ham, separable fat, boneless, heated",Pork Products,0,0,0,0,0
169156,10895,"Pork, cured, ham, separable fat, boneless, unheated",Pork Products,0,0,0,0,0
169157,10898,"Pork, pickled pork hocks",Pork Products,0,0,0,0,0
169158,10899,"Pork, cured, ham, slice, bone-in, separable lean only, heated, pan-broil",Pork Products,0,0,0,0,0
169159,10900,"Pork, cured, ham with natural juices, whole, boneless, separable lean and fat, unheated",Pork Products,0,0,0,0,0
169160,10905,"Pork, cured, ham and water product, whole, boneless, separable lean and fat, unheated",Pork Products,0,0,0,0,0
169161,10906,"Pork, cured, ham and water product, slice, bone-in, separable lean and fat, unheated",Pork Products,0,0,0,0,0
169162,10907,"Pork, cured, ham and water product, shank, bone-in, separable lean and fat, unheated",Pork Products,0,0,0,0,0
169163,10908,"Pork, cured, ham and water product, rump, bone-in, separable lean and fat, unheated",Pork Products,0,0,0,0,0
169164,10913,"Pork, cured, ham -- water added, rump, bone-in, separable lean and fat, heated, roasted",Pork Products,0,0,0,0,0
169165,10914,"Pork, cured, ham -- water added, shank, bone-in, separable lean and fat, heated, roasted",Pork Products,0,0,0,0,0
169166,10915,"Pork, cured, ham -- water added, slice, bone-in, separable lean and fat, heated, pan-broil",Pork Products,0,0,0,0,0
169167,10916,"Pork, cured, ham -- water added, slice, boneless, separable lean and fat, heated, pan-broil",Pork Products,0,0,0,0,0
169168,10921,"Pork, cured, ham and water product, slice, boneless, separable lean and fat, heated, pan-broil",Pork Products,0,0,0,0,0
169169,10922,"Pork, cured, ham and water product, whole, boneless, separable lean and fat, heated, roasted",Pork Products,0,0,0,0,0
169170,10923,"Pork, cured, ham with natural juices, rump, bone-in, separable lean and fat, heated, roasted",Pork Products,0,0,0,0,0
169171,10924,"Pork, cured, ham with natural juices, shank, bone-in, separable lean and fat, heated, roasted",Pork Products,0,0,0,0,0
169172,10925,"Pork, cured, ham with natural juices, slice, bone-in, separable lean and fat, heated, pan-broil",Pork Products,0,0,0,0,0
169173,10931,"Pork, cured, ham, rump, bone-in, separable lean only, heated, roasted",Pork Products,0,0,0,0,0
169174,10932,"Pork, cured, ham, rump, bone-in, separable lean only, unheated",Pork Products,0,0,0,0,0
169175,10933,"Pork, cured, ham, shank, bone-in, separable lean only, heated, roasted",Pork Products,0,0,0,0,0
169176,10934,"Pork, cured, ham, shank, bone-in, separable lean only, unheated",Pork Products,0,0,0,0,0
169177,10939,"Pork, cured, ham, slice, bone-in, separable lean and fat, unheated",Pork Products,0,0,0,0,0
169178,10940,"Pork, fresh, spareribs, separable lean and fat, cooked, roasted",Pork Products,0,0,0,0,0
169179,10942,"Pork, fresh, composite of separable fat, with added solution, raw",Pork Products,0,0,0,0,0
169180,10943,"Pork, fresh, loin, tenderloin, separable lean only, with added solution, cooked, roasted",Pork Products,0,0,0,0,0
169181,10948,"Pork, fresh, loin, top loin (chops), boneless, separable lean only, with added solution, raw",Pork Products,0,0,0,0,0
169182,10949,"Pork, fresh, loin, top loin (chops), boneless, separable lean and fat, with added solution, raw",Pork Products,0,0,0,0,0
169183,10950,"Pork, fresh, loin, top loin (chops), boneless, separable lean and fat, with added solution, cooked, broiled",Pork Products,0,0,0,0,0
169184,10951,"Pork, fresh, loin, tenderloin, separable lean and fat, with added solution, raw",Pork Products,0,0,0,0,0
169185,10952,"Pork, fresh, loin, tenderloin, separable lean and fat, with added solution, cooked, roasted",Pork Products,0,0,0,0,0
169186,10957,"Pork, Leg Cap Steak, boneless, separable lean and fat, raw",Pork Products,0,0,0,0,0
169187,10958,"Pork, Shoulder breast, boneless, separable lean and fat, raw",Pork Products,0,0,0,0,0
169188,10959,"Pork, Shoulder breast, boneless, separable lean and fat, cooked, broiled",Pork Products,0,0,0,0,0
169189,10960,"Pork, shoulder, petite tender, boneless, separable lean and fat, cooked, broiled",Pork Products,0,0,0,0,0
169190,10973,"Pork, ground, 96% lean / 4% fat, raw",Pork Products,0,0,0,0,0
169191,10974,"Pork, ground, 72% lean / 28% fat, cooked, crumbles",Pork Products,0,0,0,0,0
169192,10975,"Pork, ground, 84% lean / 16% fat, cooked, crumbles",Pork Products,0,0,0,0,0
169193,10976,"Pork, ground, 96% lean / 4% fat, cooked, crumbles",Pork Products,0,0,0,0,0
169194,10982,"Pork, fresh, loin, blade (chops or roasts), boneless, separable lean only, raw",Pork Products,0,0,0,0,0
169195,10983,"Pork, fresh, loin, blade (roasts), boneless, separable lean only, cooked, roasted",Pork Products,0,0,0,0,0
169196,10984,"Pork, fresh, loin, blade (chops), boneless, separable lean only, boneless, cooked, broiled",Pork Products,0,0,0,0,0
169197,10985,"Pork, fresh, loin, country-style ribs, separable lean only, boneless, cooked, broiled",Pork Products,0,0,0,0,0
169198,10990,"Pork, fresh, loin, blade (roasts), boneless, separable lean and fat, cooked, roasted",Pork Products,0,0,0,0,0
169199,10991,"Pork, fresh, loin, country-style ribs, separable lean and fat, boneless, cooked, broiled",Pork Products,0,0,0,0,0
169200,10992,"Pork, fresh, loin, country-style ribs, separable lean and fat, bone-in, cooked, broiled",Pork Products,0,0,0,0,0
169201,10993,"Pork, fresh, loin, country-style ribs, separable lean and fat, boneless, cooked, roasted",Pork Products,0,0,0,0,0
169205,11007,"Artichokes, (globe or french), raw",Vegetables and Vegetable Products,0,8,0,464,0
169207,11015,"Asparagus, canned, drained solids",Vegetables and Vegetable Products,0,493,0,630,24
169209,11019,"Asparagus, frozen, cooked, boiled, drained, without salt",Vegetables and Vegetable Products,0,483,0,618,24
169210,11026,"Bamboo shoots, raw",Vegetables and Vegetable Products,0,12,0,0,0
169212,11028,"Bamboo shoots, canned, drained solids",Vegetables and Vegetable Products,0,8,0,0,0
169214,11172,"Corn, sweet, yellow, canned, whole kernel, drained solids",Vegetables and Vegetable Products,6,14,20,695,0
169215,11174,"Corn, sweet, yellow, canned, cream style, regular pack",Vegetables and Vegetable Products,23,30,6,949,0
169216,11176,"Corn, sweet, yellow, canned, vacuum pack, regular pack",Vegetables and Vegetable Products,26,33,6,1045,0
169217,11182,"Corn, yellow, whole kernel, frozen, microwaved",Vegetables and Vegetable Products,20,59,144,807,0
169225,11206,"Cucumber, peeled, raw",Vegetables and Vegetable Products,8,31,18,16,0
169226,11207,"Dandelion greens, raw",Vegetables and Vegetable Products,363,5854,121,13610,0
169227,11208,"Dandelion greens, cooked, boiled, drained, without salt",Vegetables and Vegetable Products,244,3940,82,9158,0
169228,11209,"Eggplant, raw",Vegetables and Vegetable Products,0,14,0,36,0
169229,11210,"Eggplant, cooked, boiled, drained, without salt",Vegetables and Vegetable Products,0,22,0,0,0
169230,11215,"Garlic, raw",Vegetables and Vegetable Products,0,5,0,16,0
169231,11216,"Ginger root, raw",Vegetables and Vegetable Products,0,0,0,0,0
169234,11224,"Hyacinth-beans, immature seeds, raw",Vegetables and Vegetable Products,87,475,0,802,0
169236,11226,"Jerusalem-artichokes, raw",Vegetables and Vegetable Products,0,12,0,0,0
169238,11234,"Kale, cooked, boiled, drained, without salt",Vegetables and Vegetable Products,10,1731,26,4983,0
169239,11235,"Kale, frozen, unprepared",Vegetables and Vegetable Products,0,2460,23,5360,0
169240,11236,"Kale, frozen, cooked, boiled, drained, without salt",Vegetables and Vegetable Products,10,1731,26,4983,0
169243,11243,"Mushrooms, portabella, grilled",Vegetables and Vegetable Products,0,0,0,0,0
169245,11245,"Lambsquarters, cooked, boiled, drained, without salt",Vegetables and Vegetable Products,4,4688,0,1857,0
169246,11246,"Leeks, (bulb and lower leaf-portion), raw",Vegetables and Vegetable Products,0,1000,0,1900,0
169247,11251,"Lettuce, cos or romaine, raw",Vegetables and Vegetable Products,0,5226,0,2312,0
169248,11252,"Lettuce, iceberg (includes crisphead types), raw",Vegetables and Vegetable Products,4,299,0,277,0
169249,11253,"Lettuce, green leaf, raw",Vegetables and Vegetable Products,0,4443,0,1730,0
169250,11254,"Lotus root, raw",Vegetables and Vegetable Products,0,0,0,0,0
169251,11260,"Mushrooms, white, raw",Vegetables and Vegetable Products,0,0,0,0,0
169252,11261,"Mushrooms, white, cooked, boiled, drained, without salt",Vegetables and Vegetable Products,0,0,0,0,0
169253,11263,"Mushrooms, white, stir-fried",Vegetables and Vegetable Products,0,0,0,0,0
169254,11264,"Mushrooms, canned, drained solids",Vegetables and Vegetable Products,0,0,0,0,0
169255,11265,"Mushrooms, portabella, raw",Vegetables and Vegetable Products,0,0,0,0,0
169256,11270,"Mustard greens, raw",Vegetables and Vegetable Products,10,1790,40,3730,0
169257,11271,"Mustard greens, cooked, boiled, drained, without salt",Vegetables and Vegetable Products,9,7400,35,10400,0
169259,11273,"Mustard greens, frozen, cooked, boiled, drained, without salt",Vegetables and Vegetable Products,0,4246,0,6672,0
169260,11278,"Okra, raw",Vegetables and Vegetable Products,27,416,0,280,0
169261,11279,"Okra, cooked, boiled, drained, without salt",Vegetables and Vegetable Products,0,170,0,390,0
169262,11280,"Okra, frozen, unprepared",Vegetables and Vegetable Products,0,210,0,482,0
169263,11281,"Okra, frozen, cooked, boiled, drained, without salt",Vegetables and Vegetable Products,0,183,0,420,0
169264,11403,"Potatoes, french fried, all types, salt added in processing, frozen, home-prepared, oven heated",Vegetables and Vegetable Products,0,3,0,16,0
169269,11414,"Potato salad, home-prepared",Vegetables and Vegetable Products,,36,,,
169271,11417,"Pumpkin flowers, cooked, boiled, drained, without salt",Vegetables and Vegetable Products,0,1040,0,0,0
169276,11429,"Radishes, raw",Vegetables and Vegetable Products,0,4,0,10,0
169278,11438,"Salsify, cooked, boiled, drained, without salt",Vegetables and Vegetable Products,0,0,0,0,0
169279,11439,"Sauerkraut, canned, solids and liquids",Vegetables and Vegetable Products,5,8,0,295,0
169280,11442,"Seaweed, agar, raw",Vegetables and Vegetable Products,0,0,0,0,0
169285,11459,"Spinach, canned, regular pack, solids and liquids",Vegetables and Vegetable Products,0,4850,0,8722,0
169286,11461,"Spinach, canned, regular pack, drained solids",Vegetables and Vegetable Products,0,5881,0,10575,0
169287,11463,"Spinach, frozen, chopped or leaf, unprepared (Includes foods for USDA's Food Distribution Program)",Vegetables and Vegetable Products,0,7035,0,12651,0
169288,11464,"Spinach, frozen, chopped or leaf, cooked, boiled, drained, without salt",Vegetables and Vegetable Products,0,7237,0,15690,0
169289,11475,"Squash, summer, scallop, raw",Vegetables and Vegetable Products,0,130,0,2308,0
169290,11476,"Squash, summer, scallop, cooked, boiled, drained, without salt",Vegetables and Vegetable Products,0,51,0,250,0
169291,11477,"Squash, summer, zucchini, includes skin, raw",Vegetables and Vegetable Products,0,120,0,2125,0
169292,11478,"Squash, summer, zucchini, includes skin, cooked, boiled, drained, without salt",Vegetables and Vegetable Products,0,670,0,1150,0
169294,11484,"Squash, winter, acorn, cooked, boiled, mashed, without salt",Vegetables and Vegetable Products,0,490,0,66,0
169295,11485,"Squash, winter, butternut, raw",Vegetables and Vegetable Products,834,4226,3471,0,0
169296,11486,"Squash, winter, butternut, cooked, baked, without salt",Vegetables and Vegetable Products,1130,4570,3116,0,0
169297,11491,"Squash, winter, hubbard, cooked, boiled, mashed, without salt",Vegetables and Vegetable Products,406,1641,1119,0,0
169298,11492,"Squash, winter, spaghetti, raw",Vegetables and Vegetable Products,16,64,0,0,0
169299,11493,"Squash, winter, spaghetti, cooked, boiled, drained, or baked, without salt",Vegetables and Vegetable Products,15,59,0,0,0
169303,11505,"Sweet potato leaves, raw",Vegetables and Vegetable Products,42,2217,58,14720,0
169304,11506,"Sweet potato leaves, cooked, steamed, without salt",Vegetables and Vegetable Products,33,1725,45,11449,0
169305,11514,"Sweet potato, canned, mashed",Vegetables and Vegetable Products,0,5219,0,0,0
169306,11516,"Sweet potato, frozen, unprepared (Includes foods for USDA's Food Distribution Program)",Vegetables and Vegetable Products,,6220,,,
169307,11517,"Sweet potato, frozen, cooked, baked, without salt",Vegetables and Vegetable Products,47,12498,0,0,0
169308,11518,"Taro, raw",Vegetables and Vegetable Products,0,35,20,0,0
169311,11702,"Artichokes, (globe or french), cooked, boiled, drained, with salt",Vegetables and Vegetable Products,0,8,0,464,0
169312,11703,"Artichokes, (globe or french), frozen, cooked, boiled, drained, with salt",Vegetables and Vegetable Products,0,7,0,394,0
169313,11705,"Asparagus, cooked, boiled, drained, with salt",Vegetables and Vegetable Products,0,604,0,771,30
169314,11707,"Asparagus, canned, no salt added, solids and liquids",Vegetables and Vegetable Products,0,465,0,595,23
169316,11714,"Lima beans, immature seeds, cooked, boiled, drained, with salt",Vegetables and Vegetable Products,0,222,0,0,0
169317,11715,"Lima beans, immature seeds, canned, no salt added, solids and liquids",Vegetables and Vegetable Products,0,90,0,0,0
169318,11716,"Lima beans, immature seeds, frozen, baby, cooked, boiled, drained, with salt",Vegetables and Vegetable Products,0,100,0,0,0
169321,11723,"Beans, snap, green, cooked, boiled, drained, with salt",Vegetables and Vegetable Products,70,380,0,641,0
169322,11724,"Beans, snap, yellow, cooked, boiled, drained, without salt",Vegetables and Vegetable Products,0,49,0,712,0
169323,11725,"Beans, snap, yellow, cooked, boiled, drained, with salt",Vegetables and Vegetable Products,0,49,0,712,0
169324,11730,"Beans, snap, yellow, frozen, all styles, unprepared",Vegetables and Vegetable Products,17,71,0,666,0
169325,11731,"Beans, snap, green, frozen, cooked, boiled, drained, with salt",Vegetables and Vegetable Products,61,249,0,564,0
169326,11732,"Beans, snap, yellow, frozen, cooked, boiled, drained, without salt",Vegetables and Vegetable Products,15,60,0,564,0
169327,11733,"Beans, snap, yellow, frozen, cooked, boiled, drained, with salt",Vegetables and Vegetable Products,15,60,0,564,0
169332,11746,"Brussels sprouts, frozen, cooked, boiled, drained, with salt",Vegetables and Vegetable Products,0,555,0,1541,0
169333,11747,"Burdock root, cooked, boiled, drained, with salt",Vegetables and Vegetable Products,0,0,0,0,0
169339,11757,"Carrots, cooked, boiled, drained, with salt",Vegetables and Vegetable Products,3776,8332,0,194,0
169340,11758,"Carrots, canned, no salt added, solids and liquids",Vegetables and Vegetable Products,2743,5331,0,0,0
169342,11764,"Celery, cooked, boiled, drained, with salt",Vegetables and Vegetable Products,0,313,0,329,0
169343,11765,"Chard, swiss, cooked, boiled, drained, with salt",Vegetables and Vegetable Products,45,3652,0,11015,0
169344,11766,"Chayote, fruit, cooked, boiled, drained, with salt",Vegetables and Vegetable Products,0,0,0,0,0
169345,11771,"Corn, sweet, yellow, canned, no salt added, solids and liquids (Includes foods for USDA's Food Distribution Program)",Vegetables and Vegetable Products,10,9,14,650,0
169346,11772,"Corn, sweet, yellow, canned, cream style, no salt added",Vegetables and Vegetable Products,23,30,6,949,0
169347,11773,"Corn, sweet, yellow, canned, vacuum pack, no salt added",Vegetables and Vegetable Products,26,33,6,1045,0
169348,11774,"Corn, sweet, yellow, frozen, kernels, cut off cob, boiled, drained, with salt",Vegetables and Vegetable Products,17,50,122,730,0
169349,11775,"Corn, sweet, yellow, frozen, kernels on cob, cooked, boiled, drained, with salt",Vegetables and Vegetable Products,20,58,142,852,0
169350,11781,"Cress, garden, cooked, boiled, drained, with salt",Vegetables and Vegetable Products,0,2790,0,8402,0
169351,11782,"Dandelion greens, cooked, boiled, drained, with salt",Vegetables and Vegetable Products,0,8727,0,3398,0
169352,11783,"Eggplant, cooked, boiled, drained, with salt",Vegetables and Vegetable Products,0,22,0,0,0
169354,11789,"Jute, potherb, cooked, boiled, drained, with salt",Vegetables and Vegetable Products,0,3111,0,1747,0
169355,11790,"Kale, cooked, boiled, drained, with salt",Vegetables and Vegetable Products,10,1731,26,4983,0
169356,11791,"Kale, frozen, cooked, boiled, drained, with salt",Vegetables and Vegetable Products,10,1731,26,4983,0
169357,11793,"Kohlrabi, cooked, boiled, drained, with salt",Vegetables and Vegetable Products,0,21,0,0,0
169360,11904,"Corn, sweet, white, canned, whole kernel, no salt added, solids and liquids",Vegetables and Vegetable Products,0,0,0,32,0
169361,11905,"Corn, sweet, white, canned, whole kernel, drained solids",Vegetables and Vegetable Products,0,1,1,40,0
169362,11906,"Corn, sweet, white, canned, cream style, regular pack",Vegetables and Vegetable Products,0,1,1,44,0
169363,11907,"Corn, sweet, white, canned, cream style, no salt added",Vegetables and Vegetable Products,0,0,1,37,0
169364,11912,"Corn, sweet, white, frozen, kernels cut off cob, boiled, drained, with salt",Vegetables and Vegetable Products,0,1,1,50,0
169365,11913,"Corn, sweet, white, frozen, kernels on cob, unprepared",Vegetables and Vegetable Products,0,2,1,61,0
169366,11914,"Corn, sweet, white, frozen, kernels on cob, cooked, boiled, drained, without salt",Vegetables and Vegetable Products,0,2,1,58,0
169367,11915,"Corn, sweet, white, frozen, kernels on cob, cooked, boiled, drained, with salt",Vegetables and Vegetable Products,0,2,1,58,0
169369,11923,"Soybeans, mature seeds, sprouted, cooked, steamed, with salt",Vegetables and Vegetable Products,12,12,12,0,0
169372,11930,"Potatoes, mashed, dehydrated, prepared from flakes without milk, whole milk and margarine added",Vegetables and Vegetable Products,,48,,,
169373,11931,"Peppers, sweet, red, freeze-dried",Vegetables and Vegetable Products,6931,42891,0,5799,0
169374,11932,"Beans, snap, yellow, canned, regular pack, drained solids",Vegetables and Vegetable Products,0,63,0,458,0
169375,11933,"Beans, snap, yellow, canned, no salt added, drained solids",Vegetables and Vegetable Products,156,122,24,452,0
169378,11940,"Pickles, cucumber, sweet (includes bread and butter pickles)",Vegetables and Vegetable Products,81,325,186,170,0
169379,11941,"Pickles, cucumber, sour",Vegetables and Vegetable Products,20,81,47,43,0
169380,11948,"Pickles, cucumber, sweet, low sodium (includes bread and butter pickles)",Vegetables and Vegetable Products,118,475,271,248,0
169381,11949,"Catsup, low sodium",Vegetables and Vegetable Products,0,316,0,161,12062
169383,11951,"Peppers, sweet, yellow, raw",Vegetables and Vegetable Products,,120,,,
169385,11957,"Fennel, bulb, raw",Vegetables and Vegetable Products,0,578,0,607,0
169387,11959,"Arugula, raw",Vegetables and Vegetable Products,0,1424,0,3555,0
169388,11964,"Nopales, cooked, without salt",Vegetables and Vegetable Products,47,242,0,0,0
169389,11965,"Cauliflower, green, raw",Vegetables and Vegetable Products,0,93,0,42,0
169390,11967,"Cauliflower, green, cooked, no salt added",Vegetables and Vegetable Products,0,86,0,39,0
169392,11969,"Broccoli, chinese, cooked",Vegetables and Vegetable Products,0,983,0,912,0
169393,11975,"Grape leaves, canned",Vegetables and Vegetable Products,629,2838,0,1487,0
169394,11976,"Pepper, banana, raw",Vegetables and Vegetable Products,39,184,0,0,0
169395,11977,"Peppers, serrano, raw",Vegetables and Vegetable Products,18,534,40,544,0
169397,11983,"Pickles, chowchow, with cauliflower onion mustard, sweet",Vegetables and Vegetable Products,10,38,22,222,0
169398,11984,"Epazote, raw",Vegetables and Vegetable Products,,38,,,
169401,11991,"Yautia (tannier), raw",Vegetables and Vegetable Products,0,5,0,,
169402,11992,"Mushrooms, white, microwaved",Vegetables and Vegetable Products,0,0,0,0,0
169403,11993,"Mushrooms, maitake, raw",Vegetables and Vegetable Products,0,0,0,0,0
169404,11994,"Broccoli, chinese, raw",Vegetables and Vegetable Products,0,1032,0,957,0
169405,11995,"Fiddlehead ferns, raw",Vegetables and Vegetable Products,261,2040,,,
169412,12201,"Seeds, sesame seed kernels, dried (decorticated)",Nut and Seed Products,0,40,0,0,0
169414,12220,"Seeds, flaxseed",Nut and Seed Products,0,0,0,651,0
169415,12516,"Seeds, pumpkin and squash seed kernels, roasted, with salt added",Nut and Seed Products,1,5,0,30,0
169416,12529,"Seeds, sesame seed kernels, toasted, with salt added (decorticated)",Nut and Seed Products,0,40,0,0,0
169417,12536,"Seeds, sunflower seed kernels from shell, dry roasted, with salt added",Nut and Seed Products,0,5,0,0,0
169418,12537,"Seeds, sunflower seed kernels, dry roasted, with salt added",Nut and Seed Products,0,5,0,0,0
169419,12565,"Nuts, almonds, oil roasted, with salt added",Nut and Seed Products,0,1,0,1,0
169421,12585,"Nuts, cashew nuts, dry roasted, with salt added",Nut and Seed Products,0,0,0,23,0
169422,12586,"Nuts, cashew nuts, oil roasted, with salt added",Nut and Seed Products,0,0,0,23,0
169423,12638,"Nuts, mixed nuts, oil roasted, without peanuts, with salt added",Nut and Seed Products,0,4,1,22,0
169424,12643,"Nuts, pecans, dry roasted, with salt added",Nut and Seed Products,0,84,,,
169425,12644,"Nuts, pecans, oil roasted, with salt added",Nut and Seed Products,0,62,,,
169426,12652,"Nuts, pistachio nuts, dry roasted, with salt added",Nut and Seed Products,0,159,0,1160,0
169427,12737,"Nuts, mixed nuts, oil roasted, with peanuts, lightly salted",Nut and Seed Products,0,2,0,8,0
169428,12738,"Nuts, mixed nuts, oil roasted, without peanuts, lightly salted",Nut and Seed Products,,13,,,
169429,13000,"Beef, grass-fed, strip steaks, lean only, raw",Beef Products,0,0,0,0,0
169432,13055,"Beef, brisket, flat half, separable lean and fat, trimmed to 1/8"" fat, select, cooked, braised",Beef Products,0,0,0,0,0
169433,13065,"Beef, flank, steak, separable lean and fat, trimmed to 0"" fat, choice, raw",Beef Products,0,0,0,0,0
169434,13066,"Beef, flank, steak, separable lean and fat, trimmed to 0"" fat, choice, cooked, braised",Beef Products,0,0,0,0,0
169435,13067,"Beef, flank, steak, separable lean and fat, trimmed to 0"" fat, choice, cooked, broiled",Beef Products,0,0,0,0,0
169436,13096,"Beef, rib, eye, small end (ribs 10-12), separable lean and fat, trimmed to 0"" fat, choice, cooked, broiled",Beef Products,0,0,0,0,0
169438,13098,"Beef, rib, eye, small end (ribs 10-12), separable lean only, trimmed to 0"" fat, choice, cooked, broiled",Beef Products,0,0,0,0,0
169440,13165,"Beef, brisket, flat half, separable lean and fat, trimmed to 0"" fat, choice, cooked, braised",Beef Products,0,0,0,0,0
169443,13231,"Beef, short loin, porterhouse steak, separable lean only, trimmed to 1/8"" fat, choice, raw",Beef Products,0,0,0,0,0
169444,13285,"Beef, chuck, under blade pot roast, boneless, separable lean only, trimmed to 0"" fat, all grades, cooked, braised",Beef Products,0,0,0,0,0
169445,13293,"Beef, chuck, under blade pot roast or steak, boneless, separable lean only, trimmed to 0"" fat, all grades, raw",Beef Products,0,0,0,0,0
169446,13294,"Beef, chuck, under blade pot roast or steak, boneless, separable lean only, trimmed to 0"" fat, choice, raw",Beef Products,0,0,0,0,0
169447,13317,"Beef, ground, patties, frozen, cooked, broiled",Beef Products,0,0,0,0,0
169448,13322,"Beef, variety meats and by-products, heart, cooked, simmered",Beef Products,0,0,0,0,0
169449,13323,"Beef, variety meats and by-products, kidneys, raw",Beef Products,0,0,0,0,20
169450,13324,"Beef, variety meats and by-products, kidneys, cooked, simmered",Beef Products,0,0,0,0,23
169451,13325,"Beef, variety meats and by-products, liver, raw",Beef Products,11,232,13,0,0
169455,13449,"Beef, loin, top loin steak, boneless, lip off, separable lean only, trimmed to 0"" fat, choice, cooked, grilled",Beef Products,0,0,0,0,0
169456,13450,"Beef, loin, top loin steak, boneless, lip off, separable lean only, trimmed to 0"" fat, select, cooked, grilled",Beef Products,0,0,0,0,0
169457,13451,"Beef, top sirloin, steak, separable lean and fat, trimmed to 0"" fat, all grades, cooked, broiled",Beef Products,0,0,0,0,0
169458,13452,"Beef, top sirloin, steak, separable lean and fat, trimmed to 0"" fat, choice, cooked, broiled",Beef Products,0,0,0,0,0
169459,13459,"Beef, short loin, porterhouse steak, separable lean and fat, trimmed to 0"" fat, all grades, cooked, broiled",Beef Products,0,0,0,0,0
169460,13460,"Beef, short loin, porterhouse steak, separable lean and fat, trimmed to 0"" fat, USDA choice, cooked, broiled",Beef Products,0,0,0,0,0
169461,13463,"Beef, short loin, porterhouse steak, separable lean and fat, trimmed to 0"" fat, USDA select, cooked, broiled",Beef Products,0,0,0,0,0
169462,13464,"Beef, short loin, porterhouse steak, separable lean only, trimmed to 1/8"" fat, all grades, raw",Beef Products,0,0,0,0,0
169463,13470,"Beef, short loin, porterhouse steak, separable lean only, trimmed to 0"" fat, select, cooked, broiled",Beef Products,0,0,0,0,0
169464,13473,"Beef, short loin, t-bone steak, separable lean and fat, trimmed to 0"" fat, all grades, cooked, broiled",Beef Products,0,0,0,0,0
169465,13474,"Beef, short loin, t-bone steak, separable lean and fat, trimmed to 0"" fat, USDA choice, cooked, broiled",Beef Products,0,0,0,0,0
169466,13477,"Beef, short loin, t-bone steak, separable lean and fat, trimmed to 0"" fat, USDA select, cooked, broiled",Beef Products,0,0,0,0,0
169467,13483,"Beef, short loin, t-bone steak, bone-in, separable lean only, trimmed to 1/8"" fat, select, cooked, grilled",Beef Products,0,0,0,0,0
169468,13484,"Beef, short loin, t-bone steak, separable lean only, trimmed to 0"" fat, select, cooked, broiled",Beef Products,0,0,0,0,0
169469,13485,"Beef, brisket, flat half, separable lean only, trimmed to 0"" fat, select, cooked, braised",Beef Products,0,0,0,0,0
169470,13486,"Beef, round, tip round, roast, separable lean and fat, trimmed to 0"" fat, all grades, raw",Beef Products,0,0,0,0,0
169471,13492,"Beef, round, top round steak, boneless, separable lean only, trimmed to 0"" fat, choice, cooked, grilled",Beef Products,0,0,0,0,0
169472,13493,"Beef, round, top round steak, boneless, separable lean only, trimmed to 0"" fat, select, cooked, grilled",Beef Products,0,0,0,0,0
169473,13494,"Beef, ground, 70% lean meat / 30% fat, crumbles, cooked, pan-browned",Beef Products,0,0,0,0,0
169474,13495,"Beef, ground, 70% lean meat / 30% fat, loaf, cooked, baked",Beef Products,0,0,0,0,0
169475,13501,"Beef, shoulder top blade steak, boneless, separable lean only, trimmed to 0"" fat, choice, cooked, grilled",Beef Products,0,0,0,0,0
169476,13502,"Beef, shoulder top blade steak, boneless, separable lean only, trimmed to 0"" fat, select, cooked, grilled",Beef Products,0,0,0,0,0
169477,13519,"Beef, shoulder top blade steak, boneless, separable lean only, trimmed to 0"" fat, all grades, raw",Beef Products,0,0,0,0,0
169478,13520,"Beef, shoulder top blade steak, boneless, separable lean only, trimmed to 0"" fat, choice, raw",Beef Products,0,0,0,0,0
169479,13598,"Beef, shoulder top blade steak, boneless, separable lean and fat, trimmed to 0"" fat, all grades, cooked, grilled",Beef Products,0,0,0,0,0
169480,13647,"Beef, shoulder pot roast or steak, boneless, separable lean only, trimmed to 0"" fat, all grades, raw",Beef Products,0,0,0,0,0
169481,13648,"Beef, shoulder pot roast or steak, boneless, separable lean only, trimmed to 0"" fat, choice, raw",Beef Products,0,0,0,0,0
169482,13649,"Beef, shoulder pot roast or steak, boneless, separable lean only, trimmed to 0"" fat, select, raw",Beef Products,0,0,0,0,0
169483,13795,"Beef, composite of trimmed retail cuts, separable lean and fat, trimmed to 1/8"" fat, all grades, raw",Beef Products,0,0,0,0,0
169484,13796,"Beef, composite of trimmed retail cuts, separable lean and fat, trimmed to 1/8"" fat, all grades, cooked",Beef Products,0,0,0,0,0
169485,13797,"Beef, composite of trimmed retail cuts, separable lean and fat, trimmed to 1/8"" fat, choice, raw",Beef Products,0,0,0,0,0
169486,13798,"Beef, composite of trimmed retail cuts, separable lean and fat, trimmed to 1/8"" fat, choice, cooked",Beef Products,0,0,0,0,0
169487,13799,"Beef, composite of trimmed retail cuts, separable lean and fat, trimmed to 1/8"" fat, select, raw",Beef Products,0,0,0,0,0
169488,13806,"Beef, brisket, flat half, separable lean and fat, trimmed to 1/8"" fat, all grades, cooked, braised",Beef Products,0,0,0,0,0
169489,13807,"Beef, brisket, point half, separable lean and fat, trimmed to 1/8"" fat, all grades, raw",Beef Products,0,0,0,0,0
169490,13808,"Beef, brisket, point half, separable lean and fat, trimmed to 1/8"" fat, all grades, cooked, braised",Beef Products,0,0,0,0,0
169491,13809,"Beef, chuck, arm pot roast, separable lean and fat, trimmed to 1/8"" fat, all grades, raw",Beef Products,0,0,0,0,0
169492,13814,"Beef, chuck, arm pot roast, separable lean and fat, trimmed to 1/8"" fat, select, cooked, braised",Beef Products,0,0,0,0,0
169493,13815,"Beef, chuck, blade roast, separable lean and fat, trimmed to 1/8"" fat, all grades, raw",Beef Products,0,0,0,0,0
169494,13816,"Beef, chuck, blade roast, separable lean and fat, trimmed to 1/8"" fat, all grades, cooked, braised",Beef Products,0,0,0,0,0
169495,13817,"Beef, chuck, blade roast, separable lean and fat, trimmed to 1/8"" fat, choice, raw",Beef Products,0,0,0,0,0
169496,13822,"Beef, chuck eye roast, boneless, America's Beef Roast, separable lean only, trimmed to 0"" fat, choice, cooked, roasted",Beef Products,0,0,0,0,0
169497,13823,"Beef, chuck eye roast, boneless, America's Beef Roast, separable lean only, trimmed to 0"" fat, select, cooked, roasted",Beef Products,0,0,0,0,0
169509,13850,"Beef, rib, small end (ribs 10-12), separable lean and fat, trimmed to 1/8"" fat, all grades, raw",Beef Products,0,0,0,0,0
169510,13851,"Beef, rib, small end (ribs 10-12), separable lean and fat, trimmed to 1/8"" fat, all grades, cooked, broiled",Beef Products,0,0,0,0,0
169512,13853,"Beef, rib, small end (ribs 10-12), separable lean and fat, trimmed to 1/8"" fat, choice, raw",Beef Products,0,0,0,0,0
169517,13866,"Beef, round, full cut, separable lean and fat, trimmed to 1/8"" fat, select, raw",Beef Products,0,0,0,0,0
169518,13867,"Beef, round, full cut, separable lean and fat, trimmed to 1/8"" fat, select, cooked, broiled",Beef Products,0,0,0,0,0
169519,13868,"Beef, round, bottom round, steak, separable lean and fat, trimmed to 1/8"" fat, all grades, raw",Beef Products,0,0,0,0,0
169520,13869,"Beef, round, bottom round, steak, separable lean and fat, trimmed to 1/8"" fat, all grades, cooked, braised",Beef Products,0,0,0,0,0
169521,13875,"Beef, round, bottom round, steak, separable lean and fat, trimmed to 1/8"" fat, select, cooked, braised",Beef Products,0,0,0,0,0
169522,13876,"Beef, round, bottom round, roast, separable lean and fat, trimmed to 1/8"" fat, select, cooked, roasted",Beef Products,0,0,0,0,0
169523,13877,"Beef, round, eye of round, roast, separable lean and fat, trimmed to 1/8"" fat, all grades, raw",Beef Products,0,0,0,0,0
169524,13878,"Beef, round, eye of round, roast, separable lean and fat, trimmed to 1/8"" fat, all grades, cooked, roasted",Beef Products,0,0,0,0,0
169526,13884,"Beef, round, tip round, roast, separable lean and fat, trimmed to 1/8"" fat, all grades, cooked, roasted",Beef Products,0,0,0,0,0
169527,13885,"Beef, round, tip round, separable lean and fat, trimmed to 1/8"" fat, choice, raw",Beef Products,0,0,0,0,0
169528,13886,"Beef, round, tip round, roast, separable lean and fat, trimmed to 1/8"" fat, choice, cooked, roasted",Beef Products,0,0,0,0,0
169529,13891,"Beef, round, top round, steak, separable lean and fat, trimmed to 1/8"" fat, all grades, raw",Beef Products,0,0,0,0,0
169530,13892,"Beef, round, top round, separable lean and fat, trimmed to 1/8"" fat, all grades, cooked, braised",Beef Products,0,0,0,0,0
169531,13893,"Beef, round, top round steak, separable lean and fat, trimmed to 1/8"" fat, all grades, cooked, broiled",Beef Products,0,0,0,0,0
169532,13894,"Beef, round, top round, steak, separable lean and fat, trimmed to 1/8"" fat, choice, raw",Beef Products,0,0,0,0,0
169533,13900,"Beef, round, top round, steak, separable lean and fat, trimmed to 1/8"" fat, select, cooked, broiled",Beef Products,0,0,0,0,0
169534,13901,"Beef, round, top round, separable lean and fat, trimmed to 1/8"" fat, prime, raw",Beef Products,0,0,0,0,0
169535,13902,"Beef, round, top round, steak, separable lean and fat, trimmed to 1/8"" fat, prime, cooked, broiled",Beef Products,0,0,0,0,0
169536,13903,"Beef, shoulder top blade steak, boneless, separable lean and fat, trimmed to 0"" fat, select, raw",Beef Products,0,0,0,0,0
169537,13908,"Beef, short loin, t-bone steak, separable lean and fat, trimmed to 1/8"" fat, choice, cooked, grilled",Beef Products,0,0,0,0,0
169538,13909,"Beef, short loin, top loin, steak, separable lean and fat, trimmed to 1/8"" fat, all grades, raw",Beef Products,0,0,0,0,0
169539,13910,"Beef, loin, top loin, separable lean and fat, trimmed to 1/8"" fat, all grades, cooked, grilled",Beef Products,0,0,0,0,0
169540,13911,"Beef, loin, top loin, separable lean and fat, trimmed to 1/8"" fat, choice, raw",Beef Products,0,0,0,0,0
169541,13916,"Beef, short loin, top loin, separable lean and fat, trimmed to 1/8"" fat, prime, cooked, broiled",Beef Products,0,0,0,0,0
169542,13917,"Beef, tenderloin, steak, separable lean and fat, trimmed to 1/8"" fat, all grades, raw",Beef Products,0,0,0,0,0
169543,13918,"Beef, tenderloin, steak, separable lean and fat, trimmed to 1/8"" fat, all grades, cooked, broiled",Beef Products,0,0,0,0,0
169544,13919,"Beef, tenderloin, roast, separable lean and fat, trimmed to 1/8"" fat, all grades, cooked, roasted",Beef Products,0,0,0,0,0
169545,13920,"Beef, tenderloin, steak, separable lean and fat, trimmed to 1/8"" fat, choice, raw",Beef Products,0,0,0,0,0
169546,13925,"Beef, tenderloin, roast, separable lean and fat, trimmed to 1/8"" fat, select, cooked, roasted",Beef Products,0,0,0,0,0
169547,13926,"Beef, tenderloin, separable lean and fat, trimmed to 1/8"" fat, prime, raw",Beef Products,0,0,0,0,0
169548,13927,"Beef, tenderloin, steak, separable lean and fat, trimmed to 1/8"" fat, prime, cooked, broiled",Beef Products,0,0,0,0,0
169549,13928,"Beef, tenderloin, roast, separable lean and fat, trimmed to 1/8"" fat, prime, cooked, roasted",Beef Products,0,0,0,0,0
169550,13933,"Beef, top sirloin, steak, separable lean and fat, trimmed to 1/8"" fat, choice, cooked, pan-fried",Beef Products,0,0,0,0,0
169551,13934,"Beef, top sirloin, steak, separable lean and fat, trimmed to 1/8"" fat, select, raw",Beef Products,0,0,0,0,0
169552,13935,"Beef, top sirloin, steak, separable lean and fat, trimmed to 1/8"" fat, select, cooked, broiled",Beef Products,0,0,0,0,0
169553,13937,"Beef, chuck, clod roast, separable lean only, trimmed to 0"" fat, choice, cooked, roasted",Beef Products,0,0,0,0,0
169554,13949,"Beef, flank, steak, separable lean and fat, trimmed to 0"" fat, select, cooked, broiled",Beef Products,0,0,0,0,0
169555,13950,"Beef, brisket, flat half, separable lean and fat, trimmed to 0"" fat, select, cooked, braised",Beef Products,0,0,0,0,0
169556,13951,"Beef, rib eye, small end (ribs 10-12), separable lean and fat, trimmed to 0"" fat, select, cooked, broiled",Beef Products,0,0,0,0,0
169557,13952,"Beef, rib eye, small end (ribs 10-12), separable lean and fat, trimmed to 0"" fat, all grades, cooked, broiled",Beef Products,0,0,0,0,0
169558,13953,"Beef, bottom sirloin, tri-tip roast, separable lean and fat, trimmed to 0"" fat, all grades, cooked, roasted",Beef Products,0,0,0,0,0
169559,13958,"Beef, bottom sirloin, tri-tip roast, separable lean and fat, trimmed to 0"" fat, select, raw",Beef Products,0,0,0,0,0
169560,13959,"Beef, round, top round steak, boneless, separable lean and fat, trimmed to 0"" fat, all grades, cooked, grilled",Beef Products,0,0,0,0,0
169561,13961,"Beef, chuck, mock tender steak, separable lean only, trimmed to 0"" fat, choice, cooked, broiled",Beef Products,0,0,0,0,0
169562,13963,"Beef, chuck, mock tender steak, separable lean only, trimmed to 0"" fat, select, cooked, broiled",Beef Products,0,0,0,0,0
169563,13970,"Beef, flank, steak, separable lean and fat, trimmed to 0"" fat, all grades, raw",Beef Products,0,0,0,0,0
169564,13971,"Beef, flank, steak, separable lean and fat, trimmed to 0"" fat, select, raw",Beef Products,0,0,0,0,0
169565,13972,"Beef, chuck eye roast, boneless, America's Beef Roast, separable lean only, trimmed to 0"" fat, all grades, raw",Beef Products,0,0,0,0,0
169566,13973,"Beef, chuck eye roast, boneless, America's Beef Roast, separable lean only, trimmed to 0"" fat, choice, raw",Beef Products,0,0,0,0,0
169567,13980,"Beef, chuck, short ribs, boneless, separable lean only, trimmed to 0"" fat, choice, cooked, braised",Beef Products,0,0,0,0,0
169568,13981,"Beef, chuck, short ribs, boneless, separable lean only, trimmed to 0"" fat, select, cooked, braised",Beef Products,0,0,0,0,0
169569,13982,"Beef, chuck, short ribs, boneless, separable lean only, trimmed to 0"" fat, all grades, cooked, braised",Beef Products,0,0,0,0,0
169570,13983,"Beef, brisket, flat half, boneless, separable lean and fat, trimmed to 0"" fat, select, raw",Beef Products,0,0,0,0,0
169571,13985,"Beef, loin, bottom sirloin butt, tri-tip roast, separable lean only, trimmed to 0"" fat, all grades, cooked, roasted",Beef Products,0,0,0,0,0
169574,14010,"Alcoholic beverage, daiquiri, prepared-from-recipe",Beverages,0,2,0,0,0
169575,14013,"Alcoholic beverage, beer, light, low carb",Beverages,0,0,0,0,0
169576,19127,"Candies, milk chocolate coated raisins",Sweets,0,0,0,3,0
169577,19128,"Syrups, table blends, pancake, reduced-calorie",Sweets,0,0,0,0,0
169578,19129,"Syrups, table blends, pancake",Sweets,0,0,0,0,0
169580,19138,"Candies, truffles, prepared-from-recipe",Sweets,0,19,0,0,0
169582,19140,"Candies, MARS SNACKFOOD US, M&M's Peanut Chocolate Candies",Sweets,0,0,0,0,0
169583,19141,"Candies, MARS SNACKFOOD US, M&M's Milk Chocolate Candies",Sweets,0,0,0,0,0
169585,19147,"Candies, peanut bar",Sweets,0,0,0,0,0
169586,19148,"Candies, peanut brittle, prepared-from-recipe",Sweets,0,9,0,0,0
169588,19154,"Candies, sesame crunch",Sweets,0,3,0,0,0
169589,19155,"Candies, MARS SNACKFOOD US, SNICKERS Bar",Sweets,0,6,0,16,0
169590,19156,"Candies, MARS SNACKFOOD US, STARBURST Fruit Chews, Original fruits",Sweets,0,0,0,6,0
169593,19165,"Cocoa, dry powder, unsweetened",Sweets,0,0,0,38,0
169594,19166,"Cocoa, dry powder, unsweetened, processed with alkali",Sweets,0,0,0,38,0
169595,19168,"Desserts, egg custard, baked, prepared-from-recipe",Sweets,0,6,2,59,0
169596,19173,"Gelatin desserts, dry mix, prepared with water",Sweets,0,0,0,0,0
169597,19175,"Gelatin desserts, dry mix, reduced calorie, with aspartame",Sweets,0,0,0,0,0
169598,19176,"Gelatin desserts, dry mix, reduced calorie, with aspartame, prepared with water",Sweets,0,0,0,0,0
169599,19177,"Gelatins, dry powder, unsweetened",Sweets,0,0,0,0,0
169600,19185,"Puddings, chocolate, dry mix, instant, prepared with whole milk",Sweets,,24,,,
169601,19186,"Desserts, apple crisp, prepared-from-recipe",Sweets,0,30,8,19,0
169603,19188,"Puddings, chocolate, dry mix, regular",Sweets,0,0,0,5,0
169604,19189,"Puddings, chocolate, dry mix, regular, prepared with whole milk",Sweets,0,6,0,1,0
169605,19195,"Puddings, rice, dry mix, prepared with whole milk",Sweets,,15,,,
169607,19199,"Puddings, tapioca, dry mix, prepared with whole milk",Sweets,,15,,,
169608,19201,"Puddings, vanilla, ready-to-eat",Sweets,0,0,0,0,0
169609,19206,"Puddings, vanilla, dry mix, regular",Sweets,0,0,0,0,0
169610,19207,"Puddings, vanilla, dry mix, regular, prepared with whole milk",Sweets,0,6,0,0,0
169611,19208,"Puddings, rice, dry mix, prepared with 2% milk",Sweets,,10,,,
169612,19209,"Puddings, tapioca, dry mix, prepared with 2% milk",Sweets,,10,,,
169614,19218,"Puddings, tapioca, ready-to-eat",Sweets,0,0,0,0,0
169615,19219,"Puddings, coconut cream, dry mix, regular, prepared with 2% milk",Sweets,,12,,,
169617,19221,"Rennin, chocolate, dry mix, prepared with whole milk",Sweets,,16,,,
169618,19227,"Frostings, coconut-nut, ready-to-eat",Sweets,0,2,1,1,0
169620,19230,"Frostings, vanilla, creamy, ready-to-eat",Sweets,0,0,0,0,0
169621,19231,"Flan, caramel custard, dry mix, prepared with 2% milk",Sweets,,11,,,
169628,19249,"Candies, HERSHEY, REESESTICKS crispy wafers, peanut butter, milk chocolate",Sweets,0,4,0,45,0
169631,19260,"Ice creams, vanilla, light, no sugar added",Sweets,0,12,0,0,0
169632,19263,"Frozen novelties, fruit and juice bars",Sweets,0,11,0,34,0
169633,19265,"Ice creams, chocolate, light, no sugar added",Sweets,0,10,0,0,0
169634,19268,"Candies, dark chocolate coated coffee beans",Sweets,0,0,0,16,0
169637,19279,"Candies, milk chocolate coated coffee beans",Sweets,0,0,0,5,0
169638,19280,"Frozen novelties, ice type, lime",Sweets,0,0,0,0,0
169640,19296,Honey,Sweets,0,0,0,0,0
169641,19297,Jams and preserves,Sweets,0,0,0,0,0
169642,19300,Jellies,Sweets,0,3,0,22,0
169649,19319,"Puddings, banana, dry mix, instant, prepared with whole milk",Sweets,0,6,0,0,0
169655,19335,"Sugars, granulated",Sweets,0,0,0,0,0
169656,19336,"Sugars, powdered",Sweets,0,0,0,0,0
169657,19337,"Sweeteners, tabletop, aspartame, EQUAL, packets",Sweets,0,0,0,0,0
169658,19340,"Sugars, maple",Sweets,0,0,0,0,0
169659,19351,"Syrups, corn, high-fructose",Sweets,0,0,0,0,0
169661,19353,"Syrups, maple",Sweets,0,0,0,0,0
169662,19355,"Syrups, sorghum",Sweets,0,0,0,0,0
169664,19365,"Toppings, marshmallow cream",Sweets,0,0,0,0,0
169665,19366,"Toppings, pineapple",Sweets,0,10,0,0,0
169666,19367,"Toppings, nuts in syrup",Sweets,0,4,0,3,0
169668,19375,"Frostings, glaze, prepared-from-recipe",Sweets,0,1,0,0,0
169669,19379,"Candies, fudge, chocolate marshmallow, prepared-from-recipe",Sweets,0,17,0,5,0
169670,19382,"Candies, taffy, prepared-from-recipe",Sweets,0,6,0,0,0
169671,19383,"Candies, toffee, prepared-from-recipe",Sweets,0,64,0,0,0
169674,19404,"Snacks, granola bars, soft, uncoated, chocolate chip",Snacks,0,0,0,0,0
169677,19411,"Snacks, potato chips, plain, salted",Snacks,0,0,0,0,0
169683,19422,"Snacks, potato chips, reduced fat",Snacks,0,0,0,0,0
169684,19423,"Snacks, potato chips, fat-free, made with olestra",Snacks,0,0,0,0,0
169685,19436,"Popcorn, sugar syrup/caramel, fat-free",Snacks,10,15,0,242,0
169686,19437,"Snacks, potato chips, fat free, salted",Snacks,0,7,0,39,0
169687,19438,"Snacks, KELLOGG, KELLOGG'S RICE KRISPIES TREATS Squares",Snacks,0,0,0,0,0
169689,19440,"Snacks, M&M MARS, KUDOS Whole Grain Bar, chocolate chip",Snacks,,6,,,
169694,20017,"Corn flour, masa, enriched, white",Cereal Grains and Pasta,0,2,2,6,0
169695,20018,"Corn flour, yellow, degermed, unenriched",Cereal Grains and Pasta,63,97,0,1355,0
169696,20019,"Corn flour, masa, unenriched, white",Cereal Grains and Pasta,0,2,2,6,0
169697,20020,"Cornmeal, whole-grain, yellow",Cereal Grains and Pasta,63,97,0,1355,0
169698,20027,Cornstarch,Cereal Grains and Pasta,0,0,0,0,0
169700,20029,"Couscous, cooked",Cereal Grains and Pasta,0,0,0,25,0
169701,20030,"Hominy, canned, white",Cereal Grains and Pasta,0,0,0,30,0
169703,20036,"Rice, brown, long-grain, raw (Includes foods for USDA's Food Distribution Program)",Cereal Grains and Pasta,0,0,0,0,0
169704,20037,"Rice, brown, long-grain, cooked (Includes foods for USDA's Food Distribution Program)",Cereal Grains and Pasta,0,0,0,0,0
169707,20046,"Rice, white, long-grain, parboiled, enriched, dry",Cereal Grains and Pasta,0,0,0,0,0
169708,20047,"Rice, white, long-grain, parboiled, enriched, cooked",Cereal Grains and Pasta,0,0,0,0,0
169709,20048,"Rice, white, long-grain, precooked or instant, enriched, dry",Cereal Grains and Pasta,0,0,0,0,0
169710,20049,"Rice, white, long-grain, precooked or instant, enriched, prepared",Cereal Grains and Pasta,0,0,0,0,0
169711,20055,"Rice, white, glutinous, unenriched, cooked",Cereal Grains and Pasta,0,0,0,0,0
169713,20060,"Rice bran, crude",Cereal Grains and Pasta,0,0,0,220,0
169714,20061,"Rice flour, white, unenriched",Cereal Grains and Pasta,0,0,0,0,0
169717,20068,"Tapioca, pearl, dry",Cereal Grains and Pasta,0,0,0,0,0
169719,20074,"Wheat, hard white",Cereal Grains and Pasta,0,5,0,220,0
169720,20075,"Wheat, soft white",Cereal Grains and Pasta,0,5,0,220,0
169722,20077,"Wheat bran, crude",Cereal Grains and Pasta,0,6,0,240,0
169723,20084,"Wheat flour, white, cake, enriched",Cereal Grains and Pasta,0,0,0,3,0
169726,20088,"Wild rice, raw",Cereal Grains and Pasta,0,11,0,220,0
169731,20109,"Noodles, egg, dry, enriched",Cereal Grains and Pasta,0,2,1,110,0
169732,20110,"Noodles, egg, enriched, cooked",Cereal Grains and Pasta,0,1,0,38,0
169734,20112,"Noodles, egg, spinach, enriched, cooked",Cereal Grains and Pasta,0,51,0,2232,0
169735,20118,"Noodles, flat, crunchy, Chinese restaurant",Cereal Grains and Pasta,0,1,0,54,0
169736,20120,"Pasta, dry, enriched",Cereal Grains and Pasta,0,0,0,18,0
169737,20121,"Pasta, cooked, enriched, without added salt",Cereal Grains and Pasta,0,0,0,7,0
169739,20130,Barley flour or meal,Cereal Grains and Pasta,0,0,0,160,0
169740,20131,Barley malt flour,Cereal Grains and Pasta,0,11,0,160,0
169741,20132,"Oat flour, partially debranned",Cereal Grains and Pasta,0,0,0,180,0
169742,20133,"Rice noodles, dry",Cereal Grains and Pasta,0,0,0,0,0
169743,20138,"Wheat, KAMUT khorasan, uncooked",Cereal Grains and Pasta,2,5,1,301,0
169745,20140,"Spelt, uncooked",Cereal Grains and Pasta,0,5,0,169,0
169747,20142,"Teff, uncooked",Cereal Grains and Pasta,0,5,0,66,0
169748,20316,"Corn flour, whole-grain, white",Cereal Grains and Pasta,0,1,1,5,0
169749,20317,"Corn flour, yellow, masa, enriched",Cereal Grains and Pasta,63,97,0,6,0
169750,20320,"Cornmeal, whole-grain, white",Cereal Grains and Pasta,0,1,1,5,0
169751,20321,"Pasta, cooked, enriched, with added salt",Cereal Grains and Pasta,0,0,0,7,0
169753,20345,"Rice, white, long-grain, regular, cooked, enriched, with salt",Cereal Grains and Pasta,0,0,0,0,0
169755,20409,"Noodles, egg, dry, unenriched",Cereal Grains and Pasta,0,2,1,110,0
169756,20444,"Rice, white, long-grain, regular, raw, unenriched",Cereal Grains and Pasta,0,0,0,0,0
169757,20445,"Rice, white, long-grain, regular, unenriched, cooked without salt",Cereal Grains and Pasta,0,0,0,0,0
169761,20481,"Wheat flour, white, all-purpose, unenriched",Cereal Grains and Pasta,0,0,0,18,0
169762,20510,"Noodles, egg, cooked, unenriched, with added salt",Cereal Grains and Pasta,0,1,0,38,0
169765,31033,"Ginger root, pickled, canned, with artificial sweetener",Vegetables and Vegetable Products,0,0,0,0,0
169766,31034,"Peppers, hot pickled, canned",Vegetables and Vegetable Products,163,440,1,585,0
169767,31035,"Vegetable juice, BOLTHOUSE FARMS, DAILY GREENS",Vegetables and Vegetable Products,6,26,0,111,0
169768,31036,"Potatoes, mashed, ready-to-eat",Vegetables and Vegetable Products,0,19,0,0,0
169769,32004,"Macaroni and cheese, box mix with cheese sauce, unprepared","Meals, Entrees, and Side Dishes",0,14,3,19,0
169771,32006,"Taquitos, frozen, chicken and cheese, oven-heated","Meals, Entrees, and Side Dishes",1,63,26,111,133
169772,32007,"Taquitos, frozen, beef and cheese, oven-heated","Meals, Entrees, and Side Dishes",1,103,36,119,413
169773,32013,"Potsticker or wonton, pork and vegetable, frozen, unprepared","Meals, Entrees, and Side Dishes",0,45,0,21,0
169774,32014,"Macaroni or noodles with cheese, made from reduced fat packaged mix, unprepared","Meals, Entrees, and Side Dishes",0,5,1,7,0
169775,32015,"Turnover, cheese-filled, tomato-based sauce, frozen, unprepared","Meals, Entrees, and Side Dishes",2,97,0,50,1687
169776,32016,"Macaroni or noodles with cheese, microwaveable, unprepared","Meals, Entrees, and Side Dishes",0,5,0,15,0
169777,32021,"Spanish rice mix, dry mix, prepared (with canola/vegetable oil blend or diced tomatoes and margarine)","Meals, Entrees, and Side Dishes",0,116,19,102,1580
169778,32024,"Rice mix, cheese flavor, dry mix, unprepared","Meals, Entrees, and Side Dishes",0,3,0,72,0
169779,32025,"Dumpling, potato- or cheese-filled, frozen","Meals, Entrees, and Side Dishes",0,1,0,8,0
169780,32026,"Turnover, chicken- or turkey-, and vegetable-filled, reduced fat, frozen","Meals, Entrees, and Side Dishes",3,61,1,201,0
169781,32032,"Sausage, egg and cheese breakfast biscuit","Meals, Entrees, and Side Dishes",0,29,8,342,0
169785,33867,"Infant formula, GERBER, GOOD START, PROTECT PLUS, powder",Baby Foods,0,0,0,0,0
169786,33868,"Infant Formula, GERBER GOOD START 2, GENTLE PLUS, powder",Baby Foods,0,0,0,0,0
169787,33869,"Infant formula, GERBER, GOOD START 2, PROTECT PLUS, powder",Baby Foods,0,0,0,0,0
169788,33870,"Infant formula, MEAD JOHNSON, ENFAMIL, ENFAGROW, Soy, Toddler transitions, with ARA and DHA,  powder",Baby Foods,0,0,0,0,0
169789,33875,"Infant formula, MEAD JOHNSON, ENFAMIL, Premature, 24 calories ready-to-feed Low iron",Baby Foods,0,0,0,0,0
169790,33876,"Infant Formula, MEAD JOHNSON, ENFAMIL, Premium, Infant, ready-to-feed",Baby Foods,0,0,0,0,0
169791,33877,"Infant Formula, MEAD JOHNSON, ENFAMIL, Premium, Infant, powder",Baby Foods,0,0,0,0,0
169792,33878,"Babyfood, GERBER, Banana with orange medley",Baby Foods,15,322,8,28,1
169795,35009,"Whale, beluga, meat, dried (Alaska Native)",American Indian/Alaska Native Foods,0,0,0,0,0
169796,35010,"Whale, beluga, eyes (Alaska Native)",American Indian/Alaska Native Foods,0,0,0,0,0
169797,35011,"Whale, beluga, meat, raw (Alaska Native)",American Indian/Alaska Native Foods,0,0,0,0,0
169812,35188,"Fish, halibut, cooked, with skin (Alaska Native)",American Indian/Alaska Native Foods,0,0,0,0,0
169813,35190,"Salmon, red (sockeye), filets with skin, smoked (Alaska Native)",American Indian/Alaska Native Foods,0,0,0,0,0
169814,35192,"Agave, raw (Southwest)",American Indian/Alaska Native Foods,0,22,0,,0
169815,35197,"Lambsquarters, steamed (Northern Plains Indians)",American Indian/Alaska Native Foods,0,2329,0,6162,0
169819,35205,"Stinging Nettles, blanched (Northern Plains Indians)",American Indian/Alaska Native Foods,114,1150,0,4178,0
169820,35206,"Plums, wild (Northern Plains Indians)",American Indian/Alaska Native Foods,140,1930,157,920,0
169822,35211,"Caribou, hind quarter, meat, cooked (Alaska Native)",American Indian/Alaska Native Foods,0,0,0,0,0
169829,35239,"Tortilla, blue corn, Sakwavikaviki (Hopi)",American Indian/Alaska Native Foods,0,1,0,10,0
169830,35240,"Bread, blue corn, somiviki (Hopi)",American Indian/Alaska Native Foods,0,3,1,18,0
169834,36008,"T.G.I. FRIDAY'S, fried mozzarella",Restaurant Foods,0,24,1,51,0
169835,36009,"T.G.I. FRIDAY'S, macaroni & cheese, from kid's menu",Restaurant Foods,1,7,0,68,0
169837,36015,"Restaurant, family style, chicken fingers, from kid's menu",Restaurant Foods,0,9,4,58,2
169838,36016,"Restaurant, family style, shrimp, breaded and fried",Restaurant Foods,0,0,0,10,0
169839,36017,"Restaurant, family style, macaroni & cheese, from kids' menu",Restaurant Foods,1,9,0,77,0
169840,36022,"APPLEBEE'S, crunchy onion rings",Restaurant Foods,0,2,1,13,0
169841,36023,"APPLEBEE'S, chicken tenders platter",Restaurant Foods,1,20,11,72,5
169842,36024,"CRACKER BARREL, chicken tenderloin platter, fried",Restaurant Foods,0,3,1,49,0
169843,36025,"CRACKER BARREL, coleslaw",Restaurant Foods,163,374,1,70,0
169844,36031,"DENNY'S, onion rings",Restaurant Foods,0,2,2,44,0
169845,36032,"DENNY'S, spaghetti and meatballs",Restaurant Foods,0,120,0,159,2740
169846,36033,"Restaurant, family style, fish fillet, battered or breaded, fried",Restaurant Foods,0,3,4,74,1
169847,36034,"Restaurant, family style, chicken tenders",Restaurant Foods,0,11,7,68,1
169849,36040,"CRACKER BARREL, macaroni n' cheese",Restaurant Foods,0,19,0,47,0
169850,36041,"Restaurant, Italian, lasagna with meat",Restaurant Foods,9,197,0,97,2517
169851,36042,"OLIVE GARDEN, lasagna classico",Restaurant Foods,0,153,0,105,2177
169852,36047,"OLIVE GARDEN, spaghetti with pomodoro sauce",Restaurant Foods,0,131,0,128,1781
169853,36048,"CARRABBA'S ITALIAN GRILL, spaghetti with pomodoro sauce",Restaurant Foods,0,110,3,137,1964
169854,36049,"ON THE BORDER, cheese enchilada",Restaurant Foods,0,112,11,58,1562
169855,36050,"Restaurant, Mexican, cheese enchilada",Restaurant Foods,0,191,58,143,820
169856,36056,"Restaurant, Mexican, cheese tamales",Restaurant Foods,13,189,68,102,268
169857,36057,"CARRABBA'S ITALIAN GRILL, chicken parmesan without cavatappi pasta",Restaurant Foods,0,129,0,113,1998
169858,36058,"OLIVE GARDEN, chicken parmigiana without pasta",Restaurant Foods,0,97,0,59,1211
169859,42240,"Cereals ready-to-eat, POST, HONEY BUNCHES OF OATS, with almonds",Breakfast Cereals,28,43,0,630,0
169860,42256,"Margarine-like, vegetable oil spread, stick or tub, sweetened",Fats and Oils,0,610,0,0,0
169861,42259,"Snacks, popcorn, home-prepared, oil-popped, unsalted",Snacks,46,70,0,1087,0
169862,42261,"Cereals ready-to-eat, POST, GREAT GRAINS Crunchy Pecan Cereal",Breakfast Cereals,0,5,1,137,0
169863,42272,"Snacks, granola bar, with coconut, chocolate coated",Snacks,0,0,0,48,0
169864,42278,"Babyfood, vegetable and brown rice, strained",Baby Foods,33,73,0,550,1
169865,42279,"Babyfood, peas and brown rice",Baby Foods,11,228,0,1261,0
169866,42280,"Frankfurter, meat and poultry, low fat",Sausages and Luncheon Meats,0,0,0,0,0
169867,42289,"Oil, corn and canola",Fats and Oils,0,0,0,0,0
169868,42290,"Milk, fluid, nonfat, calcium fortified (fat free or skim)",Dairy and Egg Products,0,0,0,0,0
169869,42291,"Peanut butter, reduced sodium",Legumes and Legume Products,0,0,0,0,0
169870,42297,"Cereals ready-to-eat, POST GREAT GRAINS Banana Nut Crunch",Breakfast Cereals,3,7,0,124,0
169871,42316,"Babyfood, carrots, toddler",Baby Foods,3340,7156,0,167,1
169872,43004,"Babyfood, dessert, banana pudding, strained",Baby Foods,7,8,0,19,0
169873,43006,"Babyfood, fruit, tutti frutti, strained",Baby Foods,1,35,89,21,0
169874,43007,"Babyfood, fruit, tutti frutti, junior",Baby Foods,1,52,134,25,0
169875,43019,"Salad dressing, sweet and sour",Fats and Oils,0,0,0,0,0
169876,43020,"Salad dressing, blue or roquefort cheese, low calorie",Fats and Oils,0,2,0,0,0
169877,43021,"Salad dressing, caesar, low calorie",Fats and Oils,0,1,0,0,0
169878,43026,"Syrups, sugar free",Sweets,0,0,0,0,0
169879,43027,"Jellies, no sugar (with sodium saccharin), any flavors",Sweets,7,402,38,33,0
169880,43058,"Candies, hard, dietetic or low calorie (sorbitol)",Sweets,0,0,0,0,0
169881,43059,"Candies, chocolate covered, low sugar or low calorie",Sweets,0,13,0,6,0
169882,43060,"Chewing gum, sugarless",Sweets,0,0,0,0,0
169883,43075,"Fluid replacement, electrolyte solution (include PEDIALYTE)",Baby Foods,0,0,0,0,0
169884,43114,"Vermicelli, made from soy",Legumes and Legume Products,0,22,0,0,0
169885,43125,"Beans, liquid from stewed kidney beans",Legumes and Legume Products,0,0,0,0,0
169886,43128,"Chicken, meatless",Legumes and Legume Products,0,0,0,0,0
169887,43130,"Frankfurter, meatless",Legumes and Legume Products,0,0,0,0,0
169888,43137,Vegetarian meatloaf or patties,Legumes and Legume Products,0,0,0,0,0
169889,43142,"Radishes, hawaiian style, pickled",Vegetables and Vegetable Products,0,0,0,0,0
169890,43143,"Cabbage, japanese style, fresh, pickled",Vegetables and Vegetable Products,27,100,0,32,0
169891,43144,"Cabbage, mustard, salted",Vegetables and Vegetable Products,140,513,0,29,0
169892,43146,"Eggplant, pickled",Vegetables and Vegetable Products,0,30,0,0,0
169893,43212,"Bacon bits, meatless",Legumes and Legume Products,0,0,0,0,0
169894,43214,"Butter replacement, without fat, powder",Fats and Oils,0,0,0,0,0
169895,43215,"Salad dressing, buttermilk, lite",Fats and Oils,2,4,2,49,0
169896,43216,"Sweeteners, tabletop, fructose, dry, powder",Sweets,0,0,0,0,0
169897,43260,"Beverage, instant breakfast powder, chocolate, sugar-free, not reconstituted",Dairy and Egg Products,0,5,0,0,0
169898,43261,"Yogurt, fruit variety, nonfat",Dairy and Egg Products,0,4,0,8,0
169899,43268,"Whipped cream substitute, dietetic, made from powdered mix",Dairy and Egg Products,0,0,0,0,0
169900,43269,"Frozen novelties, ice cream type, sundae, prepackaged",Sweets,0,16,0,0,0
169901,43278,"Cheese, american cheddar, imitation",Dairy and Egg Products,0,37,0,0,0
169902,43282,"Quail, cooked, total edible",Poultry Products,0,0,0,0,0
169903,43283,"Pheasant, cooked, total edible",Poultry Products,0,0,0,0,0
169904,43285,"Eggs, scrambled, frozen mixture",Dairy and Egg Products,0,246,0,0,0
169905,43287,"Dove, cooked (includes squab)",Poultry Products,0,0,0,0,0
169906,43325,"Pork, cured, ham, boneless, low sodium, extra lean and regular, roasted",Pork Products,0,0,0,0,0
169910,9176,"Mangos, raw",Fruits and Fruit Juices,9,640,10,23,3
169911,9184,"Melons, honeydew, raw",Fruits and Fruit Juices,0,30,0,27,0
169913,9190,"Mulberries, raw",Fruits and Fruit Juices,12,9,0,136,0
169914,9191,"Nectarines, raw",Fruits and Fruit Juices,0,150,98,130,0
169917,9202,"Oranges, raw, navels (Includes foods for USDA's Food Distribution Program)",Fruits and Fruit Juices,7,87,116,129,0
169918,9203,"Oranges, raw, Florida",Fruits and Fruit Juices,11,71,116,129,0
169920,9211,"Orange juice, chilled, includes from concentrate, with added calcium",Fruits and Fruit Juices,8,8,27,27,0
169921,9212,"Orange juice, frozen concentrate, unsweetened, diluted with 3 volume water, with added calcium",Fruits and Fruit Juices,5,13,48,83,0
169922,9213,"Orange juice, frozen concentrate, unsweetened, undiluted, with added calcium",Fruits and Fruit Juices,19,53,191,333,1
169923,9214,"Orange juice, frozen concentrate, unsweetened, undiluted",Fruits and Fruit Juices,19,53,191,333,1
169924,9220,"Tangerines, (mandarin oranges), canned, light syrup pack",Fruits and Fruit Juices,131,191,496,163,0
169925,9221,"Tangerine juice, raw",Fruits and Fruit Juices,14,38,214,166,0
169926,9226,"Papayas, raw",Fruits and Fruit Juices,2,274,589,89,1828
169927,9228,"Papaya, canned, heavy syrup, drained",Fruits and Fruit Juices,1,3,1,4,1
169928,9236,"Peaches, yellow, raw",Fruits and Fruit Juices,0,162,67,91,0
169929,9237,"Peaches, canned, water pack, solids and liquids",Fruits and Fruit Juices,1,264,109,61,0
169930,9238,"Peaches, canned, juice pack, solids and liquids",Fruits and Fruit Juices,1,189,78,61,0
169934,9246,"Peaches, dried, sulfured, uncooked",Fruits and Fruit Juices,3,1074,444,559,0
169935,9247,"Peaches, dried, sulfured, stewed, without added sugar",Fruits and Fruit Juices,0,98,40,180,0
169936,9254,"Pears, canned, juice pack, solids and liquids",Fruits and Fruit Juices,0,3,0,34,0
169938,9256,"Pears, canned, light syrup pack, solids and liquids",Fruits and Fruit Juices,0,0,0,34,0
169939,9257,"Pears, canned, heavy syrup pack, solids and liquids",Fruits and Fruit Juices,0,0,0,34,0
169940,9262,"Pear nectar, canned, without added ascorbic acid",Fruits and Fruit Juices,0,1,0,20,0
169941,9263,"Persimmons, japanese, raw",Fruits and Fruit Juices,0,253,1447,834,159
169942,9264,"Persimmons, japanese, dried",Fruits and Fruit Juices,18,374,156,,
169944,9270,"Pineapple, canned, heavy syrup pack, solids and liquids",Fruits and Fruit Juices,0,8,0,0,0
169946,9272,"Pineapple, frozen, chunks, sweetened",Fruits and Fruit Juices,0,18,0,0,0
169947,9273,"Pineapple juice, canned or bottled, unsweetened, without added ascorbic acid",Fruits and Fruit Juices,0,3,0,0,0
169948,9274,"Pineapple juice, frozen concentrate, unsweetened, undiluted",Fruits and Fruit Juices,0,30,0,0,0
169949,9279,"Plums, raw",Fruits and Fruit Juices,0,190,35,73,0
169950,9281,"Plums, canned, purple, water pack, solids and liquids",Fruits and Fruit Juices,0,502,93,49,0
169951,9282,"Plums, canned, purple, juice pack, solids and liquids",Fruits and Fruit Juices,0,554,102,49,0
169952,9283,"Plums, canned, purple, light syrup pack, solids and liquids",Fruits and Fruit Juices,0,127,23,49,0
169953,11037,"Lima beans, immature seeds, frozen, fordhook, unprepared",Vegetables and Vegetable Products,0,134,0,0,0
169954,11038,"Lima beans, immature seeds, frozen, fordhook, cooked, boiled, drained, without salt",Vegetables and Vegetable Products,0,114,0,0,0
169956,11040,"Lima beans, immature seeds, frozen, baby, cooked, boiled, drained, without salt",Vegetables and Vegetable Products,0,100,0,0,0
169957,11043,"Mung beans, mature seeds, sprouted, raw",Vegetables and Vegetable Products,6,6,6,0,0
169960,11050,"Beans, shellie, canned, solids and liquids",Vegetables and Vegetable Products,0,137,0,331,0
169961,11052,"Beans, snap, green, raw",Vegetables and Vegetable Products,69,379,0,640,0
169962,11060,"Beans, snap, green, frozen, all styles, unprepared (Includes foods for USDA's Food Distribution Program)",Vegetables and Vegetable Products,72,292,0,663,0
169963,11061,"Beans, snap, green, frozen, cooked, boiled, drained without salt",Vegetables and Vegetable Products,55,224,0,508,0
169964,11062,"Beans, snap, green, frozen, all styles, microwaved",Vegetables and Vegetable Products,68,277,0,629,0
169966,11084,"Beets, canned, drained solids",Vegetables and Vegetable Products,0,15,0,0,0
169967,11091,"Broccoli, cooked, boiled, drained, without salt",Vegetables and Vegetable Products,0,929,0,1080,0
169968,11092,"Broccoli, frozen, chopped, unprepared",Vegetables and Vegetable Products,20,610,1,1120,0
169969,11093,"Broccoli, frozen, chopped, cooked, boiled, drained, without salt",Vegetables and Vegetable Products,19,597,1,1095,0
169970,11094,"Broccoli, frozen, spears, unprepared (Includes foods for USDA's Food Distribution Program)",Vegetables and Vegetable Products,15,675,1,1525,0
169971,11099,"Brussels sprouts, cooked, boiled, drained, without salt",Vegetables and Vegetable Products,0,465,0,1290,0
169972,11100,"Brussels sprouts, frozen, unprepared",Vegetables and Vegetable Products,0,370,0,,
169973,11101,"Brussels sprouts, frozen, cooked, boiled, drained, without salt",Vegetables and Vegetable Products,0,555,0,1541,0
169974,11104,"Burdock root, raw",Vegetables and Vegetable Products,0,0,0,0,0
169975,11109,"Cabbage, raw",Vegetables and Vegetable Products,33,42,0,30,0
169976,11110,"Cabbage, cooked, boiled, drained, without salt",Vegetables and Vegetable Products,0,48,0,27,0
169977,11112,"Cabbage, red, raw",Vegetables and Vegetable Products,0,670,0,329,20
169978,11113,"Cabbage, red, cooked, boiled, drained, without salt",Vegetables and Vegetable Products,0,20,0,20,0
169979,11119,"Cabbage, chinese (pe-tsai), raw",Vegetables and Vegetable Products,1,190,0,48,0
169983,11130,"Carrots, frozen, unprepared (Includes foods for USDA's Food Distribution Program)",Vegetables and Vegetable Products,2958,7047,0,218,1
169984,11131,"Carrots, frozen, cooked, boiled, drained, without salt",Vegetables and Vegetable Products,3716,8199,199,676,0
169985,11134,"Cassava, raw",Vegetables and Vegetable Products,0,8,0,0,0
169986,11135,"Cauliflower, raw",Vegetables and Vegetable Products,0,0,0,1,0
169988,11143,"Celery, raw",Vegetables and Vegetable Products,0,270,0,283,0
169989,11144,"Celery, cooked, boiled, drained, without salt",Vegetables and Vegetable Products,0,313,0,329,0
169991,11147,"Chard, swiss, raw",Vegetables and Vegetable Products,45,3647,0,11000,0
169992,11152,"Chicory greens, raw",Vegetables and Vegetable Products,0,3430,0,10300,0
169994,11156,"Chives, raw",Vegetables and Vegetable Products,0,2612,0,323,0
169995,11157,"Chrysanthemum, garland, raw",Vegetables and Vegetable Products,0,1380,24,3834,
169996,11164,"Collards, frozen, chopped, cooked, boiled, drained, without salt",Vegetables and Vegetable Products,127,6818,28,10898,0
169997,11165,"Coriander (cilantro) leaves, raw",Vegetables and Vegetable Products,36,3930,202,865,0
169998,11167,"Corn, sweet, yellow, raw",Vegetables and Vegetable Products,16,47,115,644,0
169999,11168,"Corn, sweet, yellow, cooked, boiled, drained, without salt",Vegetables and Vegetable Products,23,66,161,906,0
170000,11282,"Onions, raw",Vegetables and Vegetable Products,0,1,0,4,0
170001,11283,"Onions, cooked, boiled, drained, without salt",Vegetables and Vegetable Products,0,1,0,4,0
170002,11284,"Onions, dehydrated flakes",Vegetables and Vegetable Products,0,11,0,32,0
170003,11285,"Onions, canned, solids and liquids",Vegetables and Vegetable Products,0,1,0,2,0
170005,11291,"Onions, spring or scallions (includes tops and bulb), raw",Vegetables and Vegetable Products,0,598,0,1137,0
170006,11292,"Onions, young green, tops only",Vegetables and Vegetable Products,0,2400,0,858,0
170008,11294,"Onions, sweet, raw",Vegetables and Vegetable Products,0,1,0,6,0
170009,11299,"Parsnips, cooked, boiled, drained, without salt",Vegetables and Vegetable Products,0,0,0,0,0
170010,11300,"Peas, edible-podded, raw",Vegetables and Vegetable Products,44,630,0,740,0
170011,11301,"Peas, edible-podded, boiled, drained, without salt",Vegetables and Vegetable Products,42,597,0,702,0
170013,11308,"Peas, green (includes baby and lesuer types), canned, drained solids, unprepared",Vegetables and Vegetable Products,9,514,0,1350,0
170016,11312,"Peas, green, frozen, unprepared (Includes foods for USDA's Food Distribution Program)",Vegetables and Vegetable Products,20,1225,0,2352,0
170017,11313,"Peas, green, frozen, cooked, boiled, drained, without salt",Vegetables and Vegetable Products,20,1250,0,2400,0
170018,11323,"Peas and carrots, frozen, cooked, boiled, drained, without salt",Vegetables and Vegetable Products,1868,4725,99,1538,0
170021,11327,"Peas and onions, frozen, cooked, boiled, drained, without salt",Vegetables and Vegetable Products,10,626,0,1202,0
170024,11339,"Peppers, sweet, green, sauteed",Vegetables and Vegetable Products,42,135,17,,0
170025,11344,"Pigeonpeas, immature seeds, raw",Vegetables and Vegetable Products,0,40,0,190,0
170026,11352,"Potatoes, flesh and skin, raw",Vegetables and Vegetable Products,0,1,0,9,0
170027,11353,"Potatoes, russet, flesh and skin, raw (Includes foods for USDA's Food Distribution Program)",Vegetables and Vegetable Products,0,0,0,5,0
170028,11354,"Potatoes, white, flesh and skin, raw",Vegetables and Vegetable Products,0,5,0,13,0
170029,11355,"Potatoes, red, flesh and skin, raw",Vegetables and Vegetable Products,0,4,0,21,0
170030,11356,"Potatoes, Russet, flesh and skin, baked",Vegetables and Vegetable Products,0,6,0,19,0
170033,11363,"Potatoes, baked, flesh, without salt",Vegetables and Vegetable Products,0,0,0,0,0
170034,11364,"Potatoes, baked, skin, without salt",Vegetables and Vegetable Products,0,6,0,30,0
170036,11370,"Potatoes, hash brown, home-prepared",Vegetables and Vegetable Products,0,3,0,16,0
170037,11371,"Potatoes, mashed, home-prepared, whole milk and margarine added",Vegetables and Vegetable Products,0,30,0,7,0
170039,11380,"Potatoes, mashed, dehydrated, granules without milk, dry form",Vegetables and Vegetable Products,0,7,0,38,0
170040,11381,"Potatoes, mashed, dehydrated, prepared from granules without milk, whole milk and butter added",Vegetables and Vegetable Products,,30,,,
170041,11382,"Potatoes, mashed, dehydrated, granules with milk, dry form",Vegetables and Vegetable Products,0,10,0,37,0
170042,11383,"Potatoes, mashed, dehydrated, prepared from granules with milk, water and margarine added",Vegetables and Vegetable Products,0,33,0,7,0
170044,11391,"Potatoes, hash brown, frozen, plain, prepared, pan fried in canola oil",Vegetables and Vegetable Products,0,0,0,0,0
170047,11398,"Potato puffs, frozen, unprepared",Vegetables and Vegetable Products,0,3,0,15,0
170048,11399,"Potato puffs, frozen, oven-heated",Vegetables and Vegetable Products,0,3,0,16,0
170050,11530,"Tomatoes, red, ripe, cooked",Vegetables and Vegetable Products,0,293,0,94,3041
170051,11531,"Tomatoes, red, ripe, canned, packed in tomato juice",Vegetables and Vegetable Products,0,245,0,78,2537
170052,11533,"Tomatoes, red, ripe, canned, stewed",Vegetables and Vegetable Products,0,103,0,126,4088
170054,11549,"Tomato products, canned, sauce",Vegetables and Vegetable Products,0,259,3,24,13895
170055,11551,"Tomato products, canned, sauce, with mushrooms",Vegetables and Vegetable Products,0,570,6,31,18942
170058,11565,"Turnips, cooked, boiled, drained, without salt",Vegetables and Vegetable Products,0,0,0,0,0
170060,11567,"Turnips, frozen, cooked, boiled, drained, without salt",Vegetables and Vegetable Products,0,0,0,0,0
170061,11568,"Turnip greens, raw",Vegetables and Vegetable Products,0,6952,0,12825,0
170062,11577,"Turnip greens and turnips, frozen, cooked, boiled, drained, without salt",Vegetables and Vegetable Products,0,5167,0,9532,0
170063,11578,"Vegetable juice cocktail, canned",Vegetables and Vegetable Products,93,377,0,278,7119
170065,11581,"Vegetables, mixed, canned, drained solids",Vegetables and Vegetable Products,2636,5670,5,493,0
170066,11588,"Waterchestnuts, chinese, (matai), raw",Vegetables and Vegetable Products,0,0,0,0,0
170067,11590,"Waterchestnuts, chinese, canned, solids and liquids",Vegetables and Vegetable Products,0,0,0,0,0
170068,11591,"Watercress, raw",Vegetables and Vegetable Products,0,1914,0,5767,0
170071,11601,"Yam, raw",Vegetables and Vegetable Products,0,83,0,0,0
170072,11602,"Yam, cooked, boiled, drained, or baked, without salt",Vegetables and Vegetable Products,0,73,0,0,0
170073,11603,"Yambean (jicama), raw",Vegetables and Vegetable Products,0,13,0,0,0
170079,11626,"Beans, mung, mature seeds, sprouted, canned, drained solids",Vegetables and Vegetable Products,2,2,2,0,0
170080,11632,"Peppers, jalapeno, canned, solids and liquids",Vegetables and Vegetable Products,32,968,72,657,0
170082,11640,"Shallots, freeze-dried",Vegetables and Vegetable Products,0,13,0,38,0
170083,11645,"Sweet potato, canned, syrup pack, solids and liquids",Vegetables and Vegetable Products,0,4518,0,0,0
170084,11647,"Sweet potato, canned, syrup pack, drained solids",Vegetables and Vegetable Products,0,5501,0,0,0
170088,11659,"Sweet potato, cooked, candied, home-prepared",Vegetables and Vegetable Products,0,3858,0,0,0
170090,11663,"Seaweed, agar, dried",Vegetables and Vegetable Products,0,0,0,0,0
170091,11666,"Seaweed, spirulina, raw",Vegetables and Vegetable Products,0,33,0,0,0
170092,11672,Potato pancakes,Vegetables and Vegetable Products,0,4,2,87,0
170093,11674,"Potatoes, baked, flesh and skin, without salt",Vegetables and Vegetable Products,0,6,0,30,0
170097,11798,"Mushrooms, shiitake, cooked, with salt",Vegetables and Vegetable Products,0,0,0,0,0
170098,11803,"Okra, cooked, boiled, drained, with salt",Vegetables and Vegetable Products,0,170,0,390,0
170099,11804,"Okra, frozen, cooked, boiled, drained, with salt",Vegetables and Vegetable Products,0,183,0,420,0
170100,11805,"Onions, cooked, boiled, drained, with salt",Vegetables and Vegetable Products,0,1,0,4,0
170101,11806,"Onions, frozen, chopped, cooked, boiled, drained, with salt",Vegetables and Vegetable Products,0,1,0,3,0
170102,11811,"Peas, green, cooked, boiled, drained, with salt",Vegetables and Vegetable Products,22,470,0,2593,0
170103,11812,"Peas, green, canned, no salt added, solids and liquids",Vegetables and Vegetable Products,14,859,0,1650,0
170104,11813,"Peas, green, canned, no salt added, drained solids",Vegetables and Vegetable Products,0,320,0,1350,0
170105,11814,"Peas, green, frozen, cooked, boiled, drained, with salt",Vegetables and Vegetable Products,20,1250,0,2400,
170106,11819,"Peppers, hot chili, red, raw",Vegetables and Vegetable Products,36,534,40,709,0
170107,11820,"Peppers, hot chili, red, canned, excluding seeds, solids and liquids",Vegetables and Vegetable Products,446,6664,495,444,0
170108,11821,"Peppers, sweet, red, raw",Vegetables and Vegetable Products,20,1624,490,51,0
170109,11822,"Peppers, sweet, green, cooked, boiled, drained, with salt",Vegetables and Vegetable Products,26,264,8,431,0
170110,11823,"Peppers, sweet, red, cooked, boiled, drained, without salt",Vegetables and Vegetable Products,18,1525,460,47,0
170111,11828,"Potatoes, baked, flesh and skin, with salt",Vegetables and Vegetable Products,0,6,0,30,0
170112,11829,"Potatoes, baked, flesh, with salt",Vegetables and Vegetable Products,0,0,0,0,0
170113,11830,"Potatoes, baked, skin only, with salt",Vegetables and Vegetable Products,0,6,0,30,0
170114,11831,"Potatoes, boiled, cooked in skin, flesh, with salt",Vegetables and Vegetable Products,0,2,0,10,0
170119,11847,"Pumpkin, flowers, cooked, boiled, drained, with salt",Vegetables and Vegetable Products,0,1040,0,0,0
170120,11848,"Pumpkin leaves, cooked, boiled, drained, with salt",Vegetables and Vegetable Products,0,960,0,1747,0
170122,11850,"Radishes, oriental, cooked, boiled, drained, with salt",Vegetables and Vegetable Products,0,0,0,0,0
170123,11855,"Spinach, canned, no salt added, solids and liquids",Vegetables and Vegetable Products,0,4850,0,8722,0
170124,11856,"Spinach, frozen, chopped or leaf, cooked, boiled, drained, with salt",Vegetables and Vegetable Products,0,7237,0,15690,0
170125,11857,"Squash, summer, all varieties, cooked, boiled, drained, with salt",Vegetables and Vegetable Products,0,127,0,2249,0
170126,11858,"Squash, summer, crookneck and straightneck, cooked, boiled, drained, with salt",Vegetables and Vegetable Products,0,670,0,315,0
170127,11863,"Squash, winter, all varieties, cooked, baked, with salt",Vegetables and Vegetable Products,682,2793,0,1415,0
170130,11866,"Squash, winter, butternut, cooked, baked, with salt",Vegetables and Vegetable Products,1130,4570,3116,0,0
170131,11872,"Succotash, (corn and limas), frozen, cooked, boiled, drained, with salt",Vegetables and Vegetable Products,9,82,61,342,0
170133,11874,"Sweet potato leaves, cooked, steamed, with salt",Vegetables and Vegetable Products,33,1725,45,11449,0
170137,11884,"Tomatoes, red, ripe, cooked, with salt",Vegetables and Vegetable Products,0,293,0,94,3041
170138,11885,"Tomatoes, red, ripe, canned, packed in tomato juice, no salt added",Vegetables and Vegetable Products,0,265,0,85,2745
170139,11891,"Turnip greens, cooked, boiled, drained, with salt",Vegetables and Vegetable Products,0,4575,0,8440,0
170140,11892,"Turnip greens, frozen, cooked, boiled, drained, with salt",Vegetables and Vegetable Products,0,6459,0,11915,0
170141,11893,"Turnip greens and turnips, frozen, cooked, boiled, drained, with salt",Vegetables and Vegetable Products,0,5167,0,9532,0
170142,11894,"Vegetables, mixed, frozen, cooked, boiled, drained, with salt",Vegetables and Vegetable Products,968,2082,0,637,0
170143,11998,"Mushrooms, portabella, exposed to ultraviolet light, raw",Vegetables and Vegetable Products,0,0,0,0,0
170148,12012,"Seeds, hemp seed, hulled",Nut and Seed Products,,7,,,
170150,12023,"Seeds, sesame seeds, whole, dried",Nut and Seed Products,0,5,0,0,0
170152,12029,"Seeds, sesame seed kernels, toasted, without salt added (decorticated)",Nut and Seed Products,0,40,0,0,0
170158,12063,"Nuts, almonds, dry roasted, without salt added",Nut and Seed Products,0,1,0,1,0
170159,12065,"Nuts, almonds, oil roasted, without salt added",Nut and Seed Products,0,1,0,1,0
170160,12071,"Nuts, almond paste",Nut and Seed Products,0,0,0,1,0
170162,12087,"Nuts, cashew nuts, raw",Nut and Seed Products,0,0,0,22,0
170169,12104,"Nuts, coconut meat, raw",Nut and Seed Products,0,0,0,0,0
170170,12108,"Nuts, coconut meat, dried (desiccated), not sweetened",Nut and Seed Products,0,0,0,0,0
170171,12116,"Nuts, coconut cream, canned, sweetened",Nut and Seed Products,0,0,0,0,0
170172,12117,"Nuts, coconut milk, raw (liquid expressed from grated meat and water)",Nut and Seed Products,0,0,0,0,0
170174,12119,"Nuts, coconut water (liquid from coconuts)",Nut and Seed Products,0,0,0,0,0
170179,12132,"Nuts, macadamia nuts, dry roasted, without salt added",Nut and Seed Products,0,0,0,0,0
170182,12142,"Nuts, pecans",Nut and Seed Products,0,29,9,17,0
170183,12143,"Nuts, pecans, dry roasted, without salt added",Nut and Seed Products,0,84,,,
170184,12151,"Nuts, pistachio nuts, raw",Nut and Seed Products,10,305,0,2903,
170185,12152,"Nuts, pistachio nuts, dry roasted, without salt added",Nut and Seed Products,0,159,0,1160,0
170186,12154,"Nuts, walnuts, black, dried",Nut and Seed Products,0,24,0,9,0
170187,12155,"Nuts, walnuts, english",Nut and Seed Products,0,12,0,9,0
170189,12166,"Seeds, sesame butter, tahini, from roasted and toasted kernels (most common type)",Nut and Seed Products,0,40,0,0,0
170190,12167,"Nuts, chestnuts, european, roasted",Nut and Seed Products,0,14,0,13,0
170193,13335,"Beef, variety meats and by-products, suet, raw",Beef Products,0,0,0,0,0
170198,13345,"Beef, cured, breakfast strips, cooked",Beef Products,0,0,0,0,0
170200,13347,"Beef, cured, corned beef, brisket, cooked",Beef Products,0,0,0,0,0
170201,13352,"Beef, chuck, under blade center steak, boneless, Denver Cut, separable lean only, trimmed to 0"" fat, choice, cooked, grilled",Beef Products,0,0,0,0,0
170203,13354,"Beef, chuck, under blade center steak, boneless, Denver Cut, separable lean only, trimmed to 0"" fat, select, cooked, grilled",Beef Products,0,0,0,0,0
170204,13355,"Beef, cured, pastrami",Sausages and Luncheon Meats,0,22,6,11,0
170205,13356,"Beef, chuck, under blade center steak, boneless, Denver Cut, separable lean only, trimmed to 0"" fat, all grades, raw",Beef Products,0,0,0,0,0
170206,13362,"Beef, composite of trimmed retail cuts, separable lean and fat, trimmed to 0"" fat, choice, cooked",Beef Products,0,0,0,0,0
170207,13363,"Beef, composite of trimmed retail cuts, separable lean and fat, trimmed to 0"" fat, select, cooked",Beef Products,0,0,0,0,0
170208,13364,"Beef, composite of trimmed retail cuts, separable lean only, trimmed to 0"" fat, all grades, cooked",Beef Products,0,0,0,0,0
170209,13365,"Beef, composite of trimmed retail cuts, separable lean only, trimmed to 0"" fat, choice, cooked",Beef Products,0,0,0,0,0
170210,13370,"Beef, brisket, flat half, separable lean only, trimmed to 0"" fat, all grades, cooked, braised",Beef Products,0,0,0,0,0
170211,13371,"Beef, brisket, point half, separable lean and fat, trimmed to 0"" fat, all grades, cooked, braised",Beef Products,0,0,0,0,0
170212,13372,"Beef, brisket, point half, separable lean only, trimmed to 0"" fat, all grades, cooked, braised",Beef Products,0,0,0,0,0
170213,13373,"Beef, chuck, arm pot roast, separable lean and fat, trimmed to 0"" fat, all grades, cooked, braised",Beef Products,0,0,0,0,0
170214,13381,"Beef, chuck, under blade pot roast, boneless, separable lean and fat, trimmed to 0"" fat, select, cooked, braised",Beef Products,0,0,0,0,0
170215,13382,"Beef, chuck, blade roast, separable lean only, trimmed to 0"" fat, all grades, cooked, braised",Beef Products,0,0,0,0,0
170216,13383,"Beef, chuck, under blade pot roast, boneless, separable lean only, trimmed to 0"" fat, choice, cooked, braised",Beef Products,0,0,0,0,0
170217,13384,"Beef, chuck, under blade pot roast, boneless, separable lean only, trimmed to 0"" fat, select, cooked, braised",Beef Products,0,0,0,0,0
170219,13391,"Beef, rib, small end (ribs 10-12), separable lean and fat, trimmed to 0"" fat, all grades, cooked, broiled",Beef Products,0,0,0,0,0
170222,13399,"Beef, round, bottom round, roast, separable lean and fat, trimmed to 0"" fat, all grades, cooked, roasted",Beef Products,0,0,0,0,0
170223,13401,"Beef, round, bottom round, steak, separable lean and fat, trimmed to 0"" fat, choice, cooked, braised",Beef Products,0,0,0,0,0
170224,13402,"Beef, round, bottom round, roast, separable lean and fat, trimmed to 0"" fat, choice, cooked, roasted",Beef Products,0,0,0,0,0
170225,13404,"Beef, round, bottom round, steak, separable lean and fat, trimmed to 0"" fat, select, cooked, braised",Beef Products,0,0,0,0,0
170226,13413,"Beef, round, bottom round, steak, separable lean only, trimmed to 0"" fat, select, cooked, braised",Beef Products,0,0,0,0,0
170227,13414,"Beef, round, bottom round roast, separable lean only, trimmed to 0"" fat, select, cooked, roasted",Beef Products,0,0,0,0,0
170228,13415,"Beef, round, eye of round roast, boneless, separable lean and fat, trimmed to 0"" fat, all grades, cooked, roasted",Beef Products,0,0,0,0,0
170229,13416,"Beef, round, eye of round roast, boneless, separable lean and fat, trimmed to 0"" fat, choice, cooked, roasted",Beef Products,0,0,0,0,0
170230,13421,"Beef, round, tip round, roast, separable lean and fat, trimmed to 0"" fat, all grades, cooked, roasted",Beef Products,0,0,0,0,0
170231,13422,"Beef, round, tip round, roast, separable lean and fat, trimmed to 0"" fat, choice, cooked, roasted",Beef Products,0,0,0,0,0
170232,13423,"Beef, round, tip round, roast, separable lean and fat, trimmed to 0"" fat, select, cooked, roasted",Beef Products,0,0,0,0,0
170233,13424,"Beef, round, tip round, roast, separable lean only, trimmed to 0"" fat, all grades, cooked, roasted",Beef Products,0,0,0,0,0
170234,13432,"Beef, round, top round, separable lean and fat, trimmed to 0"" fat, select, cooked, braised",Beef Products,0,0,0,0,0
170235,13436,"Beef, round, top round, separable lean only, trimmed to 0"" fat, choice, cooked, braised",Beef Products,0,0,0,0,0
170236,13438,"Beef, round, top round, separable lean only, trimmed to 0"" fat, select, cooked, braised",Beef Products,0,0,0,0,0
170237,13439,"Beef, loin, tenderloin steak, boneless, separable lean and fat, trimmed to 0"" fat, all grades, cooked, grilled",Beef Products,0,0,0,0,0
170238,13440,"Beef, loin, tenderloin steak, boneless, separable lean and fat, trimmed to 0"" fat, choice, cooked, grilled",Beef Products,0,0,0,0,0
170239,13445,"Beef, loin, top loin steak, boneless, lip off, separable lean and fat, trimmed to 0"" fat, all grades, cooked, grilled",Beef Products,0,0,0,0,0
170240,13446,"Beef, loin, top loin steak, boneless, lip off, separable lean and fat, trimmed to 0"" fat, choice, cooked, grilled",Beef Products,0,0,0,0,0
170244,19802,"Snacks, corn-based, extruded, puffs or twists, cheese-flavor, unenriched",Snacks,0,0,0,,
170249,19814,"Snacks, pretzels, hard, plain, made with enriched flour, unsalted",Snacks,0,0,0,0,0
170250,19816,"Snacks, rice cakes, brown rice, plain, unsalted",Snacks,0,0,0,0,0
170253,19823,"Potato chips, without salt, reduced fat",Snacks,0,0,0,0,0
170254,19833,"Snacks, tortilla chips, low fat, unsalted",Snacks,24,37,0,507,0
170257,19868,"Sweeteners, tabletop, sucralose, SPLENDA packets",Sweets,0,0,0,0,0
170258,19871,"Frozen novelties, No Sugar Added, FUDGSICLE pops",Sweets,0,0,0,2,0
170270,19899,"Ice creams, regular, low carbohydrate, chocolate",Sweets,0,19,0,0,0
170271,19902,"Chocolate, dark, 45- 59% cacao solids",Sweets,7,26,1,31,0
170272,19903,"Chocolate, dark, 60-69% cacao solids",Sweets,9,25,1,32,0
170273,19904,"Chocolate, dark, 70-85% cacao solids",Sweets,7,19,1,27,0
170274,19905,"Candies, chocolate, dark, NFS (45-59% cacao solids 90%; 60-69% cacao solids 5%; 70-85% cacao solids 5%)",Sweets,7,25,1,31,0
170275,19910,"Candies, crispy bar with peanut butter filling",Sweets,0,4,0,45,0
170277,19912,"Sweetener, syrup, agave",Sweets,0,94,0,0,0
170278,19913,"Candies, NESTLE, BUTTERFINGER Crisp",Sweets,0,1,0,28,0
170279,19919,"Candies, fruit snacks, with high vitamin C",Sweets,0,1,3,3,0
170280,19920,"Jams, preserves, marmalades, sweetened with fruit juice",Sweets,0,12,0,12,0
170281,19921,"Candies, Tamarind",Sweets,0,9,0,0,0
170282,19922,"Candies, coconut bar, not chocolate covered",Sweets,0,0,0,0,0
170283,20004,"Barley, hulled",Cereal Grains and Pasta,0,13,0,160,0
170284,20005,"Barley, pearled, raw",Cereal Grains and Pasta,0,13,0,160,0
170285,20006,"Barley, pearled, cooked",Cereal Grains and Pasta,0,5,0,56,0
170287,20013,"Bulgur, cooked",Cereal Grains and Pasta,0,1,0,54,0
170288,20014,"Corn grain, yellow",Cereal Grains and Pasta,63,97,0,1355,0
170289,20015,"Corn bran, crude",Cereal Grains and Pasta,21,32,0,1355,0
170290,20016,"Corn flour, whole-grain, yellow",Cereal Grains and Pasta,63,97,0,1355,0
170291,21078,"Fast foods, nachos, with cheese",Fast Foods,0,2,2,9,1
170292,21080,"Fast foods, nachos, with cheese, beans, ground beef, and tomatoes",Fast Foods,1,64,19,46,252
170293,21094,"Fast foods, cheeseburger, double, regular patty and bun, with condiments",Fast Foods,1,51,3,17,980
170294,21096,"Fast foods, cheeseburger; single, large patty; plain",Fast Foods,0,58,2,30,0
170295,21102,"Fast foods, chicken fillet sandwich, plain with pickles",Fast Foods,2,12,6,78,0
170296,21105,"Fast foods, fish sandwich, with tartar sauce",Fast Foods,3,44,7,54,0
170297,21106,"Fast foods, fish sandwich, with tartar sauce and cheese",Fast Foods,2,17,6,28,0
170298,21125,"Fast foods, submarine sandwich, roast beef on white bread with lettuce and tomato",Fast Foods,0,40,2,44,213
170299,21126,"Fast foods, submarine sandwich, tuna on white bread with lettuce and tomato",Fast Foods,0,29,1,51,143
170301,21129,"Fast foods, hush puppies",Fast Foods,0,1,0,14,0
170302,21142,"Fast food, biscuit",Fast Foods,0,0,0,0,0
170304,21144,"CHICK-FIL-A, hash browns",Fast Foods,0,2,0,17,0
170305,21145,"School Lunch, pizza, BIG DADDY'S LS 16"" 51% Whole Grain Rolled Edge Cheese Pizza, frozen",Fast Foods,,69,,,
170306,21151,"Fast foods, submarine sandwich, sweet onion chicken teriyaki on white bread with lettuce, tomato and sweet onion sauce",Fast Foods,0,33,0,87,208
170307,21152,"SUBWAY, SUBWAY CLUB sub on white bread with lettuce and tomato",Fast Foods,0,29,0,56,149
170308,21153,"Fast foods, submarine sandwich, turkey, roast beef and ham on white bread with lettuce and tomato",Fast Foods,0,29,0,56,149
170309,21154,"Fast foods, submarine sandwich, oven roasted chicken on white bread with lettuce and tomato",Fast Foods,0,34,0,75,224
170310,21159,"SUBWAY, steak & cheese sub on white bread with American cheese, lettuce and tomato",Fast Foods,0,33,0,56,203
170311,21160,"Fast foods, submarine sandwich, steak and cheese on white bread with cheese, lettuce and tomato",Fast Foods,0,33,0,56,203
170312,21161,"SUBWAY, B.L.T. sub on white bread with bacon, lettuce and tomato",Fast Foods,0,42,0,72,195
170313,21162,"Fast foods, submarine sandwich, bacon, lettuce, and tomato on white bread",Fast Foods,0,42,0,72,195
170314,21211,"SUBWAY, oven roasted chicken sub on white bread with lettuce and tomato",Fast Foods,0,34,0,75,224
170315,21213,"SUBWAY, cold cut sub on white bread with lettuce and tomato",Fast Foods,2,61,18,115,275
170316,21214,"SUBWAY, tuna sub on white bread with lettuce and tomato",Fast Foods,0,29,1,51,143
170317,21224,"Pizza, cheese topping, regular crust, frozen, cooked",Fast Foods,0,88,0,34,1829
170318,21230,"Fast Foods, crispy chicken filet sandwich, with lettuce and mayonnaise",Fast Foods,1,44,0,41,0
170332,21260,"TACO BELL, Original Taco with beef, cheese and lettuce",Fast Foods,0,46,0,,
170333,21261,"TACO BELL, Soft Taco with beef, cheese and lettuce",Fast Foods,0,48,0,,
170334,21266,"TACO BELL, BURRITO SUPREME with chicken",Fast Foods,0,49,0,,
170335,21267,"TACO BELL, BURRITO SUPREME with steak",Fast Foods,0,43,0,,
170336,21268,"TACO BELL, Nachos",Fast Foods,0,2,2,9,1
170337,21269,"TACO BELL, Nachos Supreme",Fast Foods,1,64,19,46,252
170355,21463,"Yogurt parfait, lowfat, with fruit and granola",Fast Foods,0,12,0,12,0
170356,21464,"Fast Foods, Fried Chicken, Breast, meat only, skin and breading removed",Fast Foods,0,0,0,0,0
170357,21465,"Fast Foods, Fried Chicken, Drumstick, meat only, skin and breading removed",Fast Foods,0,0,0,0,0
170358,21466,"Fast Foods, Fried Chicken, Thigh, meat only, skin and breading removed",Fast Foods,0,0,0,0,0
170359,21471,"Fast Foods, Fried Chicken, Thigh, meat and skin and breading",Fast Foods,0,0,0,0,0
170360,21472,"Fast Foods, Fried Chicken, Wing, meat and skin and breading",Fast Foods,0,0,0,0,0
170365,21482,"Fast Food, Pizza Chain, 14"" pizza, sausage topping, thick crust",Fast Foods,0,91,0,22,1878
170366,21483,"Fast Food, Pizza Chain, 14"" pizza, sausage topping, thin crust",Fast Foods,0,140,0,22,1836
170367,21484,"Fast Food, Pizza Chain, 14"" pizza, sausage topping, regular crust",Fast Foods,0,91,0,23,1884
170368,21490,"Fast Foods, grilled chicken filet sandwich, with lettuce, tomato and spread",Fast Foods,14,81,0,50,347
170373,21505,"Pizza, cheese topping, thin crust, frozen, cooked",Fast Foods,0,97,0,30,2013
170375,11086,"Beet greens, raw",Vegetables and Vegetable Products,3,3794,0,1503,0
170376,11087,"Beet greens, cooked, boiled, drained, without salt",Vegetables and Vegetable Products,4,4590,0,1819,0
170379,11090,"Broccoli, raw",Vegetables and Vegetable Products,25,361,1,1403,0
170380,11095,"Broccoli, frozen, spears, cooked, boiled, drained, without salt",Vegetables and Vegetable Products,19,597,1,1095,0
170381,11096,"Broccoli raab, raw",Vegetables and Vegetable Products,0,1573,0,1121,0
170382,11097,"Broccoli raab, cooked",Vegetables and Vegetable Products,0,2720,0,1683,0
170383,11098,"Brussels sprouts, raw",Vegetables and Vegetable Products,6,450,0,1590,0
170384,11105,"Burdock root, cooked, boiled, drained, without salt",Vegetables and Vegetable Products,0,0,0,0,0
170388,11114,"Cabbage, savoy, raw",Vegetables and Vegetable Products,0,600,0,77,0
170390,11116,"Cabbage, chinese (pak-choi), raw",Vegetables and Vegetable Products,1,2681,0,40,0
170391,11117,"Cabbage, chinese (pak-choi), cooked, boiled, drained, without salt",Vegetables and Vegetable Products,1,2549,0,38,0
170392,11118,"Cabbage, kimchi",Vegetables and Vegetable Products,1,55,0,49,0
170393,11124,"Carrots, raw",Vegetables and Vegetable Products,3477,8285,0,256,1
170394,11125,"Carrots, cooked, boiled, drained, without salt",Vegetables and Vegetable Products,3776,8332,0,687,0
170395,11126,"Carrots, canned, regular pack, solids and liquids",Vegetables and Vegetable Products,2692,5940,144,490,0
170396,11128,"Carrots, canned, regular pack, drained solids",Vegetables and Vegetable Products,2743,5331,0,0,0
170397,11136,"Cauliflower, cooked, boiled, drained, without salt",Vegetables and Vegetable Products,0,7,0,29,0
170398,11137,"Cauliflower, frozen, unprepared",Vegetables and Vegetable Products,0,7,0,31,0
170399,11138,"Cauliflower, frozen, cooked, boiled, drained, without salt",Vegetables and Vegetable Products,0,6,0,24,0
170400,11141,"Celeriac, raw",Vegetables and Vegetable Products,0,0,0,1,0
170401,11148,"Chard, swiss, cooked, boiled, drained, without salt",Vegetables and Vegetable Products,45,3652,0,11015,0
170402,11149,"Chayote, fruit, raw",Vegetables and Vegetable Products,0,0,0,0,0
170403,11150,"Chayote, fruit, cooked, boiled, drained, without salt",Vegetables and Vegetable Products,0,0,0,0,0
170405,11158,"Chrysanthemum, garland, cooked, boiled, drained, without salt",Vegetables and Vegetable Products,0,1543,0,3467,0
170406,11161,"Collards, raw",Vegetables and Vegetable Products,14,2991,28,4323,0
170407,11162,"Collards, cooked, boiled, drained, without salt",Vegetables and Vegetable Products,68,4513,26,6197,0
170408,11163,"Collards, frozen, chopped, unprepared",Vegetables and Vegetable Products,,5510,,,
170409,11170,"Corn, sweet, yellow, canned, brine pack, regular pack, solids and liquids",Vegetables and Vegetable Products,10,9,14,650,0
170411,11288,"Onions, frozen, chopped, cooked, boiled, drained, without salt",Vegetables and Vegetable Products,0,1,0,3,0
170412,11289,"Onions, frozen, whole, unprepared",Vegetables and Vegetable Products,0,1,0,4,0
170413,11290,"Onions, frozen, whole, cooked, boiled, drained, without salt",Vegetables and Vegetable Products,0,1,0,3,0
170415,11296,"Onion rings, breaded, par fried, frozen, prepared, heated in oven",Vegetables and Vegetable Products,0,0,0,0,0
170416,11297,"Parsley, fresh",Vegetables and Vegetable Products,0,5054,0,5561,0
170417,11298,"Parsnips, raw",Vegetables and Vegetable Products,0,0,0,0,0
170418,11303,"Peas, edible-podded, frozen, cooked, boiled, drained, without salt",Vegetables and Vegetable Products,53,760,0,893,0
170419,11304,"Peas, green, raw",Vegetables and Vegetable Products,21,449,0,2477,0
170420,11305,"Peas, green, cooked, boiled, drained, without salt",Vegetables and Vegetable Products,22,470,0,2593,0
170421,11306,"Peas, green, canned, regular pack, solids and liquids",Vegetables and Vegetable Products,15,910,0,1747,0
170426,11329,"Peppers, hot chili, green, canned, pods, excluding seeds, solids and liquids",Vegetables and Vegetable Products,14,410,30,444,0
170427,11333,"Peppers, sweet, green, raw",Vegetables and Vegetable Products,21,208,7,341,0
170428,11334,"Peppers, sweet, green, cooked, boiled, drained, without salt",Vegetables and Vegetable Products,26,264,8,431,0
170430,11345,"Pigeonpeas, immature seeds, cooked, boiled, drained, without salt",Vegetables and Vegetable Products,0,30,0,141,0
170431,11349,Poi,Vegetables and Vegetable Products,0,31,17,0,0
170433,11351,"Pokeberry shoots, (poke), cooked, boiled, drained, without salt",Vegetables and Vegetable Products,0,5220,0,1747,0
170434,11357,"Potatoes, white, flesh and skin, baked",Vegetables and Vegetable Products,0,6,0,30,0
170435,11358,"Potatoes, red, flesh and skin, baked",Vegetables and Vegetable Products,0,6,0,27,0
170436,11359,"Potatoes, french fried, crinkle or regular cut, salt added in processing, frozen, as purchased",Vegetables and Vegetable Products,0,2,0,13,0
170437,11360,"Potatoes, french fried, crinkle or regular cut, salt added in processing, frozen, oven-heated",Vegetables and Vegetable Products,0,3,0,15,0
170438,11365,"Potatoes, boiled, cooked in skin, flesh, without salt",Vegetables and Vegetable Products,0,2,0,10,0
170440,11367,"Potatoes, boiled, cooked without skin, flesh, without salt",Vegetables and Vegetable Products,0,1,0,9,0
170445,11378,"Potatoes, mashed, dehydrated, flakes without milk, dry form",Vegetables and Vegetable Products,0,6,0,37,0
170446,11379,"Potatoes, mashed, dehydrated, prepared from flakes without milk, whole milk and butter added",Vegetables and Vegetable Products,0,11,0,4,0
170447,11384,"Potatoes, au gratin, dry mix, unprepared",Vegetables and Vegetable Products,,60,,,
170451,11394,"Potatoes, french fried, shoestring, salt added in processing, frozen, as purchased",Vegetables and Vegetable Products,0,2,0,14,0
170452,11395,"Potatoes, french fried, shoestring, salt added in processing, frozen, oven-heated",Vegetables and Vegetable Products,0,3,0,17,0
170456,11527,"Tomatoes, green, raw",Vegetables and Vegetable Products,78,346,0,0,0
170457,11529,"Tomatoes, red, ripe, raw, year round average",Vegetables and Vegetable Products,101,449,0,123,2573
170458,11540,"Tomato juice, canned, with salt added",Vegetables and Vegetable Products,0,270,0,60,9037
170459,11546,"Tomato products, canned, paste, without salt added (Includes foods for USDA's Food Distribution Program)",Vegetables and Vegetable Products,29,901,0,0,28764
170460,11547,"Tomato products, canned, puree, without salt added",Vegetables and Vegetable Products,0,306,0,0,21754
170461,11548,Tomato powder,Vegetables and Vegetable Products,0,10348,0,1370,46260
170462,11557,"Tomato products, canned, sauce, with onions, green peppers, and celery",Vegetables and Vegetable Products,0,483,6,30,18454
170465,11564,"Turnips, raw",Vegetables and Vegetable Products,0,0,0,0,0
170466,11569,"Turnip greens, cooked, boiled, drained, without salt",Vegetables and Vegetable Products,0,4575,0,8440,0
170469,11575,"Turnip greens, frozen, cooked, boiled, drained, without salt",Vegetables and Vegetable Products,0,6459,0,11915,0
170472,11584,"Vegetables, mixed, frozen, cooked, boiled, drained, without salt",Vegetables and Vegetable Products,968,2082,0,637,0
170473,11585,"Vegetable juice cocktail, low sodium, canned",Vegetables and Vegetable Products,93,377,0,278,7119
170475,11594,"Waxgourd, (chinese preserving melon), cooked, boiled, drained, without salt",Vegetables and Vegetable Products,0,0,0,197,0
170480,11609,"Beets, pickled, canned, solids and liquids",Vegetables and Vegetable Products,0,29,0,0,0
170487,11641,"Squash, summer, all varieties, raw",Vegetables and Vegetable Products,0,120,0,2125,0
170488,11642,"Squash, summer, all varieties, cooked, boiled, drained, without salt",Vegetables and Vegetable Products,0,127,0,2249,0
170489,11643,"Squash, winter, all varieties, raw",Vegetables and Vegetable Products,0,820,0,38,0
170490,11644,"Squash, winter, all varieties, cooked, baked, without salt",Vegetables and Vegetable Products,682,2793,0,1415,0
170491,11655,"Carrot juice, canned",Vegetables and Vegetable Products,4342,9303,0,333,2
170492,11656,"Corn pudding, home prepared",Vegetables and Vegetable Products,10,36,70,436,0
170493,11657,"Potatoes, mashed, home-prepared, whole milk added",Vegetables and Vegetable Products,0,2,0,8,0
170494,11658,Spinach souffle,Vegetables and Vegetable Products,3,1493,2,3249,0
170495,11667,"Seaweed, spirulina, dried",Vegetables and Vegetable Products,0,342,0,0,0
170496,11669,"Seaweed, wakame, raw",Vegetables and Vegetable Products,0,216,0,0,0
170497,11670,"Peppers, hot chili, green, raw",Vegetables and Vegetable Products,23,671,50,725,0
170499,11677,"Shallots, raw",Vegetables and Vegetable Products,0,3,0,8,0
170500,11683,"Carrot, dehydrated",Vegetables and Vegetable Products,14251,33954,0,1051,3
170501,11693,"Tomatoes, crushed, canned",Vegetables and Vegetable Products,0,129,0,158,5106
170503,11799,"Mustard greens, cooked, boiled, drained, with salt",Vegetables and Vegetable Products,9,6300,35,9900,0
170504,11800,"Mustard greens, frozen, cooked, boiled, drained, with salt",Vegetables and Vegetable Products,0,4246,0,6672,0
170507,11807,"Onions, frozen, whole, cooked, boiled, drained, with salt",Vegetables and Vegetable Products,0,1,0,3,0
170508,11808,"Parsnips, cooked, boiled, drained, with salt",Vegetables and Vegetable Products,0,0,0,0,0
170509,11809,"Peas, edible-podded, cooked, boiled, drained, with salt",Vegetables and Vegetable Products,42,597,0,702,0
170510,11810,"Peas, edible-podded, frozen, cooked, boiled, drained, with salt",Vegetables and Vegetable Products,53,760,0,893,0
170512,11816,"Peas and carrots, canned, no salt added, solids and liquids",Vegetables and Vegetable Products,1353,3400,72,1070,0
170513,11817,"Peas and carrots, frozen, cooked, boiled, drained, with salt",Vegetables and Vegetable Products,1868,4725,99,1538,0
170514,11818,"Peas and onions, frozen, cooked, boiled, drained, with salt",Vegetables and Vegetable Products,10,626,0,1202,0
170515,11824,"Peppers, sweet, red, cooked, boiled, drained, with salt",Vegetables and Vegetable Products,18,1525,460,47,0
170517,11826,"Pigeonpeas, immature seeds, cooked, boiled, drained, with salt",Vegetables and Vegetable Products,0,30,0,141,0
170518,11827,"Pokeberry shoots, (poke), cooked, boiled, drained, with salt",Vegetables and Vegetable Products,0,5220,0,1747,0
170520,11833,"Potatoes, boiled, cooked without skin, flesh, with salt",Vegetables and Vegetable Products,0,1,0,9,0
170524,11843,"Potatoes, au gratin, home-prepared from recipe using margarine",Vegetables and Vegetable Products,,48,,,
170525,11844,"Potatoes, scalloped, home-prepared with margarine",Vegetables and Vegetable Products,,30,,,
170526,11845,"Pumpkin, cooked, boiled, drained, with salt",Vegetables and Vegetable Products,2715,2096,0,1014,0
170527,11846,"Pumpkin, canned, with salt",Vegetables and Vegetable Products,4795,6940,0,0,0
170528,11851,"Rutabagas, cooked, boiled, drained, with salt",Vegetables and Vegetable Products,0,1,0,13,10
170529,11852,"Salsify, cooked, boiled, drained, with salt",Vegetables and Vegetable Products,0,0,0,0,0
170531,11854,"Spinach, cooked, boiled, drained, with salt",Vegetables and Vegetable Products,0,6288,0,11308,0
170532,11859,"Squash, summer, crookneck and straightneck, frozen, cooked, boiled, drained, with salt",Vegetables and Vegetable Products,0,120,0,388,0
170533,11860,"Squash, summer, scallop, cooked, boiled, drained, with salt",Vegetables and Vegetable Products,0,51,0,250,0
170534,11861,"Squash, summer, zucchini, includes skin, cooked, boiled, drained, with salt",Vegetables and Vegetable Products,0,670,0,1150,0
170535,11862,"Squash, summer, zucchini, includes skin, frozen, cooked, boiled, drained, with salt",Vegetables and Vegetable Products,0,106,0,1877,0
170537,11868,"Squash, winter, hubbard, baked, with salt",Vegetables and Vegetable Products,885,3580,0,0,0
170538,11869,"Squash, winter, hubbard, cooked, boiled, mashed, with salt",Vegetables and Vegetable Products,529,2139,0,0,0
170539,11870,"Squash, winter, spaghetti, cooked, boiled, drained, or baked, with salt",Vegetables and Vegetable Products,15,59,0,0,0
170541,11876,"Sweet potato, cooked, boiled, without skin, with salt",Vegetables and Vegetable Products,0,9444,0,0,0
170543,11878,"Taro, cooked, with salt",Vegetables and Vegetable Products,0,39,22,0,0
170545,11886,"Tomato juice, canned, without salt added",Vegetables and Vegetable Products,0,270,0,60,9037
170546,11888,"Tomato products, canned, puree, with salt added",Vegetables and Vegetable Products,0,306,0,0,21754
170547,11889,"Turnips, cooked, boiled, drained, with salt",Vegetables and Vegetable Products,0,0,0,0,0
170548,11890,"Turnips, frozen, cooked, boiled, drained, with salt",Vegetables and Vegetable Products,0,0,0,0,0
170549,11895,"Waxgourd, (chinese preserving melon), cooked, boiled, drained, with salt",Vegetables and Vegetable Products,0,0,0,197,0
170551,11897,"Yam, cooked, boiled, drained, or baked, with salt",Vegetables and Vegetable Products,0,73,0,0,0
170556,12014,"Seeds, pumpkin and squash seed kernels, dried",Nut and Seed Products,1,9,1,74,0
170557,12016,"Seeds, pumpkin and squash seed kernels, roasted, without salt",Nut and Seed Products,1,5,0,30,0
170562,12036,"Seeds, sunflower seed kernels, dried",Nut and Seed Products,0,30,0,0,0
170563,12037,"Seeds, sunflower seed kernels, dry roasted, without salt",Nut and Seed Products,0,5,0,0,0
170564,12038,"Seeds, sunflower seed kernels, oil roasted, without salt",Nut and Seed Products,0,5,0,0,0
170567,12061,"Nuts, almonds",Nut and Seed Products,0,1,0,1,0
170568,12062,"Nuts, almonds, blanched",Nut and Seed Products,0,4,0,1,0
170569,12078,"Nuts, brazilnuts, dried, unblanched",Nut and Seed Products,0,0,0,0,0
170571,12085,"Nuts, cashew nuts, dry roasted, without salt added",Nut and Seed Products,0,0,0,23,0
170572,12086,"Nuts, cashew nuts, oil roasted, without salt added",Nut and Seed Products,0,0,0,23,0
170577,12109,"Nuts, coconut meat, dried (desiccated), sweetened, flaked, packaged",Nut and Seed Products,0,0,0,0,0
170581,12120,"Nuts, hazelnuts or filberts",Nut and Seed Products,3,11,0,92,0
170582,12121,"Nuts, hazelnuts or filberts, blanched",Nut and Seed Products,2,23,,,
170583,12122,"Nuts, hazelnuts or filberts, dry roasted, without salt added",Nut and Seed Products,1,36,,,
170585,12135,"Nuts, mixed nuts, dry roasted, with peanuts, without salt added",Nut and Seed Products,0,2,0,19,0
170586,12136,"Nuts, mixed nuts, dry roasted, with peanuts, salt added, PLANTERS pistachio blend",Nut and Seed Products,0,54,0,233,0
170587,12137,"Nuts, mixed nuts, oil roasted, with peanuts, without salt added",Nut and Seed Products,0,2,0,8,0
170589,12144,"Nuts, pecans, oil roasted, without salt added",Nut and Seed Products,0,62,,,
170591,12147,"Nuts, pine nuts, dried",Nut and Seed Products,0,17,0,9,0
170594,12157,"Nuts, walnuts, dry roasted, with salt added",Nut and Seed Products,0,11,0,8,0
170598,13340,"Beef, variety meats and by-products, tongue, cooked, simmered",Beef Products,0,0,0,0,0
170599,13341,"Beef, variety meats and by-products, tripe, raw",Beef Products,0,0,0,0,0
170600,13342,"Beef, sandwich steaks, flaked, chopped, formed and thinly sliced, raw",Beef Products,0,0,0,0,0
170601,13343,"Beef, brisket, flat half, separable lean only, trimmed to 0"" fat, choice, cooked, braised",Beef Products,0,0,0,0,0
170602,13348,"Beef, cured, corned beef, canned",Sausages and Luncheon Meats,0,0,0,0,0
170603,13349,"Beef, chuck, under blade pot roast or steak, boneless, separable lean only, trimmed to 0"" fat, select, raw",Beef Products,0,0,0,0,0
170604,13350,"Beef, cured, dried",Sausages and Luncheon Meats,0,0,0,0,0
170605,13351,"Beef, chuck, under blade center steak, boneless, Denver Cut, separable lean only, trimmed to 0"" fat, all grades, cooked, grilled",Beef Products,0,0,0,0,0
170608,13359,"Beef, chuck, under blade center steak, boneless, Denver Cut, separable lean only, trimmed to 0"" fat, choice, raw",Beef Products,0,0,0,0,0
170609,13361,"Beef, composite of trimmed retail cuts, separable lean and fat, trimmed to 0"" fat, all grades, cooked",Beef Products,0,0,0,0,0
170610,13366,"Beef, composite of trimmed retail cuts, separable lean only, trimmed to 0"" fat, select, cooked",Beef Products,0,0,0,0,0
170611,13367,"Beef, brisket, whole, separable lean and fat, trimmed to 0"" fat, all grades, cooked, braised",Beef Products,0,0,0,0,0
170612,13368,"Beef, brisket, whole, separable lean only, trimmed to 0"" fat, all grades, cooked, braised",Beef Products,0,0,0,0,0
170613,13369,"Beef, brisket, flat half, separable lean and fat, trimmed to 0"" fat, all grades, cooked, braised",Beef Products,0,0,0,0,0
170614,13375,"Beef, chuck, arm pot roast, separable lean and fat, trimmed to 0"" fat, select, cooked, braised",Beef Products,0,0,0,0,0
170615,13377,"Beef, chuck, arm pot roast, separable lean only, trimmed to 0"" fat, choice, cooked, braised",Beef Products,0,0,0,0,0
170616,13378,"Beef, chuck, arm pot roast, separable lean only, trimmed to 0"" fat, select, cooked, braised",Beef Products,0,0,0,0,0
170617,13379,"Beef, chuck, blade roast, separable lean and fat, trimmed to 0"" fat, all grades, cooked, braised",Beef Products,0,0,0,0,0
170618,13380,"Beef, chuck, under blade pot roast, boneless, separable lean and fat, trimmed to 0"" fat, choice, cooked, braised",Beef Products,0,0,0,0,0
170621,13388,"Beef, rib, large end (ribs 6-9), separable lean only, trimmed to 0"" fat, all grades, cooked, roasted",Beef Products,0,0,0,0,0
170623,13394,"Beef, rib, small end (ribs 10-12), separable lean only, trimmed to 0"" fat, all grades, cooked, broiled",Beef Products,0,0,0,0,0
170626,13398,"Beef, round, bottom round, steak, separable lean and fat, trimmed to 0"" fat, all grades, cooked, braised",Beef Products,0,0,0,0,0
170627,13405,"Beef, round, bottom round, roast, separable lean and fat, trimmed to 0"" fat, select, cooked, roasted",Beef Products,0,0,0,0,0
170628,13407,"Beef, round, bottom round, steak, separable lean only, trimmed to 0"" fat, all grades, cooked, braised",Beef Products,0,0,0,0,0
170629,13408,"Beef, round, bottom round, roast, separable lean only, trimmed to 0"" fat, all grades, cooked, roasted",Beef Products,0,0,0,0,0
170630,13410,"Beef, round, bottom round, steak, separable lean only, trimmed to 0"" fat, choice, cooked, braised",Beef Products,0,0,0,0,0
170631,13411,"Beef, round, bottom round, roast, separable lean only, trimmed to 0"" fat, choice, cooked, roasted",Beef Products,0,0,0,0,0
170632,13417,"Beef, round, eye of round roast, boneless, separable lean and fat, trimmed to 0"" fat, select, cooked, roasted",Beef Products,0,0,0,0,0
170633,13418,"Beef, round, eye of round roast, boneless, separable lean only, trimmed to 0"" fat, all grades, cooked, roasted",Beef Products,0,0,0,0,0
170634,13419,"Beef, round, eye of round roast, boneless, separable lean only, trimmed to 0"" fat, choice, cooked, roasted",Beef Products,0,0,0,0,0
170635,13420,"Beef, round, eye of round roast, boneless, separable lean only, trimmed to 0"" fat, select, cooked, roasted",Beef Products,0,0,0,0,0
170636,13425,"Beef, round, tip round, roast, separable lean only, trimmed to 0"" fat, choice, cooked, roasted",Beef Products,0,0,0,0,0
170637,13426,"Beef, round, tip round, roast, separable lean only, trimmed to 0"" fat, select, cooked, roasted",Beef Products,0,0,0,0,0
170638,13428,"Beef, round, top round, separable lean and fat, trimmed to 0"" fat, all grades, cooked, braised",Beef Products,0,0,0,0,0
170639,13430,"Beef, round, top round, separable lean and fat, trimmed to 0"" fat, choice, cooked, braised",Beef Products,0,0,0,0,0
170640,13441,"Beef, loin, tenderloin steak, boneless, separable lean and fat, trimmed to 0"" fat, select, cooked, grilled",Beef Products,0,0,0,0,0
170641,13442,"Beef, loin, tenderloin steak, boneless, separable lean only, trimmed to 0"" fat, all grades, cooked, grilled",Beef Products,0,0,0,0,0
170642,13443,"Beef, loin, tenderloin steak, boneless, separable lean only, trimmed to 0"" fat, choice, cooked, grilled",Beef Products,0,0,0,0,0
170643,13444,"Beef, loin, tenderloin steak, boneless, separable lean only, trimmed to 0"" fat, select, cooked, grilled",Beef Products,0,0,0,0,0
170645,19719,"Jams and preserves, apricot",Sweets,2,116,11,9,0
170649,19811,"Snacks, potato chips, plain, unsalted",Snacks,0,0,0,0,0
170656,19858,"Candies, sugar-coated almonds",Sweets,0,2,0,1,0
170657,19860,"Cocoa, dry powder, hi-fat or breakfast, processed with alkali",Sweets,0,0,0,33,0
170658,19866,"Candies, soft fruit and nut squares",Sweets,0,2,0,3,0
170659,19867,"Ice creams, vanilla, fat free",Sweets,0,23,0,0,0
170669,19896,"Candies, REESE's Fast Break, milk chocolate, peanut butter, soft nougats, candy bar",Sweets,0,0,0,0,0
170671,19898,"Ice creams, regular, low carbohydrate, vanilla",Sweets,0,19,0,0,0
170676,19914,"Candies, M&M MARS 3 MUSKETEERS Truffle Crisp",Sweets,0,0,0,5,0
170677,19916,"Syrups, chocolate, HERSHEY'S Sugar free, Genuine Chocolate Flavored, Lite Syrup",Sweets,0,0,0,6,0
170678,19917,"Candies, M&M MARS Pretzel Chocolate Candies",Sweets,0,3,0,4,0
170679,19918,"Sweetener, herbal extract powder from Stevia leaf",Sweets,0,0,0,0,0
170680,19923,"Candies, HERSHEYS, PAYDAY Bar",Sweets,0,0,0,0,0
170681,19924,"Syrup, NESTLE, chocolate",Sweets,0,0,0,3,0
170682,20001,"Amaranth grain, uncooked",Cereal Grains and Pasta,0,1,0,28,0
170686,20010,"Buckwheat groats, roasted, cooked",Cereal Grains and Pasta,0,0,0,60,0
170687,20011,"Buckwheat flour, whole-groat",Cereal Grains and Pasta,0,0,0,220,0
170688,20012,"Bulgur, dry",Cereal Grains and Pasta,0,5,0,220,0
170689,21082,"Fast foods, taco with beef, cheese and lettuce, hard shell",Fast Foods,0,46,0,120,1
170690,21089,"Fast foods, cheeseburger; single, regular patty; plain",Fast Foods,0,61,2,37,0
170691,21090,"Fast foods, cheeseburger; single, regular patty, with condiments",Fast Foods,1,55,2,22,1003
170692,21091,"Fast foods, cheeseburger; single, regular patty, with condiments and vegetables",Fast Foods,1,47,3,22,1170
170693,21107,"Fast foods, hamburger; single, regular patty; plain",Fast Foods,0,15,1,38,5
170694,21108,"Fast foods, hamburger; single, regular patty; with condiments",Fast Foods,0,34,0,27,1003
170695,21121,"Fast foods, roast beef sandwich, plain",Fast Foods,0,0,0,19,0
170696,21124,"Fast foods, submarine sandwich, cold cut on white bread with lettuce and tomato",Fast Foods,2,61,18,115,275
170697,21130,"Fast foods, onion rings, breaded and fried",Fast Foods,0,2,3,38,0
170698,21138,"Fast foods, potato, french fried in vegetable oil",Fast Foods,0,0,0,27,0
170699,21139,"Fast foods, potato, mashed",Fast Foods,0,30,0,7,0
170701,21146,"School Lunch, pizza, BIG DADDY'S LS 16"" 51% Whole Grain Rolled Edge Turkey Pepperoni Pizza, frozen",Fast Foods,,79,,,
170702,21147,"School Lunch, pizza, TONY'S SMARTPIZZA Whole Grain 4x6 Cheese Pizza 50/50 Cheese, frozen",Fast Foods,,83,,,
170703,21148,"School Lunch, pizza, TONY'S SMARTPIZZA Whole Grain 4x6 Pepperoni Pizza 50/50 Cheese, frozen",Fast Foods,,101,,,
170704,21149,"School Lunch, pizza, TONY'S Breakfast Pizza Sausage, frozen",Fast Foods,,56,,,
170705,21150,"SUBWAY, sweet onion chicken teriyaki sub on white bread with lettuce, tomato and sweet onion sauce",Fast Foods,0,33,0,87,208
170706,21155,"Fast foods, submarine sandwich, turkey breast on white bread with lettuce and tomato",Fast Foods,0,28,0,72,207
170707,21156,"Fast foods, submarine sandwich, ham on white bread with lettuce and tomato",Fast Foods,0,25,0,76,167
170708,21157,"SUBWAY, meatball marinara sub on white bread (no toppings)",Fast Foods,0,175,0,95,3152
170709,21158,"Fast foods, submarine sandwich, meatball marinara on white bread",Fast Foods,0,175,0,95,3152
170710,21202,"Fast foods, hamburger, large, single patty, with condiments",Fast Foods,1,26,2,21,668
170711,21207,"SUBWAY, turkey breast sub on white bread with lettuce and tomato",Fast Foods,0,28,0,72,207
170712,21209,"SUBWAY, black forest ham sub on white bread with lettuce and tomato",Fast Foods,0,25,0,76,167
170713,21210,"SUBWAY, roast beef sub on white bread with lettuce and tomato",Fast Foods,0,40,2,44,213
170714,21225,"Pizza, cheese topping, rising crust, frozen, cooked",Fast Foods,0,93,0,24,1925
170715,21226,"Pizza, meat and vegetable topping, regular crust, frozen, cooked",Fast Foods,0,88,0,55,1815
170716,21227,"Pizza, meat and vegetable topping, rising crust, frozen, cooked",Fast Foods,0,92,0,58,1899
170718,21229,"Fast foods, chicken, breaded and fried, boneless pieces, plain",Fast Foods,0,0,0,2,0
170721,21238,"McDONALD'S, french fries",Fast Foods,0,0,0,27,0
170731,21256,"BURGER KING, Chicken Strips",Fast Foods,0,2,0,83,0
170732,21262,"TACO BELL, Soft Taco with chicken, cheese and lettuce",Fast Foods,0,15,0,,
170733,21263,"TACO BELL, Soft Taco with steak",Fast Foods,0,14,0,,
170734,21264,"TACO BELL, Bean Burrito",Fast Foods,0,40,0,,
170735,21265,"TACO BELL, BURRITO SUPREME with beef",Fast Foods,2,63,22,77,160
170736,21270,"TACO BELL, Taco Salad",Fast Foods,0,37,0,,
170752,21461,"Fast foods, grilled chicken, bacon and tomato club sandwich, with cheese, lettuce, and mayonnaise",Fast Foods,9,169,0,73,240
170753,21462,"Fast foods, crispy chicken, bacon, and tomato club sandwich, with cheese, lettuce, and mayonnaise",Fast Foods,9,166,0,72,237
170754,21467,"Fast Foods, Fried Chicken, Wing, meat only, skin and breading removed",Fast Foods,0,0,0,0,0
170755,21468,"Fast Foods, Fried Chicken, Skin and breading from all pieces",Fast Foods,0,0,0,0,0
170756,21469,"Fast Foods, Fried Chicken, Breast, meat and skin and breading",Fast Foods,0,0,0,0,0
170757,21470,"Fast Foods, Fried Chicken, Drumstick, meat and skin with breading",Fast Foods,0,0,0,0,0
170762,21485,"Fast Food, Pizza Chain, 14"" pizza, pepperoni topping, thin crust",Fast Foods,0,94,0,24,1958
170763,21486,"Fast foods, taco with beef, cheese and lettuce, soft",Fast Foods,1,69,0,66,0
170764,21487,"Fast foods, taco with chicken, lettuce and cheese, soft",Fast Foods,1,83,0,77,0
170765,21488,"Fast foods, quesadilla, with chicken",Fast Foods,0,23,0,5,0
170771,21509,"BURGER KING, Onion Rings",Fast Foods,0,2,3,38,0
170772,21510,"WENDY'S, DAVE'S Hot 'N Juicy 1/4 LB, single",Fast Foods,0,64,2,41,208
170773,21511,"Fast Food, Pizza Chain, 14"" pizza, cheese topping, stuffed crust",Fast Foods,1,87,0,45,935
170774,21512,"PIZZA HUT 14"" Cheese Pizza, Stuffed Crust",Fast Foods,1,87,0,45,935
170775,21521,"Fast foods, strawberry banana smoothie made with ice and low-fat yogurt",Fast Foods,5,7,0,17,0
170777,21523,"McDONALD'S, RANCH SNACK WRAP, Crispy",Fast Foods,0,15,1,51,0
170779,21601,"School Lunch, pizza, cheese topping, thick crust, whole grain, frozen, cooked",Fast Foods,0,73,0,55,1829
170780,21602,"School Lunch, pizza, pepperoni topping, thin crust, whole grain, frozen, cooked",Fast Foods,0,106,0,24,1964
170781,21603,"School Lunch, pizza, pepperoni topping, thick crust, whole grain, frozen, cooked",Fast Foods,0,83,0,21,1839
170782,21604,"School Lunch, pizza, sausage topping, thin crust, whole grain, frozen, cooked",Fast Foods,0,116,0,24,1984
170783,23066,"Beef, chuck, short ribs, boneless, separable lean only, trimmed to 0"" fat, choice, raw",Beef Products,0,0,0,0,0
170785,21517,"Fast foods, crispy chicken in tortilla, with lettuce, cheese, and ranch sauce",Fast Foods,0,15,1,51,0
170786,21518,"Fast foods, grilled chicken in tortilla, with lettuce, cheese, and ranch sauce",Fast Foods,0,25,0,26,0
170787,21519,"Fast foods, breakfast burrito, with egg, cheese, and sausage",Fast Foods,3,149,5,204,78
170788,21520,"Fast foods, breadstick, soft, prepared with garlic and parmesan cheese",Fast Foods,0,7,0,10,0
170792,21600,"School Lunch, pizza, cheese topping, thin crust, whole grain, frozen, cooked",Fast Foods,0,87,0,31,2027
170793,21605,"School Lunch, pizza, sausage topping, thick crust, whole grain, frozen, cooked",Fast Foods,0,78,0,23,1944
170794,21610,"School Lunch, chicken patty, whole grain breaded",Fast Foods,0,1,0,0,0
170795,21611,"School Lunch, chicken nuggets, whole grain breaded",Fast Foods,0,0,0,0,0
170796,23068,"Beef, chuck, short ribs, boneless, separable lean only, trimmed to 0"" fat, all grades, raw",Beef Products,0,0,0,0,0
170797,23069,"Beef, chuck eye Country-Style ribs, boneless, separable lean only, trimmed to 0"" fat, choice, cooked, braised",Beef Products,0,0,0,0,0
170798,23070,"Beef, chuck eye Country-Style ribs, boneless, separable lean only, trimmed to 0"" fat, select, cooked, braised",Beef Products,0,0,0,0,0
170799,23071,"Beef, chuck eye Country-Style ribs, boneless, separable lean only, trimmed to 0"" fat, all grades, cooked, braised",Beef Products,0,0,0,0,0
170800,23072,"Beef, chuck eye Country-Style ribs, boneless, separable lean only, trimmed to 0"" fat, choice, raw",Beef Products,0,0,0,0,0
170801,23077,"Beef, chuck eye steak, boneless, separable lean only, trimmed to 0"" fat, all grades, cooked, grilled",Beef Products,0,0,0,0,0
170802,23078,"Beef, chuck eye steak, boneless, separable lean only, trimmed to 0"" fat, choice, raw",Beef Products,0,0,0,0,0
170803,23079,"Beef, chuck eye steak, boneless, separable lean only, trimmed to 0"" fat, select, raw",Beef Products,0,0,0,0,0
170804,23080,"Beef, chuck eye steak, boneless, separable lean only, trimmed to 0"" fat, all grades, raw",Beef Products,0,0,0,0,0
170805,23085,"Beef, chuck, mock tender steak, boneless, separable lean only, trimmed to 0"" fat, select, cooked, braised",Beef Products,0,0,0,0,0
170806,23086,"Beef, chuck, mock tender steak, boneless, separable lean only, trimmed to 0"" fat, all grades, cooked, braised",Beef Products,0,0,0,0,0
170807,23087,"Beef, chuck, mock tender steak, boneless, separable lean only, trimmed to 0"" fat, choice, raw",Beef Products,0,0,0,0,0
170808,23088,"Beef, chuck, mock tender steak, boneless, separable lean only, trimmed to 0"" fat, select, raw",Beef Products,0,0,0,0,0
170809,23094,"Beef, chuck for stew, separable lean and fat, select, raw",Beef Products,0,0,0,0,0
170810,23095,"Beef, chuck for stew, separable lean and fat, choice, raw",Beef Products,0,0,0,0,0
170811,23096,"Beef, chuck, under blade steak, boneless, separable lean only, trimmed to 0"" fat, choice, cooked, braised",Beef Products,0,0,0,0,0
170812,23097,"Beef, chuck, under blade steak, boneless, separable lean only, trimmed to 0"" fat, select, cooked, braised",Beef Products,0,0,0,0,0
170813,23102,"Beef, chuck, under blade pot roast or steak, boneless, separable lean and fat, trimmed to 0"" fat, all grades, raw",Beef Products,0,0,0,0,0
170814,23103,"Beef, chuck, under blade pot roast or steak, boneless, separable lean and fat, trimmed to 0"" fat, choice, raw",Beef Products,0,0,0,0,0
170815,23104,"Beef, chuck, under blade pot roast or steak, boneless, separable lean and fat, trimmed to 0"" fat, select, raw",Beef Products,0,0,0,0,0
170816,23105,"Beef, chuck, under blade center steak, boneless, Denver Cut, separable lean and fat, trimmed to 0"" fat, all grades, cooked, grilled",Beef Products,0,0,0,0,0
170817,23110,"Beef, chuck, under blade center steak, boneless, Denver Cut, separable lean and fat, trimmed to 0"" fat, select, raw",Beef Products,0,0,0,0,0
170818,23111,"Beef, shoulder pot roast or steak, boneless, separable lean and fat, trimmed to 0"" fat, choice, raw",Beef Products,0,0,0,0,0
170819,23112,"Beef, shoulder pot roast or steak, boneless, separable lean and fat, trimmed to 0"" fat, select, raw",Beef Products,0,0,0,0,0
170820,23113,"Beef, chuck eye roast, boneless, America's Beef Roast, separable lean and fat, trimmed to 0"" fat, all grades, cooked, roasted",Beef Products,0,0,0,0,0
170821,23119,"Beef, chuck, mock tender steak, boneless, separable lean and fat, trimmed to 0"" fat, all grades, cooked, braised",Beef Products,0,0,0,0,0
170822,23120,"Beef, chuck, mock tender steak, boneless, separable lean and fat, trimmed to 0"" fat, choice, cooked, braised",Beef Products,0,0,0,0,0
170823,23121,"Beef, chuck, mock tender steak, boneless, separable lean and fat, trimmed to 0"" fat, select, cooked, braised",Beef Products,0,0,0,0,0
170824,23122,"Beef, chuck, mock tender steak, boneless, separable lean and fat, trimmed to 0"" fat, all grades, raw",Beef Products,0,0,0,0,0
170825,23127,"Beef, chuck, short ribs, boneless, separable lean and fat, trimmed to 0"" fat, select, cooked, braised",Beef Products,0,0,0,0,0
170826,23128,"Beef, chuck, short ribs, boneless, separable lean and fat, trimmed to 0"" fat, all grades, raw",Beef Products,0,0,0,0,0
170827,23129,"Beef, chuck, short ribs, boneless, separable lean and fat, trimmed to 0"" fat, choice, raw",Beef Products,0,0,0,0,0
170828,23130,"Beef, chuck, short ribs, boneless, separable lean and fat, trimmed to 0"" fat, select, raw",Beef Products,0,0,0,0,0
170829,23135,"Beef, chuck eye Country-Style ribs, boneless, separable lean and fat, trimmed to 0"" fat, choice, cooked, braised",Beef Products,0,0,0,0,0
170830,23136,"Beef, chuck eye Country-Style ribs, boneless, separable lean and fat, trimmed to 0"" fat, select, cooked, braised",Beef Products,0,0,0,0,0
170831,23137,"Beef, chuck eye Country-Style ribs, boneless, separable lean and fat, trimmed to 0"" fat, all grades, raw",Beef Products,0,0,0,0,0
170832,23138,"Beef, chuck eye Country-Style ribs, boneless, separable lean and fat, trimmed to 0"" fat, choice, raw",Beef Products,0,0,0,0,0
170833,23139,"Beef, chuck eye Country-Style ribs, boneless, separable lean and fat, trimmed to 0"" fat, select, raw",Beef Products,0,0,0,0,0
170834,23144,"Beef, chuck eye steak, boneless, separable lean and fat, trimmed to 0"" fat, choice, raw",Beef Products,0,0,0,0,0
170835,23145,"Beef, chuck eye steak, boneless, separable lean and fat, trimmed to 0"" fat, select, raw",Beef Products,0,0,0,0,0
170836,23146,"Beef, rib eye roast, bone-in, lip-on, separable lean only, trimmed to 1/8"" fat, all grades, cooked, roasted",Beef Products,0,0,0,0,0
170837,23147,"Beef, rib eye roast, bone-in, lip-on, separable lean only, trimmed to 1/8"" fat, select, cooked, roasted",Beef Products,0,0,0,0,0
170838,23152,"Beef, rib eye steak/roast, bone-in, lip-on, separable lean only, trimmed to 1/8"" fat, select, raw",Beef Products,0,0,0,0,0
170839,23153,"Beef, rib eye steak/roast, boneless, lip-on, separable lean only, trimmed to 1/8"" fat, all grades, raw",Beef Products,0,0,0,0,0
170840,23154,"Beef, rib eye steak/roast, boneless, lip-on, separable lean only, trimmed to 1/8"" fat, choice, raw",Beef Products,0,0,0,0,0
170841,23155,"Beef, rib eye steak/roast, boneless, lip-on, separable lean only, trimmed to 1/8"" fat, select, raw",Beef Products,0,0,0,0,0
170842,23160,"Beef, rib eye roast, boneless, lip-on, separable lean only, trimmed to 1/8"" fat, choice, cooked, roasted",Beef Products,0,0,0,0,0
170843,1020,"Cheese, fontina",Dairy and Egg Products,0,32,0,0,0
170844,1025,"Cheese, monterey",Dairy and Egg Products,0,78,0,0,0
170845,1026,"Cheese, mozzarella, whole milk",Dairy and Egg Products,0,57,0,0,0
170846,1027,"Cheese, mozzarella, whole milk, low moisture",Dairy and Egg Products,0,63,0,0,0
170847,1028,"Cheese, mozzarella, part skim milk",Dairy and Egg Products,0,41,0,0,0
170848,1033,"Cheese, parmesan, hard",Dairy and Egg Products,0,66,0,0,0
170849,1034,"Cheese, port de salut",Dairy and Egg Products,0,29,0,0,0
170850,1035,"Cheese, provolone",Dairy and Egg Products,0,68,0,0,0
170851,1036,"Cheese, ricotta, whole milk",Dairy and Egg Products,0,33,0,0,0
170853,1042,"Cheese, pasteurized process, American, fortified with vitamin D",Dairy and Egg Products,0,49,7,21,0
170854,1043,"Cheese, pasteurized process, pimento",Dairy and Egg Products,12,150,0,18,0
170855,1044,"Cheese, pasteurized process, swiss",Dairy and Egg Products,0,63,0,0,0
170857,1050,"Cream, fluid, light (coffee cream or table cream)",Dairy and Egg Products,0,37,0,0,0
170858,1052,"Cream, fluid, light whipping",Dairy and Egg Products,0,60,0,0,0
170859,1053,"Cream, fluid, heavy whipping",Dairy and Egg Products,0,72,0,0,0
170860,1054,"Cream, whipped, cream topping, pressurized",Dairy and Egg Products,0,43,0,0,0
170862,1060,"Milk, filled, fluid, with lauric acid oil",Dairy and Egg Products,0,0,0,0,0
170863,1061,"Cheese, American, nonfat or fat free",Dairy and Egg Products,0,3,0,0,0
170864,1064,"Yogurt, Greek, 2% fat, apricot, CHOBANI",Dairy and Egg Products,,51,,,
170865,1070,"Dessert topping, powdered",Dairy and Egg Products,0,0,0,0,0
170866,1071,"Dessert topping, powdered, 1.5 ounce prepared with 1/2 cup milk",Dairy and Egg Products,0,5,0,0,0
170867,1072,"Dessert topping, pressurized",Dairy and Egg Products,0,47,0,0,0
170868,1073,"Dessert topping, semi solid, frozen",Dairy and Egg Products,0,86,0,0,0
170869,1074,"Sour cream, imitation, cultured",Dairy and Egg Products,0,0,0,0,0
170871,1081,"Milk, reduced fat, fluid, 2% milkfat, protein fortified, with added vitamin A and vitamin D",Dairy and Egg Products,0,3,0,0,0
170872,1082,"Milk, lowfat, fluid, 1% milkfat, with added vitamin A and vitamin D",Dairy and Egg Products,0,2,0,0,0
170874,1088,"Milk, buttermilk, fluid, cultured, lowfat",Dairy and Egg Products,0,1,0,0,0
170875,1089,"Milk, low sodium, fluid",Dairy and Egg Products,0,7,0,0,0
170876,1090,"Milk, dry, whole, with added vitamin D",Dairy and Egg Products,0,55,0,0,0
170877,1091,"Milk, dry, nonfat, regular, without added vitamin A and vitamin D",Dairy and Egg Products,0,1,0,0,0
170878,1097,"Milk, canned, evaporated, nonfat, with added vitamin A and vitamin D",Dairy and Egg Products,0,0,0,0,0
170879,1102,"Milk, chocolate, fluid, commercial, whole, with added vitamin A and vitamin D",Dairy and Egg Products,0,7,0,0,0
170880,1103,"Milk, chocolate, fluid, commercial, reduced fat, with added vitamin A and vitamin D",Dairy and Egg Products,0,11,0,0,0
170881,1104,"Milk, chocolate, lowfat, with added vitamin A and vitamin D",Dairy and Egg Products,0,2,0,0,0
170883,1110,"Milk shakes, thick chocolate",Dairy and Egg Products,0,4,0,0,0
170884,1111,"Milk shakes, thick vanilla",Dairy and Egg Products,0,5,0,0,0
170885,1112,"Whey, acid, fluid",Dairy and Egg Products,0,0,0,0,0
170886,1117,"Yogurt, plain, low fat",Dairy and Egg Products,0,2,0,0,0
170887,1118,"Yogurt, plain, skim milk",Dairy and Egg Products,0,0,0,0,0
170888,1119,"Yogurt, vanilla, low fat.",Dairy and Egg Products,0,2,0,0,0
170889,1120,"Yogurt, fruit, low fat,9 g protein/8 oz",Dairy and Egg Products,0,2,0,0,0
170890,1244,"Milk dessert bar, frozen, made from lowfat milk",Dairy and Egg Products,0,135,0,1,0
170891,1249,"Yogurt, Greek, 2% fat,mixed berry blend, CHOBANI",Dairy and Egg Products,,0,,,
170892,1250,"Nutritional supplement for people with diabetes, liquid",Dairy and Egg Products,0,0,0,0,0
170893,1255,"Egg, whole, raw, frozen, salted, pasteurized",Dairy and Egg Products,0,0,9,417,0
170894,1256,"Yogurt, Greek, plain, nonfat (Includes foods for USDA's Food Distribution Program)",Dairy and Egg Products,0,0,0,0,0
170895,1258,"Egg, white, dried, stabilized, glucose reduced",Dairy and Egg Products,0,0,0,20,0
170896,1259,"Cheese spread, American or Cheddar cheese base, reduced fat",Dairy and Egg Products,0,27,1,11,0
170897,1266,"Cheese, Swiss, nonfat or fat free",Dairy and Egg Products,0,13,0,0,0
170898,1267,"Cheese, mexican, queso cotija",Dairy and Egg Products,0,73,0,0,0
170899,1270,"Cheese, cheddar, sharp, sliced",Dairy and Egg Products,0,85,0,0,0
170900,1271,"Cheese, mozzarella, low moisture, part-skim, shredded",Dairy and Egg Products,0,0,0,0,0
170901,1285,"Yogurt, Greek, strawberry, nonfat",Dairy and Egg Products,0,2,0,4,0
170902,1286,"Yogurt, Greek, vanilla, nonfat",Dairy and Egg Products,0,0,0,0,0
170903,1287,"Yogurt, Greek, plain, lowfat",Dairy and Egg Products,0,6,0,1,0
170904,1289,"Kefir, lowfat, plain, LIFEWAY",Dairy and Egg Products,0,0,0,0,0
170905,1294,"Yogurt, Greek, fruit, whole milk",Dairy and Egg Products,0,7,0,7,0
170906,1295,"Yogurt, vanilla, non-fat",Dairy and Egg Products,0,0,0,0,0
170907,1297,"Yogurt, Greek, vanilla, lowfat",Dairy and Egg Products,0,3,0,0,0
170908,1298,"Yogurt, frozen, flavors other than chocolate, lowfat",Dairy and Egg Products,0,6,0,0,0
170909,1304,"Yogurt, Greek, 2% fat, pineapple, CHOBANI",Dairy and Egg Products,,0,,,
170910,1305,"Milk, chocolate, lowfat, reduced sugar",Dairy and Egg Products,0,2,0,0,0
170911,1306,"Ice cream, lowfat, no sugar added, cone, added peanuts and chocolate sauce",Dairy and Egg Products,0,1,0,6,0
170912,1307,"Yogurt, Greek, 2% fat, strawberry banana, CHOBANI",Dairy and Egg Products,,0,,,
170913,1319,"Yogurt, Greek, nonfat, Fruit on Bottom, Pomegranate, CHOBANI",Dairy and Egg Products,0,37,0,,
170914,1320,"Yogurt, Greek, Blueberry, CHOBANI",Dairy and Egg Products,0,37,0,,
170915,1321,"Yogurt, Greek, nonfat, Fruit on Bottom, Strawberry, CHOBANI",Dairy and Egg Products,0,37,0,,
170916,1322,"Yogurt, Greek, nonfat, Fruit on Bottom, Blackberry, CHOBANI",Dairy and Egg Products,0,37,0,,
170918,2005,"Spices, caraway seed",Spices and Herbs,8,206,16,454,20
170920,2007,"Spices, celery seed",Spices and Herbs,0,31,0,0,0
170921,2012,"Spices, coriander leaf, dried",Spices and Herbs,31,3407,175,2428,0
170923,2014,"Spices, cumin seed",Spices and Herbs,0,762,0,448,0
170924,2015,"Spices, curry powder",Spices and Herbs,0,11,0,0,0
170926,2021,"Spices, ginger, ground",Spices and Herbs,0,18,0,0,0
170928,2023,"Spices, marjoram, dried",Spices and Herbs,0,4806,70,1895,0
170929,2024,"Spices, mustard seed, ground",Spices and Herbs,0,18,0,568,0
170930,2029,"Spices, parsley, dried",Spices and Herbs,17,1152,4,2428,0
170931,2030,"Spices, pepper, black",Spices and Herbs,12,310,25,454,20
170932,2031,"Spices, pepper, red or cayenne",Spices and Herbs,0,21840,6252,13157,0
170935,2038,"Spices, sage, ground",Spices and Herbs,0,3485,109,1895,0
170938,2042,"Spices, thyme, dried",Spices and Herbs,0,2264,33,1895,0
170939,3121,"Babyfood, vegetables, peas, strained",Baby Foods,11,124,0,1465,0
170940,3122,"Babyfood, peas, dices, toddler",Baby Foods,8,178,0,1805,0
170941,3127,"Babyfood, vegetables, spinach, creamed, strained",Baby Foods,0,2456,0,4505,0
170942,3128,"Babyfood, fruit, apricot with tapioca, junior",Baby Foods,7,411,39,12,0
170943,3133,"Babyfood, fruit, pears, junior",Baby Foods,0,10,1,38,0
170944,3134,"Babyfood, fruit, plums with tapioca, without ascorbic acid, strained",Baby Foods,0,78,14,30,0
170945,3135,"Babyfood, fruit, plums with tapioca, without ascorbic acid, junior",Baby Foods,0,52,10,29,0
170946,3136,"Babyfood, fruit, prunes with tapioca, without ascorbic acid, strained",Baby Foods,33,228,54,39,0
170947,3142,"Babyfood, fruit, applesauce and apricots, strained",Baby Foods,3,189,26,28,0
170948,3143,"Babyfood, fruit, applesauce and apricots, junior",Baby Foods,0,15,11,15,0
170949,3144,"Babyfood, fruit, applesauce and cherries, strained",Baby Foods,0,25,4,56,0
170950,3145,"Babyfood, fruit, applesauce and cherries, junior",Baby Foods,0,24,6,47,0
170951,3147,"Babyfood, fruit, applesauce with banana, junior",Baby Foods,0,3,2,8,0
170952,3154,"Babyfood, fruit and vegetable, apple and sweet potato",Baby Foods,0,1225,9,13,0
170953,3156,"Babyfood, fruit, bananas and pineapple with tapioca, junior",Baby Foods,1,23,0,2,0
170954,3157,"Babyfood, fruit, bananas and pineapple with tapioca, strained",Baby Foods,12,30,0,11,0
170955,3158,"Babyfood, fruit, pears and pineapple, strained",Baby Foods,0,17,1,15,0
170956,3163,"Babyfood, fruit, bananas with apples and pears, strained",Baby Foods,15,23,6,10,0
170957,3164,"Babyfood, fruit, apple and blueberry, strained",Baby Foods,0,10,5,24,0
170958,3165,"Babyfood, fruit, apple and blueberry, junior",Baby Foods,0,22,6,43,0
170959,3166,"Babyfood, juice, apple",Baby Foods,0,8,6,16,0
170960,3174,"Babyfood, juice, orange and apple and banana",Baby Foods,1,5,22,59,0
170964,3185,"Babyfood, cereal, mixed, dry fortified",Baby Foods,0,0,0,148,0
170965,3186,"Babyfood, cereal, mixed, with bananas, dry",Baby Foods,49,51,0,96,0
170966,3187,"Babyfood, cereal, mixed, with applesauce and bananas, strained",Baby Foods,0,0,0,10,0
170967,3188,"Babyfood, cereal, mixed, with applesauce and bananas, junior, fortified",Baby Foods,0,0,0,10,0
170969,3194,"Babyfood, cereal, rice, dry fortified",Baby Foods,0,0,0,0,0
170970,3195,"Babyfood, cereal, rice, with applesauce and bananas, strained",Baby Foods,0,9,7,4,0
170972,3209,"Babyfood, crackers, vegetable",Baby Foods,739,1760,27,65,0
170974,3212,"Babyfood, cereal, rice, with bananas, dry",Baby Foods,11,12,0,39,0
170975,3213,"Babyfood, cookies",Baby Foods,0,1,0,9,0
170976,3220,"Babyfood, dessert, dutch apple, strained",Baby Foods,0,21,16,15,0
170977,3221,"Babyfood, dessert, dutch apple, junior",Baby Foods,0,8,6,11,0
170978,3222,"Babyfood, cherry cobbler, junior",Baby Foods,0,19,0,20,0
170979,3224,"Babyfood, dessert, cherry vanilla pudding, strained",Baby Foods,0,145,0,9,0
170982,3233,"Babyfood, dessert, fruit pudding, pineapple, strained",Baby Foods,0,0,0,0,0
170983,3235,"Babyfood, dessert, fruit dessert, without ascorbic acid, strained",Baby Foods,2,64,27,43,0
170984,3267,"Babyfood, juice, fruit punch, with calcium",Baby Foods,0,2,0,21,0
170985,3269,"Babyfood, juice, apple, with calcium",Baby Foods,0,0,0,0,0
170986,3955,"Infant Formula, MEAD JOHNSON, ENFAMIL, ENFACARE, ready-to-feed, with ARA and DHA",Baby Foods,0,0,0,0,0
170987,3956,"Babyfood, yogurt, whole milk, with fruit, multigrain cereal and added DHA fortified",Baby Foods,0,5,0,6,0
170988,3957,"Infant formula, ABBOTT NUTRITION, ALIMENTUM ADVANCE, with iron, powder, not reconstituted, with DHA and ARA",Baby Foods,0,0,0,0,0
170989,3959,"Babyfood, mashed cheddar potatoes and broccoli, toddlers",Baby Foods,2,28,0,98,0
170990,3965,"Babyfood, yogurt, whole milk, with fruit, multigrain cereal and added iron fortified",Baby Foods,0,7,1,13,0
170991,3966,"Infant formula, NESTLE, GOOD START SOY, with DHA and ARA, liquid concentrate",Baby Foods,0,0,0,0,0
170992,3967,"Toddler formula, MEAD JOHNSON, ENFAGROW, Toddler Transitions, with ARA and DHA, powder",Baby Foods,0,0,0,0,0
170993,3968,"Toddler formula, MEAD JOHNSON, ENFAGROW PREMIUM (formerly ENFAMIL, LIPIL, NEXT STEP), ready-to-feed",Baby Foods,0,0,0,0,0
170994,3986,"Infant Formula, MEAD JOHNSON, ENFAMIL, Newborn, with DHA and ARA, ready-to-feed",Baby Foods,0,0,0,0,0
170995,3987,"Infant formula, GERBER, GOOD START 2 Soy, with iron, ready-to-feed",Baby Foods,0,0,0,0,0
170996,3988,"Infant formula, GERBER, GOOD START, PROTECT PLUS, ready-to-feed",Baby Foods,0,0,0,0,0
170997,3989,"Infant Formula, GERBER GOOD START 2, GENTLE PLUS, ready-to-feed",Baby Foods,0,0,0,0,0
170998,3994,"Babyfood, fruit, banana and strawberry, junior",Baby Foods,27,28,0,24,0
170999,3995,"Babyfood, banana with mixed berries, strained",Baby Foods,20,20,0,47,0
171000,3996,"Babyfood, Multigrain whole grain cereal, dry fortified",Baby Foods,0,0,0,64,0
171001,3997,"Babyfood, Baby MUM MUM Rice Biscuits",Baby Foods,0,0,0,0,0
171003,4013,"Salad dressing, KRAFT Mayo Fat Free Mayonnaise Dressing",Fats and Oils,0,30,0,27,0
171005,4015,"Salad dressing, russian dressing",Fats and Oils,2,320,49,173,3576
171006,4016,"Salad dressing, sesame seed dressing, regular",Fats and Oils,0,21,2,0,16
171007,4022,"Salad dressing, russian dressing, low calorie",Fats and Oils,1,20,0,0,628
171008,4023,"Salad dressing, thousand island dressing, reduced fat",Fats and Oils,0,154,65,100,3097
171009,4025,"Salad dressing, mayonnaise, regular",Fats and Oils,0,6,4,12,0
171010,4026,"Salad dressing, mayonnaise, soybean and safflower oil, with salt",Fats and Oils,0,0,0,0,0
171011,4031,"Shortening, household, soybean (partially hydrogenated)-cottonseed (partially hydrogenated)",Fats and Oils,0,0,0,0,0
171012,4034,"Oil, soybean, salad or cooking, (partially hydrogenated)",Fats and Oils,0,0,0,0,0
171013,4037,"Oil, rice bran",Fats and Oils,0,0,0,0,0
171014,4038,"Oil, wheat germ",Fats and Oils,0,0,0,0,0
171015,4055,"Oil, palm",Fats and Oils,0,0,0,0,0
171016,4058,"Oil, sesame, salad or cooking",Fats and Oils,0,0,0,0,0
171017,4060,"Oil, sunflower, linoleic (less than 60%)",Fats and Oils,0,0,0,0,0
171018,4073,"Margarine, regular, hard, soybean (hydrogenated)",Fats and Oils,0,610,0,0,0
171019,4114,"Salad dressing, italian dressing, commercial, regular",Fats and Oils,0,21,2,0,16
171020,4141,"Salad dressing, french dressing, commercial, regular, without salt",Fats and Oils,0,232,92,0,373
171021,4142,"Salad dressing, french dressing, reduced fat, without salt",Fats and Oils,0,289,70,124,2530
171022,4143,"Salad dressing, italian dressing, commercial, regular, without salt",Fats and Oils,0,21,2,0,16
171023,4144,"Salad dressing, italian dressing, reduced fat, without salt",Fats and Oils,0,7,0,0,0
171024,4502,"Oil, cottonseed, salad or cooking",Fats and Oils,0,0,0,0,0
171025,4506,"Oil, sunflower, linoleic, (approx. 65%)",Fats and Oils,0,0,0,0,0
171026,4510,"Oil, safflower, salad or cooking, linoleic, (over 70%)",Fats and Oils,0,0,0,0,0
171027,4511,"Oil, safflower, salad or cooking, high oleic (primary safflower oil of commerce)",Fats and Oils,0,0,0,0,0
171028,4517,"Oil, grapeseed",Fats and Oils,0,0,0,0,0
171029,4518,"Oil, corn, industrial and retail, all purpose salad or cooking",Fats and Oils,0,0,0,0,0
171030,4528,"Oil, walnut",Fats and Oils,0,0,0,0,0
171031,4529,"Oil, almond",Fats and Oils,0,0,0,0,0
171032,4530,"Oil, apricot kernel",Fats and Oils,0,0,0,0,0
171034,4686,"Salad dressing, honey mustard dressing, reduced calorie",Fats and Oils,0,6,5,4,0
171038,4694,"Margarine-like, vegetable oil spread, 60% fat, tub, with salt, with added vitamin D",Fats and Oils,0,610,0,0,0
171039,4695,"Margarine-like vegetable-oil spread, stick/tub/bottle, 60% fat, with added vitamin D",Fats and Oils,0,610,0,0,0
171040,4696,"Margarine, regular, 80% fat, composite, stick, without salt, with added vitamin D",Fats and Oils,0,610,0,0,0
171041,4697,"Margarine-like, vegetable oil spread, 60% fat, stick/tub/bottle, without salt, with added vitamin D",Fats and Oils,0,610,0,0,0
171042,4698,"Oil, industrial, canola, high oleic",Fats and Oils,0,0,0,0,0
171043,4703,"Salad dressing, honey mustard, regular",Fats and Oils,1,18,7,41,0
171044,4704,"Salad dressing, poppyseed, creamy",Fats and Oils,0,8,0,0,0
171045,4705,"Salad dressing, caesar, fat-free",Fats and Oils,0,0,0,0,0
171046,4706,"Dressing, honey mustard, fat-free",Fats and Oils,0,2,0,15,0
171050,5004,"Chicken, broilers or fryers, meat and skin and giblets and neck, roasted",Poultry Products,0,0,0,0,0
171051,5010,"Chicken, broilers or fryers, meat and skin, cooked, stewed",Poultry Products,0,0,0,0,0
171052,5011,"Chicken, broilers or fryers, meat only, raw",Poultry Products,0,0,0,0,0
171053,5012,"Chicken, broilers or fryers, meat only, cooked, fried",Poultry Products,0,0,0,0,0
171054,5013,"Chicken, broilers or fryers, meat only, cooked, roasted",Poultry Products,0,0,0,0,0
171055,5018,"Chicken, broilers or fryers, skin only, cooked, roasted",Poultry Products,0,0,0,0,0
171060,5027,"Chicken, liver, all classes, raw",Poultry Products,11,56,11,0,40
171061,5028,"Chicken, liver, all classes, cooked, simmered",Poultry Products,11,30,11,83,21
171062,5029,"Chicken, broilers or fryers, light meat, meat and skin, raw",Poultry Products,0,0,0,0,0
171064,5036,"Chicken, broilers or fryers, dark meat, meat and skin, cooked, fried, flour",Poultry Products,0,0,0,0,0
171067,5043,"Chicken, broilers or fryers, dark meat, meat only, raw",Poultry Products,0,0,0,0,0
171069,5045,"Chicken, broilers or fryers, dark meat, meat only, cooked, roasted",Poultry Products,0,0,0,0,0
171070,5046,"Chicken, broilers or fryers, dark meat, meat only, cooked, stewed",Poultry Products,0,0,0,0,0
171071,5051,"Chicken, broilers or fryers, back, meat and skin, cooked, roasted",Poultry Products,0,0,0,0,0
171072,5052,"Chicken, broilers or fryers, back, meat and skin, cooked, stewed",Poultry Products,0,0,0,0,0
171073,5053,"Chicken, broilers or fryers, back, meat only, raw",Poultry Products,0,0,0,0,0
171075,5060,"Chicken, broilers or fryers, breast, meat and skin, cooked, roasted",Poultry Products,0,0,0,0,0
171076,5061,"Chicken, broilers or fryers, breast, meat and skin, cooked, stewed",Poultry Products,0,0,0,0,0
171077,5062,"Chicken, broiler or fryers, breast, skinless, boneless, meat only, raw",Poultry Products,0,0,0,0,0
171078,5063,"Chicken, broilers or fryers, breast, meat only, cooked, fried",Poultry Products,0,0,0,0,0
171081,5165,"Turkey, whole, meat and skin, raw",Poultry Products,0,0,0,0,0
171082,5170,"Turkey, whole, skin (light and dark), roasted",Poultry Products,0,0,0,0,0
171083,5171,"Turkey, whole, giblets, raw",Poultry Products,0,0,0,0,0
171084,5172,"Turkey, whole, giblets, cooked, simmered",Poultry Products,0,0,0,0,0
171085,5173,"Turkey, gizzard, all classes, raw",Poultry Products,0,0,0,0,0
171086,5179,"Turkey, whole, neck, meat only, raw",Poultry Products,0,0,0,0,0
171087,5180,"Turkey, whole, neck, meat only, cooked, simmered",Poultry Products,0,0,0,0,0
171088,5181,"Turkey, whole, light meat, meat and skin, raw",Poultry Products,0,0,0,0,0
171089,5182,"Turkey, whole, light meat, meat and skin, cooked, roasted",Poultry Products,0,0,0,0,0
171090,5187,"Turkey, whole, dark meat, meat only, raw",Poultry Products,0,0,0,0,0
171091,5188,"Turkey, whole, dark meat, cooked, roasted",Poultry Products,0,0,0,0,0
171092,5190,"Turkey, all classes, back, meat and skin, cooked, roasted",Poultry Products,0,0,0,0,0
171094,5196,"Turkey, all classes, wing, meat and skin, cooked, roasted",Poultry Products,0,0,0,0,0
171095,5200,"Turkey, fryer-roasters, meat and skin, cooked, roasted",Poultry Products,0,0,0,0,0
171096,5215,"Turkey, whole, back, meat only, raw",Poultry Products,0,0,0,0,0
171097,5216,"Turkey, whole, back, meat only, cooked, roasted",Poultry Products,0,0,0,0,0
171098,5219,"Turkey, whole, breast, meat only, raw",Poultry Products,0,0,0,0,0
171099,5277,"Chicken, canned, meat only, with broth",Poultry Products,0,0,0,0,0
171101,5284,"Turkey, canned, meat only, with broth",Poultry Products,0,0,0,0,0
171107,5308,"Chicken, cornish game hens, meat and skin, cooked, roasted",Poultry Products,0,0,0,0,0
171108,5309,"Chicken, cornish game hens, meat only, raw",Poultry Products,0,0,0,0,0
171109,5310,"Chicken, cornish game hens, meat only, cooked, roasted",Poultry Products,0,0,0,0,0
171110,5311,"Chicken, canned, no broth",Poultry Products,0,0,0,0,0
171111,5312,"Chicken, wing, frozen, glazed, barbecue flavored",Poultry Products,0,0,0,0,0
171114,5319,"Chicken, broiler, rotisserie, BBQ, drumstick, meat only",Poultry Products,0,0,0,0,0
171115,5320,"Chicken, wing, frozen, glazed, barbecue flavored, heated (conventional oven)",Poultry Products,0,0,0,0,0
171116,5332,"Chicken, ground, raw",Poultry Products,0,0,0,0,0
171117,5333,"Chicken, ground, crumbles, cooked, pan-browned",Poultry Products,0,0,0,0,0
171118,5334,"Chicken, broiler, rotisserie, BBQ, thigh, meat only",Poultry Products,0,0,0,0,0
171119,5335,"Chicken, feet, boiled",Poultry Products,0,0,0,0,0
171120,5345,"Chicken, broilers or fryers, rotisserie, original seasoning, thigh, meat only, cooked",Poultry Products,0,0,0,0,0
171121,5346,"Chicken, broilers or fryers, rotisserie, original seasoning, wing, meat only, cooked",Poultry Products,0,0,0,0,0
171122,5347,"Chicken, broilers or fryers, rotisserie, original seasoning, back, meat and skin, cooked",Poultry Products,0,0,0,0,0
171123,5348,"Chicken, broilers or fryers, rotisserie, original seasoning, breast, meat and skin, cooked",Poultry Products,0,0,0,0,0
171124,5357,"Chicken, broiler, rotisserie, BBQ, back, meat and skin",Poultry Products,0,0,0,0,0
171125,5358,"Chicken, broiler, rotisserie, BBQ, breast, meat and skin",Poultry Products,0,0,0,0,0
171126,5359,"Chicken, broiler, rotisserie, BBQ, drumstick, meat and skin",Poultry Products,0,0,0,0,0
171127,5361,"Chicken, broiler, rotisserie, BBQ, thigh, meat and skin",Poultry Products,0,0,0,0,0
171128,5725,"Turkey, drumstick, from whole bird, meat only, with added solution, roasted",Poultry Products,0,0,0,0,0
171129,5726,"Turkey, thigh, from whole bird, meat only, with added solution, raw",Poultry Products,0,0,0,0,0
171130,5727,"Turkey, retail parts, breast, meat and skin, with added solution, raw",Poultry Products,0,0,0,3,0
171131,5728,"Turkey, thigh, from whole bird, meat only, with added solution, roasted",Poultry Products,0,0,0,0,0
171132,5734,"Turkey, retail parts, wing, meat and skin, raw",Poultry Products,0,0,0,0,0
171133,5735,"Turkey, retail parts, wing, meat and skin, cooked, roasted",Poultry Products,0,0,0,0,0
171134,5736,"Turkey, retail parts, drumstick, meat and skin, raw",Poultry Products,0,0,0,5,0
171135,5737,"Turkey, retail parts, drumstick, meat and skin, cooked, roasted",Poultry Products,0,0,0,7,0
171136,5738,"Turkey, drumstick, from whole bird, meat only, raw",Poultry Products,0,0,0,0,0
171137,5743,"Turkey, retail parts, thigh, meat and skin, cooked, roasted",Poultry Products,0,0,0,2,0
171138,5744,"Turkey, back, from whole bird, meat and skin, with added solution, raw",Poultry Products,0,0,0,0,0
171139,5745,"Turkey, back, from whole bird, meat and skin, with added solution, roasted",Poultry Products,0,0,0,0,0
171140,5746,"Chicken, broiler or fryers, breast, skinless, boneless, meat only, cooked, braised",Poultry Products,0,0,0,0,0
171141,6002,"Soup, black bean, canned, condensed","Soups, Sauces, and Gravies",80,219,12,36,463
171142,6004,"Soup, bean with pork, canned, condensed","Soups, Sauces, and Gravies",118,336,0,9,5946
171145,6015,"Soup, chicken, canned, chunky, ready-to-serve","Soups, Sauces, and Gravies",104,249,3,56,73
171146,6016,"Soup, cream of chicken, canned, condensed","Soups, Sauces, and Gravies",0,28,0,1,0
171147,6017,"Soup, chicken gumbo, canned, condensed","Soups, Sauces, and Gravies",0,57,2,74,1416
171148,6018,"Soup, chunky chicken noodle, canned, ready-to-serve","Soups, Sauces, and Gravies",266,593,14,58,0
171149,6025,"Soup, chicken vegetable, canned, condensed","Soups, Sauces, and Gravies",466,1042,3,73,328
171150,6026,"Soup, chili beef, canned, condensed","Soups, Sauces, and Gravies",27,603,147,178,2584
171151,6027,"Soup, clam chowder, manhattan style, canned, chunky, ready-to-serve","Soups, Sauces, and Gravies",270,662,0,33,5112
171152,6028,"Soup, clam chowder, manhattan, canned, condensed","Soups, Sauces, and Gravies",87,399,15,27,6426
171153,6040,"Soup, minestrone, canned, condensed","Soups, Sauces, and Gravies",210,920,0,150,1480
171155,6043,"Soup, cream of mushroom, canned, condensed","Soups, Sauces, and Gravies",0,0,0,4,0
171156,6044,"Soup, mushroom with beef stock, canned, condensed","Soups, Sauces, and Gravies",0,100,0,0,6632
171158,6053,"Soup, cream of potato, canned, condensed","Soups, Sauces, and Gravies",0,4,0,5,0
171161,6068,"Soup, vegetarian vegetable, canned, condensed","Soups, Sauces, and Gravies",410,1500,0,160,1930
171162,6070,"Soup, chunky beef, canned, ready-to-serve","Soups, Sauces, and Gravies",234,536,0,36,1325
171163,6071,"Soup, vegetable beef, canned, condensed","Soups, Sauces, and Gravies",489,1618,0,92,364
171164,6072,"Soup, vegetable with beef broth, canned, condensed","Soups, Sauces, and Gravies",387,831,0,35,29
171165,6094,"Soup, onion, dry, mix","Soups, Sauces, and Gravies",0,9,0,27,0
171166,6101,"Soup, cream of vegetable, dry, powder","Soups, Sauces, and Gravies",2820,5620,334,920,2
171167,6112,"Sauce, teriyaki, ready-to-serve","Soups, Sauces, and Gravies",0,0,0,0,0
171171,6122,"Gravy, mushroom, dry, powder","Soups, Sauces, and Gravies",0,1,0,9,0
171173,6124,"Gravy, pork, dry, powder","Soups, Sauces, and Gravies",0,2,0,10,0
171176,6559,"Soup, tomato, canned, prepared with equal volume water, commercial","Soups, Sauces, and Gravies",0,115,0,44,5345
171177,6583,"Soup, ramen noodle, any flavor, dry","Soups, Sauces, and Gravies",2,6,0,20,0
171178,6584,"Soup, broccoli cheese, canned, condensed, commercial","Soups, Sauces, and Gravies",0,435,0,540,0
171180,6615,"Soup, SWANSON, vegetable broth","Soups, Sauces, and Gravies",75,136,0,1,0
171181,6622,"SMART SOUP, Indian Bean Masala","Soups, Sauces, and Gravies",,233,,,
171182,6623,"SMART SOUP, Moroccan Chick Pea","Soups, Sauces, and Gravies",,288,,,
171183,6624,"SMART SOUP, Thai Coconut Curry","Soups, Sauces, and Gravies",,179,,,
171184,6625,"SMART SOUP, Vietnamese Carrot Lemongrass","Soups, Sauces, and Gravies",,1127,,,
171185,6630,"Sauce, pesto, MEZZETTA, NAPA VALLEY BISTRO, basil pesto, ready-to-serve","Soups, Sauces, and Gravies",0,999,11,848,0
171186,6631,"Sauce, hot chile, sriracha","Soups, Sauces, and Gravies",234,1261,334,896,0
171187,6632,"Sauce, hot chile, sriracha, CHA! BY TEXAS PETE","Soups, Sauces, and Gravies",306,1319,383,1136,0
171188,6633,"Sauce, hot chile, sriracha, TUONG OT SRIRACHA","Soups, Sauces, and Gravies",200,1407,302,721,0
171189,6742,"Soup, vegetable beef, microwavable, ready-to-serve, single brand","Soups, Sauces, and Gravies",,390,,,
171190,6749,"Soup, beef and vegetables, canned, ready-to-serve","Soups, Sauces, and Gravies",528,1110,0,119,624
171192,6931,"Sauce, pasta, spaghetti/marinara, ready-to-serve","Soups, Sauces, and Gravies",0,370,0,176,12717
171193,23067,"Beef, chuck, short ribs, boneless, separable lean only, trimmed to 0"" fat, select, raw",Beef Products,0,0,0,0,0
171194,23073,"Beef, chuck eye Country-Style ribs, boneless, separable lean only, trimmed to 0"" fat, select, raw",Beef Products,0,0,0,0,0
171195,23074,"Beef, chuck eye Country-Style ribs, boneless, separable lean only, trimmed to 0"" fat, all grades, raw",Beef Products,0,0,0,0,0
171196,23075,"Beef, chuck eye steak, boneless, separable lean only, trimmed to 0"" fat, choice, cooked, grilled",Beef Products,0,0,0,0,0
171197,23076,"Beef, chuck eye steak, boneless, separable lean only, trimmed to 0"" fat, select, cooked, grilled",Beef Products,0,0,0,0,0
171198,23081,"Beef, shoulder pot roast, boneless, separable lean only, trimmed to 0"" fat, choice, cooked, braised",Beef Products,0,0,0,0,0
171199,23082,"Beef, shoulder pot roast, boneless, separable lean only, trimmed to 0"" fat, select, cooked, braised",Beef Products,0,0,0,0,0
171200,23083,"Beef, shoulder pot roast, boneless, separable lean only, trimmed to 0"" fat, all grades, cooked, braised",Beef Products,0,0,0,0,0
171201,23084,"Beef, chuck, mock tender steak, boneless, separable lean only, trimmed to 0"" fat, choice, cooked, braised",Beef Products,0,0,0,0,0
171202,23089,"Beef, chuck, mock tender steak, boneless, separable lean only, trimmed to 0"" fat, all grades, raw",Beef Products,0,0,0,0,0
171203,23090,"Beef, chuck for stew, separable lean and fat, all grades, cooked, braised",Beef Products,0,0,0,0,0
171204,23091,"Beef, chuck for stew, separable lean and fat, select, cooked, braised",Beef Products,0,0,0,0,0
171205,23092,"Beef, chuck for stew, separable lean and fat, choice, cooked, braised",Beef Products,0,0,0,0,0
171206,23093,"Beef, chuck for stew, separable lean and fat, all grades, raw",Beef Products,0,0,0,0,0
171207,23098,"Beef, chuck, under blade steak, boneless, separable lean only, trimmed to 0"" fat, all grades, cooked, braised",Beef Products,0,0,0,0,0
171208,23099,"Beef, chuck, under blade pot roast, boneless, separable lean and fat, trimmed to 0"" fat, all grades, cooked, braised",Beef Products,0,0,0,0,0
171209,23100,"Beef, rib eye steak, boneless, lip-on, separable lean only, trimmed to 1/8"" fat, all grades, cooked, grilled",Beef Products,0,0,0,0,0
171210,23101,"Beef, rib eye roast, bone-in, lip-on, separable lean only, trimmed to 1/8"" fat, choice, cooked, roasted",Beef Products,0,0,0,0,0
171211,23106,"Beef, chuck, under blade center steak, boneless, Denver Cut, separable lean and fat, trimmed to 0"" fat, choice, cooked, grilled",Beef Products,0,0,0,0,0
171212,23107,"Beef, chuck, under blade center steak, boneless, Denver Cut, separable lean and fat, trimmed to 0"" fat, select, cooked, grilled",Beef Products,0,0,0,0,0
171213,23108,"Beef, chuck, under blade center steak, boneless, Denver Cut, separable lean and fat, trimmed to 0"" fat, all grades, raw",Beef Products,0,0,0,0,0
171214,23109,"Beef, chuck, under blade center steak, boneless, Denver Cut, separable lean and fat, trimmed to 0"" fat, choice, raw",Beef Products,0,0,0,0,0
171215,23114,"Beef, chuck eye roast, boneless, America's Beef Roast, separable lean and fat, trimmed to 0"" fat, choice, cooked, roasted",Beef Products,0,0,0,0,0
171216,23115,"Beef, chuck eye roast, boneless, America's Beef Roast, separable lean and fat, trimmed to 0"" fat, select, cooked, roasted",Beef Products,0,0,0,0,0
171217,23116,"Beef, chuck, under blade steak, boneless, separable lean and fat, trimmed to 0"" fat, all grades, cooked, braised",Beef Products,0,0,0,0,0
171218,23117,"Beef, chuck, under blade steak, boneless, separable lean and fat, trimmed to 0"" fat, choice, cooked, braised",Beef Products,0,0,0,0,0
171219,23118,"Beef, chuck, under blade steak, boneless, separable lean and fat, trimmed to 0"" fat, select, cooked, braised",Beef Products,0,0,0,0,0
171220,23123,"Beef, chuck, mock tender steak, boneless, separable lean and fat, trimmed to 0"" fat, choice, raw",Beef Products,0,0,0,0,0
171221,23124,"Beef, chuck, mock tender steak, boneless, separable lean and fat, trimmed to 0"" fat, select, raw",Beef Products,0,0,0,0,0
171222,23125,"Beef, chuck, short ribs, boneless, separable lean and fat, trimmed to 0"" fat, all grades, cooked, braised",Beef Products,0,0,0,0,0
171223,23126,"Beef, chuck, short ribs, boneless, separable lean and fat, trimmed to 0"" fat, choice, cooked, braised",Beef Products,0,0,0,0,0
171224,23131,"Beef, shoulder pot roast, boneless, separable lean and fat, trimmed to 0"" fat, all grades, cooked, braised",Beef Products,0,0,0,0,0
171225,23132,"Beef, shoulder pot roast, boneless, separable lean and fat, trimmed to 0"" fat, choice, cooked, braised",Beef Products,0,0,0,0,0
171226,23133,"Beef, shoulder pot roast, boneless, separable lean and fat, trimmed to 0"" fat, select, cooked, braised",Beef Products,0,0,0,0,0
171227,23134,"Beef, chuck eye Country-Style ribs, boneless, separable lean and fat, trimmed to 0"" fat, all grades, cooked, braised",Beef Products,0,0,0,0,0
171228,23140,"Beef, chuck eye steak, boneless, separable lean and fat, trimmed to 0"" fat, all grades, cooked, grilled",Beef Products,0,0,0,0,0
171229,23141,"Beef, chuck eye steak, boneless, separable lean and fat, trimmed to 0"" fat, choice, cooked, grilled",Beef Products,0,0,0,0,0
171230,23142,"Beef, chuck eye steak, boneless, separable lean and fat, trimmed to 0"" fat, select, cooked, grilled",Beef Products,0,0,0,0,0
171231,23143,"Beef, chuck eye steak, boneless, separable lean and fat, trimmed to 0"" fat, all grades, raw",Beef Products,0,0,0,0,0
171232,23148,"Beef, rib eye steak, boneless, lip-on, separable lean only, trimmed to 1/8"" fat, choice, cooked, grilled",Beef Products,0,0,0,0,0
171233,23149,"Beef, rib eye steak, boneless, lip-on, separable lean only, trimmed to 1/8"" fat, select, cooked, grilled",Beef Products,0,0,0,0,0
171234,23150,"Beef, rib eye steak/roast, bone-in, lip-on, separable lean only, trimmed to 1/8"" fat, all grades, raw",Beef Products,0,0,0,0,0
171235,23151,"Beef, rib eye steak/roast, bone-in, lip-on, separable lean only, trimmed to 1/8"" fat, choice, raw",Beef Products,0,0,0,0,0
171236,23156,"Beef, rib eye steak, bone-in, lip-on, separable lean only, trimmed to 1/8"" fat, all grades, cooked, grilled",Beef Products,0,0,0,0,0
171237,23157,"Beef, rib eye steak, bone-in, lip-on, separable lean only, trimmed to 1/8"" fat, choice, cooked, grilled",Beef Products,0,0,0,0,0
171238,23158,"Beef, rib eye steak, bone-in, lip-on, separable lean only, trimmed to 1/8"" fat, select, cooked, grilled",Beef Products,0,0,0,0,0
171239,23159,"Beef, rib eye roast, boneless, lip-on, separable lean only, trimmed to 1/8"" fat, all grades, cooked, roasted",Beef Products,0,0,0,0,0
171241,1022,"Cheese, gouda",Dairy and Egg Products,0,10,0,0,0
171242,1023,"Cheese, gruyere",Dairy and Egg Products,0,33,0,0,0
171243,1024,"Cheese, limburger",Dairy and Egg Products,0,15,0,0,0
171244,1029,"Cheese, mozzarella, low moisture, part-skim",Dairy and Egg Products,0,51,0,0,0
171245,1030,"Cheese, muenster",Dairy and Egg Products,0,13,0,0,0
171246,1031,"Cheese, neufchatel",Dairy and Egg Products,0,27,0,,0
171247,1032,"Cheese, parmesan, grated",Dairy and Egg Products,0,73,0,0,0
171248,1037,"Cheese, ricotta, part skim milk",Dairy and Egg Products,0,20,0,0,0
171249,1038,"Cheese, romano",Dairy and Egg Products,0,69,0,0,0
171251,1040,"Cheese, swiss",Dairy and Egg Products,1,61,2,8,1
171252,1046,"Cheese food, pasteurized process, American, vitamin D fortified",Dairy and Egg Products,0,65,0,0,0
171254,1048,"Cheese spread, pasteurized process, American",Dairy and Egg Products,0,55,0,0,0
171255,1049,"Cream, fluid, half and half",Dairy and Egg Products,0,22,0,0,0
171256,1055,"Cream, sour, reduced fat, cultured",Dairy and Egg Products,0,23,0,0,0
171257,1056,"Cream, sour, cultured",Dairy and Egg Products,0,25,1,4,0
171258,1057,Eggnog,Dairy and Egg Products,0,7,0,54,0
171259,1058,"Sour dressing, non-butterfat, cultured, filled cream-type",Dairy and Egg Products,0,0,0,0,0
171260,1065,"Yogurt, Greek, 2%fat, coconut blend, CHOBANI",Dairy and Egg Products,,0,,,
171261,1067,"Cream substitute, liquid, with hydrogenated vegetable oil and soy protein",Dairy and Egg Products,0,9,0,0,0
171263,1069,"Cream substitute, powdered",Dairy and Egg Products,0,0,0,0,0
171265,1077,"Milk, whole, 3.25% milkfat, with added vitamin D",Dairy and Egg Products,0,7,0,0,0
171267,1079,"Milk, reduced fat, fluid, 2% milkfat, with added vitamin A and vitamin D",Dairy and Egg Products,0,4,0,0,0
171269,1085,"Milk, nonfat, fluid, with added vitamin A and vitamin D (fat free or skim)",Dairy and Egg Products,0,0,0,0,0
171270,1086,"Milk, nonfat, fluid, with added nonfat milk solids, vitamin A and vitamin D (fat free or skim)",Dairy and Egg Products,0,0,0,0,0
171272,1092,"Milk, dry, nonfat, instant, with added vitamin A and vitamin D",Dairy and Egg Products,0,1,0,0,0
171274,1094,"Milk, buttermilk, dried",Dairy and Egg Products,0,9,0,0,0
171275,1095,"Milk, canned, condensed, sweetened",Dairy and Egg Products,0,14,0,0,0
171276,1096,"Milk, canned, evaporated, with added vitamin D and without added vitamin A",Dairy and Egg Products,0,12,0,0,0
171277,1105,"Milk, chocolate beverage, hot cocoa, homemade",Dairy and Egg Products,0,4,0,0,0
171278,1106,"Milk, goat, fluid, with added vitamin D",Dairy and Egg Products,0,7,0,0,0
171279,1107,"Milk, human, mature, fluid",Dairy and Egg Products,0,7,0,0,0
171281,1113,"Whey, acid, dried",Dairy and Egg Products,0,1,0,0,0
171282,1114,"Whey, sweet, fluid",Dairy and Egg Products,0,1,0,0,0
171283,1115,"Whey, sweet, dried",Dairy and Egg Products,0,2,0,0,0
171284,1116,"Yogurt, plain, whole milk",Dairy and Egg Products,0,5,0,0,0
171285,1121,"Yogurt, fruit, low fat, 10 grams protein per 8 ounce",Dairy and Egg Products,0,2,0,0,0
171287,1123,"Egg, whole, raw, fresh",Dairy and Egg Products,0,0,9,503,0
171288,1251,"Cheese, Mexican blend",Dairy and Egg Products,0,56,0,0,0
171289,1252,"Cheese product, pasteurized process, American, vitamin D fortified",Dairy and Egg Products,1,248,23,60,0
171290,1253,"Cheese, pasteurized process, American, without added vitamin D",Dairy and Egg Products,0,80,0,0,0
171291,1254,"Cheese food, pasteurized process, American, without added vitamin D",Dairy and Egg Products,1,58,11,23,0
171292,1260,"Cheese, cheddar, reduced fat (Includes foods for USDA's Food Distribution Program)",Dairy and Egg Products,0,28,1,4,0
171293,1263,"Ice cream, light, soft serve, chocolate",Dairy and Egg Products,0,5,0,2,0
171294,1264,"Ice cream bar, stick or nugget, with crunch coating",Dairy and Egg Products,0,5,0,0,0
171295,1265,"Cheese, cheddar, nonfat or fat free",Dairy and Egg Products,0,4,0,0,0
171297,1276,"Yogurt, Greek, strawberry, DANNON OIKOS",Dairy and Egg Products,0,8,0,3,0
171300,1284,"Yogurt, Greek, strawberry, lowfat",Dairy and Egg Products,0,7,0,7,0
171301,1290,"Kefir, lowfat, strawberry, LIFEWAY",Dairy and Egg Products,0,3,0,0,0
171302,1291,"Milk, evaporated, 2% fat, with added vitamin A and vitamin D",Dairy and Egg Products,0,4,0,0,0
171303,1292,"Milk, chocolate, fat free, with added vitamin A and vitamin D",Dairy and Egg Products,0,11,0,0,0
171304,1293,"Yogurt, Greek, plain, whole milk",Dairy and Egg Products,0,7,0,0,0
171305,1300,"Ice cream bar, covered with chocolate and nuts",Dairy and Egg Products,0,56,0,0,0
171306,1301,Ice cream sundae cone,Dairy and Egg Products,0,14,0,2,0
171307,1302,"Light ice cream, Creamsicle",Dairy and Egg Products,0,10,2,2,0
171308,1303,"Cream, half and half, lowfat",Dairy and Egg Products,0,11,0,0,0
171309,1308,"Yogurt, Greek, whole, plain, CHOBANI",Dairy and Egg Products,,0,,,
171310,1312,"Yogurt, Greek, nonfat, lemon blend, CHOBANI",Dairy and Egg Products,,0,,,
171311,1313,"Yogurt, Greek, nonfat, peach, CHOBANI",Dairy and Egg Products,,18,,,
171312,1314,"Yogurt, Greek, nonfat, plain, CHOBANI",Dairy and Egg Products,,0,,,
171313,1316,"Yogurt, Greek, nonfat, raspberry, CHOBANI",Dairy and Egg Products,,0,,,
171317,2003,"Spices, basil, dried",Spices and Herbs,113,378,24,1150,393
171319,2009,"Spices, chili powder",Spices and Herbs,2090,15000,3490,310,21
171320,2010,"Spices, cinnamon, ground",Spices and Herbs,1,112,129,222,15
171321,2011,"Spices, cloves, ground",Spices and Herbs,0,45,103,0,0
171325,2020,"Spices, garlic powder",Spices and Herbs,0,0,0,0,0
171326,2025,"Spices, nutmeg, ground",Spices and Herbs,0,28,66,0,0
171327,2026,"Spices, onion powder",Spices and Herbs,0,0,0,0,0
171328,2027,"Spices, oregano, dried",Spices and Herbs,20,1007,7,1895,0
171329,2028,"Spices, paprika",Spices and Herbs,595,26162,6186,18944,0
171330,2033,"Spices, poppy seed",Spices and Herbs,0,0,0,0,0
171331,2034,"Spices, poultry seasoning",Spices and Herbs,0,1568,23,1107,7
171332,2035,"Spices, pumpkin pie spice",Spices and Herbs,1,99,114,100,7
171334,3120,"Babyfood, vegetables, corn, creamed, junior",Baby Foods,10,13,3,423,0
171335,3129,"Babyfood, fruit, bananas with tapioca, strained",Baby Foods,17,17,0,0,0
171336,3130,"Babyfood, fruit, peaches, strained",Baby Foods,0,378,68,163,0
171337,3131,"Babyfood, fruit, peaches, junior",Baby Foods,0,378,68,163,0
171338,3132,"Babyfood, fruit, pears, strained",Baby Foods,0,9,1,36,0
171339,3137,"Babyfood, fruit, prunes with tapioca, without ascorbic acid, junior",Baby Foods,15,105,25,39,0
171340,3139,"Babyfood, prunes, without vitamin c, strained",Baby Foods,4,30,7,55,0
171341,3140,"Babyfood, fruit dessert, mango with tapioca",Baby Foods,10,262,6,0,0
171342,3141,"Babyfood, pears, dices, toddler",Baby Foods,0,12,2,44,0
171345,3152,"Babyfood, fruit, apple and raspberry, strained",Baby Foods,0,10,7,21,0
171346,3153,"Babyfood, fruit, apple and raspberry, junior",Baby Foods,1,15,9,21,0
171347,3159,"Babyfood, fruit, pears and pineapple, junior",Baby Foods,0,18,2,32,0
171349,3161,"Babyfood, peaches, dices, toddler",Baby Foods,0,69,28,103,0
171351,3167,"Babyfood, apple-banana juice",Baby Foods,3,4,0,16,0
171352,3168,"Babyfood, juice, apple and peach",Baby Foods,0,31,13,29,0
171353,3171,"Babyfood, juice, apple and prune",Baby Foods,1,8,2,22,0
171354,3172,"Babyfood, juice, orange",Baby Foods,2,9,47,113,0
171357,3179,"Babyfood, juice, mixed fruit",Baby Foods,11,19,1,21,0
171358,3181,"Babyfood, cereal, barley, dry fortified",Baby Foods,0,0,0,170,0
171359,3184,"Babyfood, cereal, whole wheat, with apples, dry fortified",Baby Foods,0,0,0,203,0
171360,3189,"Babyfood, cereal, oatmeal, dry fortified",Baby Foods,0,0,0,185,0
171361,3190,"Babyfood, cereal, oatmeal, with bananas, dry",Baby Foods,0,0,0,157,0
171362,3191,"Babyfood, cereal, oatmeal, with applesauce and bananas, strained",Baby Foods,0,0,0,90,0
171363,3192,"Babyfood, cereal, oatmeal, with applesauce and bananas, junior, fortified",Baby Foods,0,0,0,17,0
171367,3205,"Babyfood, oatmeal cereal with fruit, dry, instant, toddler fortified",Baby Foods,12,41,13,32,0
171368,3206,"Babyfood, cookie, baby, fruit",Baby Foods,810,1002,2,175,0
171369,3214,"Babyfood, cookies, arrowroot",Baby Foods,,,,0,0
171370,3215,"Babyfood, pretzels",Baby Foods,1,4,1,72,0
171371,3216,"Babyfood, GERBER, GRADUATES Lil Biscuits Vanilla Wheat",Baby Foods,6,13,0,169,0
171372,3217,Zwieback,Baby Foods,0,4,1,16,0
171373,3225,"Babyfood, dessert, cherry vanilla pudding, junior",Baby Foods,0,145,0,9,0
171375,3227,"Babyfood, dessert, peach cobbler, strained",Baby Foods,0,69,28,39,0
171376,3228,"Babyfood, dessert, peach cobbler, junior",Baby Foods,0,68,28,39,0
171377,3236,"Babyfood, dessert, fruit dessert, without ascorbic acid, junior",Baby Foods,2,64,27,43,0
171379,3245,"Babyfood, dessert, custard pudding, vanilla, strained",Baby Foods,1,2,1,39,0
171380,3246,"Babyfood, dessert, custard pudding, vanilla, junior",Baby Foods,1,1,1,39,0
171381,3265,"Babyfood, juice, apple and grape",Baby Foods,0,2,0,0,0
171382,3952,"Infant formula, ABBOTT NUTRITION, SIMILAC, ISOMIL, ADVANCE with iron, liquid concentrate",Baby Foods,0,0,0,0,0
171383,3953,"Infant formula, ABBOTT NUTRITION, SIMILAC, ISOMIL, ADVANCE with iron, ready-to-feed",Baby Foods,0,0,0,0,0
171384,3954,"Infant formula, ABBOTT NUTRITION, SIMILAC, ISOMIL, ADVANCE with iron, powder, not reconstituted",Baby Foods,0,0,0,0,0
171385,3960,"Infant formula, NESTLE, GOOD START SUPREME, with iron, DHA and ARA, ready-to-feed",Baby Foods,0,0,0,0,0
171386,3961,"Infant formula, NESTLE, GOOD START SUPREME, with iron, DHA and ARA, prepared from liquid concentrate",Baby Foods,0,0,0,0,0
171387,3963,"Infant Formula, MEAD JOHNSON, ENFAMIL GENTLEASE, with iron, prepared from powder",Baby Foods,0,0,0,0,0
171388,3964,"Babyfood, fortified cereal bar, fruit filling",Baby Foods,0,166,0,33,0
171389,3980,"Infant Formula, MEAD JOHNSON, ENFAMIL, GENTLEASE, with ARA and DHA powder not reconstituted",Baby Foods,0,0,0,0,0
171390,3982,"Infant formula, MEAD JOHNSON, ENFAMIL, Enfagrow, Soy, Toddler ready-to-feed",Baby Foods,0,0,0,0,0
171391,3983,"Infant formula, MEAD JOHNSON, ENFAMIL, NUTRAMIGEN AA, ready-to-feed",Baby Foods,0,0,0,0,0
171392,3984,"Infant formula, MEAD JOHNSON, ENFAMIL, Premature, with iron, 20 calories, ready-to-feed",Baby Foods,0,0,0,0,0
171393,3985,"Infant formula, MEAD JOHNSON, ENFAMIL, Premature, with iron, 24 calories, ready-to-feed",Baby Foods,0,0,0,0,0
171394,3990,"Infant formula, GERBER, GOOD START 2, PROTECT PLUS, ready-to-feed",Baby Foods,0,0,0,0,0
171395,3991,"Infant formula, ABBOTT NUTRITION, SIMILAC, GO AND GROW, ready-to-feed, with ARA and DHA",Baby Foods,0,0,0,0,0
171396,3992,"Infant formula, ABBOTT NUTRITION, SIMILAC, Expert Care, Diarrhea, ready- to- feed with ARA and DHA",Baby Foods,0,0,0,0,0
171397,3993,"Infant formula, ABBOTT NUTRITION, SIMILAC, For Spit Up, ready-to-feed, with ARA and DHA",Baby Foods,0,0,0,0,0
171398,3998,"Babyfood, Snack, GERBER, GRADUATES, LIL CRUNCHIES, baked whole grain corn snack",Baby Foods,43,75,0,914,0
171399,3999,"Infant formula, ABBOTT NUTRITION, SIMILAC, For Spit Up, powder, with ARA and DHA",Baby Foods,0,0,0,0,0
171400,4001,"Fat, beef tallow",Fats and Oils,0,0,0,0,0
171401,4002,Lard,Fats and Oils,0,0,0,0,0
171402,4017,"Salad dressing, thousand island, commercial, regular",Fats and Oils,2,92,52,29,2597
171403,4018,"Salad dressing, mayonnaise type, regular, with salt",Fats and Oils,0,6,4,28,0
171404,4020,"Salad dressing, french dressing, reduced fat",Fats and Oils,0,289,70,124,2530
171405,4021,"Salad dressing, italian dressing, commercial, reduced fat",Fats and Oils,0,7,0,0,0
171406,4027,"Salad dressing, mayonnaise, imitation, soybean",Fats and Oils,0,0,0,0,0
171408,4029,"Salad dressing, mayonnaise, imitation, soybean without cholesterol",Fats and Oils,0,0,0,0,0
171409,4030,"Sandwich spread, with chopped pickle, regular, unspecified oils",Fats and Oils,1,94,27,87,0
171410,4042,"Oil, peanut, salad or cooking",Fats and Oils,0,0,0,0,0
171411,4044,"Oil, soybean, salad or cooking",Fats and Oils,0,0,0,0,0
171412,4047,"Oil, coconut",Fats and Oils,0,0,0,0,0
171413,4053,"Oil, olive, salad or cooking",Fats and Oils,0,0,0,0,0
171414,4120,"Salad dressing, french dressing, commercial, regular",Fats and Oils,0,232,92,0,373
171415,4128,"Margarine,spread, 35-39% fat, tub",Fats and Oils,0,610,0,0,0
171417,4135,"Salad dressing, home recipe, vinegar and oil",Fats and Oils,0,0,0,0,0
171420,4367,"Salad dressing, french dressing, fat-free",Fats and Oils,0,38,15,0,319
171421,4501,"Oil, cocoa butter",Fats and Oils,0,0,0,0,0
171422,4513,"Vegetable oil, palm kernel",Fats and Oils,0,0,0,0,0
171423,4514,"Oil, poppyseed",Fats and Oils,0,0,0,0,0
171424,4515,"Oil, tomatoseed",Fats and Oils,0,0,0,0,0
171425,4516,"Oil, teaseed",Fats and Oils,0,0,0,0,0
171426,4531,"Oil, soybean lecithin",Fats and Oils,0,0,0,0,0
171427,4532,"Oil, hazelnut",Fats and Oils,0,0,0,0,0
171428,4534,"Oil, babassu",Fats and Oils,0,0,0,0,0
171429,4536,"Oil, sheanut",Fats and Oils,0,0,0,0,0
171430,4679,"Oil, PAM cooking spray, original",Fats and Oils,0,0,0,0,0
171434,4690,"Margarine-like, vegetable oil spread, approximately 37% fat, unspecified oils, with salt, with added vitamin D",Fats and Oils,0,0,0,0,0
171435,4691,"Margarine, regular, 80% fat, composite, stick, with salt, with added vitamin D",Fats and Oils,0,610,0,0,0
171436,4692,"Margarine, regular, 80% fat, composite, tub, with salt, with added vitamin D",Fats and Oils,0,610,0,0,0
171437,4693,"Margarine-like, vegetable oil spread, 60% fat, stick, with salt, with added vitamin D",Fats and Oils,0,610,0,0,0
171438,4699,"Oil, industrial, soy, low linolenic",Fats and Oils,0,0,0,0,0
171439,4700,"Oil, industrial, soy, ultra low linolenic",Fats and Oils,0,0,0,0,0
171440,4701,"Oil, industrial, soy, fully hydrogenated",Fats and Oils,0,0,0,0,0
171441,4702,"Oil, industrial, cottonseed, fully hydrogenated",Fats and Oils,0,0,0,0,0
171443,4708,"Mayonnaise, reduced fat, with olive oil",Fats and Oils,0,30,3,27,0
171444,4709,"Salad dressing, mayonnaise-type, light",Fats and Oils,0,3,2,13,0
171445,5000,"Chicken, broiler, rotisserie, BBQ, breast, meat only",Poultry Products,0,0,0,0,0
171447,5006,"Chicken, broilers or fryers, meat and skin, raw",Poultry Products,0,0,0,0,0
171448,5007,"Chicken, broilers or fryers, meat and skin, cooked, fried, batter",Poultry Products,0,0,0,0,0
171449,5008,"Chicken, broilers or fryers, meat and skin, cooked, fried, flour",Poultry Products,0,0,0,0,0
171450,5009,"Chicken, broilers or fryers, meat and skin, cooked, roasted",Poultry Products,0,0,0,0,0
171451,5014,"Chicken, broilers or fryers, meat only, cooked, stewed",Poultry Products,0,0,0,0,0
171452,5015,"Chicken, broilers or fryers, skin only, raw",Poultry Products,0,6,0,0,0
171455,5022,"Chicken, broilers or fryers, giblets, cooked, simmered",Poultry Products,5,13,5,37,12
171456,5023,"Chicken, gizzard, all classes, raw",Poultry Products,0,0,0,0,0
171457,5024,"Chicken, gizzard, all classes, cooked, simmered",Poultry Products,0,0,0,0,0
171460,5031,"Chicken, broilers or fryers, light meat, meat and skin, cooked, fried, flour",Poultry Products,0,0,0,0,0
171463,5034,"Chicken, broilers or fryers, dark meat, meat and skin, raw",Poultry Products,0,0,0,0,0
171464,5039,"Chicken, broilers or fryers, light meat, meat only, raw",Poultry Products,0,0,0,0,0
171466,5041,"Chicken, broilers or fryers, light meat, meat only, cooked, roasted",Poultry Products,0,0,0,0,0
171467,5042,"Chicken, broilers or fryers, light meat, meat only, cooked, stewed",Poultry Products,0,0,0,0,0
171468,5047,"Chicken, broilers or fryers, separable fat, raw",Poultry Products,0,0,0,0,0
171469,5048,"Chicken, broilers or fryers, back, meat and skin, raw",Poultry Products,0,0,0,0,0
171472,5055,"Chicken, broilers or fryers, back, meat only, cooked, roasted",Poultry Products,0,0,0,0,0
171473,5056,"Chicken, broilers or fryers, back, meat only, cooked, stewed",Poultry Products,0,0,0,0,0
171474,5057,"Chicken, broilers or fryers, breast, meat and skin, raw",Poultry Products,0,0,0,0,0
171475,5058,"Chicken, broilers or fryers, breast, meat and skin, cooked, fried, batter",Poultry Products,0,0,0,0,0
171477,5064,"Chicken, broilers or fryers, breast, meat only, cooked, roasted",Poultry Products,0,0,0,0,0
171478,5065,"Chicken, broilers or fryers, breast, meat only, cooked, stewed",Poultry Products,0,0,0,0,0
171479,5166,"Turkey, whole, meat and skin, cooked, roasted",Poultry Products,0,0,0,0,0
171480,5167,"Turkey, whole, meat only, raw",Poultry Products,0,0,0,0,0
171481,5168,"Turkey, whole, meat only, cooked, roasted",Poultry Products,0,0,0,0,0
171482,5169,"Turkey, whole, skin (light and dark), raw",Poultry Products,0,0,0,0,0
171483,5174,"Turkey, all classes, gizzard, cooked, simmered",Poultry Products,0,0,0,0,0
171484,5175,"Turkey, all classes, heart, raw",Poultry Products,0,23,0,0,21
171485,5176,"Turkey, all classes, heart, cooked, simmered",Poultry Products,0,0,0,0,0
171486,5177,"Turkey, all classes, liver, raw",Poultry Products,0,29,0,0,0
171487,5178,"Turkey, all classes, liver, cooked, simmered",Poultry Products,0,0,0,0,0
171488,5183,"Turkey, dark meat, meat and skin, raw",Poultry Products,0,0,0,0,0
171489,5184,"Turkey, whole, dark meat, meat and skin, cooked, roasted",Poultry Products,0,0,0,0,0
171490,5185,"Turkey, whole, light meat, raw",Poultry Products,0,0,0,0,0
171491,5186,"Turkey, all classes, light meat, cooked, roasted",Poultry Products,0,0,0,0,0
171494,5194,"Turkey, all classes, leg, meat and skin, cooked, roasted",Poultry Products,0,0,0,0,0
171496,5220,"Turkey, whole, breast, meat only, cooked, roasted",Poultry Products,0,0,0,0,0
171497,5227,"Turkey, whole, wing, meat only, raw",Poultry Products,0,0,0,0,0
171498,5228,"Turkey, whole, wing, meat only, cooked, roasted",Poultry Products,0,0,0,0,0
171505,5305,"Turkey, Ground, raw",Poultry Products,0,0,0,0,0
171506,5306,"Turkey, Ground, cooked",Poultry Products,0,0,0,0,0
171507,5307,"Chicken, cornish game hens, meat and skin, raw",Poultry Products,0,0,0,0,0
171508,5313,"Chicken, wing, frozen, glazed, barbecue flavored, heated (microwave)",Poultry Products,0,0,0,0,0
171509,5314,"Chicken, broilers or fryers, breast, skinless, boneless, meat only, with added solution, raw",Poultry Products,0,0,0,0,0
171512,5323,"Chicken patty, frozen, uncooked",Poultry Products,0,0,0,0,0
171513,5324,"Chicken patty, frozen, cooked",Poultry Products,0,0,0,0,0
171514,5326,"Chicken breast tenders, breaded, cooked, microwaved",Poultry Products,0,0,0,0,0
171515,5327,"Chicken breast tenders, breaded, uncooked",Poultry Products,0,0,0,0,0
171516,5339,"Chicken, broiler, rotisserie, BBQ, wing, meat only",Poultry Products,0,0,0,0,0
171517,5341,"Chicken, broilers or fryers, rotisserie, original seasoning, back, meat only, cooked",Poultry Products,0,0,0,0,0
171518,5342,"Chicken, broilers or fryers, rotisserie, original seasoning, breast, meat only, cooked",Poultry Products,0,0,0,0,0
171519,5343,"Chicken, broilers or fryers, drumstick, rotisserie, original seasoning, meat only, cooked",Poultry Products,0,0,0,0,0
171520,5344,"Chicken, broilers or fryers, rotisserie, original seasoning, skin only, cooked",Poultry Products,0,0,0,0,0
171521,5349,"Chicken, broilers or fryers,  rotisserie, original seasoning, drumstick, meat and skin, cooked",Poultry Products,0,0,0,0,0
171522,5351,"Chicken, broilers or fryers, rotisserie, original seasoning, thigh, meat and skin, cooked",Poultry Products,0,0,0,0,0
171523,5352,"Chicken, broilers or fryers, rotisserie, original seasoning, wing, meat and skin, cooked",Poultry Products,0,0,0,0,0
171524,5356,"Chicken, broiler, rotisserie, BBQ, skin",Poultry Products,0,0,0,0,0
171525,5724,"Turkey, drumstick, from whole bird, meat only, with added solution, raw",Poultry Products,0,0,0,0,0
171526,5729,"Turkey, wing, from whole bird, meat only, with added solution, raw",Poultry Products,0,0,0,0,0
171527,5730,"Turkey, wing, from whole bird, meat only, with added solution, roasted",Poultry Products,0,0,0,0,0
171528,5732,"Turkey, retail parts, breast, meat and skin, raw",Poultry Products,0,0,0,7,0
171529,5733,"Turkey, retail parts, breast, meat and skin, cooked, roasted",Poultry Products,0,0,0,6,0
171530,5739,"Turkey, drumstick, from whole bird, meat only, roasted",Poultry Products,0,0,0,0,0
171531,5740,"Turkey, thigh, from whole bird, meat only, raw",Poultry Products,0,0,0,0,0
171532,5741,"Turkey, thigh, from whole bird, meat only, roasted",Poultry Products,0,0,0,0,0
171533,5742,"Turkey, retail parts, thigh, meat and skin, raw",Poultry Products,0,0,0,7,0
171534,5747,"Chicken, broiler or fryers, breast, skinless, boneless, meat only, cooked, grilled",Poultry Products,0,0,0,0,0
171535,5748,"Chicken, broiler or fryers, breast, skinless, boneless, meat only, with added solution, cooked, braised",Poultry Products,0,0,0,0,0
171536,5749,"Chicken, broiler or fryers, breast, skinless, boneless, meat only, with added solution, cooked, grilled",Poultry Products,0,0,0,0,0
171537,6001,"Soup, cream of asparagus, canned, condensed","Soups, Sauces, and Gravies",0,256,0,326,13
171538,6008,"Soup, beef broth or bouillon canned, ready-to-serve","Soups, Sauces, and Gravies",0,0,0,0,0
171539,6009,"Soup, beef noodle, canned, condensed","Soups, Sauces, and Gravies",0,120,0,4,8507
171540,6010,"Soup, cream of celery, canned, condensed","Soups, Sauces, and Gravies",0,151,0,155,0
171541,6011,"Soup, cheese, canned, condensed","Soups, Sauces, and Gravies",0,2,0,1,0
171542,6013,"Soup, chicken broth, canned, condensed","Soups, Sauces, and Gravies",0,0,0,0,0
171543,6019,"Soup, chicken noodle, canned, condensed","Soups, Sauces, and Gravies",0,243,0,7,0
171544,6022,"Soup, chicken rice, canned, chunky, ready-to-serve","Soups, Sauces, and Gravies",529,1183,1,96,13
171545,6023,"Soup, chicken with rice, canned, condensed","Soups, Sauces, and Gravies",84,257,0,6,0
171546,6024,"Soup, chicken and vegetable, canned, ready-to-serve","Soups, Sauces, and Gravies",224,512,3,134,70
171547,6030,"Soup, clam chowder, new england, canned, condensed","Soups, Sauces, and Gravies",0,0,0,3,0
171548,6032,"Soup, beef broth bouillon and consomme, canned, condensed","Soups, Sauces, and Gravies",0,0,0,0,0
171550,6039,"Soup, minestrone, canned, chunky, ready-to-serve","Soups, Sauces, and Gravies",370,885,0,45,5963
171551,6045,"Soup, onion, canned, condensed","Soups, Sauces, and Gravies",0,1,0,1,0
171552,6046,"Soup, cream of onion, canned, condensed","Soups, Sauces, and Gravies",0,13,0,10,0
171554,6049,"Soup, pea, green, canned, condensed","Soups, Sauces, and Gravies",0,2,0,0,0
171555,6050,"Soup, pea, split with ham, canned, chunky, ready-to-serve","Soups, Sauces, and Gravies",445,995,0,78,0
171557,6063,"Soup, tomato rice, canned, condensed","Soups, Sauces, and Gravies",0,248,0,3,17183
171559,6067,"Soup, chunky vegetable, canned, ready-to-serve","Soups, Sauces, and Gravies",236,512,0,132,580
171560,6075,"Soup, beef broth or bouillon, powder, dry","Soups, Sauces, and Gravies",0,0,0,0,0
171561,6076,"Soup, beef broth, cubed, dry","Soups, Sauces, and Gravies",0,0,0,0,0
171562,6080,"Soup, chicken broth or bouillon, dry","Soups, Sauces, and Gravies",0,0,0,0,0
171563,6081,"Soup, chicken broth cubes, dry","Soups, Sauces, and Gravies",0,0,0,0,0
171564,6116,"Gravy, beef, canned, ready-to-serve","Soups, Sauces, and Gravies",0,0,0,1,0
171566,6119,"Gravy, chicken, canned or bottled, ready-to-serve","Soups, Sauces, and Gravies",0,0,0,1,0
171568,6125,"Gravy, turkey, canned, ready-to-serve","Soups, Sauces, and Gravies",0,0,0,1,0
171571,6128,"Soup, chicken noodle, dry, mix","Soups, Sauces, and Gravies",4,9,1,43,0
171575,6618,"Sauce, peanut, made from coconut, water, sugar, peanuts","Soups, Sauces, and Gravies",0,0,0,0,0
171576,6619,"SMART SOUP, Santa Fe Corn Chowder","Soups, Sauces, and Gravies",,174,,,
171577,6620,"SMART SOUP, French Lentil","Soups, Sauces, and Gravies",,251,,,
171578,6621,"SMART SOUP, Greek Minestrone","Soups, Sauces, and Gravies",,249,,,
171579,6626,"Sauce, pesto, ready-to-serve, refrigerated","Soups, Sauces, and Gravies",0,919,16,1242,0
171580,6627,"Sauce, pesto, ready-to-serve, shelf stable","Soups, Sauces, and Gravies",0,1075,12,917,0
171581,6628,"Sauce, pesto, BUITONI, pesto with basil, ready-to-serve, refrigerated","Soups, Sauces, and Gravies",0,919,16,1242,0
171582,6629,"Sauce, pesto, CLASSICO, basil pesto, ready-to-serve","Soups, Sauces, and Gravies",0,1151,13,986,0
171583,6700,"Soup, vegetable broth, ready to serve","Soups, Sauces, and Gravies",64,111,0,1,7
171585,6725,"Soup, chicken corn chowder, chunky, ready-to-serve, single brand","Soups, Sauces, and Gravies",,690,,,
171586,6731,"Soup, bean with bacon, condensed, single brand","Soups, Sauces, and Gravies",,110,,,
171587,6956,"Soup, tomato, canned, condensed, reduced sodium","Soups, Sauces, and Gravies",0,235,0,90,10920
171588,6957,"Gravy, brown instant, dry","Soups, Sauces, and Gravies",0,1,0,10,0
171589,6958,"Gravy, instant beef, dry","Soups, Sauces, and Gravies",0,0,0,2,0
171590,6959,"Gravy, instant turkey, dry","Soups, Sauces, and Gravies",0,3,0,6,0
171591,6964,"Soup, tomato, low sodium, with water","Soups, Sauces, and Gravies",0,115,0,44,5345
171592,6965,"Soup, pea, low sodium, prepared with equal volume water","Soups, Sauces, and Gravies",0,1,0,0,0
171593,6966,"Soup, chicken noodle, low sodium, canned, prepared with equal volume water","Soups, Sauces, and Gravies",0,119,0,4,0
171594,6967,"Soup, vegetable soup, condensed, low sodium, prepared with equal volume water","Soups, Sauces, and Gravies",157,437,1,23,6924
171595,6972,"Sauce, tomato chili sauce, bottled, with salt","Soups, Sauces, and Gravies",13,402,0,1,12819
171596,6974,"Soup, vegetable chicken, canned, prepared with water, low sodium","Soups, Sauces, and Gravies",536,1195,8,116,139
171597,6976,"Sauce, pasta, spaghetti/marinara, ready-to-serve, low sodium","Soups, Sauces, and Gravies",0,390,0,190,12665
171598,6977,"Gravy, meat or poultry, low sodium, prepared","Soups, Sauces, and Gravies",0,0,0,1,0
171602,6955,"Soup, cream of chicken, canned, condensed, reduced sodium","Soups, Sauces, and Gravies",94,205,0,7,0
171603,6960,"Sauce, alfredo mix, dry","Soups, Sauces, and Gravies",0,23,0,0,0
171604,6961,"Sauce, peppers, hot, chili, mature red, canned","Soups, Sauces, and Gravies",17,257,19,341,0
171605,6962,"Sauce, chili, peppers, hot, immature green, canned","Soups, Sauces, and Gravies",11,333,25,358,0
171606,6963,Fish broth,"Soups, Sauces, and Gravies",0,0,0,0,0
171607,6968,"Soup, cream of mushroom, low sodium, ready-to-serve, canned","Soups, Sauces, and Gravies",0,1,0,0,0
171608,6969,"Potato soup, instant, dry mix","Soups, Sauces, and Gravies",7,32,0,59,2
171609,6970,"Soup, chicken broth, low sodium, canned","Soups, Sauces, and Gravies",0,0,0,0,0
171610,6971,"Sauce, worcestershire","Soups, Sauces, and Gravies",1,43,3,48,0
171611,6978,"Soup, beef and mushroom, low sodium, chunk style","Soups, Sauces, and Gravies",438,961,0,47,722
171612,6980,"Soup, beef stroganoff, canned, chunky style, ready-to-serve","Soups, Sauces, and Gravies",49,365,1,386,14
171613,6981,"Soup, bouillon cubes and granules, low sodium, dry","Soups, Sauces, and Gravies",70,264,1,272,19
171615,6983,"Soup, ramen noodle, chicken flavor, dry","Soups, Sauces, and Gravies",,,,,0
171617,7004,"Sausage, Berliner, pork, beef",Sausages and Luncheon Meats,0,0,0,0,0
171618,7005,Blood sausage,Sausages and Luncheon Meats,0,0,0,0,0
171619,7006,"Bockwurst, pork, veal, raw",Sausages and Luncheon Meats,0,148,2,108,0
171620,7013,"Bratwurst, pork, cooked",Sausages and Luncheon Meats,0,0,0,0,0
171621,7014,"Braunschweiger (a liver sausage), pork",Sausages and Luncheon Meats,0,0,0,0,0
171622,7015,"Bratwurst, pork, beef, link",Sausages and Luncheon Meats,0,0,0,0,0
171623,7016,"Cheesefurter, cheese smokie, pork, beef",Sausages and Luncheon Meats,0,0,0,0,0
171624,7024,"Frankfurter, chicken",Sausages and Luncheon Meats,0,0,0,0,0
171625,7025,"Frankfurter, turkey",Sausages and Luncheon Meats,0,0,0,0,0
171626,7026,"Ham, chopped, canned",Sausages and Luncheon Meats,0,0,0,0,0
171627,7027,"Ham, chopped, not canned",Sausages and Luncheon Meats,0,0,0,0,0
171628,7032,Ham and cheese loaf or roll,Sausages and Luncheon Meats,0,0,0,0,0
171630,7034,"Headcheese, pork",Sausages and Luncheon Meats,0,0,0,0,0
171631,7036,"Sausage, Italian, pork, mild, raw",Sausages and Luncheon Meats,0,0,0,0,0
171632,7957,"Sausage, pork and turkey, pre-cooked",Sausages and Luncheon Meats,11,11,11,71,11
171633,7963,"Frankfurter, meat and poultry, cooked, boiled",Sausages and Luncheon Meats,0,0,0,0,0
171634,7964,"Frankfurter, meat and poultry, cooked, grilled",Sausages and Luncheon Meats,0,0,0,0,0
171635,7965,"Pork sausage, link/patty, reduced fat, unprepared",Sausages and Luncheon Meats,0,0,0,0,0
171636,7966,"Pork sausage, link/patty, reduced fat, cooked, pan-fried",Sausages and Luncheon Meats,0,0,0,0,0
171637,7971,"Bologna, meat and poultry",Sausages and Luncheon Meats,0,0,0,0,0
171638,7972,"Meatballs, frozen, Italian style",Sausages and Luncheon Meats,0,0,0,0,0
171639,7973,"Bacon, turkey, microwaved",Sausages and Luncheon Meats,0,0,0,0,0
171640,7974,"Bacon, turkey, low sodium",Sausages and Luncheon Meats,0,0,0,0,0
171641,8002,"Cereals ready-to-eat, POST, ALPHA-BITS",Breakfast Cereals,11,16,0,334,0
171642,8010,"Cereals ready-to-eat, QUAKER, CAP'N CRUNCH",Breakfast Cereals,44,67,0,645,0
171643,8011,"Cereals ready-to-eat, QUAKER, CAP'N CRUNCH with CRUNCHBERRIES",Breakfast Cereals,0,89,0,538,0
171644,8012,"Cereals ready-to-eat, QUAKER, CAP'N CRUNCH'S PEANUT BUTTER CRUNCH",Breakfast Cereals,44,68,0,850,0
171645,8034,"Cereals ready-to-eat, POST, FRUITY PEBBLES",Breakfast Cereals,0,0,0,0,0
171646,8037,"Cereals ready-to-eat, granola, homemade",Breakfast Cereals,0,11,0,137,0
171647,8038,"Cereals ready-to-eat, POST, GRAPE-NUTS Cereal",Breakfast Cereals,0,2,0,166,0
171648,8039,"Cereals ready-to-eat, POST, GRAPE-NUTS Flakes",Breakfast Cereals,0,3,0,136,0
171649,8059,"Cereals ready-to-eat, QUAKER, SWEET CRUNCH/QUISP",Breakfast Cereals,28,43,0,727,0
171650,8061,"Cereals ready-to-eat, POST Raisin Bran Cereal",Breakfast Cereals,0,2,0,101,0
171651,8066,"Cereals ready-to-eat, QUAKER, QUAKER Puffed Rice",Breakfast Cereals,0,0,0,0,0
171652,8073,"Cereals ready-to-eat, POST, GOLDEN CRISP",Breakfast Cereals,0,2,0,92,0
171653,8085,"Cereals ready-to-eat, SUN COUNTRY, KRETSCHMER Honey Crunch Wheat Germ",Breakfast Cereals,0,57,0,721,0
171654,8090,"Cereals, corn grits, white, regular and quick, enriched, dry",Breakfast Cereals,0,1,1,5,0
171655,8091,"Cereals, corn grits, white, regular and quick, enriched, cooked with water, without salt",Breakfast Cereals,0,0,0,1,0
171656,8092,"Cereals, QUAKER, corn grits, instant, plain, dry",Breakfast Cereals,0,1,1,5,0
171657,8103,"Cereals, CREAM OF WHEAT, regular (10 minute), cooked with water, without salt",Breakfast Cereals,0,0,0,2,0
171658,8104,"Cereals, farina, enriched, assorted brands including CREAM OF WHEAT, quick (1-3 minutes), dry",Breakfast Cereals,0,0,0,16,0
171660,8106,"Cereals, CREAM OF WHEAT, instant, dry",Breakfast Cereals,0,0,0,16,0
171661,8122,"Cereals, oats, instant, fortified, plain, dry",Breakfast Cereals,0,0,0,0,0
171662,8123,"Cereals, oats, instant, fortified, plain, prepared with water (boiling water added or microwaved)",Breakfast Cereals,0,0,0,0,0
171664,8128,"Cereals, oats, instant, fortified, with cinnamon and spice, dry",Breakfast Cereals,0,1,1,123,0
171665,8142,"Cereals, WHEATENA, dry",Breakfast Cereals,0,13,0,292,0
171667,8144,"Cereals, whole wheat hot natural cereal, dry",Breakfast Cereals,0,0,0,227,0
171668,8145,"Cereals, whole wheat hot natural cereal, cooked with water, without salt",Breakfast Cereals,0,0,0,41,0
171669,8146,"Cereals ready-to-eat, QUAKER, QUAKER Puffed Wheat",Breakfast Cereals,0,0,0,0,0
171670,8160,"Cereals, corn grits, yellow, regular and quick, unenriched, dry",Breakfast Cereals,63,97,0,1355,0
171671,8161,"Cereals, corn grits, white, regular and quick, enriched, cooked with water, with salt",Breakfast Cereals,0,0,0,1,0
171672,8164,"Cereals, corn grits, yellow, regular and quick, enriched, cooked with water, without salt",Breakfast Cereals,0,0,0,197,0
171673,8165,"Cereals, corn grits, yellow, regular, quick, enriched, cooked with water, with salt",Breakfast Cereals,0,0,0,197,0
171674,8177,"Cereals, MALT-O-MEAL, chocolate, dry",Breakfast Cereals,0,0,0,0,0
171675,8180,"Cereals, oats, regular and quick and instant, unenriched, cooked with water (includes boiling and microwaving), with salt",Breakfast Cereals,0,0,0,180,0
171676,8182,"Cereals, WHEATENA, cooked with water, with salt",Breakfast Cereals,0,2,0,45,0
171677,8183,"Cereals, whole wheat hot natural cereal, cooked with water, with salt",Breakfast Cereals,0,0,0,41,0
171687,9002,"Acerola juice, raw",Fruits and Fruit Juices,0,305,0,17,0
171688,9003,"Apples, raw, with skin (Includes foods for USDA's Food Distribution Program)",Fruits and Fruit Juices,0,27,11,29,0
171689,9004,"Apples, raw, without skin",Fruits and Fruit Juices,0,17,13,18,0
171691,9011,"Apples, dried, sulfured, uncooked",Fruits and Fruit Juices,0,0,0,18,0
171692,9012,"Apples, dried, sulfured, stewed, without added sugar",Fruits and Fruit Juices,0,7,6,4,0
171695,9019,"Applesauce, canned, unsweetened, without added ascorbic acid (Includes foods for USDA's Food Distribution Program)",Fruits and Fruit Juices,0,13,9,18,0
171696,9020,"Applesauce, canned, sweetened, without salt",Fruits and Fruit Juices,0,3,2,18,0
171697,9021,"Apricots, raw",Fruits and Fruit Juices,19,1094,104,89,0
171698,9022,"Apricots, canned, water pack, with skin, solids and liquids",Fruits and Fruit Juices,0,1170,11,26,0
171699,9027,"Apricots, canned, heavy syrup pack, with skin, solids and liquids",Fruits and Fruit Juices,0,735,7,26,0
171704,9036,"Apricot nectar, canned, with added ascorbic acid",Fruits and Fruit Juices,3,189,5,6,20
171705,9037,"Avocados, raw, all commercial varieties",Fruits and Fruit Juices,24,62,28,271,0
171706,9038,"Avocados, raw, California",Fruits and Fruit Juices,24,63,27,271,0
171707,9039,"Avocados, raw, Florida",Fruits and Fruit Juices,27,53,36,,
171708,9044,"Cherries, tart, dried, sweetened (Includes foods for USDA's Food Distribution Program)",Fruits and Fruit Juices,0,1697,0,173,0
171709,9046,"Blackberries, canned, heavy syrup, solids and liquids",Fruits and Fruit Juices,0,131,0,79,0
171710,9048,"Blackberries, frozen, unsweetened",Fruits and Fruit Juices,0,68,0,118,0
171711,9050,"Blueberries, raw",Fruits and Fruit Juices,0,32,0,80,0
171713,9057,"Boysenberries, frozen, unsweetened",Fruits and Fruit Juices,0,40,0,118,0
171714,9059,"Breadfruit, raw",Fruits and Fruit Juices,0,0,0,22,0
171715,9060,"Carambola, (starfruit), raw",Fruits and Fruit Juices,24,25,0,66,0
171716,9066,"Cherries, sour, red, canned, heavy syrup pack, solids and liquids",Fruits and Fruit Juices,0,428,0,57,0
171718,9068,"Cherries, sour, red, frozen, unsweetened (Includes foods for USDA's Food Distribution Program)",Fruits and Fruit Juices,0,522,0,61,0
171719,9070,"Cherries, sweet, raw",Fruits and Fruit Juices,0,38,0,85,0
171722,9078,"Cranberries, raw",Fruits and Fruit Juices,0,38,0,91,0
171723,9079,"Cranberries, dried, sweetened (Includes foods for USDA's Food Distribution Program)",Fruits and Fruit Juices,0,27,0,138,0
171724,9085,"Currants, zante, dried",Fruits and Fruit Juices,1,43,1,0,0
171726,9087,"Dates, deglet noor",Fruits and Fruit Juices,0,6,0,75,0
171732,23304,"Beef, Australian, imported, Wagyu, loin, tenderloin steak/roast, boneless, separable lean and fat, Aust. marble score 4/5, raw",Beef Products,0,0,0,0,0
171733,23305,"Beef, Australian, imported, grass-fed, loin, top loin steak/roast, boneless, separable lean and fat, raw",Beef Products,0,0,0,0,0
171734,23306,"Beef, Australian, imported, grass-fed, loin, top sirloin cap-off steak/roast, boneless, separable lean only, raw",Beef Products,0,0,0,0,0
171735,23307,"Beef, Australian, imported, grass-fed, rib, ribeye steak/roast lip-on, boneless, separable lean only, raw",Beef Products,0,0,0,0,0
171736,23312,"Beef, Australian, imported, Wagyu, loin, top loin steak/roast, boneless, separable lean only, Aust. marble score 9, raw",Beef Products,0,0,0,0,0
171737,23313,"Beef, Australian, imported, Wagyu, rib, small end rib steak/roast, boneless, separable lean only, Aust. marble score 4/5, raw",Beef Products,0,0,0,0,0
171738,23314,"Beef, Australian, imported, Wagyu, rib, small end rib steak/roast, boneless, separable lean only, Aust. marble score 9, raw",Beef Products,0,0,0,0,0
171739,23315,"Beef, Australian, imported, grass-fed, loin, top sirloin cap-off steak/roast, boneless, separable lean and fat, raw",Beef Products,0,0,0,0,0
171740,23321,"Beef, Australian, imported, Wagyu, rib, small end rib steak/roast, boneless, separable lean and fat, Aust. marble score 4/5, raw",Beef Products,0,0,0,0,0
171741,23322,"Beef, Australian, imported, Wagyu, rib, small end rib steak/roast, boneless, separable lean and fat, Aust. marble score 9, raw",Beef Products,0,0,0,0,0
171742,23323,"Beef, Australian, imported, Wagyu, loin, tenderloin steak/roast, boneless, separable lean and fat, Aust. marble score 9, raw",Beef Products,0,0,0,0,0
171743,23324,"Beef, round, top round steak, boneless, separable lean and fat, trimmed to 0"" fat, all grades, raw",Beef Products,0,0,0,0,0
171744,23329,"Beef, round, top round roast, boneless, separable lean and fat, trimmed to 0"" fat, select, raw",Beef Products,0,0,0,0,0
171745,23330,"Beef, round, eye of round roast, boneless, separable lean and fat, trimmed to 0"" fat, all grades, raw",Beef Products,0,0,0,0,0
171746,23331,"Beef, round, eye of round roast, boneless, separable lean and fat, trimmed to 0"" fat, choice, raw",Beef Products,0,0,0,0,0
171747,23332,"Beef, round, eye of round roast, boneless, separable lean and fat, trimmed to 0"" fat, select, raw",Beef Products,0,0,0,0,0
171748,23337,"Beef, loin, tenderloin roast, boneless, separable lean and fat, trimmed to 0"" fat, choice, raw",Beef Products,0,0,0,0,0
171749,23338,"Beef, loin, tenderloin roast, boneless, separable lean and fat, trimmed to 0"" fat, select, raw",Beef Products,0,0,0,0,0
171750,23339,"Beef, loin, top loin steak, boneless, lip off, separable lean and fat, trimmed to 0"" fat, all grades, raw",Beef Products,0,0,0,0,0
171751,23340,"Beef, loin, top loin steak, boneless, lip off, separable lean and fat, trimmed to 0"" fat, choice, raw",Beef Products,0,0,0,0,0
171752,23341,"Beef, loin, top loin steak, boneless, lip off, separable lean and fat, trimmed to 0"" fat, select, raw",Beef Products,0,0,0,0,0
171753,23346,"Beef, loin, tenderloin roast, boneless, separable lean and fat, trimmed to 0"" fat, choice, cooked, roasted",Beef Products,0,0,0,0,0
171754,23347,"Beef, loin, tenderloin roast, boneless, separable lean and fat, trimmed to 0"" fat, select, cooked, roasted",Beef Products,0,0,0,0,0
171755,23348,"Beef, round, top round roast, boneless, separable lean and fat, trimmed to 0"" fat, all grades, cooked, roasted",Beef Products,0,0,0,0,0
171756,23349,"Beef, round, top round roast, boneless, separable lean and fat, trimmed to 0"" fat, choice, cooked, roasted",Beef Products,0,0,0,0,0
171757,23354,"Beef, round, top round steak, boneless, separable lean only, trimmed to 0"" fat, all grades, raw",Beef Products,0,0,0,0,0
171758,23355,"Beef, round, top round steak, boneless, separable lean only, trimmed to 0"" fat, choice, raw",Beef Products,0,0,0,0,0
171759,23356,"Beef, round, top round steak, boneless, separable lean only, trimmed to 0"" fat, select, raw",Beef Products,0,0,0,0,0
171760,23357,"Beef, round, top round roast, boneless, separable lean only, trimmed to 0"" fat, all grades, raw",Beef Products,0,0,0,0,0
171761,23362,"Beef, round, eye of round roast, boneless, separable lean only, trimmed to 0"" fat, select, raw",Beef Products,0,0,0,0,0
171762,23363,"Beef, round, eye of round steak, boneless, separable lean only, trimmed to 0"" fat, all grades, raw",Beef Products,0,0,0,0,0
171763,23364,"Beef, round, eye of round steak, boneless, separable lean only, trimmed to 0"" fat, choice, raw",Beef Products,0,0,0,0,0
171764,23365,"Beef, round, eye of round steak, boneless, separable lean only, trimmed to 0"" fat, select, raw",Beef Products,0,0,0,0,0
171765,23366,"Beef, loin, tenderloin roast, boneless, separable lean only, trimmed to 0"" fat, all grades, raw",Beef Products,0,0,0,0,0
171766,23371,"Beef, loin, top loin steak, boneless, lip off, separable lean only, trimmed to 0"" fat, select, raw",Beef Products,0,0,0,0,0
171767,23372,"Beef, loin, tenderloin steak, boneless, separable lean only, trimmed to 0"" fat, all grades, raw",Beef Products,0,0,0,0,0
171768,23373,"Beef, loin, tenderloin steak, boneless, separable lean only, trimmed to 0"" fat, choice, raw",Beef Products,0,,0,0,0
171769,23374,"Beef, loin, tenderloin steak, boneless, separable lean only, trimmed to 0"" fat, select, raw",Beef Products,0,0,0,0,0
171770,23379,"Beef, round, top round roast, boneless, separable lean only, trimmed to 0"" fat, choice, cooked, roasted",Beef Products,0,0,0,0,0
171771,23380,"Beef, round, top round roast, boneless, separable lean only, trimmed to 0"" fat, select, cooked, roasted",Beef Products,0,0,0,0,0
171772,23381,"Beef, round, eye of round steak, boneless, separable lean only, trimmed to 0"" fat, all grades, cooked, grilled",Beef Products,0,0,0,0,0
171773,23382,"Beef, round, eye of round steak, boneless, separable lean only, trimmed to 0"" fat, choice, cooked, grilled",Beef Products,0,0,0,0,0
171774,23387,"Beef, loin, top loin steak, boneless, lip-on, separable lean and fat, trimmed to 1/8"" fat, select, raw",Beef Products,0,0,0,0,0
171775,23388,"Beef, loin, top loin steak, boneless, lip-on, separable lean and fat, trimmed to 1/8"" fat, all grades, raw",Beef Products,0,0,0,0,0
171776,23496,"Beef, composite of trimmed retail cuts, separable lean only, trimmed to 0"" fat, select, raw",Beef Products,0,0,0,0,0
171777,23497,"Beef, composite of trimmed retail cuts, separable lean and fat, trimmed to 0"" fat, select, raw",Beef Products,0,0,0,0,0
171778,23498,"Beef, composite of trimmed retail cuts, separable lean only, trimmed to 1/8"" fat, select, cooked",Beef Products,0,0,0,0,0
171779,23499,"Beef, composite of trimmed retail cuts, separable lean only, trimmed to 1/8"" fat, select, raw",Beef Products,0,0,0,0,0
171780,23515,"Beef, chuck, clod roast, separable lean only, trimmed to 1/4"" fat, all grades, cooked, roasted",Beef Products,0,0,0,0,0
171781,23516,"Beef, shoulder steak, boneless, separable lean only, trimmed to 0"" fat, all grades, cooked, grilled",Beef Products,0,0,0,0,0
171782,23517,"Beef, chuck, clod steak, separable lean only, trimmed to 1/4"" fat, all grades, cooked, braised",Beef Products,0,0,0,0,0
171783,23519,"Beef, chuck, mock tender steak, separable lean and fat, trimmed to 0"" fat, USDA choice, cooked, broiled",Beef Products,0,0,0,0,0
171784,23531,"Beef, chuck, clod roast, separable lean and fat, trimmed to 0"" fat, select, cooked, roasted",Beef Products,0,0,0,0,0
171785,23533,"Beef, shoulder steak, boneless, separable lean and fat, trimmed to 0"" fat, choice, cooked, grilled",Beef Products,0,0,0,0,0
171786,23536,"Beef, shoulder steak, boneless, separable lean and fat, trimmed to 0"" fat, select, cooked, grilled",Beef Products,0,0,0,0,0
171787,23540,"Beef, plate, inside skirt steak, separable lean and fat, trimmed to 0"" fat, all grades, cooked, broiled",Beef Products,0,0,0,0,0
171788,23541,"Beef, plate, outside skirt steak, separable lean and fat, trimmed to 0"" fat, all grades, cooked, broiled",Beef Products,0,0,0,0,0
171789,23554,"Beef, shoulder steak, boneless, separable lean and fat, trimmed to 0"" fat, all grades, cooked, grilled",Beef Products,0,0,0,0,0
171790,23557,"Beef, ground, 95% lean meat / 5% fat, raw",Beef Products,0,0,0,0,0
171791,23558,"Beef, ground, 95% lean meat / 5% fat, patty, cooked, broiled",Beef Products,0,0,0,0,0
171792,23559,"Beef, ground, 95% lean meat / 5% fat, patty, cooked, pan-broiled",Beef Products,0,0,0,0,0
171793,23564,"Beef, ground, 90% lean meat / 10% fat, patty, cooked, pan-broiled",Beef Products,0,0,0,0,0
171794,23565,"Beef, ground, 90% lean meat / 10% fat, crumbles, cooked, pan-browned",Beef Products,0,0,0,0,0
171795,23566,"Beef, ground, 90% lean meat / 10% fat, loaf, cooked, baked",Beef Products,0,0,0,0,0
171796,23567,"Beef, ground, 85% lean meat / 15% fat, raw (Includes foods for USDA's Food Distribution Program)",Beef Products,0,0,0,0,0
171797,23573,"Beef, ground, 80% lean meat / 20% fat, patty, cooked, broiled",Beef Products,0,0,0,0,0
171798,23574,"Beef, ground, 80% lean meat / 20% fat, patty, cooked, pan-broiled",Beef Products,0,0,0,0,0
171799,23575,"Beef, ground, 80% lean meat / 20% fat, crumbles, cooked, pan-browned",Beef Products,0,0,0,0,0
171800,23576,"Beef, ground, 80% lean meat / 20% fat, loaf, cooked, baked",Beef Products,0,0,0,0,0
171801,23581,"Beef, ground, 75% lean meat / 25% fat, loaf, cooked, baked",Beef Products,0,0,0,0,0
171802,23582,"Beef, rib, small end (ribs 10-12), separable lean only, trimmed to 1/8"" fat, select, raw",Beef Products,0,0,0,0,0
171803,23583,"Beef, tenderloin, steak, separable lean only, trimmed to 1/8"" fat, select, raw",Beef Products,0,0,0,0,0
171804,23584,"Beef, top sirloin, steak, separable lean only, trimmed to 1/8"" fat, select, raw",Beef Products,0,0,0,0,0
171805,23589,"Beef, short loin, top loin, steak, separable lean only, trimmed to 1/8"" fat, select, cooked, grilled",Beef Products,0,0,0,0,0
171806,23590,"Beef, round, bottom round , roast, separable lean only, trimmed to 1/8"" fat, select, cooked, roasted",Beef Products,0,0,0,0,0
171807,23591,"Beef, round, eye of round, roast, separable lean only, trimmed to 1/8"" fat, select, cooked, roasted",Beef Products,0,0,0,0,0
171808,23592,"Beef, round, top round, steak, separable lean only, trimmed to 1/8"" fat, select, cooked, broiled",Beef Products,0,0,0,0,0
171809,23598,"Beef, round, eye of round, roast, separable lean only, trimmed to 1/8"" fat, all grades, cooked, roasted",Beef Products,0,0,0,0,0
171810,23599,"Beef, rib, small end (ribs 10-12), separable lean only, trimmed to 1/8"" fat, all grades, raw",Beef Products,0,0,0,0,0
171811,23600,"Beef, tenderloin, steak, separable lean only, trimmed to 1/8"" fat, all grades, cooked, broiled",Beef Products,0,0,0,0,0
171812,23601,"Beef, tenderloin, steak, separable lean only, trimmed to 1/8"" fat, all grades, raw",Beef Products,0,0,0,0,0
171813,23606,"Beef, short loin, top loin, steak, separable lean only, trimmed to 1/8"" fat, all grades, cooked, broiled",Beef Products,0,0,0,0,0
171814,23607,"Beef, short loin, top loin steak, separable lean only, trimmed to 1/8"" fat, all grades, raw",Beef Products,0,0,0,0,0
171815,23608,"Beef, round, top round, steak, separable lean only, trimmed to 1/8"" fat, all grades, cooked, broiled",Beef Products,0,0,0,0,0
171816,23609,"Beef, round, top round, steak, separable lean only, trimmed to 1/8"" fat, all grades, raw",Beef Products,0,0,0,0,0
171817,23614,"Beef, chuck, arm pot roast, separable lean only, trimmed to 1/8"" fat, choice, cooked, braised",Beef Products,0,0,0,0,0
171818,23615,"Beef, brisket, flat half, separable lean only, trimmed to 1/8"" fat, choice, cooked, braised",Beef Products,0,0,0,0,0
171819,23616,"Beef, round, eye of round, roast, separable lean only, trimmed to 1/8"" fat, choice, raw",Beef Products,0,0,0,0,0
171820,23617,"Beef, round, top round, steak, separable lean only, trimmed to 1/8"" fat, choice, raw",Beef Products,0,0,0,0,0
171821,27002,"Soup, wonton, Chinese restaurant","Soups, Sauces, and Gravies",0,6,0,12,0
171822,27035,"Soup, ramen noodle, dry, any flavor, reduced fat, reduced sodium","Soups, Sauces, and Gravies",0,1,0,16,0
171823,27046,"Sauce, duck, ready-to-serve","Soups, Sauces, and Gravies",0,100,0,1,0
171824,27047,"Sauce, salsa, verde, ready-to-serve","Soups, Sauces, and Gravies",10,123,5,422,0
171825,27048,"Sauce, steak, tomato based","Soups, Sauces, and Gravies",0,177,0,0,12564
171826,27049,"Sauce, tartar, ready-to-serve","Soups, Sauces, and Gravies",15,67,35,55,0
171827,27055,"Sauce, barbecue, SWEET BABY RAY'S, original","Soups, Sauces, and Gravies",0,164,0,129,7343
171828,27056,"Sauce, barbecue, BULL'S-EYE, original","Soups, Sauces, and Gravies",0,190,5,100,4573
171829,27057,"Sauce, barbecue, KC MASTERPIECE, original","Soups, Sauces, and Gravies",0,164,5,99,4494
171830,27058,"Sauce, barbecue, OPEN PIT, original","Soups, Sauces, and Gravies",0,17,0,19,460
171831,27064,Wasabi,"Soups, Sauces, and Gravies",0,2,0,5,0
171832,27065,"Dip, bean, original flavor","Soups, Sauces, and Gravies",0,0,0,0,0
171833,27066,"Sauce, horseradish","Soups, Sauces, and Gravies",2,4,2,51,0
171835,28289,"Cookie, vanilla with caramel, coconut, and chocolate coating",Baked Products,0,1,0,10,0
171836,28290,"Cookie, with peanut butter filling, chocolate-coated",Baked Products,0,0,0,8,0
171837,28291,"Cookies, animal, with frosting or icing",Baked Products,0,0,0,6,0
171838,28292,"Crackers, multigrain",Baked Products,1,2,0,73,0
171839,28297,"Cake, snack cakes, not chocolate, with icing or filling, low-fat, with added fiber",Baked Products,0,0,0,9,0
171840,28298,"Cookies, brownies, commercially prepared, reduced fat, with added fiber",Baked Products,0,0,0,7,0
171841,28299,"Cookies, chocolate sandwich, with creme filling, reduced fat",Baked Products,0,0,0,30,0
171842,28300,"Cookies, oatmeal sandwich, with creme filling",Baked Products,0,0,0,6,0
171843,28301,"Cookies, peanut butter, commercially prepared, sugar free",Baked Products,0,0,0,31,0
171846,28308,"Crackers, standard snack-type, with whole wheat",Baked Products,0,4,0,180,0
171847,28309,"Cookies, coconut macaroon",Baked Products,0,0,0,0,0
171848,28314,"Crackers, sandwich-type, peanut butter filled, reduced fat",Baked Products,0,0,0,10,0
171849,28315,"Bread, cinnamon",Baked Products,0,2,2,26,0
171850,28316,"Bread, wheat, sprouted",Baked Products,0,3,0,104,0
171851,28317,"Bread, wheat, sprouted, toasted",Baked Products,0,3,0,107,0
171852,28322,"Bagels, multigrain",Baked Products,0,1,0,80,0
171853,28324,"Pancakes, whole wheat, dry mix, incomplete",Baked Products,0,3,0,108,0
171854,28325,"Crackers, toast thins, low sodium",Baked Products,0,4,0,164,0
171855,28326,"Crackers, whole grain, sandwich-type, with peanut butter filling",Baked Products,0,2,0,79,0
171856,28327,"Crackers, water biscuits",Baked Products,0,0,0,17,0
171857,28332,"Cookies, gluten-free, chocolate sandwich, with creme filling",Baked Products,0,0,0,3,0
171862,28341,"Rolls, gluten-free, white, made with rice flour, rice starch, and corn starch",Baked Products,0,0,0,0,0
171865,28349,"Cookies, oatmeal, reduced fat",Baked Products,0,68,0,25,0
171866,28350,"Cookies, chocolate cream covered biscuit sticks",Baked Products,0,1,0,7,0
171867,28351,"Cookies, Marie biscuit",Baked Products,0,0,0,12,0
171868,28352,"Cookies, vanilla sandwich with creme filling, reduced fat",Baked Products,0,0,0,40,0
171869,14155,"Beverages, carbonated, tonic water",Beverages,0,0,0,0,0
171870,14156,"Beverages, Energy drink, RED BULL, sugar free, with added caffeine, niacin, pantothenic acid, vitamins B6 and B12",Beverages,0,0,0,0,0
171871,14157,"Beverages, carbonated, root beer",Beverages,0,0,0,0,0
171873,14163,"Beverages, chocolate drink, milk and soy based, ready to drink, fortified",Beverages,0,1,0,0,0
171874,14164,"Beverages, chocolate malt powder, prepared with 1% milk, fortified",Beverages,0,0,0,0,0
171875,14165,"Beverages, carbonated, limeade, high caffeine",Beverages,0,0,0,0,0
171876,14166,"Beverages, carbonated, low calorie, cola or pepper-types, with sodium saccharin, contains caffeine",Beverages,0,0,0,0,0
171877,14173,"Beverages, coffee, ready to drink, vanilla, light, milk based, sweetened",Beverages,0,0,0,0,0
171878,14174,"Beverages, Lemonade fruit juice drink light, fortified with vitamin E and C",Beverages,0,0,0,0,0
171879,14177,"Beverages, chocolate-flavor beverage mix, powder, prepared with whole milk",Beverages,0,5,0,0,0
171880,14179,"Beverages, coffee, ready to drink, milk based, sweetened",Beverages,0,0,0,0,0
171881,14180,"Beverages, coffee, brewed, breakfast blend",Beverages,0,0,0,0,0
171882,14187,"Beverages, Clam and tomato juice, canned",Beverages,0,89,0,20,2982
171883,14188,"Beverages, tea, green, ready to drink, ginseng and honey, sweetened",Beverages,0,0,0,0,0
171884,14189,"Beverages, The COCA-COLA company, Minute Maid, Lemonade",Beverages,0,0,0,0,0
171885,14190,"Beverages, tea, green, ready-to-drink, diet",Beverages,0,0,0,0,0
171886,14196,"Beverages, Cocoa mix, no sugar added, powder",Beverages,0,1,0,9,0
171888,14199,"Beverages, tea, black, ready-to-drink, lemon, sweetened",Beverages,0,0,0,0,0
171889,14201,"Beverages, coffee, brewed, prepared with tap water, decaffeinated",Beverages,0,0,0,0,0
171890,14209,"Beverages, coffee, brewed, prepared with tap water",Beverages,0,0,0,0,0
171891,14210,"Beverages, coffee, brewed, espresso, restaurant-prepared",Beverages,0,0,0,0,0
171892,14211,"Beverages, tea, black, ready-to-drink, lemon, diet",Beverages,0,0,0,0,0
171893,14214,"Beverages, coffee, instant, regular, powder",Beverages,0,0,0,0,0
171894,14219,"Beverages, coffee, instant, decaffeinated, prepared with water",Beverages,0,0,0,0,0
171895,14220,"Beverages, OCEAN SPRAY, Cranberry-Apple Juice Drink, bottled",Beverages,0,14,0,19,0
171896,14221,"Beverages, OCEAN SPRAY, Diet Cranberry Juice",Beverages,0,15,0,0,0
171899,14233,"Beverages, OCEAN SPRAY, Cran Raspberry Juice Drink",Beverages,0,15,0,19,0
171900,14234,"Beverages, OCEAN SPRAY, Cran Lemonade",Beverages,0,15,0,19,0
171901,14235,"Beverages, OCEAN SPRAY, Diet Cran Cherry",Beverages,0,15,0,0,0
171903,14242,"Cranberry juice cocktail, bottled",Beverages,0,5,0,13,0
171904,14243,"Cranberry juice cocktail, bottled, low calorie, with calcium, saccharin and corn sweetener",Beverages,0,1,0,3,0
171905,14245,"Beverages, Eggnog-flavor mix, powder, prepared with whole milk",Beverages,0,5,0,2,0
171906,14251,"Alcoholic beverages, beer, higher alcohol",Beverages,0,0,0,0,0
171907,14252,"Beverages, Malt liquor beverage",Beverages,0,0,0,0,0
171908,14253,"Alcoholic beverages, wine, rose",Beverages,0,0,0,0,0
171909,14255,"Beverages, OCEAN SPRAY, Cran Pomegranate",Beverages,0,14,0,0,0
171910,14260,"Beverages, tea, green, brewed, decaffeinated",Beverages,0,0,0,0,0
171911,14261,"Beverages, tea, green, ready to drink, unsweetened",Beverages,0,0,0,0,0
171912,14262,"Beverages, citrus fruit juice drink, frozen concentrate",Beverages,6,27,97,93,0
171913,14263,"Beverages, citrus fruit juice drink, frozen concentrate, prepared with water",Beverages,2,8,28,27,0
171914,14264,"Beverages, fruit punch drink, without added nutrients, canned",Beverages,0,0,0,0,0
171915,14276,"Beverages, Tropical Punch, ready-to-drink",Beverages,0,0,0,0,0
171916,14277,"Beverages, grape drink, canned",Beverages,0,0,0,4,0
171917,14278,"Beverages, tea, green, brewed, regular",Beverages,0,0,0,0,0
171919,14550,"Alcoholic beverage, distilled, all (gin, rum, vodka, whiskey) 86 proof",Beverages,0,0,0,0,0
171920,14551,"Alcoholic beverage, distilled, all (gin, rum, vodka, whiskey) 90 proof",Beverages,0,0,0,0,0
171921,14552,"Carbonated beverage, chocolate-flavored soda",Beverages,0,0,0,0,0
171923,14599,"Beverages, Powerade Zero Ion4, calorie-free, assorted flavors",Beverages,0,0,0,0,0
171926,14604,"Water, non-carbonated, bottles, natural fruit flavors, sweetened with low calorie sweetener",Beverages,0,0,0,0,0
171935,14627,"Beverages, Energy Drink, Monster, fortified with vitamins C, B2, B3, B6, B12",Beverages,0,0,0,0,0
171936,14628,"Beverages, Energy drink, AMP, sugar free",Beverages,0,0,0,0,0
171937,14629,"Beverages, Energy drink, ROCKSTAR",Beverages,0,0,0,0,0
171938,14630,"Beverages, Energy drink, ROCKSTAR, sugar free",Beverages,0,0,0,0,0
171940,14637,"Water, with corn syrup and/or sugar and low calorie sweetener, fruit flavored",Beverages,0,0,0,0,0
171942,14639,"Beverages, rice milk, unsweetened",Beverages,0,0,0,0,0
171943,14640,"Beverages, Energy drink, VAULT, citrus flavor",Beverages,0,0,0,0,0
171944,14647,"Beverages, Fruit flavored drink, reduced sugar, greater than 3% fruit juice, high vitamin C, added calcium",Beverages,0,0,3,2,0
171945,14648,"Beverages, fruit juice drink, greater than 3% fruit juice, high vitamin C and added thiamin",Beverages,0,0,0,16,0
171946,14649,"Beverages, tea, hibiscus, brewed",Beverages,0,0,0,0,0
171947,14651,"Beverages, fruit juice drink, greater than 3% juice, high vitamin C",Beverages,0,0,0,16,0
171952,15008,"Fish, carp, raw",Finfish and Shellfish Products,0,0,0,0,0
171954,15014,"Fish, cisco, smoked",Finfish and Shellfish Products,0,0,0,0,0
171955,15015,"Fish, cod, Atlantic, raw",Finfish and Shellfish Products,0,0,0,0,0
171956,15016,"Fish, cod, Atlantic, cooked, dry heat",Finfish and Shellfish Products,0,0,0,0,0
171964,15033,"Fish, haddock, raw",Finfish and Shellfish Products,0,0,0,0,0
171965,15038,"Fish, halibut, Greenland, raw",Finfish and Shellfish Products,0,0,0,0,0
171966,15141,"Crustaceans, crab, blue, canned",Finfish and Shellfish Products,0,0,0,0,0
171971,15151,"Crustaceans, shrimp, mixed species, cooked, moist heat (may contain additives to retain moisture)",Finfish and Shellfish Products,0,0,0,0,0
171972,15152,"Crustaceans, shrimp, mixed species, canned",Finfish and Shellfish Products,0,0,0,0,0
171976,15160,"Mollusks, clam, mixed species, canned, drained solids",Finfish and Shellfish Products,0,0,0,0,0
171977,15162,"Mollusks, clam, mixed species, canned, liquid",Finfish and Shellfish Products,0,0,0,0,0
171978,15167,"Mollusks, oyster, eastern, wild, raw",Finfish and Shellfish Products,0,0,0,0,0
171980,15169,"Mollusks, oyster, eastern, wild, cooked, moist heat",Finfish and Shellfish Products,0,0,0,0,0
171981,15170,"Mollusks, oyster, eastern, canned",Finfish and Shellfish Products,0,0,0,0,0
171983,15177,"Mollusks, whelk, unspecified, raw",Finfish and Shellfish Products,0,0,0,0,0
171990,15192,"Fish, cod, Pacific, cooked, dry heat (may contain additives to retain moisture)",Finfish and Shellfish Products,0,0,0,0,0
171994,15201,"Fish, mackerel, Pacific and jack, mixed species, cooked, dry heat",Finfish and Shellfish Products,0,0,0,0,0
172001,15212,"Fish, salmon, pink, cooked, dry heat",Finfish and Shellfish Products,0,0,0,0,0
172006,15221,"Fish, tuna, yellowfin, fresh, cooked, dry heat",Finfish and Shellfish Products,0,0,0,0,0
172011,7002,"Beerwurst, beer salami, pork and beef",Sausages and Luncheon Meats,0,0,0,0,0
172012,7007,"Bologna, beef",Sausages and Luncheon Meats,6,11,11,0,11
172013,7008,"Bologna, beef and pork",Sausages and Luncheon Meats,0,0,0,0,0
172015,20522,"Cornmeal, degermed, unenriched, white",Cereal Grains and Pasta,0,1,1,5,0
172016,20623,"Wheat flour, white (industrial), 9% protein, bleached, enriched",Cereal Grains and Pasta,0,0,0,18,0
172017,20624,"Wheat flour, white (industrial), 9% protein, bleached, unenriched",Cereal Grains and Pasta,0,0,0,18,0
172018,20628,"Wheat flour, white (industrial), 10% protein, bleached, enriched",Cereal Grains and Pasta,0,0,0,18,0
172019,20629,"Wheat flour, white (industrial), 10% protein, bleached, unenriched",Cereal Grains and Pasta,0,0,0,18,0
172020,20641,"Wheat flour, white (industrial), 13% protein, bleached, unenriched",Cereal Grains and Pasta,0,0,0,18,0
172021,20645,"Wheat flour, white (industrial), 15% protein, bleached, enriched",Cereal Grains and Pasta,0,0,0,18,0
172022,20646,"Wheat flour, white (industrial), 15% protein, bleached, unenriched",Cereal Grains and Pasta,0,0,0,18,0
172026,20654,"Pasta, gluten-free, brown rice flour, cooked, TINKYADA",Cereal Grains and Pasta,0,0,0,0,0
172027,20655,"Pasta, gluten-free, corn flour and quinoa flour, cooked, ANCIENT HARVEST",Cereal Grains and Pasta,0,3,6,131,0
172028,21005,"Fast Foods, biscuit, with egg and sausage",Fast Foods,0,42,2,87,0
172029,21007,"Fast foods, biscuit, with egg, cheese, and bacon",Fast Foods,0,23,6,270,0
172030,21008,"Fast foods, biscuit, with ham",Fast Foods,0,20,0,5,0
172031,21009,"Fast foods, biscuit, with sausage",Fast Foods,0,8,0,6,0
172032,21020,"Fast foods, english muffin, with cheese and sausage",Fast Foods,0,22,0,22,0
172033,21021,"Fast foods, english muffin, with egg, cheese, and canadian bacon",Fast Foods,0,12,3,140,0
172034,21022,"Fast foods, english muffin, with egg, cheese, and sausage",Fast Foods,0,24,7,280,0
172035,21024,"Fast foods, french toast sticks",Fast Foods,0,3,0,4,0
172037,21059,"Fast foods, shrimp, breaded and fried",Fast Foods,0,1,0,10,0
172039,21061,"Fast foods, burrito, with beans and cheese",Fast Foods,0,24,0,5,943
172040,21271,"PIZZA HUT 12"" Cheese Pizza, Hand-Tossed Crust",Fast Foods,0,116,0,69,2310
172055,21304,"Fast Food, Pizza Chain, 14"" pizza, meat and vegetable topping, regular crust",Fast Foods,0,81,0,26,1689
172056,21305,"Fast foods, griddle cake sandwich, egg, cheese, and sausage",Fast Foods,0,15,2,81,0
172057,21306,"Fast foods, griddle cake sandwich, sausage",Fast Foods,0,0,0,28,0
172058,21307,"Fast foods, griddle cake sandwich, egg, cheese, and bacon",Fast Foods,0,16,2,94,0
172063,21340,"McDONALD'S, Sausage Burrito",Fast Foods,3,149,5,204,78
172078,21387,"BURGER KING, Hash Brown Rounds",Fast Foods,1,1,0,21,0
172080,21389,"Fast foods, hamburger; double, large patty; with condiments, vegetables and mayonnaise",Fast Foods,6,62,2,31,806
172081,21397,"Fast foods, cheeseburger; single, large patty; with condiments, vegetables and mayonnaise",Fast Foods,0,64,2,41,208
172082,21398,"Fast foods, cheeseburger; single, large patty; with condiments",Fast Foods,1,47,2,17,810
172083,21399,"Fast Foods, cheeseburger; double, large patty; with condiments, vegetables and mayonnaise",Fast Foods,4,49,1,42,77
172084,21400,"Fast foods, cheeseburger; double, regular patty; double decker bun with condiments and special sauce",Fast Foods,1,59,2,50,0
172085,21413,"Light Ice Cream, soft serve, blended with cookie pieces",Fast Foods,0,5,0,0,0
172089,22401,"Spaghetti with meat sauce, frozen entree","Meals, Entrees, and Side Dishes",0,104,0,7,3200
172090,22402,"Beef macaroni with tomato sauce, frozen entree, reduced fat","Meals, Entrees, and Side Dishes",1,91,0,5,5196
172091,22522,"Pasta with Sliced Franks in Tomato Sauce, canned entree","Meals, Entrees, and Side Dishes",0,110,1,5,7506
172092,22528,"Turkey Pot Pie, frozen entree","Meals, Entrees, and Side Dishes",,1060,,,
172094,22901,"Tortellini, pasta with cheese filling, fresh-refrigerated, as purchased","Meals, Entrees, and Side Dishes",0,11,1,32,0
172095,22902,"Pizza, meat topping, thick crust, frozen, cooked",Fast Foods,0,93,0,23,1937
172096,22903,"Pizza, pepperoni topping, regular crust, frozen, cooked",Fast Foods,0,0,0,26,2157
172097,22904,"Chili con carne with beans, canned entree","Meals, Entrees, and Side Dishes",9,233,85,151,663
172098,22911,"Chili, no beans, canned entree","Meals, Entrees, and Side Dishes",19,138,30,16,248
172099,22912,"Spaghetti, with meatballs in tomato sauce, canned","Meals, Entrees, and Side Dishes",15,141,0,78,3453
172100,22914,"Pasta with tomato sauce, no meat, canned","Meals, Entrees, and Side Dishes",14,407,0,92,2678
172102,22928,"Burrito, beef and bean, microwaved","Meals, Entrees, and Side Dishes",0,144,25,64,3128
172103,22953,"Egg rolls, pork, refrigerated, heated","Meals, Entrees, and Side Dishes",1674,3845,0,454,0
172104,22954,"Egg rolls, chicken, refrigerated, heated","Meals, Entrees, and Side Dishes",223,524,0,73,0
172105,22955,"Egg rolls, vegetable, frozen, prepared","Meals, Entrees, and Side Dishes",179,494,0,149,10
172106,22956,"Lasagna, Vegetable, frozen, baked","Meals, Entrees, and Side Dishes",90,256,5,101,0
172107,22961,"HOT POCKETS, meatballs & mozzarella stuffed sandwich, frozen","Meals, Entrees, and Side Dishes",0,141,9,130,1743
172108,22962,"LEAN POCKETS, Ham N Cheddar","Meals, Entrees, and Side Dishes",0,0,0,115,0
172109,22963,"Lean Pockets, Meatballs & Mozzarella","Meals, Entrees, and Side Dishes",0,92,10,153,2174
172110,22969,"Chili with beans, microwavable bowls","Meals, Entrees, and Side Dishes",14,228,73,126,1523
172111,22974,"Chicken, nuggets, dark and white meat, precooked, frozen, not reheated","Meals, Entrees, and Side Dishes",0,48,25,85,0
172112,22975,"Chicken, nuggets, white meat, precooked, frozen, not reheated","Meals, Entrees, and Side Dishes",0,0,0,0,0
172113,22976,"Ravioli, cheese with tomato sauce, frozen, not prepared, includes regular and light entrees","Meals, Entrees, and Side Dishes",0,262,0,293,2966
172114,22977,"Lasagna with meat sauce, frozen, prepared","Meals, Entrees, and Side Dishes",8,210,3,176,3592
172115,23002,"Beef, short loin, porterhouse steak, separable lean and fat, trimmed to 1/8"" fat, all grades, cooked, grilled",Beef Products,0,0,0,0,0
172116,23003,"Beef, short loin, porterhouse steak, separable lean and fat, trimmed to 1/8"" fat, select, raw",Beef Products,0,0,0,0,0
172117,23004,"Beef, short loin, porterhouse steak, separable lean and fat, trimmed to 1/8"" fat, select, cooked, grilled",Beef Products,0,0,0,0,0
172118,23005,"Beef, short loin, t-bone steak, separable lean and fat, trimmed to 1/8"" fat, all grades, raw",Beef Products,0,0,0,0,0
172119,23031,"Beef, round, knuckle, tip side, steak, separable lean and fat, trimmed to 0"" fat, choice, cooked, grilled",Beef Products,0,0,0,0,0
172120,23032,"Beef, round, knuckle, tip side, steak, separable lean and fat , trimmed to 0"" fat, select, raw",Beef Products,0,0,0,0,0
172121,23033,"Beef, round, knuckle, tip side, steak, separable lean and fat, trimmed to 0"" fat, select, cooked, grilled",Beef Products,0,0,0,0,0
172122,23034,"Beef, chuck, shoulder clod, shoulder tender, medallion, separable lean and fat, trimmed to 0"" fat, choice, raw",Beef Products,0,0,0,0,0
172123,23039,"Beef, chuck, shoulder clod, shoulder top and center steaks, separable lean and fat, trimmed to 0"" fat, select, raw",Beef Products,0,0,0,0,0
172124,23040,"Beef, chuck, shoulder clod, shoulder top and center steaks, separable lean and fat, trimmed to 0"" fat, select, cooked, grilled",Beef Products,0,0,0,0,0
172125,23041,"Beef, chuck, shoulder clod, top blade, steak, separable lean and fat, trimmed to 0"" fat, choice, raw",Beef Products,0,0,0,0,0
172126,23042,"Beef, chuck, shoulder clod, top blade, steak, separable lean and fat, trimmed to 0"" fat, choice, cooked, grilled",Beef Products,0,0,0,0,0
172127,23048,"Beef, round, knuckle, tip center, steak, separable lean and fat, trimmed to 0"" fat, select, cooked, grilled",Beef Products,0,0,0,0,0
172128,23049,"Beef, round, outside round, bottom round, steak, separable lean and fat, trimmed to 0"" fat, choice, raw",Beef Products,0,0,0,0,0
172129,23050,"Beef, round, outside round, bottom round, steak, separable lean and fat, trimmed to 0"" fat, choice, cooked, grilled",Beef Products,0,0,0,0,0
172130,23051,"Beef, round, outside round, bottom round, steak, separable lean and fat, trimmed to 0"" fat, select, raw",Beef Products,0,0,0,0,0
172131,23056,"Beef, round, knuckle, tip side, steak, separable lean and fat, trimmed to 0"" fat, all grades, cooked, grilled",Beef Products,0,0,0,0,0
172132,23057,"Beef, chuck, shoulder clod, shoulder top and center steaks, separable lean and fat, trimmed to 0"" fat, all grades, raw",Beef Products,0,0,0,0,0
172133,23058,"Beef, chuck, shoulder clod, shoulder top and center steaks, separable lean and fat, trimmed to 0"" fat, all grades, cooked, grilled",Beef Products,0,0,0,0,0
172134,23059,"Beef, chuck, shoulder clod, top blade, steak, separable lean and fat, trimmed to 0"" fat, all grades, raw",Beef Products,0,0,0,0,0
172135,23064,"Beef, round, outside round, bottom round, steak, separable lean and fat, trimmed to 0"" fat, all grades, cooked, grilled",Beef Products,0,0,0,0,0
172136,23065,"Beef, chuck, shoulder clod, shoulder tender, medallion, separable lean and fat, trimmed to 0"" fat, select, cooked, grilled",Beef Products,0,0,0,0,0
172137,23165,"Beef, plate steak, boneless, inside skirt, separable lean only, trimmed to 0"" fat, choice, raw",Beef Products,0,0,0,0,0
172138,23166,"Beef, plate steak, boneless, inside skirt, separable lean only, trimmed to 0"" fat, select, cooked, grilled",Beef Products,0,0,0,0,0
172139,23167,"Beef, plate steak, boneless, inside skirt, separable lean only, trimmed to 0"" fat, select, raw",Beef Products,0,0,0,0,0
172140,23168,"Beef, plate steak, boneless, outside skirt, separable lean only, trimmed to 0"" fat, all grades, cooked, grilled",Beef Products,0,0,0,0,0
172141,23173,"Beef, plate steak, boneless, outside skirt, separable lean only, trimmed to 0"" fat, select, raw",Beef Products,0,0,0,0,0
172142,23174,"Beef, rib eye steak, boneless, lip off, separable lean only, trimmed to 0"" fat, all grades, cooked, grilled",Beef Products,0,0,0,0,0
172143,23175,"Beef, rib eye steak, boneless, lip off, separable lean only, trimmed to 0"" fat, all grades, raw",Beef Products,0,0,0,0,0
172144,23176,"Beef, rib eye steak, boneless, lip off, separable lean only, trimmed to 0"" fat, choice, cooked, grilled",Beef Products,0,0,0,0,0
172145,23181,"Beef, rib, back ribs, bone-in, separable lean only, trimmed to 0"" fat, all grades, raw",Beef Products,0,0,0,0,0
172146,23182,"Beef, rib, back ribs, bone-in, separable lean only, trimmed to 0"" fat, choice, cooked, braised",Beef Products,0,0,0,0,0
172147,23183,"Beef, rib, back ribs, bone-in, separable lean only, trimmed to 0"" fat, choice, raw",Beef Products,0,0,0,0,0
172148,23184,"Beef, rib, back ribs, bone-in, separable lean only, trimmed to 0"" fat, select, cooked, braised",Beef Products,0,0,0,0,0
172149,23190,"Beef, rib eye roast, bone-in, lip-on, separable lean and fat, trimmed to 1/8"" fat, select, cooked, roasted",Beef Products,0,0,0,0,0
172150,23191,"Beef, rib eye roast, bone-in, lip-on, separable lean and fat, trimmed to 1/8"" fat, all grades, cooked, roasted",Beef Products,0,0,0,0,0
172151,23192,"Beef, rib eye steak/roast, bone-in, lip-on, separable lean and fat, trimmed to 1/8"" fat, all grades, raw",Beef Products,0,0,0,0,0
172152,23193,"Beef, rib eye steak/roast, bone-in, lip-on, separable lean and fat, trimmed to 1/8"" fat, choice, raw",Beef Products,0,0,0,0,0
172153,23198,"Beef, rib eye roast, boneless, lip-on, separable lean and fat, trimmed to 1/8"" fat, all grades, cooked, roasted",Beef Products,0,0,0,0,0
172154,23199,"Beef, rib eye roast, boneless, lip-on, separable lean and fat, trimmed to 1/8"" fat, choice, cooked, roasted",Beef Products,0,0,0,0,0
172155,23200,"Beef, rib eye roast, boneless, lip-on, separable lean and fat, trimmed to 1/8"" fat, select, cooked, roasted",Beef Products,0,0,0,0,0
172156,23201,"Beef, rib eye steak/roast, boneless, lip-on, separable lean and fat, trimmed to 1/8"" fat, all grades, raw",Beef Products,0,0,0,0,0
172157,23216,"Beef, plate steak, boneless, inside skirt, separable lean and fat, trimmed to 0"" fat, select, cooked, grilled",Beef Products,0,0,0,0,0
172158,23217,"Beef, plate steak, boneless, inside skirt, separable lean and fat, trimmed to 0"" fat, all grades, raw",Beef Products,0,0,0,0,0
172159,23218,"Beef, plate steak, boneless, inside skirt, separable lean and fat, trimmed to 0"" fat, choice, raw",Beef Products,0,0,0,0,0
172160,23219,"Beef, plate steak, boneless, inside skirt, separable lean and fat, trimmed to 0"" fat, select, raw",Beef Products,0,0,0,0,0
172161,23220,"Beef, ground, unspecified fat content, cooked",Beef Products,0,0,0,0,0
172162,23225,"Beef, plate steak, boneless, outside skirt, separable lean and fat, trimmed to 0"" fat, choice, raw",Beef Products,0,0,0,0,0
172163,23226,"Beef, plate steak, boneless, outside skirt, separable lean and fat, trimmed to 0"" fat, select, raw",Beef Products,0,0,0,0,0
172164,23227,"Beef, rib eye steak, boneless, lip off, separable lean and fat, trimmed to 0"" fat, all grades, cooked, grilled",Beef Products,0,0,0,0,0
172165,23228,"Beef, rib eye steak, boneless, lip off, separable lean and fat, trimmed to 0"" fat, choice, cooked, grilled",Beef Products,0,0,0,0,0
172166,23233,"Beef, rib, back ribs, bone-in, separable lean and fat, trimmed to 0"" fat, all grades, cooked, braised",Beef Products,0,0,0,0,0
172167,23234,"Beef, rib, back ribs, bone-in, separable lean and fat, trimmed to 0"" fat, choice, cooked, braised",Beef Products,0,0,0,0,0
172168,23235,"Beef, rib, back ribs, bone-in, separable lean and fat, trimmed to 0"" fat, select, cooked, braised",Beef Products,0,0,0,0,0
172169,23236,"Beef, rib, back ribs, bone-in, separable lean and fat, trimmed to 0"" fat, all grades, raw",Beef Products,0,0,0,0,0
172170,23241,"Beef, loin, top sirloin cap steak, boneless, separable lean only, trimmed to 1/8"" fat, all grades, cooked, grilled",Beef Products,0,0,0,0,0
172171,23242,"Beef, loin, top sirloin cap steak, boneless, separable lean only, trimmed to 1/8"" fat, choice, cooked, grilled",Beef Products,0,0,0,0,0
172172,23243,"Beef, loin, top sirloin cap steak, boneless, separable lean only, trimmed to 1/8"" fat, select, cooked, grilled",Beef Products,0,0,0,0,0
172173,23244,"Beef, loin, top sirloin cap steak, boneless, separable lean only, trimmed to 1/8"" fat, all grades, raw",Beef Products,0,0,0,0,0
172174,23245,"Beef, loin, top sirloin cap steak, boneless, separable lean only, trimmed to 1/8"" fat, choice, raw",Beef Products,0,0,0,0,0
172175,1004,"Cheese, blue",Dairy and Egg Products,0,74,0,0,0
172176,1005,"Cheese, brick",Dairy and Egg Products,0,76,0,0,0
172177,1006,"Cheese, brie",Dairy and Egg Products,0,9,0,0,0
172178,1007,"Cheese, camembert",Dairy and Egg Products,0,12,0,0,0
172179,1012,"Cheese, cottage, creamed, large or small curd",Dairy and Egg Products,0,12,0,0,0
172180,1013,"Cheese, cottage, creamed, with fruit",Dairy and Egg Products,0,14,0,0,0
172181,1014,"Cheese, cottage, nonfat, uncreamed, dry, large or small curd",Dairy and Egg Products,0,0,0,0,0
172182,1015,"Cheese, cottage, lowfat, 2% milkfat",Dairy and Egg Products,0,6,0,0,0
172183,1124,"Egg, white, raw, fresh",Dairy and Egg Products,0,0,0,0,0
172184,1125,"Egg, yolk, raw, fresh",Dairy and Egg Products,38,88,33,1094,0
172185,1130,"Egg, whole, cooked, omelet",Dairy and Egg Products,0,28,8,423,0
172186,1131,"Egg, whole, cooked, poached",Dairy and Egg Products,0,0,9,501,0
172187,1132,"Egg, whole, cooked, scrambled",Dairy and Egg Products,0,26,7,372,0
172188,1133,"Egg, whole, dried",Dairy and Egg Products,0,0,36,835,0
172189,1138,"Egg, duck, whole, fresh, raw",Dairy and Egg Products,0,14,12,459,0
172190,1139,"Egg, goose, whole, fresh, raw",Dairy and Egg Products,0,13,12,442,0
172191,1140,"Egg, quail, whole, fresh, raw",Dairy and Egg Products,0,11,10,369,0
172195,1154,"Milk, dry, nonfat, regular, with added vitamin A and vitamin D",Dairy and Egg Products,0,1,0,0,0
172196,1155,"Milk, dry, nonfat, instant, without added vitamin A and vitamin D",Dairy and Egg Products,0,1,0,0,0
172197,1156,"Cheese, goat, hard type",Dairy and Egg Products,0,91,0,0,0
172198,1161,"Cheese substitute, mozzarella",Dairy and Egg Products,0,0,0,0,0
172199,1162,"Yogurt, Greek, 2% fat, mango, CHOBANI",Dairy and Egg Products,,80,,,
172200,1164,"Cheese sauce, prepared from recipe",Dairy and Egg Products,0,26,0,0,0
172201,1165,"Cheese, mexican, queso anejo",Dairy and Egg Products,0,4,0,0,0
172202,1171,"Egg, whole, raw, frozen, pasteurized (Includes foods for USDA's Food Distribution Program)",Dairy and Egg Products,0,0,9,471,0
172203,1172,"Egg, white, raw, frozen, pasteurized",Dairy and Egg Products,0,0,0,20,0
172204,1173,"Egg, white, dried",Dairy and Egg Products,0,0,0,0,0
172205,1174,"Milk, reduced fat, fluid, 2% milkfat, without added vitamin A and vitamin D",Dairy and Egg Products,0,7,0,0,0
172206,1185,"Parmesan cheese topping, fat free",Dairy and Egg Products,0,13,0,0,0
172207,1186,"Cheese, cream, fat free",Dairy and Egg Products,0,11,0,0,0
172208,1187,"Yogurt, chocolate, nonfat milk",Dairy and Egg Products,0,0,0,0,0
172212,1199,"Cream, half and half, fat free",Dairy and Egg Products,0,3,0,0,0
172213,1200,Reddi Wip Fat Free Whipped Topping,Dairy and Egg Products,0,9,0,0,0
172214,1206,"Cream substitute, flavored, powdered",Dairy and Egg Products,0,0,0,1,0
172215,1208,"Cheese, provolone, reduced fat",Dairy and Egg Products,0,45,0,0,0
172216,1209,"Cheese, Mexican, blend, reduced fat",Dairy and Egg Products,0,50,0,0,0
172217,1211,"Milk, whole, 3.25% milkfat, without added vitamin A and vitamin D",Dairy and Egg Products,0,7,0,0,0
172218,1219,"Yogurt, fruit, lowfat, with low calorie sweetener, fortified with vitamin D",Dairy and Egg Products,0,4,0,0,0
172219,1220,"Yogurt, vanilla, low fat, fortified with vitamin D",Dairy and Egg Products,0,2,0,0,0
172220,1221,"Yogurt, vanilla or lemon flavor, nonfat milk, sweetened with low-calorie sweetener, fortified with vitamin D",Dairy and Egg Products,0,0,0,0,0
172221,1222,"Yogurt, chocolate, nonfat milk, fortified with vitamin D",Dairy and Egg Products,0,0,0,0,0
172222,1227,"Cheese, dry white, queso seco",Dairy and Egg Products,0,33,2,4,0
172223,1228,"Cheese, fresh, queso fresco",Dairy and Egg Products,0,41,2,3,0
172224,1229,"Cheese, white, queso blanco",Dairy and Egg Products,0,23,2,3,0
172225,1230,"Milk, buttermilk, fluid, whole",Dairy and Egg Products,0,7,0,0,0
172226,1238,Ice cream sandwich,Dairy and Egg Products,0,0,0,6,0
172227,1239,Ice cream cookie sandwich,Dairy and Egg Products,0,0,0,6,0
172228,1240,"Ice cream cone, chocolate covered, with nuts, flavors other than chocolate",Dairy and Egg Products,0,11,0,4,0
172229,1241,"Ice cream sandwich, made with light ice cream, vanilla",Dairy and Egg Products,0,0,0,2,0
172230,1242,"Ice cream sandwich, vanilla, light, no sugar added",Dairy and Egg Products,0,0,0,2,0
172231,2043,"Spices, turmeric, ground",Spices and Herbs,0,0,0,0,0
172232,2044,"Basil, fresh",Spices and Herbs,0,3142,46,5650,0
172234,2046,"Mustard, prepared, yellow",Spices and Herbs,1,51,27,113,0
172236,2052,"Vanilla extract, imitation, no alcohol",Spices and Herbs,0,0,0,0,0
172237,2053,"Vinegar, distilled",Spices and Herbs,0,0,0,0,0
172238,2054,"Capers, canned",Spices and Herbs,0,83,0,0,0
172244,3003,"Babyfood, meat, beef, junior",Baby Foods,0,0,0,0,0
172245,3005,"Babyfood, meat, veal, strained",Baby Foods,0,0,0,0,0
172246,3007,"Babyfood, meat, pork, strained",Baby Foods,0,0,0,0,0
172247,3008,"Babyfood, meat, ham, strained",Baby Foods,0,0,0,0,0
172248,3013,"Babyfood, meat, chicken, junior",Baby Foods,0,0,0,0,0
172249,3014,"Babyfood, meat, chicken sticks, junior",Baby Foods,0,0,0,0,0
172250,3015,"Babyfood, meat, turkey, strained",Baby Foods,0,0,0,0,0
172251,3016,"Babyfood, meat, turkey, junior",Baby Foods,0,0,0,0,0
172252,3023,"Babyfood, finger snacks, GERBER, GRADUATES, PUFFS, apple and cinnamon",Baby Foods,0,6,4,45,0
172253,3024,"Babyfood, water, bottled, GERBER, without added fluoride",Baby Foods,0,0,0,0,0
172254,3025,"Babyfood, GERBER, 3rd Foods, apple, mango and kiwi",Baby Foods,2,170,10,30,1
172255,3026,"Babyfood, tropical fruit medley",Baby Foods,0,46,14,20,0
172257,3046,"Babyfood, ravioli, cheese filled, with tomato sauce",Baby Foods,2,230,3,69,1632
172258,3047,"Babyfood, dinner, beef noodle, strained",Baby Foods,159,350,0,23,476
172259,3048,"Babyfood, macaroni and cheese, toddler",Baby Foods,0,6,0,2,0
172261,3055,"Babyfood, dinner, beef with vegetables",Baby Foods,993,2165,0,58,0
172263,3068,"Babyfood, dinner, chicken noodle, strained",Baby Foods,495,1060,0,40,0
172264,3069,"Babyfood, dinner, chicken noodle, junior",Baby Foods,392,840,0,32,0
172266,3077,"Babyfood, dinner, pasta with vegetables",Baby Foods,39,282,0,341,290
172269,3082,"Babyfood, dinner, turkey and rice, strained",Baby Foods,368,789,0,38,0
172270,3090,"Babyfood, dinner, macaroni and cheese, junior",Baby Foods,0,5,0,1,0
172271,3091,"Babyfood, vegetables, green beans, strained",Baby Foods,15,197,17,526,0
172272,3092,"Babyfood, vegetables, green beans, junior",Baby Foods,0,292,0,493,0
172273,3093,"Babyfood, green beans, dices, toddler",Baby Foods,0,288,0,487,0
172274,3104,"Babyfood, vegetables, squash, strained",Baby Foods,242,896,9,3527,0
172275,3105,"Babyfood, vegetables, squash, junior",Baby Foods,242,896,9,3527,0
172276,3108,"Babyfood, vegetables, sweet potatoes strained",Baby Foods,0,3863,0,0,0
172277,3109,"Babyfood, vegetables, sweet potatoes, junior",Baby Foods,0,3982,0,0,0
172278,3117,"Babyfood, fruit, applesauce, junior",Baby Foods,0,2,2,9,0
172279,3118,"Babyfood, fruit, apricot with tapioca, strained",Baby Foods,7,412,39,11,0
172280,3119,"Babyfood, vegetables, corn, creamed, strained",Baby Foods,20,26,5,357,0
172281,3279,"Babyfood, dinner, mixed vegetable, junior",Baby Foods,1117,4989,0,178,0
172282,3280,"Babyfood, fruit, bananas with tapioca, junior",Baby Foods,17,18,0,6,0
172283,3282,"Babyfood, vegetables, mix vegetables junior",Baby Foods,915,2060,0,497,0
172284,3283,"Babyfood, vegetables, garden vegetable, strained",Baby Foods,740,3270,0,1374,0
172285,3293,"Babyfood, plums, bananas and rice, strained",Baby Foods,0,73,13,65,0
172286,3296,"Babyfood, dinner, turkey, rice, and vegetables, toddler",Baby Foods,489,1116,0,137,1175
172287,3297,"Babyfood, dinner, apples and chicken, strained",Baby Foods,0,13,10,16,0
172288,3298,"Babyfood, dinner, broccoli and chicken, junior",Baby Foods,9,278,0,511,0
172293,3391,"Infant formula, MEAD JOHNSON, Pregestimil 24 Calories, ready to feed, with ARA and DHA",Baby Foods,,0,,,
172296,3681,"Babyfood, cereal, barley, prepared with whole milk",Baby Foods,0,6,0,12,0
172297,3690,"Babyfood, cereal, oatmeal, with bananas, prepared with whole milk",Baby Foods,2,8,0,12,0
172299,3694,"Babyfood, cereal, rice, prepared with whole milk",Baby Foods,0,6,0,0,0
172300,3696,"Babyfood, cereal, rice, with honey, prepared with whole milk",Baby Foods,,27,,,
172301,3805,"Infant formula, MEAD JOHNSON, ENFAMIL, with iron, powder",Baby Foods,0,0,0,0,0
172302,3808,"Infant formula, MEAD JOHNSON, ENFAMIL, Infant, with iron, powder, with ARA and DHA",Baby Foods,0,0,0,0,0
172303,3812,"Infant formula, MEAD JOHNSON, ENFAMIL, Infant, with iron, liquid concentrate, with ARA and DHA, reconstituted",Baby Foods,0,0,0,0,0
172304,3815,"Infant formula, MEAD JOHNSON, ENFAMIL LIPIL, with iron, ready-to-feed, with ARA and DHA",Baby Foods,0,0,0,0,0
172305,3825,"Infant formula, MEAD JOHNSON, ENFAMIL, LIPIL, low iron, ready to feed, with ARA and DHA",Baby Foods,0,0,0,0,0
172306,3832,"Infant formula, MEAD JOHNSON, ENFAMIL, Infant, ready-to-feed, with ARA and DHA",Baby Foods,0,0,0,0,0
172307,3837,"Infant formula, ABBOTT NUTRITION, SIMILAC, PM 60/40, powder not reconstituted",Baby Foods,0,0,0,0,0
172308,3838,"Infant formula, MEAD JOHNSON, ENFAMIL, NUTRAMIGEN WITH LGG, with iron, powder, not reconstituted, with ARA and DHA",Baby Foods,0,0,0,0,0
172309,3845,"Infant formula, MEAD JOHNSON, ENFAMIL, NUTRAMIGEN, with iron, ready-to-feed, with ARA and DHA",Baby Foods,0,0,0,0,0
172310,3846,"Infant formula, ABBOTT NUTRITION, SIMILAC, ALIMENTUM, with iron, ready-to-feed",Baby Foods,0,0,0,0,0
172311,3849,"Infant formula, MEAD JOHNSON, ENFAMIL, ENFACARE, with iron, powder, with ARA and DHA",Baby Foods,0,0,0,0,0
172312,3851,"Infant formula, ABBOTT NUTRITION, SIMILAC, with iron, liquid concentrate, not reconstituted",Baby Foods,0,0,0,0,0
172313,3860,"Child formula, ABBOTT NUTRITION, PEDIASURE, ready-to-feed",Baby Foods,0,0,0,0,0
172314,3861,"Infant formula, MEAD JOHNSON, NEXT STEP, PROSOBEE LIPIL, powder, with ARA and DHA",Baby Foods,0,0,0,0,0
172315,3864,"Infant formula, MEAD JOHNSON, NEXT STEP, PROSOBEE, LIPIL, ready to feed, with ARA and DHA",Baby Foods,0,0,0,0,0
172316,3867,"Infant formula, NESTLE, GOOD START SOY, with ARA and DHA, powder",Baby Foods,0,0,0,0,0
172317,3934,"Babyfood, corn and sweet potatoes, strained",Baby Foods,12,1488,3,215,0
172318,3935,"Infant formula, ABBOTT NUTRITION, SIMILAC, ALIMENTUM, ADVANCE, ready-to-feed, with ARA and DHA",Baby Foods,0,0,0,0,0
172319,3936,"Infant formula, PBM PRODUCTS, store brand, ready-to-feed",Baby Foods,0,0,0,0,0
172320,3937,"Infant formula, PBM PRODUCTS, store brand, liquid concentrate, not reconstituted",Baby Foods,0,0,0,0,0
172321,3942,"Infant formula, MEAD JOHNSON, ENFAMIL, AR, ready-to-feed, with ARA and DHA",Baby Foods,0,0,0,0,0
172322,3943,"Infant formula, MEAD JOHNSON, ENFAMIL, AR, powder, with ARA and DHA",Baby Foods,0,0,0,0,0
172323,3944,"Infant formula, ABBOTT NUTRITION, SIMILAC NEOSURE, ready-to-feed, with ARA and DHA",Baby Foods,0,0,0,0,0
172324,3945,"Infant formula, ABBOTT NUTRITION, SIMILAC, NEOSURE, powder, with ARA and DHA",Baby Foods,0,0,0,0,0
172325,3946,"Infant formula, ABBOTT NUTRITION, SIMILAC, SENSITIVE (LACTOSE FREE) ready-to-feed, with ARA and DHA",Baby Foods,0,0,0,0,0
172326,3951,"Infant formula, ABBOTT NUTRITION, SIMILAC, ADVANCE, with iron, liquid concentrate, not reconstituted",Baby Foods,0,0,0,0,0
172327,4544,"Shortening, household, lard and vegetable oil",Fats and Oils,0,0,0,0,0
172328,4545,"Oil, sunflower, linoleic, (partially hydrogenated)",Fats and Oils,0,0,0,0,0
172330,4548,"Shortening cake mix, soybean (hydrogenated) and cottonseed (hydrogenated)",Fats and Oils,0,0,0,0,0
172333,4560,"Shortening frying (heavy duty), soybean (hydrogenated), linoleic (less than 1%)",Fats and Oils,0,0,0,0,0
172335,4572,"Oil, nutmeg butter",Fats and Oils,0,0,0,0,0
172336,4582,"Oil, canola",Fats and Oils,0,0,0,0,0
172338,4584,"Oil, sunflower, high oleic (70% and over)",Fats and Oils,0,0,0,0,0
172339,4585,"Margarine-like, margarine-butter blend, soybean oil and butter",Fats and Oils,0,610,0,0,0
172344,4602,"Butter, light, stick, without salt",Fats and Oils,0,107,0,0,0
172345,4609,"Animal fat, bacon grease",Fats and Oils,0,0,0,0,0
172346,4610,"Margarine, regular, 80% fat, composite, stick, with salt",Fats and Oils,0,610,0,0,0
172347,4611,"Margarine, regular, 80% fat, composite, tub, with salt",Fats and Oils,0,610,0,0,0
172348,4612,"Margarine-like, vegetable oil spread, 60% fat, stick, with salt",Fats and Oils,0,610,0,0,0
172349,4618,"Margarine, regular, 80% fat, composite, tub, without salt",Fats and Oils,0,610,0,0,0
172350,4620,"Margarine-like, vegetable oil spread, 60% fat, stick/tub/bottle, without salt",Fats and Oils,0,610,0,0,0
172351,4624,"Margarine-like, vegetable oil spread, fat free, liquid, with salt",Fats and Oils,0,610,0,0,0
172352,4626,"Margarine-like spread with yogurt, 70% fat, stick, with salt",Fats and Oils,0,610,0,0,0
172353,4631,"Margarine-like, vegetable oil spread, fat-free, tub",Fats and Oils,0,0,0,0,0
172354,4633,"Margarine-like, vegetable oil spread, 20% fat, with salt",Fats and Oils,0,610,0,0,0
172355,4634,"Margarine-like, vegetable oil spread, 20% fat, without salt",Fats and Oils,0,610,0,0,0
172356,4635,"Salad dressing, thousand island dressing, fat-free",Fats and Oils,0,0,13,0,1587
172357,4642,"Oil, industrial, mid-oleic, sunflower",Fats and Oils,0,0,0,0,0
172358,4643,"Oil, industrial, canola with antifoaming agent, principal uses salads, woks and light frying",Fats and Oils,0,0,0,0,0
172359,4644,"Oil, industrial, canola for salads, woks and light frying",Fats and Oils,0,0,0,0,0
172360,4645,"Oil, industrial, canola (partially hydrogenated) oil for deep fat frying",Fats and Oils,0,0,0,0,0
172361,4651,"Oil, industrial, soy (partially hydrogenated), multiuse for non-dairy butter flavor",Fats and Oils,0,0,0,0,0
172362,4652,"Oil, industrial, soy ( partially hydrogenated), all purpose",Fats and Oils,0,0,0,0,0
172363,4653,"Oil, industrial, soy (partially hydrogenated ) and soy (winterized), pourable clear fry",Fats and Oils,0,0,0,0,0
172364,4654,"Oil, industrial, soy (partially hydrogenated)  and cottonseed, principal use as a tortilla shortening",Fats and Oils,0,0,0,0,0
172365,4659,"Oil, industrial, coconut, confection fat, typical basis for ice cream coatings",Fats and Oils,0,0,0,0,0
172366,4660,"Oil, industrial, palm kernel (hydrogenated) , used for whipped toppings, non-dairy",Fats and Oils,0,0,0,0,0
172367,4661,"Oil, industrial, coconut (hydrogenated), used for whipped toppings and coffee whiteners",Fats and Oils,0,0,0,0,0
172368,4662,"Oil, industrial, palm and palm kernel, filling fat (non-hydrogenated)",Fats and Oils,0,0,0,0,0
172370,4669,"Oil, vegetable, soybean, refined",Fats and Oils,0,0,0,0,0
172373,5066,"Chicken, broilers or fryers, drumstick, meat and skin, raw",Poultry Products,0,0,0,102,0
172376,5073,"Chicken, broilers or fryers, dark meat, drumstick, meat only, cooked, roasted",Poultry Products,0,0,0,0,0
172377,5074,"Chicken, broilers or fryers, drumstick, meat only, cooked, stewed",Poultry Products,0,0,0,0,0
172378,5075,"Chicken, broilers or fryers, leg, meat and skin, raw",Poultry Products,0,0,0,91,0
172380,5082,"Chicken, broilers or fryers, leg, meat only, cooked, roasted",Poultry Products,0,0,0,0,0
172381,5083,"Chicken, broilers or fryers, leg, meat only, cooked, stewed",Poultry Products,0,0,0,0,0
172385,5091,"Chicken, broilers or fryers, thigh, meat and skin, raw",Poultry Products,0,0,0,108,0
172388,5098,"Chicken, broilers or fryers, thigh, meat only, cooked, roasted",Poultry Products,0,0,0,0,0
172389,5099,"Chicken, broilers or fryers, thigh, meat only, cooked, stewed",Poultry Products,0,0,0,0,0
172390,5100,"Chicken, broilers or fryers, wing, meat and skin, raw",Poultry Products,0,0,0,0,0
172392,5107,"Chicken, broilers or fryers, wing, meat only, cooked, roasted",Poultry Products,0,0,0,0,0
172393,5108,"Chicken, broilers or fryers, wing, meat only, cooked, stewed",Poultry Products,0,0,0,0,0
172398,5117,"Chicken, roasting, light meat, meat only, raw",Poultry Products,0,0,0,0,0
172399,5122,"Chicken, stewing, meat and skin, and giblets and neck, cooked, stewed",Poultry Products,0,1,0,3,1
172400,5123,"Chicken, stewing, meat and skin, raw",Poultry Products,0,0,0,0,0
172402,5125,"Chicken, stewing, meat only, raw",Poultry Products,0,0,0,0,0
172403,5126,"Chicken, stewing, meat only, cooked, stewed",Poultry Products,0,0,0,0,0
172404,5131,"Chicken, stewing, dark meat, meat only, raw",Poultry Products,0,0,0,0,0
172408,5139,"Duck, domesticated, meat and skin, raw",Poultry Products,0,0,0,0,0
172409,5140,"Duck, domesticated, meat and skin, cooked, roasted",Poultry Products,0,0,0,0,0
172410,5141,"Duck, domesticated, meat only, raw",Poultry Products,0,0,0,0,0
172411,5142,"Duck, domesticated, meat only, cooked, roasted",Poultry Products,0,0,0,0,0
172412,5147,"Goose, domesticated, meat and skin, cooked, roasted",Poultry Products,0,0,0,0,0
172420,16069,"Lentils, raw",Legumes and Legume Products,0,23,0,0,0
172421,16070,"Lentils, mature seeds, cooked, boiled, without salt",Legumes and Legume Products,0,5,0,0,0
172423,16076,"Lupins, mature seeds, raw",Legumes and Legume Products,0,0,0,0,0
172427,16084,"Mungo beans, mature seeds, cooked, boiled, without salt",Legumes and Legume Products,0,19,0,0,0
172428,16085,"Peas, green, split, mature seeds, raw",Legumes and Legume Products,0,89,0,0,0
172429,16086,"Peas, split, mature seeds, cooked, boiled, without salt",Legumes and Legume Products,0,4,0,0,0
172430,16087,"Peanuts, all types, raw",Legumes and Legume Products,0,0,0,0,0
172434,16095,"Peanuts, virginia, raw",Legumes and Legume Products,0,0,0,0,0
172438,16103,"Refried beans, canned, traditional style",Legumes and Legume Products,0,0,0,0,0
172439,16104,"Bacon, meatless",Legumes and Legume Products,0,53,0,0,0
172440,16110,"Soybeans, mature seeds, roasted, salted",Legumes and Legume Products,0,120,0,0,0
172442,16112,Miso,Legumes and Legume Products,0,52,0,0,0
172443,16113,Natto,Legumes and Legume Products,0,0,0,0,0
172444,16118,"Soy flour, low-fat",Legumes and Legume Products,0,24,0,0,0
172446,16120,"Soymilk, original and vanilla, unfortified",Legumes and Legume Products,0,2,0,0,0
172447,16121,"Soy protein concentrate, produced by alcohol extraction",Legumes and Legume Products,0,0,0,0,0
172448,16126,"Tofu, firm, prepared with calcium sulfate and magnesium chloride (nigari)",Legumes and Legume Products,0,0,0,0,0
172449,16127,"Tofu, soft, prepared with calcium sulfate and magnesium chloride (nigari)",Legumes and Legume Products,0,4,0,0,0
172451,16129,"Tofu, fried",Legumes and Legume Products,0,16,0,0,0
172454,16137,"Hummus, home prepared",Legumes and Legume Products,0,2,2,1,0
172456,16139,"Soymilk, original and vanilla, with added calcium, vitamins A and D",Legumes and Legume Products,0,2,0,0,0
172457,16149,"Peanut spread, reduced sugar",Legumes and Legume Products,0,0,0,0,0
172458,16150,"Peanut butter, smooth, reduced fat",Legumes and Legume Products,0,0,0,0,0
172459,16155,"Peanut butter, smooth, vitamin and mineral fortified",Legumes and Legume Products,0,0,0,0,0
172460,16156,"Peanut butter, chunky, vitamin and mineral fortified",Legumes and Legume Products,0,0,0,0,0
172465,16172,"Refried beans, canned, fat-free",Legumes and Legume Products,0,0,0,0,0
172469,16397,"Peanut butter, chunk style, without salt",Legumes and Legume Products,0,0,0,0,0
172470,16398,"Peanut butter, smooth style, without salt",Legumes and Legume Products,0,0,0,0,0
172473,16424,"Soy sauce made from soy and wheat (shoyu), low sodium",Legumes and Legume Products,0,0,0,0,0
172474,16425,"Soy sauce, reduced sodium, made from hydrolyzed vegetable protein",Legumes and Legume Products,0,0,0,0,0
172478,17000,"Veal, Australian, rib, rib roast, separable lean only, raw","Lamb, Veal, and Game Products",0,0,0,0,0
172480,17002,"Lamb, composite of trimmed retail cuts, separable lean and fat, trimmed to 1/4"" fat, choice, cooked","Lamb, Veal, and Game Products",0,0,0,0,0
172482,17008,"Lamb, foreshank, separable lean and fat, trimmed to 1/4"" fat, choice, cooked, braised","Lamb, Veal, and Game Products",0,0,0,0,0
172489,17024,"Lamb, loin, separable lean and fat, trimmed to 1/4"" fat, choice, cooked, broiled","Lamb, Veal, and Game Products",0,0,0,0,0
172490,17025,"Lamb, loin, separable lean and fat, trimmed to 1/4"" fat, choice, cooked, roasted","Lamb, Veal, and Game Products",0,0,0,0,0
172492,17027,"Lamb, loin, separable lean only, trimmed to 1/4"" fat, choice, cooked, broiled","Lamb, Veal, and Game Products",0,0,0,0,0
172494,17033,"Lamb, rib, separable lean only, trimmed to 1/4"" fat, choice, cooked, broiled","Lamb, Veal, and Game Products",0,0,0,0,0
172496,17035,"Lamb, shoulder, whole (arm and blade), separable lean and fat, trimmed to 1/4"" fat, choice, raw","Lamb, Veal, and Game Products",0,0,0,0,0
172498,17041,"Lamb, shoulder, whole (arm and blade), separable lean only, trimmed to 1/4"" fat, choice, cooked, broiled","Lamb, Veal, and Game Products",0,0,0,0,0
172499,17042,"Lamb, shoulder, whole (arm and blade), separable lean only, trimmed to 1/4"" fat, choice, cooked, roasted","Lamb, Veal, and Game Products",0,0,0,0,0
172509,17060,"Lamb, cubed for stew or kabob (leg and shoulder), separable lean only, trimmed to 1/4"" fat, cooked, braised","Lamb, Veal, and Game Products",0,0,0,0,0
172513,17068,"Lamb, New Zealand, imported, fore-shank, separable lean and fat, raw","Lamb, Veal, and Game Products",0,0,0,0,0
172514,17069,"Lamb, New Zealand, imported, fore-shank, separable lean and fat, cooked, braised","Lamb, Veal, and Game Products",0,0,0,0,0
172515,17074,"Lamb, New Zealand, imported, leg chop/steak, bone-in, separable lean only, raw","Lamb, Veal, and Game Products",0,0,0,0,0
172517,17076,"Lamb, New Zealand, imported, loin chop, separable lean and fat, raw","Lamb, Veal, and Game Products",0,0,0,0,0
172520,17176,"Game meat, opossum, cooked, roasted","Lamb, Veal, and Game Products",0,0,0,0,0
172524,17184,"Game meat, squirrel, cooked, roasted","Lamb, Veal, and Game Products",0,0,0,0,0
172534,17202,"Veal, variety meats and by-products, liver, raw","Lamb, Veal, and Game Products",13,11,11,0,0
172535,17203,"Veal, variety meats and by-products, liver, cooked, braised","Lamb, Veal, and Game Products",11,47,11,0,0
172542,17218,"Veal, variety meats and by-products, thymus, raw","Lamb, Veal, and Game Products",0,0,0,0,0
172543,17219,"Veal, variety meats and by-products, thymus, cooked, braised","Lamb, Veal, and Game Products",0,0,0,0,0
172544,17225,"Lamb, ground, cooked, broiled","Lamb, Veal, and Game Products",0,0,0,0,0
172589,17317,"Lamb, Australian, imported, fresh, rib chop, frenched, bone-in, separable lean only, trimmed to 1/8"" fat, cooked, grilled","Lamb, Veal, and Game Products",0,0,0,0,0
172598,17334,"Game meat, bison, chuck, shoulder clod, separable lean only, raw","Lamb, Veal, and Game Products",0,0,0,0,0
172599,17335,"Game meat, bison, ribeye, separable lean only, 1"" steak, cooked, broiled","Lamb, Veal, and Game Products",0,0,0,0,0
172600,17336,"Game meat, bison, top round, separable lean only, 1"" steak, cooked, broiled","Lamb, Veal, and Game Products",0,0,0,0,0
172601,17337,"Game meat, bison, top round, separable lean only, 1"" steak, raw","Lamb, Veal, and Game Products",0,0,0,0,0
172602,17343,"Game meat, deer, ground, raw","Lamb, Veal, and Game Products",0,0,0,0,0
172603,17344,"Game meat, deer, ground, cooked, pan-broiled","Lamb, Veal, and Game Products",0,0,0,0,0
172604,17345,"Game meat, deer, loin, separable lean only, 1"" steak, cooked, broiled","Lamb, Veal, and Game Products",0,0,0,0,0
172605,17346,"Game meat, deer, shoulder clod, separable lean only, cooked, braised","Lamb, Veal, and Game Products",0,0,0,0,0
172606,17351,"Veal, Australian, shank, hind, bone-in, separable lean only, raw","Lamb, Veal, and Game Products",0,0,0,0,0
172607,17352,"Veal, Australian, shank, hind, bone-in, separable lean and fat, raw","Lamb, Veal, and Game Products",0,0,0,0,0
172609,17354,"Lamb, New Zealand, imported, Intermuscular fat, cooked","Lamb, Veal, and Game Products",0,0,0,0,0
172610,17359,"Lamb, New Zealand, imported, breast, separable lean only, cooked, braised","Lamb, Veal, and Game Products",0,0,0,0,0
172611,17360,"Lamb, New Zealand, imported, breast, separable lean only, raw","Lamb, Veal, and Game Products",0,0,0,0,0
172612,17361,"Lamb, New Zealand, imported, chump, boneless, separable lean only, cooked, fast roasted","Lamb, Veal, and Game Products",0,0,0,0,0
172613,17362,"Lamb, New Zealand, imported, subcutaneous fat, cooked","Lamb, Veal, and Game Products",0,0,0,0,0
172614,17368,"Lamb, New Zealand, imported, liver, cooked, soaked and fried","Lamb, Veal, and Game Products",0,0,0,0,0
172615,17369,"Lamb, New Zealand, imported, liver, raw","Lamb, Veal, and Game Products",0,0,0,0,0
172616,17370,"Lamb, New Zealand, imported, ground lamb, cooked, braised","Lamb, Veal, and Game Products",0,0,0,0,0
172617,17371,"Lamb, New Zealand, imported, ground lamb, raw","Lamb, Veal, and Game Products",0,0,0,0,0
172618,17376,"Lamb, New Zealand, imported, testes, cooked, soaked and fried","Lamb, Veal, and Game Products",0,0,0,0,0
172619,17377,"Lamb, New Zealand, imported, testes, raw","Lamb, Veal, and Game Products",0,0,0,0,0
172620,17378,"Lamb, New Zealand, imported, tongue - swiss cut, cooked, soaked and simmered","Lamb, Veal, and Game Products",0,0,0,0,0
172621,17379,"Lamb, New Zealand, imported, tongue - swiss cut, raw","Lamb, Veal, and Game Products",0,0,0,0,0
172622,17384,"Lamb, New Zealand, imported, tenderloin, separable lean only, cooked, fast fried","Lamb, Veal, and Game Products",0,0,0,0,0
172623,17385,"Lamb, New Zealand, imported, tenderloin, separable lean only, raw","Lamb, Veal, and Game Products",0,0,0,0,0
172624,17386,"Lamb, New Zealand, imported, loin saddle, separable lean only, cooked, fast roasted","Lamb, Veal, and Game Products",0,0,0,0,0
172625,17387,"Lamb, New Zealand, imported, loin saddle, separable lean only, raw","Lamb, Veal, and Game Products",0,0,0,0,0
172626,17393,"Lamb, New Zealand, imported, neck chops, separable lean only, cooked, braised","Lamb, Veal, and Game Products",0,0,0,0,0
172627,17394,"Lamb, New Zealand, imported, netted shoulder, rolled, boneless, separable lean only, cooked, slow roasted","Lamb, Veal, and Game Products",0,0,0,0,0
172628,17395,"Lamb, New Zealand, imported, netted shoulder, rolled, boneless, separable lean only, raw","Lamb, Veal, and Game Products",0,0,0,0,0
172629,17396,"Lamb, New Zealand, imported, rack - fully frenched, separable lean only, cooked, fast roasted","Lamb, Veal, and Game Products",0,0,0,0,0
172630,17401,"Lamb, New Zealand, imported, flap, boneless, separable lean and fat, cooked, braised","Lamb, Veal, and Game Products",0,0,0,0,0
172631,17402,"Lamb, New Zealand, imported, flap, boneless, separable lean and fat, raw","Lamb, Veal, and Game Products",0,0,0,0,0
172632,17403,"Lamb, New Zealand, imported, hind-shank, separable lean and fat, cooked, braised","Lamb, Veal, and Game Products",0,0,0,0,0
172633,17404,"Lamb, New Zealand, imported, hind-shank, separable lean and fat, raw","Lamb, Veal, and Game Products",0,0,0,0,0
172634,17409,"Lamb, New Zealand, imported, loin, boneless, separable lean and fat, cooked, fast roasted","Lamb, Veal, and Game Products",0,0,0,0,0
172635,17410,"Lamb, New Zealand, imported, loin, boneless, separable lean and fat, raw","Lamb, Veal, and Game Products",0,0,0,0,0
172636,17411,"Lamb, New Zealand, imported, neck chops, separable lean and fat, cooked, braised","Lamb, Veal, and Game Products",0,0,0,0,0
172637,17412,"Lamb, New Zealand, imported, neck chops, separable lean and fat, raw","Lamb, Veal, and Game Products",0,0,0,0,0
172638,17413,"Lamb, New Zealand, imported, netted shoulder, rolled, boneless, separable lean and fat, cooked, slow roasted","Lamb, Veal, and Game Products",0,0,0,0,0
172639,17418,"Lamb, New Zealand, imported, tenderloin, separable lean and fat, cooked, fast fried","Lamb, Veal, and Game Products",0,0,0,0,0
172640,17419,"Lamb, New Zealand, imported, rack - fully frenched, separable lean and fat, cooked, fast roasted","Lamb, Veal, and Game Products",0,0,0,0,0
172641,17420,"Lamb, New Zealand, imported, rack - fully frenched, separable lean and fat, raw","Lamb, Veal, and Game Products",0,0,0,0,0
172642,17421,"Lamb, New Zealand, imported, tunnel-boned leg, chump off, shank off, separable lean and fat, cooked, slow roasted","Lamb, Veal, and Game Products",0,0,0,0,0
172643,17426,"Veal, leg, top round, cap off, cutlet, boneless, raw","Lamb, Veal, and Game Products",0,0,0,0,0
172644,17427,"Veal, loin, chop, separable lean only, cooked, grilled","Lamb, Veal, and Game Products",0,0,0,0,0
172645,17428,"Veal, shank, separable lean only, raw","Lamb, Veal, and Game Products",0,0,0,0,0
172646,17429,"Veal, foreshank, osso buco, separable lean only, cooked, braised","Lamb, Veal, and Game Products",0,0,0,0,0
172647,17434,"Veal, seam fat only, cooked","Lamb, Veal, and Game Products",0,0,0,0,0
172648,17435,"Veal, shank, separable lean and fat, raw","Lamb, Veal, and Game Products",0,0,0,0,0
172649,17436,"Veal, foreshank, osso buco, separable lean and fat, cooked, braised","Lamb, Veal, and Game Products",0,0,0,0,0
172650,17437,"Veal, loin, chop, separable lean and fat, cooked, grilled","Lamb, Veal, and Game Products",0,0,0,0,0
172651,17438,"Veal, shoulder, blade chop, separable lean and fat, cooked, grilled","Lamb, Veal, and Game Products",0,0,0,0,0
172652,17443,"Lamb, Australian, imported, fresh, tenderloin, boneless, separable lean only, trimmed to 1/8"" fat, raw","Lamb, Veal, and Game Products",0,0,0,0,0
172653,17444,"Lamb, Australian, imported, fresh, leg, bottom, boneless, separable lean only, trimmed to 1/8"" fat, raw","Lamb, Veal, and Game Products",0,0,0,0,0
172654,17445,"Lamb, Australian, imported, fresh, leg, trotter off, bone-in, separable lean only, trimmed to 1/8"" fat, cooked, roasted","Lamb, Veal, and Game Products",0,0,0,0,0
172655,17446,"Lamb, Australian, imported, fresh, leg, trotter off, bone-in, separable lean only, trimmed to 1/8"" fat, raw","Lamb, Veal, and Game Products",0,0,0,0,0
172656,17451,"Lamb, Australian, imported, fresh, seam fat, cooked","Lamb, Veal, and Game Products",0,0,0,0,0
172657,17452,"Lamb, Australian, imported, fresh, seam fat, raw","Lamb, Veal, and Game Products",0,0,0,0,0
172658,17453,"Lamb, Australian, imported, fresh, leg, bottom, boneless, separable lean and fat, trimmed to 1/8"" fat, cooked, roasted","Lamb, Veal, and Game Products",0,0,0,0,0
172659,17454,"Lamb, Australian, imported, fresh, leg, bottom, boneless, separable lean and fat, trimmed to 1/8"" fat, raw","Lamb, Veal, and Game Products",0,0,0,0,0
172660,17460,"Lamb, Australian, imported, fresh, tenderloin, boneless, separable lean and fat, trimmed to 1/8"" fat, raw","Lamb, Veal, and Game Products",0,0,0,0,0
172661,17461,"Lamb, Australian, imported, fresh, rib chop, frenched, denuded, bone-in, separable lean only, trimmed to 0"" fat, cooked, grilled","Lamb, Veal, and Game Products",0,0,0,0,0
172662,17462,"Lamb, Australian, imported, fresh, rack, roast, frenched, denuded, bone-in, separable lean and fat, trimmed to 0"" fat, cooked, roasted","Lamb, Veal, and Game Products",0,0,0,0,0
172663,17463,"Lamb, Australian, imported, fresh, rack, roast, frenched, bone-in, separable lean and fat, trimmed to 1/8"" fat, cooked, roasted","Lamb, Veal, and Game Products",0,0,0,0,0
172664,18005,"Bagels, cinnamon-raisin",Baked Products,0,1,2,54,0
172665,18006,"Bagels, cinnamon-raisin, toasted",Baked Products,0,1,2,56,0
172666,18007,"Bagels, oat bran",Baked Products,0,1,0,58,0
172667,18009,"Biscuits, plain or buttermilk, frozen, baked",Baked Products,0,0,0,9,0
172668,18014,"Biscuits, plain or buttermilk, refrigerated dough, higher fat",Baked Products,0,0,0,8,0
172669,18015,"Biscuits, plain or buttermilk, refrigerated dough, higher fat, baked",Baked Products,0,0,0,8,0
172673,18027,"Bread, egg",Baked Products,0,0,0,45,0
172674,18028,"Bread, egg, toasted",Baked Products,0,0,0,46,0
172675,18029,"Bread, french or vienna (includes sourdough)",Baked Products,0,0,0,45,0
172676,18037,"Bread, oat bran",Baked Products,0,0,0,46,0
172677,18038,"Bread, oat bran, toasted",Baked Products,0,0,0,48,0
172678,18039,"Bread, oatmeal",Baked Products,0,0,0,72,0
172679,18040,"Bread, oatmeal, toasted",Baked Products,0,0,0,75,0
172680,18047,"Bread, raisin, enriched",Baked Products,0,0,0,44,0
172681,18048,"Bread, raisin, enriched, toasted",Baked Products,0,0,0,46,0
172682,18049,"Bread, reduced-calorie, oat bran",Baked Products,0,1,0,42,0
172683,18050,"Bread, reduced-calorie, oat bran, toasted",Baked Products,0,2,0,48,0
172684,18060,"Bread, rye",Baked Products,0,4,1,54,0
172685,18061,"Bread, rye, toasted",Baked Products,0,4,1,56,0
172686,18064,"Bread, wheat",Baked Products,0,1,0,44,0
172687,18065,"Bread, wheat, toasted",Baked Products,0,0,0,50,0
172688,18075,"Bread, whole-wheat, commercially prepared",Baked Products,0,2,0,87,0
172689,18076,"Bread, whole-wheat, commercially prepared, toasted",Baked Products,0,2,0,89,0
172690,18077,"Bread, whole-wheat, prepared from recipe",Baked Products,0,2,0,89,0
172691,18078,"Bread, whole-wheat, prepared from recipe, toasted",Baked Products,0,2,0,97,0
172693,18085,"Bread, stuffing, cornbread, dry mix, prepared",Baked Products,0,58,0,0,0
172695,18088,"Cake, angelfood, dry mix, prepared",Baked Products,0,0,0,1,0
172696,18090,"Cake, boston cream pie, commercially prepared",Baked Products,0,2,1,27,0
172698,18102,"Cake, white, prepared from recipe with coconut frosting",Baked Products,0,1,0,4,0
172701,18114,"Cake, gingerbread, dry mix",Baked Products,0,1,1,3,0
172704,18120,"Cake, pound, commercially prepared, butter (includes fresh and frozen)",Baked Products,0,5,4,203,0
172706,18133,"Cake, sponge, commercially prepared",Baked Products,1,4,2,85,0
172708,18135,"Cake, pudding-type, white, enriched, dry mix",Baked Products,0,0,0,1,0
172709,18139,"Cake, white, prepared from recipe without frosting",Baked Products,0,1,0,5,0
172711,18147,"Cake, cheesecake, commercially prepared",Baked Products,0,34,2,62,0
172713,18151,"Cookies, brownies, commercially prepared",Baked Products,0,0,0,6,0
172714,18157,"Cookies, chocolate wafers",Baked Products,0,0,0,13,0
172715,18158,"Cookies, chocolate chip, commercially prepared, regular, lower fat",Baked Products,0,0,0,29,0
172716,18159,"Cookies, chocolate chip, commercially prepared, regular, higher fat, enriched",Baked Products,0,0,0,1,0
172718,18166,"Cookies, chocolate sandwich, with creme filling, regular",Baked Products,0,0,0,4,0
172719,18167,"Cookies, chocolate sandwich, with creme filling, regular, chocolate-coated",Baked Products,0,0,0,2,0
172720,18168,"Cookies, chocolate sandwich, with extra creme filling",Baked Products,0,0,0,3,0
172721,18170,"Cookies, fig bars",Baked Products,0,1,0,8,0
172722,18171,"Cookies, fortune",Baked Products,0,0,0,3,0
172723,18176,"Cookies, marshmallow, chocolate-coated (includes marshmallow pies)",Baked Products,0,0,0,3,0
172724,18177,"Cookies, molasses",Baked Products,0,0,0,2,0
172725,18178,"Cookies, oatmeal, commercially prepared, regular",Baked Products,0,0,0,31,0
172727,18185,"Cookies, peanut butter, commercially prepared, regular",Baked Products,0,1,0,14,0
172732,18198,"Cookies, chocolate chip, commercially prepared, special dietary",Baked Products,0,0,0,3,0
172733,18199,"Cookies, chocolate sandwich, with creme filling, special dietary",Baked Products,0,0,0,3,0
172734,18200,"Cookies, oatmeal, commercially prepared, special dietary",Baked Products,0,3,18,49,2
172735,18206,"Cookies, sugar, refrigerated dough, baked",Baked Products,0,0,0,9,0
172736,18209,"Cookies, sugar wafers with creme filling, regular",Baked Products,0,0,0,25,0
172737,18210,"Cookies, vanilla sandwich with creme filling",Baked Products,0,0,0,1,0
172738,18211,"Puff pastry, frozen, ready-to-bake, baked",Baked Products,0,0,0,39,0
172739,18216,"Crackers, crispbread, rye",Baked Products,0,0,0,194,0
172740,18217,"Crackers, matzo, plain",Baked Products,0,0,0,18,0
172744,18226,"Crackers, rye, wafers, plain",Baked Products,1,2,0,245,0
172746,18228,"Crackers, saltines (includes oyster, soda, soup)",Baked Products,0,0,0,17,0
172749,18235,"Crackers, whole-wheat",Baked Products,0,0,0,179,0
172750,18236,"Cracker, meal",Baked Products,0,0,0,76,0
172752,18243,"Croutons, seasoned",Baked Products,0,6,0,45,0
172753,18244,"Danish pastry, cinnamon, enriched",Baked Products,0,2,1,52,0
172754,18245,"Danish pastry, cheese",Baked Products,0,8,0,38,0
172755,18246,"Danish pastry, fruit, enriched (includes apple, cinnamon, raisin, lemon, raspberry, strawberry)",Baked Products,0,1,1,49,0
172756,18253,"Doughnuts, french crullers, glazed",Baked Products,0,1,0,6,0
172757,18254,"Doughnuts, yeast-leavened, with creme filling",Baked Products,0,2,1,33,0
172758,18255,"Doughnuts, yeast-leavened, glazed, enriched (includes honey buns)",Baked Products,1,3,1,36,0
172759,18256,"Doughnuts, yeast-leavened, with jelly filling",Baked Products,3,8,3,108,0
172760,18263,"Muffins, English, raisin-cinnamon, toasted (includes apple-cinnamon)",Baked Products,0,0,0,28,0
172761,18264,"Muffins, English, wheat",Baked Products,0,2,0,92,0
172762,18266,"Muffins, English, whole-wheat",Baked Products,1,3,0,91,0
172765,18274,"Muffins, blueberry, commercially prepared (Includes mini-muffins)",Baked Products,0,2,1,37,0
172767,18277,"Muffins, blueberry, toaster-type",Baked Products,0,3,0,19,0
172769,18283,"Muffins, oat bran",Baked Products,0,0,0,13,0
172771,18288,"Pancakes plain, frozen, ready-to-heat (includes buttermilk)",Baked Products,0,1,0,59,0
172774,18295,"Pancakes, buckwheat, dry mix, incomplete",Baked Products,0,2,0,154,0
172777,18304,"Pie, banana cream, prepared from recipe",Baked Products,5,21,1,46,0
172778,18305,"Pie, blueberry, commercially prepared",Baked Products,0,39,0,15,0
172780,18308,"Pie, cherry, commercially prepared",Baked Products,0,69,0,20,0
172783,18317,"Pie, egg custard, commercially prepared",Baked Products,0,9,1,50,0
172784,18319,"Pie, fried pies, fruit",Baked Products,0,5,5,8,0
172785,18320,"Pie, lemon meringue, commercially prepared",Baked Products,0,1,3,9,0
172786,18325,"Pie, pecan, prepared from recipe",Baked Products,,60,,,
172787,18326,"Pie, pumpkin, commercially prepared",Baked Products,686,1023,3,20,0
172788,18327,"Pie, pumpkin, prepared from recipe",Baked Products,,4752,,,
172789,18328,"Pie, vanilla cream, prepared from recipe",Baked Products,2,22,1,52,0
172790,18337,"Puff pastry, frozen, ready-to-bake",Baked Products,0,0,0,43,0
172791,18338,Phyllo dough,Baked Products,0,0,0,11,0
172793,18342,"Rolls, dinner, plain, commercially prepared (includes brown-and-serve)",Baked Products,0,0,0,13,0
172794,18348,"Rolls, dinner, whole-wheat",Baked Products,0,0,0,115,0
172795,18349,"Rolls, french",Baked Products,0,0,0,50,0
172796,18350,"Rolls, hamburger or hotdog, plain",Baked Products,0,7,0,6,0
172797,18351,"Rolls, hamburger or hotdog, mixed-grain",Baked Products,0,0,0,45,0
172800,18360,"Taco shells, baked",Baked Products,3,3,13,106,3
172803,18369,"Leavening agents, baking powder, double-acting, sodium aluminum sulfate",Baked Products,0,0,0,0,0
172804,18370,"Leavening agents, baking powder, double-acting, straight phosphate",Baked Products,0,0,0,0,0
172805,18371,"Leavening agents, baking powder, low-sodium",Baked Products,0,0,0,0,0
172806,18376,"Bread, crumbs, dry, grated, seasoned",Baked Products,0,116,0,0,0
172807,18377,"Cookies, oatmeal, prepared from recipe, without raisins",Baked Products,,162,,,
172809,18383,"Bread, protein, (includes gluten), toasted",Baked Products,0,3,0,73,0
172811,18399,"Pie crust, cookie-type, prepared from recipe, graham cracker, chilled",Baked Products,0,143,0,31,0
172813,18401,"Pie crust, cookie-type, prepared from recipe, vanilla wafer, chilled",Baked Products,0,197,1,27,0
172814,18402,"Pie crust, standard-type, prepared from recipe, unbaked",Baked Products,0,0,0,9,0
172818,18416,"Bread, white, commercially prepared, low sodium, no salt",Baked Products,0,0,0,44,0
172823,18429,"Crackers, whole-wheat, low salt",Baked Products,0,0,0,179,0
172830,5362,"Chicken, broiler, rotisserie, BBQ, wing, meat and skin",Poultry Products,0,0,0,0,0
172831,5363,"Ruffed Grouse, breast meat, skinless, raw",Poultry Products,0,0,0,0,0
172832,5621,"Emu, ground, raw",Poultry Products,0,0,0,0,0
172833,5622,"Emu, ground, cooked, pan-broiled",Poultry Products,0,0,0,0,0
172834,5627,"Emu, full rump, cooked, broiled",Poultry Products,0,0,0,0,0
172835,5628,"Emu, inside drum, raw",Poultry Products,0,0,0,0,0
172836,5629,"Emu, inside drums, cooked, broiled",Poultry Products,0,0,0,0,0
172837,5630,"Emu, outside drum, raw",Poultry Products,0,0,0,0,0
172838,5631,"Emu, oyster, raw",Poultry Products,0,0,0,0,0
172839,5644,"Ostrich, inside leg, raw",Poultry Products,0,0,0,0,0
172840,5645,"Ostrich, inside leg, cooked",Poultry Products,0,0,0,0,0
172841,5646,"Ostrich, inside strip, raw",Poultry Products,0,0,0,0,0
172842,5647,"Ostrich, inside strip, cooked",Poultry Products,0,0,0,0,0
172843,5652,"Ostrich, oyster, cooked",Poultry Products,0,0,0,0,0
172844,5653,"Ostrich, round, raw",Poultry Products,0,0,0,0,0
172845,5654,"Ostrich, tenderloin, raw",Poultry Products,0,0,0,0,0
172846,5655,"Ostrich, tip trimmed, raw",Poultry Products,0,0,0,0,0
172847,5662,"Turkey, ground, fat free, raw",Poultry Products,0,0,0,0,0
172848,5663,"Turkey, ground, fat free, pan-broiled crumbles",Poultry Products,0,0,0,0,0
172849,5664,"Turkey, ground, fat free, patties, broiled",Poultry Products,0,0,0,0,0
172850,5665,"Turkey, ground, 93% lean, 7% fat, raw",Poultry Products,0,0,0,0,0
172851,5666,"Turkey, ground, 93% lean, 7% fat, pan-broiled crumbles",Poultry Products,0,0,0,0,0
172852,5671,"Chicken, broilers or fryers, dark meat, drumstick, meat only, cooked, braised",Poultry Products,0,0,0,0,0
172853,5672,"Chicken, broilers or fryers, dark meat, thigh, meat only, cooked, braised",Poultry Products,0,0,0,0,0
172854,5673,"Chicken, skin (drumsticks and thighs), cooked, braised",Poultry Products,0,0,1,101,0
172855,5674,"Chicken, skin (drumsticks and thighs), raw",Poultry Products,0,0,1,103,0
172856,5679,"Chicken, dark meat, drumstick, meat only, with added solution, cooked, roasted",Poultry Products,0,0,0,100,0
172857,5680,"Chicken, dark meat, drumstick, meat only, with added solution, cooked, braised",Poultry Products,0,0,0,0,0
172858,5681,"Chicken, dark meat, thigh, meat only, with added solution, cooked, braised",Poultry Products,0,0,0,0,0
172859,5682,"Chicken, dark meat, thigh, meat only, with added solution, raw",Poultry Products,0,0,0,87,0
172860,5688,"Chicken, dark meat, drumstick, meat and skin, with added solution, raw",Poultry Products,0,0,0,87,0
172861,5689,"Chicken, dark meat, drumstick, meat and skin, with added solution, cooked, roasted",Poultry Products,0,0,0,88,0
172862,5690,"Chicken, dark meat, thigh, meat and skin, with added solution, cooked, braised",Poultry Products,0,0,0,0,0
172863,5691,"Chicken, dark meat, thigh, meat and skin, with added solution, raw",Poultry Products,0,0,0,59,0
172864,5696,"Turkey from whole, light meat, meat only, with added solution, raw",Poultry Products,0,0,0,0,0
172865,5697,"Turkey from whole, light meat, meat only, with added solution, cooked, roasted",Poultry Products,0,0,0,0,0
172866,5698,"Turkey, skin from whole (light and dark), with added solution, raw",Poultry Products,0,0,0,0,0
172867,5699,"Turkey, skin from whole, (light and dark), with added solution, roasted",Poultry Products,0,0,0,0,0
172868,5704,"Turkey, whole, meat only, with added solution, raw",Poultry Products,0,0,0,0,0
172869,5705,"Turkey, whole, meat only, with added solution, roasted",Poultry Products,0,0,0,0,0
172870,5706,"Turkey, whole, meat and skin, with added solution, raw",Poultry Products,0,0,0,0,0
172871,5707,"Turkey, whole, meat and skin, with added solution, roasted",Poultry Products,0,0,0,0,0
172872,5713,"Turkey, retail parts, wing, meat only, cooked, roasted",Poultry Products,0,0,0,0,0
172873,5714,"Turkey, skin, from retail parts, from dark meat, raw",Poultry Products,0,0,0,9,0
172874,5715,"Turkey, skin, from retail parts, from dark meat, cooked, roasted",Poultry Products,0,0,0,7,0
172875,5716,"Turkey, retail parts, drumstick, meat only, raw",Poultry Products,0,0,0,4,0
172876,5721,"Turkey, breast, from whole bird, meat only, with added solution, raw",Poultry Products,0,0,0,0,0
172877,5722,"Turkey, retail parts, thigh, meat only, cooked, roasted",Poultry Products,0,0,0,1,0
172878,5723,"Turkey, retail parts, drumstick, meat only, cooked, roasted",Poultry Products,0,0,0,7,0
172879,6151,"Sauce, plum, ready-to-serve","Soups, Sauces, and Gravies",0,26,0,,
172882,6159,"Soup, tomato, canned, condensed","Soups, Sauces, and Gravies",0,235,0,90,10920
172883,6170,"Soup, stock, beef, home-prepared","Soups, Sauces, and Gravies",0,0,0,1,0
172884,6172,"Soup, stock, chicken, home-prepared","Soups, Sauces, and Gravies",0,0,0,1,0
172885,6174,"Soup, stock, fish, home-prepared","Soups, Sauces, and Gravies",0,0,0,0,0
172886,6175,"Sauce, hoisin, ready-to-serve","Soups, Sauces, and Gravies",0,4,0,45,0
172887,6182,"Soup, cream of mushroom, canned, condensed, reduced sodium","Soups, Sauces, and Gravies",0,0,0,0,0
172888,6183,"Soup, chicken broth, less/reduced sodium, ready to serve","Soups, Sauces, and Gravies",0,0,0,0,0
172889,6188,"Soup, beef broth, less/reduced sodium, ready to serve","Soups, Sauces, and Gravies",0,0,0,0,0
172890,6189,"Sauce, teriyaki, ready-to-serve, reduced sodium","Soups, Sauces, and Gravies",0,0,0,0,0
172892,6208,"Soup, chicken vegetable with potato and cheese, chunky, ready-to-serve","Soups, Sauces, and Gravies",77,186,0,33,54
172898,6256,"Soup, cream of shrimp, canned, prepared with equal volume low fat (2%) milk","Soups, Sauces, and Gravies",0,2,0,0,0
172901,6338,"CAMPBELL'S, Cream of Mushroom Soup, condensed","Soups, Sauces, and Gravies",0,1,0,6,0
172903,6402,"Soup, black bean, canned, prepared with equal volume water","Soups, Sauces, and Gravies",40,110,6,18,232
172904,6404,"Soup, bean with pork, canned, prepared with equal volume water","Soups, Sauces, and Gravies",58,164,0,4,2910
172906,6409,"Soup, beef noodle, canned, prepared with equal volume water","Soups, Sauces, and Gravies",0,60,0,2,4253
172908,6417,"Soup, chicken gumbo, canned, prepared with equal volume water","Soups, Sauces, and Gravies",0,32,2,28,990
172909,6419,"Soup, chicken noodle, canned, prepared with equal volume water","Soups, Sauces, and Gravies",0,119,0,4,0
172910,6423,"Soup, chicken with rice, canned, prepared with equal volume water","Soups, Sauces, and Gravies",39,83,0,3,0
172911,6426,"Soup, chili beef, canned, prepared with equal volume water","Soups, Sauces, and Gravies",13,295,72,87,1265
172912,6434,"CAMPBELL'S CHUNKY, Old Fashioned Vegetable Beef Soup","Soups, Sauces, and Gravies",605,1255,0,137,675
172915,6443,"Soup, cream of mushroom, canned, prepared with equal volume water","Soups, Sauces, and Gravies",0,0,0,2,0
172918,6456,"Soup, cream of shrimp, canned, prepared with equal volume water","Soups, Sauces, and Gravies",0,0,0,0,0
172919,6461,"Soup, tomato beef with noodle, canned, prepared with equal volume water","Soups, Sauces, and Gravies",30,114,2,21,2929
172920,6463,"Soup, tomato rice, canned, prepared with equal volume water","Soups, Sauces, and Gravies",0,124,0,1,8591
172921,6472,"Soup, vegetable with beef broth, canned, prepared with equal volume water","Soups, Sauces, and Gravies",193,415,0,18,14
172922,6475,"Soup, beef broth or bouillon, powder, prepared with water","Soups, Sauces, and Gravies",0,0,0,0,0
172923,6476,"Soup, beef broth, cubed, prepared with water","Soups, Sauces, and Gravies",0,0,0,0,0
172924,6480,"Soup, chicken broth or bouillon, dry, prepared with water","Soups, Sauces, and Gravies",0,0,0,0,0
172925,6528,"Soup, chicken noodle, dry, mix, prepared with water","Soups, Sauces, and Gravies",1,5,0,8,0
172926,7051,"Olive loaf, pork",Sausages and Luncheon Meats,0,0,0,0,0
172927,7052,"Pastrami, turkey",Sausages and Luncheon Meats,0,7,0,0,0
172928,7053,"Pate, chicken liver, canned",Sausages and Luncheon Meats,0,0,0,0,0
172930,7055,"Pate, liver, not specified, canned",Sausages and Luncheon Meats,,,0,0,0
172934,7063,"Pork sausage, link/patty, unprepared",Sausages and Luncheon Meats,0,0,0,0,0
172935,7068,"Salami, cooked, beef",Sausages and Luncheon Meats,0,0,0,0,0
172936,7069,"Salami, cooked, beef and pork",Sausages and Luncheon Meats,0,0,0,0,0
172937,7070,"Salami, cooked, turkey",Sausages and Luncheon Meats,0,0,0,0,0
172940,7078,"Thuringer, cervelat, summer sausage, beef, pork",Sausages and Luncheon Meats,0,0,0,0,0
172941,7081,"Turkey breast, sliced, prepackaged",Sausages and Luncheon Meats,0,0,0,0,0
172942,7083,"Sausage, Vienna, canned, chicken, beef, pork",Sausages and Luncheon Meats,0,0,0,0,0
172944,7207,"Oscar Mayer, Braunschweiger Liver Sausage (sliced)",Sausages and Luncheon Meats,0,0,0,0,0
172945,7209,"Oscar Mayer, Chicken Breast (honey glazed)",Sausages and Luncheon Meats,0,0,0,0,0
172946,7212,"Oscar Mayer, Ham (chopped with natural juice)",Sausages and Luncheon Meats,0,0,0,0,0
172947,7230,"Oscar Mayer, Salami (hard)",Sausages and Luncheon Meats,0,20,0,0,0
172948,7900,"Sausage, turkey, pork, and beef, low fat, smoked",Sausages and Luncheon Meats,0,0,0,0,0
172949,7905,"Frankfurter, beef, pork, and turkey, fat free",Sausages and Luncheon Meats,0,0,0,0,0
172950,7906,"Luncheon meat, pork, ham, and chicken, minced, canned, reduced sodium, added ascorbic acid, includes SPAM, 25% less sodium",Sausages and Luncheon Meats,0,0,0,0,0
172951,7908,"Luncheon meat, pork with ham, minced, canned, includes Spam (Hormel)",Sausages and Luncheon Meats,0,0,0,0,0
172952,7914,"Sausage, Italian, sweet, links",Sausages and Luncheon Meats,0,0,0,0,0
172953,7915,"Sausage, Polish, beef with chicken, hot",Sausages and Luncheon Meats,0,0,0,0,0
172954,7916,"Sausage, Polish, pork and beef, smoked",Sausages and Luncheon Meats,0,0,0,0,0
172955,7917,"Sausage, pork and beef, with cheddar cheese, smoked",Sausages and Luncheon Meats,0,0,0,0,0
172956,7922,"Bratwurst, beef and pork, smoked",Sausages and Luncheon Meats,0,0,0,0,0
172957,7923,"Bratwurst, chicken, cooked",Sausages and Luncheon Meats,0,0,0,0,0
172958,7924,"Bratwurst, pork, beef and turkey, lite, smoked",Sausages and Luncheon Meats,0,0,0,0,0
172959,7925,"Pastrami, beef, 98% fat-free",Sausages and Luncheon Meats,0,0,0,0,0
172960,7930,"Yachtwurst, with pistachio nuts, cooked",Sausages and Luncheon Meats,0,0,0,0,0
172961,7931,"Beerwurst, pork and beef",Sausages and Luncheon Meats,0,0,0,0,0
172962,7932,"Chicken breast, fat-free, mesquite flavor, sliced",Sausages and Luncheon Meats,0,0,0,0,0
172963,7933,"Chicken breast, oven-roasted, fat-free, sliced",Sausages and Luncheon Meats,0,0,0,0,0
172964,7939,"Frankfurter, pork",Sausages and Luncheon Meats,0,0,0,0,0
172965,7940,"Macaroni and cheese loaf, chicken, pork and beef",Sausages and Luncheon Meats,0,0,0,0,0
172966,7941,"Salami, Italian, pork and beef, dry, sliced, 50% less sodium",Sausages and Luncheon Meats,0,0,0,0,0
172967,7942,"Pate, truffle flavor",Sausages and Luncheon Meats,,0,,,
172969,7951,"Scrapple, pork",Sausages and Luncheon Meats,0,0,0,0,0
172970,7952,"Bologna, chicken, turkey, pork",Sausages and Luncheon Meats,11,11,11,0,11
172971,7953,"Pork sausage, link/patty, fully cooked, microwaved",Sausages and Luncheon Meats,0,0,0,0,0
172972,8200,"Cereals, QUAKER, QUAKER MultiGrain Oatmeal, dry",Breakfast Cereals,0,5,0,182,0
172973,8204,"Cereals ready-to-eat, chocolate-flavored frosted puffed corn",Breakfast Cereals,0,0,0,0,0
172974,8216,"Cereals ready-to-eat, QUAKER, Toasted Multigrain Crisps",Breakfast Cereals,9,14,0,310,0
172975,8218,"Cereals ready-to-eat, QUAKER, QUAKER 100% Natural Granola with Oats, Wheat, Honey, and Raisins",Breakfast Cereals,0,5,0,114,0
172976,8220,"Cereals ready-to-eat, QUAKER, Low Fat 100% Natural Granola with Raisins",Breakfast Cereals,5,8,0,224,0
172981,8290,"Cereals ready-to-eat, HEALTH VALLEY, FIBER 7 Flakes",Breakfast Cereals,0,0,0,0,0
172984,8349,"Cereals ready-to-eat, MALT-O-MEAL, TOOTIE FRUITIES",Breakfast Cereals,24,37,0,625,0
172989,8402,"Cereals, QUAKER, Quick Oats, Dry",Breakfast Cereals,0,0,0,180,0
172990,8409,"Cereals ready-to-eat, MALT-O-MEAL, Frosted Flakes",Breakfast Cereals,36,54,0,763,0
172991,8436,"Cereals, QUAKER, Instant Oatmeal, Raisin and Spice, dry",Breakfast Cereals,0,0,0,104,0
172996,8484,"Cereals ready-to-eat, MALT-O-MEAL, Raisin Bran Cereal",Breakfast Cereals,0,3,0,118,0
172997,8487,"Cereals ready-to-eat, MALT-O-MEAL, Blueberry MUFFIN TOPS Cereal",Breakfast Cereals,0,0,0,0,0
173000,8500,"Cereals ready-to-eat, MALT-O-MEAL, Frosted Mini SPOONERS",Breakfast Cereals,0,0,0,184,0
173001,8501,"Cereals ready-to-eat, MALT-O-MEAL, Fruity DYNO-BITES",Breakfast Cereals,0,0,0,0,0
173003,8505,"Cereals ready-to-eat, RALSTON Corn Biscuits",Breakfast Cereals,0,261,234,,0
173005,8544,"Cereals ready-to-eat, POST GREAT GRAINS Cranberry Almond Crunch",Breakfast Cereals,0,5,0,127,0
173006,8546,Rice and Wheat cereal bar,Snacks,0,0,0,0,0
173015,8633,"Cereals ready-to-eat, POST, HONEY BUNCHES OF OATS with vanilla bunches",Breakfast Cereals,2,11,18,141,0
173017,8656,"Cereals ready-to-eat, NATURE'S PATH, Organic FLAX PLUS flakes",Breakfast Cereals,0,0,0,210,0
173018,8657,"Cereals ready-to-eat, BARBARA'S PUFFINS, original",Breakfast Cereals,0,0,0,775,0
173021,9089,"Figs, raw",Fruits and Fruit Juices,0,85,0,9,0
173022,9090,"Figs, canned, water pack, solids and liquids",Fruits and Fruit Juices,0,23,0,7,0
173023,9091,"Figs, canned, light syrup pack, solids and liquids",Fruits and Fruit Juices,0,22,0,8,0
173024,9092,"Figs, canned, heavy syrup pack, solids and liquids",Fruits and Fruit Juices,0,22,0,11,0
173027,9099,"Fruit cocktail, (peach and pineapple and pear and grape and cherry), canned, light syrup, solids and liquids",Fruits and Fruit Juices,0,104,39,75,0
173028,9100,"Fruit cocktail, (peach and pineapple and pear and grape and cherry), canned, heavy syrup, solids and liquids",Fruits and Fruit Juices,0,104,39,75,0
173033,9111,"Grapefruit, raw, pink and red and white, all areas",Fruits and Fruit Juices,4,552,6,6,1135
173035,9119,"Grapefruit, sections, canned, water pack, solids and liquids",Fruits and Fruit Juices,0,0,0,0,0
173036,9120,"Grapefruit, sections, canned, juice pack, solids and liquids",Fruits and Fruit Juices,0,0,0,0,0
173037,9121,"Grapefruit, sections, canned, light syrup pack, solids and liquids",Fruits and Fruit Juices,0,0,0,0,0
173038,9127,"Grapefruit juice, pink or red, with added calcium",Fruits and Fruit Juices,3,188,5,14,297
173039,9128,"Grapefruit juice, white, raw",Fruits and Fruit Juices,2,4,1,10,0
173040,9129,"Grapes, muscadine, raw",Fruits and Fruit Juices,1,39,1,64,0
173041,9130,"Grape juice, canned or bottled, unsweetened, with added ascorbic acid",Fruits and Fruit Juices,0,5,0,57,0
173042,9135,"Grape juice, canned or bottled, unsweetened, without added ascorbic acid",Fruits and Fruit Juices,0,5,0,57,0
173044,9139,"Guavas, common, raw",Fruits and Fruit Juices,0,374,0,0,5204
173046,23250,"Beef, top loin petite roast, boneless, separable lean only, trimmed to 1/8"" fat, all grades, cooked, roasted",Beef Products,0,0,0,0,0
173047,23251,"Beef, top loin petite roast, boneless, separable lean only, trimmed to 1/8"" fat, choice, cooked, roasted",Beef Products,0,0,0,0,0
173048,23252,"Beef, top loin petite roast, boneless, separable lean only, trimmed to 1/8"" fat, select, cooked, roasted",Beef Products,0,0,0,0,0
173049,23253,"Beef, top loin petite roast/filet, boneless, separable lean only, trimmed to 1/8"" fat, all grades, raw",Beef Products,0,0,0,0,0
173050,23258,"Beef, loin, top sirloin filet, boneless, separable lean only, trimmed to 0"" fat, select, cooked, grilled",Beef Products,0,0,0,0,0
173051,23259,"Beef, loin, top sirloin petite roast, boneless, separable lean only, trimmed to 0"" fat, all grades, cooked, roasted",Beef Products,0,0,0,0,0
173052,23260,"Beef, loin, top sirloin petite roast, boneless, separable lean only, trimmed to 0"" fat, select, cooked, roasted",Beef Products,0,0,0,0,0
173053,23261,"Beef, loin, top sirloin petite roast/filet, boneless, separable lean only, trimmed to 0"" fat, all grades, raw",Beef Products,0,0,0,0,0
173054,23266,"Beef, ribeye cap steak, boneless, separable lean only, trimmed to 0"" fat, all grades, cooked, grilled",Beef Products,0,0,0,0,0
173055,23267,"Beef, ribeye cap steak, boneless, separable lean only, trimmed to 0"" fat, choice, cooked, grilled",Beef Products,0,0,0,0,0
173056,23268,"Beef, ribeye cap steak, boneless, separable lean only, trimmed to 0"" fat, select, cooked, grilled",Beef Products,0,0,0,0,0
173057,23269,"Beef, ribeye cap steak, boneless, separable lean only, trimmed to 0"" fat, all grades, raw",Beef Products,0,0,0,0,0
173058,23275,"Beef, ribeye petite roast, boneless, separable lean only, trimmed to 0"" fat, all grades, cooked, roasted",Beef Products,0,0,0,0,0
173059,23276,"Beef, ribeye petite roast, boneless, separable lean only, trimmed to 0"" fat, choice, cooked, roasted",Beef Products,0,0,0,0,0
173060,23277,"Beef, ribeye petite roast, boneless, separable lean only, trimmed to 0"" fat, select, cooked, roasted",Beef Products,0,0,0,0,0
173061,23278,"Beef, loin, top sirloin cap steak, boneless, separable lean and fat, trimmed to 1/8"" fat, all grades, cooked, grilled",Beef Products,0,0,0,0,0
173062,23283,"Beef, loin, top sirloin cap steak, boneless, separable lean and fat, trimmed to 1/8"" fat, select, raw",Beef Products,0,0,0,0,0
173063,23284,"Beef, top loin filet, boneless, separable lean and fat, trimmed to 1/8"" fat, all grades, cooked, grilled",Beef Products,0,0,0,0,0
173064,23285,"Beef, top loin filet, boneless, separable lean and fat, trimmed to 1/8"" fat, choice, cooked, grilled",Beef Products,0,0,0,0,0
173065,23286,"Beef, top loin filet, boneless, separable lean and fat, trimmed to 1/8"" fat, select, cooked, grilled",Beef Products,0,0,0,0,0
173066,23291,"Beef, top loin petite roast/filet, boneless, separable lean and fat, trimmed to 1/8"" fat, choice, raw",Beef Products,0,0,0,0,0
173067,23292,"Beef, top loin petite roast/filet, boneless, separable lean and fat, trimmed to 1/8"" fat, select, raw",Beef Products,0,0,0,0,0
173068,23293,"Beef, Australian, imported, grass-fed, ground, 85% lean / 15% fat, raw",Beef Products,0,0,0,0,0
173069,23392,"Beef, loin, top loin steak, boneless, lip-on, separable lean only, trimmed to 1/8"" fat, choice, cooked, grilled",Beef Products,0,0,0,0,0
173070,23393,"Beef, loin, top loin steak, boneless, lip-on, separable lean only, trimmed to 1/8"" fat, select, cooked, grilled",Beef Products,0,0,0,0,0
173071,23394,"Beef, loin, top loin steak, boneless, lip-on, separable lean only, trimmed to 1/8"" fat, all grades, cooked, grilled",Beef Products,0,0,0,0,0
173072,23395,"Beef, loin, top loin steak, boneless, lip-on, separable lean and fat, trimmed to 1/8"" fat, choice, raw",Beef Products,0,0,0,0,0
173073,23402,"Beef, New Zealand, imported, brisket point end, separable lean only, cooked, braised",Beef Products,0,0,0,0,0
173074,23403,"Beef, New Zealand, imported, brisket point end, separable lean only, raw",Beef Products,0,0,0,0,0
173075,23404,"Beef, New Zealand, imported, chuck eye roll, separable lean only, raw",Beef Products,0,0,0,0,0
173076,23405,"Beef, New Zealand, imported, chuck eye roll, separable lean only, cooked, braised",Beef Products,0,0,0,0,0
173077,23410,"Beef, New Zealand, imported, flank, separable lean only, cooked, braised",Beef Products,0,0,0,0,0
173078,23411,"Beef, New Zealand, imported, flank, separable lean only, raw",Beef Products,0,0,0,0,0
173079,23412,"Beef, New Zealand, imported, flat, separable lean only, cooked, braised",Beef Products,0,0,0,0,0
173080,23413,"Beef, New Zealand, imported, flat, separable lean only, raw",Beef Products,0,0,0,0,0
173081,23414,"Beef, New Zealand, imported, variety meats and by-products, heart, cooked, boiled",Beef Products,0,0,0,0,0
173082,23419,"Beef, New Zealand, imported, intermuscular fat, cooked",Beef Products,0,0,0,0,0
173083,23420,"Beef, New Zealand, imported, intermuscular fat, raw",Beef Products,0,0,0,0,0
173084,23421,"Beef, New Zealand, imported, variety meats and by-products, kidney, cooked, boiled",Beef Products,0,0,0,0,0
173085,23422,"Beef, New Zealand, imported, knuckle, cooked, fast fried",Beef Products,0,0,0,0,0
173086,23427,"Beef, New Zealand, imported, manufacturing beef, raw",Beef Products,0,0,0,0,0
173087,23428,"Beef, New Zealand, imported, oyster blade, separable lean only, cooked, braised",Beef Products,0,0,0,0,0
173088,23429,"Beef, New Zealand, imported, oyster blade, separable lean only, raw",Beef Products,0,0,0,0,0
173089,23430,"Beef, New Zealand, imported, ribs prepared, cooked, fast roasted",Beef Products,0,0,0,0,0
173090,23435,"Beef, New Zealand, imported, subcutaneous fat, cooked",Beef Products,0,0,0,0,0
173091,23436,"Beef, New Zealand, imported, subcutaneous fat, raw",Beef Products,0,0,0,0,0
173092,23437,"Beef, New Zealand, imported, sweetbread, cooked, boiled",Beef Products,0,0,0,0,0
173093,23438,"Beef, New Zealand, imported, sweetbread, raw",Beef Products,0,0,0,0,0
173094,23439,"Beef, New Zealand, imported, tenderloin, separable lean only, cooked, fast fried",Beef Products,0,0,0,0,0
173095,23444,"Beef, New Zealand, imported, variety meats and by-products, tripe cooked, boiled",Beef Products,0,0,0,0,0
173096,23445,"Beef, New Zealand, imported, variety meats and by-products, tripe uncooked, raw",Beef Products,0,0,0,0,0
173097,23446,"Beef, New Zealand, imported, bolar blade, separable lean and fat, cooked, fast roasted",Beef Products,0,0,0,0,0
173098,23447,"Beef, New Zealand, imported, bolar blade, separable lean and fat, raw",Beef Products,0,0,0,0,0
173099,23452,"Beef, New Zealand, imported, chuck eye roll, separable lean and fat, cooked, braised",Beef Products,0,0,0,0,0
173100,23453,"Beef, New Zealand, imported, chuck eye roll, separable lean and fat, raw",Beef Products,0,0,0,0,0
173101,23454,"Beef, New Zealand, imported, cube roll, separable lean and fat, cooked, fast roasted",Beef Products,0,0,0,0,0
173102,23455,"Beef, New Zealand, imported, cube roll, separable lean and fat, raw",Beef Products,0,0,0,0,0
173103,23461,"Beef, New Zealand, imported, flat, separable lean and fat, raw",Beef Products,0,0,0,0,0
173104,23462,"Beef, New Zealand, imported, hind shin, separable lean and fat, cooked, braised",Beef Products,0,0,0,0,0
173105,23463,"Beef, New Zealand, imported, hind shin, separable lean and fat, raw",Beef Products,0,0,0,0,0
173106,23464,"Beef, New Zealand, imported, oyster blade, separable lean and fat, cooked, braised",Beef Products,0,0,0,0,0
173107,23469,"Beef, New Zealand, imported, striploin, separable lean and fat, raw",Beef Products,0,0,0,0,0
173108,23470,"Beef, New Zealand, imported, tenderloin, separable lean and fat, cooked, fast fried",Beef Products,0,0,0,0,0
173109,23471,"Beef, New Zealand, imported, tenderloin, separable lean and fat, raw",Beef Products,0,0,0,0,0
173110,23472,"Beef, ground, 93% lean meat / 7% fat, raw",Beef Products,0,0,0,0,0
173111,23477,"Beef, ground, 97% lean meat / 3% fat, raw",Beef Products,0,0,0,0,0
173112,23478,"Beef, ground, 97% lean meat / 3% fat, patty, cooked, broiled",Beef Products,0,0,0,0,0
173113,23479,"Beef, ground, 97% lean meat /3% fat, patty, cooked, pan-broiled",Beef Products,0,0,0,0,0
173114,23480,"Beef, ground, 97% lean meat / 3% fat, loaf, cooked, baked",Beef Products,0,0,0,0,0
173115,23622,"Beef, round, bottom round, steak, separable lean only, trimmed to 1/8"" fat, choice, cooked, braised",Beef Products,0,0,0,0,0
173116,23627,"Beef, short loin, top loin, steak, separable lean only, trimmed to 1/8"" fat, choice, raw",Beef Products,0,0,0,0,0
173117,23628,"Beef, tenderloin, steak, separable lean only, trimmed to 1/8"" fat, choice, cooked, broiled",Beef Products,0,0,0,0,0
173118,23629,"Beef, top sirloin, steak, separable lean only, trimmed to 1/8"" fat, choice, cooked, broiled",Beef Products,0,0,0,0,0
173119,23630,"Beef, short loin, top loin, steak, separable lean only, trimmed to 1/8"" fat, choice, cooked, broiled",Beef Products,0,0,0,0,0
173120,23635,"Beef, round, eye of round, roast, separable lean only, trimmed to 1/8"" fat, select, raw",Beef Products,0,0,0,0,0
173121,23636,"Beef, round, top round, steak, separable lean only, trimmed to 1/8"" fat, select, raw",Beef Products,0,0,0,0,0
173122,23637,"Beef, round, bottom round, roast, separable lean only, trimmed to 1/8"" fat, select, raw",Beef Products,0,0,0,0,0
173123,23638,"Beef, rib, small end (ribs 10-12), separable lean only, trimmed to 1/8"" fat, all grades, cooked, broiled",Beef Products,0,0,0,0,0
173124,23650,"Beef, bottom sirloin, tri-tip roast, separable lean only, trimmed to 0"" fat, select, raw",Beef Products,0,0,0,0,0
173125,23651,"Beef, round, tip round, roast, separable lean only, trimmed to 0"" fat, all grades, raw",Beef Products,0,0,0,0,0
173126,23652,"Beef, round, tip round, roast, separable lean only, trimmed to 0"" fat, choice, raw",Beef Products,0,0,0,0,0
173127,23653,"Beef, round, tip round, roast, separable lean only, trimmed to 0"" fat, select, raw",Beef Products,0,0,0,0,0
173128,23658,"Beef, brisket, flat half, separable lean and fat, trimmed to 1/8"" fat, choice, raw",Beef Products,0,0,0,0,0
173129,23659,"Beef, brisket, flat half, separable lean and fat, trimmed to 1/8"" fat, select, raw",Beef Products,0,0,0,0,0
173130,23660,"Beef, brisket, flat half, separable lean and fat, trimmed to 1/8"" fat, choice, cooked, braised",Beef Products,0,0,0,0,0
173131,25000,"Snacks, popcorn, microwave, 94% fat free",Snacks,7,75,160,1259,0
173136,25016,"Formulated bar, MARS SNACKFOOD US, SNICKERS MARATHON Energy Bar, all flavors",Snacks,0,0,0,0,0
173137,25017,"Formulated bar, POWER BAR, chocolate",Snacks,0,0,0,0,0
173139,25020,"Formulated bar, SLIM-FAST OPTIMA meal bar, milk chocolate peanut",Snacks,0,0,0,0,0
173140,25025,"Snacks, soy chips or crisps, salted",Snacks,0,0,0,0,0
173141,25026,"Popcorn, microwave, regular (butter) flavor, made with palm oil",Snacks,6,50,111,1115,0
173142,25027,"Snacks, plantain chips, salted",Snacks,441,611,0,16,36
173143,25028,"Tortilla chips, yellow, plain, salted",Snacks,56,39,57,1198,0
173144,25034,"Snacks, granola bar, KASHI GOLEAN, crunchy, mixed flavors",Snacks,3,7,0,64,0
173145,25035,"Snacks, granola bar, chewy, reduced sugar, all flavors",Snacks,0,1,0,47,0
173146,25036,"Snacks, granola bites, mixed flavors",Snacks,0,3,0,82,0
173147,25037,"Snacks, pita chips, salted",Snacks,0,0,0,15,0
173148,25038,"Snacks, granola bars, soft, almond, confectioners coating",Snacks,0,1,0,15,0
173149,25045,"Formulated bar, high fiber, chewy, oats and chocolate",Snacks,0,0,0,65,0
173150,25046,"Snacks, bagel chips, plain",Snacks,0,0,0,14,0
173151,25048,"Snacks, NUTRI-GRAIN FRUIT AND NUT BAR",Snacks,0,5,0,40,0
173153,25055,"Snacks, granola bar, GENERAL MILLS, NATURE VALLEY, CHEWY TRAIL MIX",Snacks,0,1,0,0,0
173154,25056,"Snacks, granola bar, QUAKER, DIPPS, all flavors",Snacks,0,1,0,43,0
173155,25059,"Snacks, brown rice chips",Snacks,0,1,0,22,0
173156,25060,"Snack, Pretzel, hard chocolate coated",Snacks,0,0,0,9,0
173157,25066,"Snacks, peas, roasted, wasabi-flavored",Snacks,42,901,0,4930,0
173158,25067,"Formulated Bar, SOUTH BEACH protein bar",Snacks,0,3901,0,11713,0
173159,25068,"Snack, BALANCE, original bar",Snacks,0,10,0,0,0
173160,25070,"Snacks, shrimp cracker",Snacks,0,0,0,116,0
173161,25071,Rice crackers,Snacks,0,0,0,0,0
173162,14022,"Beverages, MONSTER energy drink, low carb",Beverages,0,0,0,0,0
173164,14025,"Alcoholic beverage, whiskey sour, prepared with water, whiskey and powder mix",Beverages,0,0,0,0,0
173165,14030,"Beverages, THE COCA-COLA COMPANY, NOS energy drink, Original, grape, loaded cherry, charged citrus, fortified with vitamins B6 and B12",Beverages,0,0,0,0,0
173166,14031,"Beverages, water, bottled, yumberry, pomegranate with anti-oxidants, zero calories",Beverages,0,0,0,0,0
173167,14033,"Beverages, ABBOTT, EAS whey protein powder",Beverages,0,0,0,0,0
173168,14034,"Alcoholic beverage, creme de menthe, 72 proof",Beverages,0,0,0,0,0
173169,14041,"Beverages, NESTLE, Boost plus, nutritional drink, ready-to-drink",Beverages,0,144,0,0,0
173170,14044,"Beverages, SLIMFAST, Meal replacement,  High Protein Shake, Ready-To-Drink, 3-2-1 plan",Beverages,0,0,0,0,0
173171,14045,"Beverages, UNILEVER, SLIMFAST, meal replacement, regular, ready-to-drink,  3-2-1 Plan",Beverages,0,0,0,0,0
173172,14047,"Beverages, UNILEVER, SLIMFAST Shake Mix, powder, 3-2-1 Plan",Beverages,0,1,0,0,0
173173,14048,"Beverages, FUZE, orange mango, fortified with vitamins A, C, E, B6",Beverages,0,232,15,116,0
173174,14055,"Beverages, UNILEVER, SLIMFAST Shake Mix, high protein, whey powder, 3-2-1 Plan,",Beverages,0,1,0,0,0
173175,14056,"Beverages, Acai berry drink, fortified",Beverages,46,5784,23,783,899
173176,14057,"Alcoholic beverage, wine, dessert, sweet",Beverages,0,0,0,0,0
173177,14058,"Beverages, Whey protein powder isolate",Beverages,0,1,0,0,0
173178,14064,"Beverages, Orange juice, light, No pulp",Beverages,2,79,60,47,0
173179,14065,"Beverages, The COCA-COLA company, Hi-C Flashin' Fruit Punch",Beverages,0,0,0,0,0
173180,14066,"Beverages, Protein powder whey based",Beverages,0,0,0,0,0
173181,14067,"Beverages, Protein powder soy based",Beverages,0,0,0,0,0
173182,14080,"Beverages, rich chocolate, powder",Beverages,0,0,0,0,0
173183,14082,"Beverages, GEROLSTEINER BRUNNEN GmbH & Co. KG (Gerolsteiner), naturally sparkling, mineral bottled water",Beverages,0,0,0,0,0
173184,14083,"Beverages, chocolate malt, powder, prepared with fat free milk",Beverages,0,0,0,0,0
173185,14084,"Alcoholic beverage, wine, table, all",Beverages,0,0,0,0,0
173187,14092,"Beverages, chocolate almond milk, unsweetened, shelf-stable, fortified with vitamin D2 and E",Beverages,0,0,0,0,0
173188,14093,"Beverages, The COCA-COLA company, Glaceau Vitamin Water, Revive Fruit Punch, fortified",Beverages,0,0,0,0,0
173189,14095,"Beverages, MINUTE MAID, Lemonada, Limeade",Beverages,0,0,0,0,0
173190,14096,"Alcoholic beverage, wine, table, red",Beverages,0,1,0,6,0
173197,14119,"Beverages, Mixed vegetable and fruit juice drink, with added nutrients",Beverages,144,1178,0,12,0
173199,14130,"Carbonated beverage, cream soda",Beverages,0,0,0,0,0
173204,14143,"Beverages, carbonated, low calorie, other than cola or pepper,  without caffeine",Beverages,0,0,0,0,0
173205,14144,"Beverages, carbonated, lemon-lime soda, no caffeine",Beverages,0,0,0,0,0
173206,14145,"Beverages, carbonated, SPRITE, lemon-lime, without caffeine",Beverages,0,0,0,0,0
173207,14151,"Beverages, carbonated, low calorie, other than cola or pepper, with aspartame, contains caffeine",Beverages,0,0,0,0,0
173210,14154,"Beverages, Energy drink, RED BULL",Beverages,0,0,0,0,0
173211,14280,"Beverages, tea, black, ready to drink, decaffeinated, diet",Beverages,0,0,0,0,0
173212,14281,"Beverages, tea, black, ready to drink, decaffeinated",Beverages,0,0,0,0,0
173213,14282,"Beverages, grape juice drink, canned",Beverages,0,3,0,19,0
173216,14292,"Lemonade, frozen concentrate, white",Beverages,0,0,0,4,0
173217,14293,"Lemonade, frozen concentrate, white, prepared with water",Beverages,0,0,1,1,0
173219,14310,"Beverages, Malted drink mix, natural, with added nutrients, powder, prepared with whole milk",Beverages,0,5,0,,0
173220,14311,"Beverages, Malted drink mix, natural, powder, dairy based.",Beverages,0,11,0,7,0
173221,14312,"Beverages, Malted drink mix, natural, powder, prepared with whole milk",Beverages,0,6,0,0,0
173222,14315,"Beverages, OVALTINE, chocolate malt powder",Beverages,0,0,0,0,0
173223,14327,"Beverages, orange and apricot juice drink, canned",Beverages,2,79,60,47,0
173224,14334,"Beverages, pineapple and grapefruit juice drink, canned",Beverages,0,1,0,1,0
173225,14341,"Beverages, pineapple and orange juice drink, canned",Beverages,0,4,15,12,0
173226,14347,"Shake, fast food, vanilla",Beverages,0,0,0,0,0
173227,14355,"Beverages, tea, black, brewed, prepared with tap water",Beverages,0,0,0,0,0
173228,14356,"Beverages, tea, instant, decaffeinated, lemon, diet",Beverages,0,0,0,0,0
173229,14357,"Beverages, tea, instant, decaffeinated, lemon, sweetened",Beverages,0,0,0,0,0
173230,14366,"Beverages, tea, instant, unsweetened, powder",Beverages,0,0,0,0,0
173231,14376,"Beverages, tea, instant, lemon, diet",Beverages,0,0,0,0,0
173232,14381,"Beverages, tea, herb, other than chamomile, brewed",Beverages,0,0,0,0,0
173235,14407,"Beverages, orange-flavor drink, breakfast type, powder",Beverages,0,0,1,1,0
173236,14408,"Beverages, orange-flavor drink, breakfast type, powder, prepared with water",Beverages,0,0,0,0,0
173243,18451,"Cake, pound, commercially prepared, fat-free",Baked Products,0,0,0,2,0
173264,20656,"Pasta, gluten-free, rice flour and rice bran extract, cooked, DE BOLES",Cereal Grains and Pasta,,,,,0
173265,20657,"Pasta, gluten-free, corn and rice flour, cooked",Cereal Grains and Pasta,21,32,0,539,0
173266,21003,"Fast foods, biscuit, with egg and bacon",Fast Foods,0,14,3,107,0
173267,21004,"Fast foods, biscuit, with egg and ham",Fast Foods,0,14,3,108,0
173268,21010,"Fast foods, biscuit, with crispy chicken fillet",Fast Foods,0,1,0,42,0
173269,21012,"Fast foods, croissant, with egg, cheese, and bacon",Fast Foods,0,35,4,196,0
173270,21013,"Fast foods, croissant, with egg, cheese, and ham",Fast Foods,0,29,3,144,0
173271,21014,"Fast foods, croissant, with egg, cheese, and sausage",Fast Foods,0,29,8,336,0
173272,21018,"Fast foods, egg, scrambled",Fast Foods,0,62,6,233,0
173273,21026,"Fast foods, potatoes, hash browns, round pieces or patty",Fast Foods,0,1,0,18,0
173274,21028,"Fast foods, vanilla, light, soft-serve ice cream, with cone",Fast Foods,0,5,0,1,0
173277,21063,"Fast foods, burrito, with beans and beef",Fast Foods,0,16,0,4,638
173278,21064,"Fast foods, burrito, with beans, cheese, and beef",Fast Foods,2,63,22,77,160
173284,21283,"PAPA JOHN'S 14"" Cheese Pizza, Original Crust",Fast Foods,0,69,0,47,1520
173292,21299,"Fast Food, Pizza Chain, 14"" pizza, cheese topping, regular crust",Fast Foods,0,92,0,58,1915
173293,21300,"Fast Food, Pizza Chain, 14"" pizza, cheese topping, thick crust",Fast Foods,0,93,0,22,1927
173294,21301,"Fast Food, Pizza Chain, 14"" pizza, cheese topping, thin crust",Fast Foods,0,97,0,30,2013
173295,21302,"Fast Food, Pizza Chain, 14"" pizza, pepperoni topping, regular crust",Fast Foods,0,94,0,24,1957
173296,21303,"Fast Food, Pizza Chain, 14"" pizza, pepperoni topping, thick crust",Fast Foods,0,95,0,23,1966
173298,21319,"McDONALD'S, Hash Brown",Fast Foods,0,1,0,17,0
173299,21321,"McDONALD'S, Hotcakes (plain)",Fast Foods,,34,,,
173317,21390,"Fast foods, hamburger; single, large patty; with condiments, vegetables and mayonnaise",Fast Foods,15,103,2,45,1068
173319,21395,"Fast foods, cheeseburger; double, regular patty; with condiments",Fast Foods,1,51,3,17,980
173321,21401,"Fast foods, chicken tenders",Fast Foods,0,2,0,83,0
173322,21410,"Fast foods, bagel, with egg, sausage patty, cheese, and condiments",Fast Foods,0,0,0,119,0
173323,21411,"Fast foods, bagel, with breakfast steak, egg, cheese, and condiments",Fast Foods,0,20,4,151,0
173324,21412,"Light Ice Cream, soft serve, blended with milk chocolate candies",Fast Foods,0,5,0,0,0
173325,22247,"Macaroni and Cheese, canned entree","Meals, Entrees, and Side Dishes",0,5,0,2,0
173326,22535,"HOT POCKETS, CROISSANT POCKETS Chicken, Broccoli, and Cheddar Stuffed Sandwich, frozen","Meals, Entrees, and Side Dishes",0,50,0,115,0
173327,22537,"HOT POCKETS Ham 'N Cheese Stuffed Sandwich, frozen","Meals, Entrees, and Side Dishes",4,23,0,115,0
173328,22899,"Ravioli, cheese-filled, canned","Meals, Entrees, and Side Dishes",0,124,0,16,8625
173329,22900,"Ravioli, meat-filled, with tomato sauce or meat sauce, canned","Meals, Entrees, and Side Dishes",1,121,0,65,3335
173330,22905,"Beef stew, canned entree","Meals, Entrees, and Side Dishes",53,106,3,4,28
173331,22906,"Chicken pot pie, frozen entree, prepared","Meals, Entrees, and Side Dishes",132,339,0,90,2
173332,22908,"Beef, corned beef hash, with potato, canned","Meals, Entrees, and Side Dishes",0,0,0,5,0
173333,22910,"Lasagna, cheese, frozen, prepared","Meals, Entrees, and Side Dishes",2,87,0,28,2779
173334,22916,"Lasagna with meat & sauce, frozen entree","Meals, Entrees, and Side Dishes",7,222,2,175,3350
173335,22917,"Burrito, beef and bean, frozen","Meals, Entrees, and Side Dishes",0,117,21,52,2533
173336,22918,"Burrito, bean and cheese, frozen","Meals, Entrees, and Side Dishes",1,24,11,36,0
173338,22957,"Turkey, stuffing, mashed potatoes w/gravy, assorted vegetables, frozen, microwaved","Meals, Entrees, and Side Dishes",0,124,0,327,0
173339,22958,"Rice bowl with chicken, frozen entree, prepared (includes fried, teriyaki, and sweet and sour varieties)","Meals, Entrees, and Side Dishes",107,287,43,97,53
173340,22959,"Macaroni and cheese dinner with dry sauce mix, boxed, uncooked","Meals, Entrees, and Side Dishes",0,5,0,15,0
173342,22970,"Macaroni and cheese, frozen entree","Meals, Entrees, and Side Dishes",0,20,0,4,0
173343,22971,Potato salad with egg,"Meals, Entrees, and Side Dishes",5,67,3,43,0
173344,22972,Pulled pork in barbecue sauce,"Meals, Entrees, and Side Dishes",46,126,19,90,3435
173345,22973,"Corn dogs, frozen, prepared","Meals, Entrees, and Side Dishes",0,3,4,132,0
173346,22978,"Chicken tenders, breaded, frozen, prepared","Meals, Entrees, and Side Dishes",0,9,7,44,0
173347,22998,"RICE-A-RONI, chicken flavor, unprepared","Meals, Entrees, and Side Dishes",0,29,1,105,2
173349,23000,"Beef, shoulder pot roast or steak, boneless, separable lean and fat, trimmed to 0"" fat, all grades, raw",Beef Products,0,0,0,0,0
173350,23001,"Beef, short loin, porterhouse steak, separable lean and fat, trimmed to 1/8"" fat, all grades, raw",Beef Products,0,0,0,0,0
173351,23006,"Beef, short loin, t-bone steak, separable lean and fat, trimmed to 1/8"" fat, all grades, cooked, grilled",Beef Products,0,0,0,0,0
173352,23007,"Beef, short loin, t-bone steak, separable lean and fat, trimmed to 1/8"" fat, select, raw",Beef Products,0,0,0,0,0
173353,23008,"Beef, short loin, t-bone steak, separable lean and fat, trimmed to 1/8"" fat, select, cooked, grilled",Beef Products,0,0,0,0,0
173354,23030,"Beef, round, knuckle, tip side, steak, separable lean and fat, trimmed to 0"" fat, choice, raw",Beef Products,0,0,0,0,0
173355,23035,"Beef, chuck, shoulder clod, shoulder tender, medallion, separable lean and fat, trimmed to 0"" fat, choice, cooked, grilled",Beef Products,0,0,0,0,0
173356,23036,"Beef, chuck, shoulder clod, shoulder tender, medallion, separable lean and fat, trimmed to 0"" fat, select, raw",Beef Products,0,0,0,0,0
173357,23037,"Beef, chuck, shoulder clod, shoulder top and center steaks, separable lean and fat, trimmed to 0"" fat, choice, raw",Beef Products,0,0,0,0,0
173358,23038,"Beef, chuck, shoulder clod, shoulder top and center steaks, separable lean and fat, trimmed to 0"" fat, choice, cooked, grilled",Beef Products,0,0,0,0,0
173359,23043,"Beef, chuck, shoulder clod, top blade, steak, separable lean and fat, trimmed to 0"" fat, select, raw",Beef Products,0,0,0,0,0
173360,23044,"Beef, chuck, shoulder clod, top blade, steak, separable lean and fat, trimmed to 0"" fat, select, cooked, grilled",Beef Products,0,0,0,0,0
173361,23045,"Beef, round, knuckle, tip center, steak, separable lean and fat, trimmed to 0"" fat, choice, raw",Beef Products,0,0,0,0,0
173362,23046,"Beef, round, knuckle, tip center, steak, separable lean and fat, trimmed to 0"" fat, choice, cooked, grilled",Beef Products,0,0,0,0,0
173363,23047,"Beef, round, knuckle, tip center, steak, separable lean and fat, trimmed to 0"" fat, select, raw",Beef Products,0,0,0,0,0
173364,23052,"Beef, round, outside round, bottom round, steak, separable lean and fat, trimmed to 0"" fat, select, cooked, grilled",Beef Products,0,0,0,0,0
173365,23053,"Beef, chuck, shoulder clod, shoulder tender, medallion, separable lean and fat, trimmed to 0"" fat, all grades, raw",Beef Products,0,0,0,0,0
173366,23054,"Beef, chuck, shoulder clod, shoulder tender, medallion, separable lean and fat, trimmed to 0"" fat, all grades, cooked, grilled",Beef Products,0,0,0,0,0
173367,23055,"Beef, round, knuckle, tip side, steak, separable lean and fat, trimmed to 0"" fat, all grades, raw",Beef Products,0,0,0,0,0
173368,23060,"Beef, chuck, shoulder clod, top blade, steak, separable lean and fat, trimmed to 0"" fat, all grades, cooked, grilled",Beef Products,0,0,0,0,0
173369,23061,"Beef, round, knuckle, tip center, steak, separable lean and fat, trimmed to 0"" fat, all grades, raw",Beef Products,0,0,0,0,0
173370,23062,"Beef, round, knuckle, tip center, steak, separable lean and fat, trimmed to 0"" fat, all grades, cooked, grilled",Beef Products,0,0,0,0,0
173371,23063,"Beef, round, outside round, bottom round, steak, separable lean and fat, trimmed to 0"" fat, all grades, raw",Beef Products,0,0,0,0,0
173372,23161,"Beef, rib eye roast, boneless, lip-on, separable lean only, trimmed to 1/8"" fat, select, cooked, roasted",Beef Products,0,0,0,0,0
173373,23162,"Beef, plate steak, boneless, inside skirt, separable lean only, trimmed to 0"" fat, all grades, cooked, grilled",Beef Products,0,0,0,0,0
173374,23163,"Beef, plate steak, boneless, inside skirt, separable lean only, trimmed to 0"" fat, all grades, raw",Beef Products,0,0,0,0,0
173375,23164,"Beef, plate steak, boneless, inside skirt, separable lean only, trimmed to 0"" fat, choice, cooked, grilled",Beef Products,0,0,0,0,0
173376,23169,"Beef, plate steak, boneless, outside skirt, separable lean only, trimmed to 0"" fat, all grades, raw",Beef Products,0,0,0,0,0
173377,23170,"Beef, plate steak, boneless, outside skirt, separable lean only, trimmed to 0"" fat, choice, cooked, grilled",Beef Products,0,0,0,0,0
173378,23171,"Beef, plate steak, boneless, outside skirt, separable lean only, trimmed to 0"" fat, choice, raw",Beef Products,0,0,0,0,0
173379,23172,"Beef, plate steak, boneless, outside skirt, separable lean only, trimmed to 0"" fat, select, cooked, grilled",Beef Products,0,0,0,0,0
173380,23177,"Beef, rib eye steak, boneless, lip off, separable lean only, trimmed to 0"" fat, choice, raw",Beef Products,0,0,0,0,0
173381,23178,"Beef, rib eye steak, boneless, lip off, separable lean only, trimmed to 0"" fat, select, cooked, grilled",Beef Products,0,0,0,0,0
173382,23179,"Beef, rib eye steak, boneless, lip off, separable lean only, trimmed to 0"" fat, select, raw",Beef Products,0,0,0,0,0
173383,23180,"Beef, rib, back ribs, bone-in, separable lean only, trimmed to 0"" fat, all grades, cooked, braised",Beef Products,0,0,0,0,0
173384,23185,"Beef, rib, back ribs, bone-in, separable lean only, trimmed to 0"" fat, select, raw",Beef Products,0,0,0,0,0
173385,23186,"Beef, rib eye steak, bone-in, lip-on, separable lean and fat, trimmed to 1/8"" fat, choice, cooked, grilled",Beef Products,0,0,0,0,0
173386,23187,"Beef, rib eye steak, bone-in, lip-on, separable lean and fat, trimmed to 1/8"" fat, select, cooked, grilled",Beef Products,0,0,0,0,0
173387,23188,"Beef, rib eye steak, bone-in, lip-on, separable lean and fat, trimmed to 1/8"" fat, all grades, cooked, grilled",Beef Products,0,0,0,0,0
173388,23189,"Beef, rib eye roast, bone-in, lip-on, separable lean and fat, trimmed to 1/8"" fat, choice, cooked, roasted",Beef Products,0,0,0,0,0
173389,23194,"Beef, rib eye steak/roast, bone-in, lip-on, separable lean and fat, trimmed to 1/8"" fat, select, raw",Beef Products,0,0,0,0,0
173390,23195,"Beef, rib eye steak, boneless, lip-on, separable lean and fat, trimmed to 1/8"" fat, choice, cooked, grilled",Beef Products,0,0,0,0,0
173391,23196,"Beef, rib eye steak, boneless, lip-on, separable lean and fat, trimmed to 1/8"" fat, select, cooked, grilled",Beef Products,0,0,0,0,0
173392,23197,"Beef, rib eye steak, boneless, lip-on, separable lean and fat, trimmed to 1/8"" fat, all grades, cooked, grilled",Beef Products,0,0,0,0,0
173393,23202,"Beef, rib eye steak/roast, boneless, lip-on, separable lean and fat, trimmed to 1/8"" fat, choice, raw",Beef Products,0,0,0,0,0
173394,23213,"Beef, rib eye steak/roast, boneless, lip-on, separable lean and fat, trimmed to 1/8"" fat, select, raw",Beef Products,0,0,0,0,0
173395,23214,"Beef, plate steak, boneless, inside skirt, separable lean and fat, trimmed to 0"" fat, all grades, cooked, grilled",Beef Products,0,0,0,0,0
173396,23215,"Beef, plate steak, boneless, inside skirt, separable lean and fat, trimmed to 0"" fat, choice, cooked, grilled",Beef Products,0,0,0,0,0
173397,23221,"Beef, plate steak, boneless, outside skirt, separable lean and fat, trimmed to 0"" fat, all grades, cooked, grilled",Beef Products,0,0,0,0,0
173398,23222,"Beef, plate steak, boneless, outside skirt, separable lean and fat, trimmed to 0"" fat, choice, cooked, grilled",Beef Products,0,0,0,0,0
173399,23223,"Beef, plate steak, boneless, outside skirt, separable lean and fat, trimmed to 0"" fat, select, cooked, grilled",Beef Products,0,0,0,0,0
173400,23224,"Beef, plate steak, boneless, outside skirt, separable lean and fat, trimmed to 0"" fat, all grades, raw",Beef Products,0,0,0,0,0
173401,23229,"Beef, rib eye steak, boneless, lip off, separable lean and fat, trimmed to 0"" fat, select, cooked, grilled",Beef Products,0,0,0,0,0
173402,23230,"Beef, rib eye steak, boneless, lip off, separable lean and fat, trimmed to 0"" fat, all grades, raw",Beef Products,0,0,0,0,0
173403,23231,"Beef, rib eye steak, boneless, lip off, separable lean and fat, trimmed to 0"" fat, choice, raw",Beef Products,0,0,0,0,0
173404,23232,"Beef, rib eye steak, boneless, lip off, separable lean and fat, trimmed to 0"" fat, select, raw",Beef Products,0,0,0,0,0
173405,23237,"Beef, rib, back ribs, bone-in, separable lean and fat, trimmed to 0"" fat, choice, raw",Beef Products,0,0,0,0,0
173406,23238,"Beef, rib, back ribs, bone-in, separable lean and fat, trimmed to 0"" fat, select, raw",Beef Products,0,0,0,0,0
173407,23239,"Beef, loin, top sirloin petite roast, boneless, separable lean only, trimmed to 0"" fat, choice, cooked, roasted",Beef Products,0,0,0,0,0
173408,23240,"Beef, loin, top sirloin petite roast/filet, boneless, separable lean only, trimmed to 0"" fat, choice, raw",Beef Products,0,0,0,0,0
173409,23246,"Beef, loin, top sirloin cap steak, boneless, separable lean only, trimmed to 1/8"" fat, select, raw",Beef Products,0,0,0,0,0
173410,1001,"Butter, salted",Dairy and Egg Products,0,158,0,0,0
173411,1002,"Butter, whipped, with salt",Dairy and Egg Products,1,135,6,13,0
173412,1003,"Butter oil, anhydrous",Dairy and Egg Products,0,193,0,0,0
173414,1009,"Cheese, cheddar (Includes foods for USDA's Food Distribution Program)",Dairy and Egg Products,0,85,0,0,0
173416,1011,"Cheese, colby",Dairy and Egg Products,0,82,0,0,0
173417,1016,"Cheese, cottage, lowfat, 1% milkfat",Dairy and Egg Products,0,3,0,0,0
173418,1017,"Cheese, cream",Dairy and Egg Products,1,59,2,7,0
173419,1018,"Cheese, edam",Dairy and Egg Products,0,11,0,0,0
173420,1019,"Cheese, feta",Dairy and Egg Products,0,3,0,0,0
173421,1126,"Egg, yolk, raw, frozen, pasteurized",Dairy and Egg Products,36,10,32,904,0
173422,1127,"Egg, yolk, raw, frozen, sugared, pasteurized",Dairy and Egg Products,38,0,33,967,0
173423,1128,"Egg, whole, cooked, fried",Dairy and Egg Products,0,35,10,543,0
173424,1129,"Egg, whole, cooked, hard-boiled",Dairy and Egg Products,0,11,10,353,0
173426,1135,"Egg, white, dried, flakes, stabilized, glucose reduced",Dairy and Egg Products,0,0,0,0,0
173427,1136,"Egg, white, dried, powder, stabilized, glucose reduced",Dairy and Egg Products,0,0,0,0,0
173428,1137,"Egg, yolk, dried",Dairy and Egg Products,79,0,70,1133,0
173429,1144,"Egg substitute, powder",Dairy and Egg Products,0,0,0,0,0
173430,1145,"Butter, without salt",Dairy and Egg Products,0,158,0,0,0
173431,1146,"Cheese, parmesan, shredded",Dairy and Egg Products,0,73,0,0,0
173432,1151,"Milk, nonfat, fluid, without added vitamin A and vitamin D (fat free or skim)",Dairy and Egg Products,0,7,0,0,0
173433,1157,"Cheese, goat, semisoft type",Dairy and Egg Products,0,77,0,0,0
173434,1158,"Yogurt, Greek, 2% fat, key lime blend, CHOBANI",Dairy and Egg Products,,0,,,
173435,1159,"Cheese, goat, soft type",Dairy and Egg Products,0,54,0,0,0
173436,1160,"Egg, yolk, raw, frozen, salted, pasteurized",Dairy and Egg Products,38,0,33,712,0
173437,1166,"Cheese, mexican, queso asadero",Dairy and Egg Products,0,4,0,0,0
173438,1167,"Cheese, mexican, queso chihuahua",Dairy and Egg Products,0,4,0,0,0
173439,1168,"Cheese, low fat, cheddar or colby",Dairy and Egg Products,0,4,0,0,0
173440,1169,"Cheese, low-sodium, cheddar or colby",Dairy and Egg Products,0,84,0,0,0
173441,1175,"Milk, fluid, 1% fat, without added vitamin A and vitamin D",Dairy and Egg Products,0,2,0,0,0
173442,1178,"Sour cream, reduced fat",Dairy and Egg Products,0,27,0,0,0
173443,1179,"Sour cream, light",Dairy and Egg Products,0,21,0,0,0
173444,1180,"Sour cream, fat free",Dairy and Egg Products,0,9,0,0,0
173445,1184,"Yogurt, vanilla or lemon flavor, nonfat milk, sweetened with low-calorie sweetener",Dairy and Egg Products,0,0,0,0,0
173450,1202,"Milk, chocolate, fluid, commercial, reduced fat, with added calcium",Dairy and Egg Products,0,11,0,0,0
173451,1203,"Yogurt, fruit, lowfat, with low calorie sweetener",Dairy and Egg Products,0,4,0,0,0
173452,1204,"Cheese, parmesan, dry grated, reduced fat",Dairy and Egg Products,0,51,0,0,0
173453,1205,"Cream substitute, flavored, liquid",Dairy and Egg Products,0,0,0,1,0
173454,1212,"Milk, dry, whole, without added vitamin D",Dairy and Egg Products,0,55,0,0,0
173455,1215,"Cheese product, pasteurized process, American, reduced fat, fortified with vitamin D",Dairy and Egg Products,0,80,0,0,0
173456,1216,"Yogurt, fruit, low fat, 9 grams protein per 8 ounce, fortified with vitamin D",Dairy and Egg Products,0,2,0,0,0
173457,1217,"Yogurt, fruit, low fat, 10 grams protein per 8 ounce, fortified with vitamin D",Dairy and Egg Products,0,2,0,0,0
173458,1218,"Yogurt, fruit variety, nonfat, fortified with vitamin D",Dairy and Egg Products,0,4,0,8,0
173459,1223,"Protein supplement, milk based, Muscle Milk, powder",Dairy and Egg Products,0,0,0,0,0
173460,1224,"Protein supplement, milk based, Muscle Milk Light, powder",Dairy and Egg Products,0,0,0,0,0
173461,1225,Dulce de Leche,Dairy and Egg Products,0,14,0,0,0
173462,1226,"Egg substitute, liquid or frozen, fat free",Dairy and Egg Products,0,135,0,0,0
173463,1231,"Yogurt, vanilla flavor, lowfat milk, sweetened with low calorie sweetener",Dairy and Egg Products,0,2,0,0,0
173464,1235,"Yogurt, frozen, flavors not chocolate, nonfat milk, with low-calorie sweetener",Dairy and Egg Products,0,8,0,0,0
173465,1236,"Ice cream, soft serve, chocolate",Dairy and Egg Products,5,30,5,151,0
173466,1237,"Ice cream, bar or stick, chocolate covered",Dairy and Egg Products,0,44,0,0,0
173467,1243,"Fat free ice cream, no sugar added, flavors other than chocolate",Dairy and Egg Products,0,12,0,0,0
173468,2047,"Salt, table",Spices and Herbs,0,0,0,0,0
173469,2048,"Vinegar, cider",Spices and Herbs,0,0,0,0,0
173470,2049,"Thyme, fresh",Spices and Herbs,,2851,,,
173471,2050,Vanilla extract,Spices and Herbs,0,0,0,0,0
173472,2055,"Horseradish, prepared",Spices and Herbs,0,1,0,10,0
173477,3000,Clif Z bar,Baby Foods,0,4,0,61,0
173478,3001,"Babyfood, juice treats, fruit medley, toddler",Baby Foods,0,1,0,2,0
173479,3002,"Babyfood, meat, beef, strained",Baby Foods,0,0,0,0,0
173480,3009,"Babyfood, meat, ham, junior",Baby Foods,0,0,0,0,0
173481,3010,"Babyfood, meat, lamb, strained",Baby Foods,0,0,0,0,0
173482,3011,"Babyfood, meat, lamb, junior",Baby Foods,,0,,,
173483,3012,"Babyfood, meat, chicken, strained",Baby Foods,0,0,0,0,0
173484,3017,"Babyfood, meat, turkey sticks, junior",Baby Foods,0,0,0,0,0
173485,3019,"Babyfood, snack, GERBER GRADUATE FRUIT  STRIPS, Real Fruit Bars",Baby Foods,0,102,76,81,0
173486,3021,"Babyfood, meat, meat sticks, junior",Baby Foods,0,0,0,0,0
173487,3022,"Babyfood, GERBER, 2nd Foods, apple, carrot and squash, organic",Baby Foods,78,206,11,17,0
173490,3044,"Babyfood, dinner, macaroni and tomato and beef, strained",Baby Foods,213,420,0,0,42
173491,3045,"Babyfood, dinner, macaroni and tomato and beef, junior",Baby Foods,154,338,0,12,250
173492,3050,"Babyfood, dinner, spaghetti and tomato and meat, junior",Baby Foods,304,601,0,0,1030
173494,3053,"Babyfood, dinner, vegetables and beef, strained",Baby Foods,810,2545,11,51,627
173495,3054,"Babyfood, dinner, vegetables and beef, junior",Baby Foods,810,2545,11,51,627
173496,3070,"Babyfood, dinner, chicken soup, strained",Baby Foods,313,674,0,40,0
173497,3072,"Babyfood, dinner, chicken stew, toddler",Baby Foods,214,495,0,178,0
173498,3073,"Babyfood, dinner, vegetables chicken, strained",Baby Foods,938,2009,0,72,0
173500,3083,"Babyfood, dinner, turkey and rice, junior",Baby Foods,410,927,0,134,1127
173501,3084,"Babyfood, dinner, vegetables and turkey, strained",Baby Foods,998,2139,0,76,0
173502,3085,"Babyfood, dinner, vegetables and turkey, junior",Baby Foods,976,2107,0,174,0
173503,3089,"Babyfood, dinner, macaroni and cheese, strained",Baby Foods,0,5,0,0,0
173504,3096,"Babyfood, vegetable, green beans and potatoes",Baby Foods,0,28,0,50,0
173505,3098,"Babyfood, vegetables, beets, strained",Baby Foods,0,16,0,0,0
173506,3099,"Babyfood, vegetables, carrots, strained",Baby Foods,2602,5575,0,0,0
173507,3100,"Babyfood, vegetables, carrots, junior",Baby Foods,2682,5745,0,230,0
173508,3112,"Babyfood, potatoes, toddler",Baby Foods,0,0,0,0,0
173509,3113,"Babyfood, cereal, Oatmeal, dry, GERBER, SINGLE GRAIN, fortified",Baby Foods,0,0,0,185,0
173510,3114,"Babyfood, vegetable, butternut squash and corn",Baby Foods,362,1476,38,970,0
173511,3115,"Babyfood, apples, dices, toddler",Baby Foods,0,11,2,5,0
173512,3116,"Babyfood, fruit, applesauce, strained",Baby Foods,0,12,9,17,0
173513,3274,"Babyfood, dinner, vegetables and chicken, junior",Baby Foods,592,1270,0,36,0
173515,3286,"Babyfood, vegetables, mix vegetables strained",Baby Foods,699,1550,0,381,0
173516,3287,"Babyfood, dinner, beef noodle, junior",Baby Foods,146,320,0,163,1030
173517,3289,"Babyfood, apples with ham, strained",Baby Foods,0,3,2,14,0
173518,3290,"Babyfood, carrots and beef, strained",Baby Foods,3716,6813,0,139,1
173519,3301,"Babyfood, beverage, GERBER, GRADUATES, FRUIT SPLASHERS",Baby Foods,0,2,0,34,0
173520,3302,"Babyfood, snack, GERBER, GRADUATES, YOGURT MELTS",Baby Foods,0,686,122,294,0
173521,3303,"Babyfood, dinner, sweet potatoes and chicken, strained",Baby Foods,0,2590,0,0,0
173529,3685,"Babyfood, cereal, mixed, prepared with whole milk",Baby Foods,1,7,0,16,0
173530,3686,"Babyfood, cereal, mixed, with bananas, prepared with whole milk",Baby Foods,2,8,0,12,0
173534,3712,"Babyfood, cereal, rice, with bananas, prepared with whole milk",Baby Foods,1,7,0,3,0
173535,3801,"Infant formula, NESTLE, GOOD START SUPREME, with iron, liquid concentrate, not reconstituted",Baby Foods,0,0,0,0,0
173536,3802,"Infant formula, NESTLE, GOOD START SUPREME, with iron, powder",Baby Foods,0,0,0,0,0
173537,3818,"Infant formula, MEAD JOHNSON, ENFAMIL, LIPIL, low iron, liquid concentrate, with ARA and DHA",Baby Foods,0,0,0,0,0
173538,3821,"Infant formula, MEAD JOHNSON, PREGESTIMIL, with iron, powder, with ARA and DHA, not reconstituted",Baby Foods,0,0,0,0,0
173539,3822,"Infant formula, MEAD JOHNSON, PREGESTIMIL, with iron, with ARA and DHA, prepared from powder",Baby Foods,0,0,0,0,0
173540,3823,"Infant formula, MEAD JOHNSON, PROSOBEE, with iron, ready-to-feed",Baby Foods,0,0,0,0,0
173541,3841,"Infant formula, ABBOTT NUTRITION, SIMILAC, ISOMIL, with iron, ready-to-feed",Baby Foods,0,0,0,0,0
173542,3842,"Infant formula, ABBOTT NUTRITION, SIMILAC, ISOMIL, with iron, liquid concentrate",Baby Foods,0,0,0,0,0
173543,3843,"Infant formula, ABBOTT NUTRITION, SIMILAC, ISOMIL, with iron, powder, not reconstituted",Baby Foods,0,0,0,0,0
173544,3844,"Infant formula, MEAD JOHNSON, ENFAMIL, NUTRAMIGEN, with iron, liquid concentrate not reconstituted, with ARA and DHA",Baby Foods,0,0,0,0,0
173545,3852,"Infant formula, MEAD JOHNSON, ENFAMIL, PROSOBEE, with iron, powder, not reconstituted, with ARA and DHA",Baby Foods,0,0,0,0,0
173546,3853,"Infant formula, ABBOTT NUTRITION, SIMILAC, with iron, powder, not reconstituted",Baby Foods,0,0,0,0,0
173547,3854,"Infant formula, MEAD JOHNSON, ENFAMIL, PROSOBEE, liquid concentrate, reconstituted, with ARA and DHA",Baby Foods,0,0,0,0,0
173548,3857,"Infant formula, MEAD JOHNSON, PROSOBEE, with iron, ready to feed, with ARA and DHA",Baby Foods,0,0,0,0,0
173549,3859,"Infant formula, NESTLE, GOOD START SOY, with DHA and ARA, ready-to-feed",Baby Foods,0,0,0,0,0
173550,3870,"Child formula, ABBOTT NUTRITION, PEDIASURE, ready-to-feed, with iron and fiber",Baby Foods,0,0,0,0,0
173551,3928,"Infant formula, NESTLE, GOOD START ESSENTIALS SOY, with iron, powder",Baby Foods,0,0,0,0,0
173552,3929,"Infant formula, MEAD JOHNSON, NEXT STEP PROSOBEE, powder, not reconstituted",Baby Foods,0,0,0,0,0
173553,3930,"Infant formula, MEAD JOHNSON,NEXT STEP PROSOBEE, prepared from powder",Baby Foods,0,0,0,0,0
173554,3938,"Infant formula, PBM PRODUCTS, store brand, powder",Baby Foods,0,0,0,0,0
173555,3939,"Infant formula, PBM PRODUCTS, store brand, soy, ready-to-feed",Baby Foods,0,37,0,0,0
173556,3940,"Infant formula, PBM PRODUCTS, store brand, soy, liquid concentrate, not reconstituted",Baby Foods,0,0,0,0,0
173557,3941,"Infant formula, PBM PRODUCTS, store brand, soy, powder",Baby Foods,0,0,0,0,0
173558,3947,"Infant formula, ABBOTT NUTRITION, SIMILAC, SENSITIVE, (LACTOSE FREE), liquid concentrate, with ARA and DHA",Baby Foods,0,0,0,0,0
173559,3948,"Infant formula, ABBOTT NUTRITION, SIMILAC, SENSITIVE, (LACTOSE FREE), powder, with ARA and DHA",Baby Foods,0,0,0,0,0
173560,3949,"Infant formula, ABBOTT NUTRITION, SIMILAC, ADVANCE, with iron, ready-to-feed",Baby Foods,0,0,0,0,0
173561,3950,"Infant formula, ABBOTT NUTRITION, SIMILAC, ADVANCE, with iron, powder, not reconstituted",Baby Foods,0,0,0,0,0
173562,4539,"Salad dressing, blue or roquefort cheese dressing, commercial, regular",Fats and Oils,1,4,1,26,0
173563,4541,"Oil, cupu assu",Fats and Oils,0,0,0,0,0
173564,4542,"Fat, chicken",Fats and Oils,0,0,0,0,0
173565,4543,"Oil, soybean, salad or cooking, (partially hydrogenated) and cottonseed",Fats and Oils,0,0,0,0,0
173568,4551,"Shortening confectionery, coconut (hydrogenated) and or palm kernel (hydrogenated)",Fats and Oils,0,0,0,0,0
173569,4554,"Shortening industrial, soybean (hydrogenated) and cottonseed",Fats and Oils,0,0,0,0,0
173570,4573,"Oil, ucuhuba butter",Fats and Oils,0,0,0,0,0
173571,4575,"Fat, turkey",Fats and Oils,0,0,0,0,0
173574,4586,"Shortening, special purpose for cakes and frostings, soybean (hydrogenated)",Fats and Oils,0,0,0,0,0
173575,4587,"Shortening, special purpose for baking, soybean (hydrogenated) palm and cottonseed",Fats and Oils,0,0,0,0,0
173576,4588,"Oil, oat",Fats and Oils,0,0,0,0,0
173580,4600,"Margarine-like, vegetable oil-butter spread, tub, with salt",Fats and Oils,0,610,0,0,0
173581,4601,"Butter, light, stick, with salt",Fats and Oils,0,107,0,0,0
173582,4613,"Margarine-like, vegetable oil spread, 60% fat, tub, with salt",Fats and Oils,0,610,0,0,0
173583,4614,"Margarine-like, vegetable oil spread, 60% fat, stick/tub/bottle, with salt",Fats and Oils,0,610,0,0,0
173584,4615,"Shortening, vegetable, household, composite",Fats and Oils,0,0,0,0,0
173585,4617,"Margarine, regular, 80% fat, composite, stick, without salt",Fats and Oils,0,610,0,0,0
173586,4627,"Margarine-like spread with yogurt, approximately 40% fat, tub, with salt",Fats and Oils,0,610,0,0,0
173590,4636,"Salad dressing, italian dressing, fat-free",Fats and Oils,0,40,11,0,5
173591,4638,"Salad dressing, ranch dressing, fat-free",Fats and Oils,0,0,0,4,0
173592,4639,"Salad dressing, ranch dressing, regular",Fats and Oils,0,14,1,21,0
173593,4640,"Salad dressing, ranch dressing, reduced fat",Fats and Oils,2,4,2,49,0
173594,4641,"Salad dressing, mayonnaise, light",Fats and Oils,0,30,3,27,0
173595,4646,"Oil, industrial, coconut, principal uses candy coatings, oil sprays, roasting nuts",Fats and Oils,0,0,0,0,0
173596,4648,"Oil, industrial, soy (partially hydrogenated), principal uses popcorn and flavoring vegetables",Fats and Oils,0,0,0,0,0
173597,4649,"Shortening, industrial, soy (partially hydrogenated), pourable liquid fry shortening",Fats and Oils,0,0,0,0,0
173598,4650,"Oil, industrial, soy, refined, for woks and light frying",Fats and Oils,0,0,0,0,0
173599,4655,"Margarine-like shortening, industrial, soy (partially hydrogenated), cottonseed, and soy, principal use flaky pastries",Fats and Oils,0,0,0,0,0
173600,4656,"Oil, industrial, palm kernel, confection fat, uses similar to high quality cocoa butter",Fats and Oils,0,0,0,0,0
173601,4657,"Oil, industrial, palm kernel (hydrogenated), confection fat, uses similar to 95 degree hard butter",Fats and Oils,0,0,0,0,0
173602,4658,"Oil, industrial, palm kernel (hydrogenated), confection fat, intermediate grade product",Fats and Oils,0,0,0,0,0
173603,4663,"Oil, industrial, palm kernel (hydrogenated), filling fat",Fats and Oils,0,0,0,0,0
173604,4664,"Oil, industrial, soy (partially hydrogenated ), palm, principal uses icings and fillings",Fats and Oils,0,0,0,0,0
173605,4665,"Margarine, industrial, non-dairy, cottonseed, soy oil (partially hydrogenated ), for flaky pastries",Fats and Oils,0,610,0,,0
173606,4666,"Shortening, industrial, soy (partially hydrogenated ) and corn for frying",Fats and Oils,0,0,0,0,0
173607,4667,"Shortening, industrial, soy (partially hydrogenated ) for baking and confections",Fats and Oils,0,0,0,0,0
173612,5069,"Chicken, broilers or fryers, drumstick, meat and skin, cooked, roasted",Poultry Products,0,0,0,11,0
173613,5070,"Chicken, broilers or fryers, drumstick, meat and skin, cooked, stewed",Poultry Products,0,0,0,0,0
173614,5071,"Chicken, broilers or fryers, dark meat, drumstick, meat only, raw",Poultry Products,0,0,0,102,0
173617,5078,"Chicken, broilers or fryers, leg, meat and skin, cooked, roasted",Poultry Products,0,0,0,0,0
173618,5079,"Chicken, broilers or fryers, leg, meat and skin, cooked, stewed",Poultry Products,0,0,0,0,0
173619,5080,"Chicken, broilers or fryers, leg, meat only, raw",Poultry Products,0,0,0,95,0
173622,5087,"Chicken, broilers or fryers, neck, meat and skin, cooked simmered",Poultry Products,0,0,0,0,0
173625,5094,"Chicken, broilers or fryers, thigh, meat and skin, cooked, roasted",Poultry Products,0,0,0,17,0
173626,5095,"Chicken, broilers or fryers, thigh, meat and skin, cooked, stewed",Poultry Products,0,0,0,0,0
173627,5096,"Chicken, broilers or fryers, dark meat, thigh, meat only, raw",Poultry Products,0,0,0,110,0
173630,5103,"Chicken, broilers or fryers, wing, meat and skin, cooked, roasted",Poultry Products,0,0,0,0,0
173631,5104,"Chicken, broilers or fryers, wing, meat and skin, cooked, stewed",Poultry Products,0,0,0,0,0
173632,5105,"Chicken, broilers or fryers, wing, meat only, raw",Poultry Products,0,0,0,0,0
173634,5111,"Canada Goose, breast meat only, skinless, raw",Poultry Products,0,0,0,0,0
173636,5113,"Chicken, roasting, meat only, raw",Poultry Products,0,0,0,0,0
173637,5118,"Chicken, roasting, light meat, meat only, cooked, roasted",Poultry Products,0,0,0,0,0
173638,5119,"Chicken, roasting, dark meat, meat only, raw",Poultry Products,0,0,0,0,0
173643,5129,"Chicken, stewing, light meat, meat only, raw",Poultry Products,0,0,0,0,0
173645,5135,"Chicken, capons, meat and skin, raw",Poultry Products,0,0,0,0,0
173647,14411,"Beverages, water, tap, drinking",Beverages,0,0,0,0,0
173649,14422,"Beverages, Dairy drink mix, chocolate, reduced calorie, with low-calorie sweeteners, powder",Beverages,0,1,0,12,0
173650,14423,"Beverages, dairy drink mix, chocolate, reduced calorie, with aspartame, powder, prepared with water and ice",Beverages,0,0,0,1,0
173651,14424,"Beverages, Orange-flavor drink, breakfast type, with pulp, frozen concentrate.",Beverages,0,0,0,0,0
173652,14425,"Beverages, Orange-flavor drink, breakfast type, with pulp, frozen concentrate, prepared with water",Beverages,0,0,0,0,0
173654,14431,"Cranberry juice cocktail, frozen concentrate, prepared with water",Beverages,0,0,0,0,0
173660,14460,"Beverages, PEPSICO QUAKER, Gatorade, G performance O 2, ready-to-drink.",Beverages,0,0,0,0,0
173666,14542,"Lemonade, frozen concentrate, pink",Beverages,0,0,0,,0
173667,14543,"Beverages, lemonade, frozen concentrate, pink, prepared with water",Beverages,0,0,0,0,0
173668,15042,"Fish, herring, Atlantic, kippered",Finfish and Shellfish Products,0,0,0,0,0
173672,15050,"Fish, mackerel, Pacific and jack, mixed species, raw",Finfish and Shellfish Products,0,0,0,0,0
173673,15051,"Fish, mackerel, spanish, raw",Finfish and Shellfish Products,0,0,0,0,0
173678,15060,"Fish, perch, mixed species, raw",Finfish and Shellfish Products,0,0,0,0,0
173680,15062,"Fish, pike, northern, raw",Finfish and Shellfish Products,0,0,0,0,0
173681,15067,"Fish, pollock, Alaska, cooked, dry heat (may contain additives to retain moisture)",Finfish and Shellfish Products,0,0,0,0,0
173682,15068,"Fish, pompano, florida, raw",Finfish and Shellfish Products,0,0,0,0,0
173684,15070,"Fish, rockfish, Pacific, mixed species, raw",Finfish and Shellfish Products,0,0,0,0,0
173687,15077,"Fish, salmon, chinook, smoked",Finfish and Shellfish Products,0,0,0,0,0
173688,15078,"Fish, salmon, chinook, raw",Finfish and Shellfish Products,0,0,0,0,0
173690,15084,"Fish, salmon, pink, canned, total can contents",Finfish and Shellfish Products,0,0,0,0,0
173691,15085,"Fish, salmon, sockeye, raw",Finfish and Shellfish Products,0,0,0,0,0
173692,15086,"Fish, salmon, sockeye, cooked, dry heat",Finfish and Shellfish Products,0,0,0,0,0
173693,15087,"Fish, salmon, sockeye, canned, drained solids",Finfish and Shellfish Products,0,0,0,0,0
173696,15094,"Fish, shad, american, raw",Finfish and Shellfish Products,0,0,0,0,0
173697,15095,"Fish, shark, mixed species, raw",Finfish and Shellfish Products,0,0,0,0,0
173698,15101,"Fish, snapper, mixed species, raw",Finfish and Shellfish Products,0,0,0,0,0
173701,15104,"Fish, sturgeon, mixed species, raw",Finfish and Shellfish Products,0,0,0,0,0
173702,15109,"Fish, surimi",Finfish and Shellfish Products,0,0,0,0,0
173703,15110,"Fish, swordfish, raw",Finfish and Shellfish Products,0,0,0,0,0
173704,15111,"Fish, swordfish, cooked, dry heat",Finfish and Shellfish Products,0,0,0,0,0
173706,15117,"Fish, tuna, fresh, bluefin, raw",Finfish and Shellfish Products,0,0,0,0,0
173708,15119,"Fish, tuna, light, canned in oil, drained solids",Finfish and Shellfish Products,0,0,0,0,0
173709,15121,"Fish, tuna, light, canned in water, drained solids (Includes foods for USDA's Food Distribution Program)",Finfish and Shellfish Products,0,0,0,0,0
173711,15130,"Fish, whitefish, mixed species, raw",Finfish and Shellfish Products,0,0,0,0,0
173712,15131,"Fish, whitefish, mixed species, smoked",Finfish and Shellfish Products,0,0,0,0,0
173713,15132,"Fish, whiting, mixed species, raw",Finfish and Shellfish Products,0,0,0,0,0
173717,15240,"Fish, trout, rainbow, farmed, raw",Finfish and Shellfish Products,0,0,0,0,0
173718,15241,"Fish, trout, rainbow, farmed, cooked, dry heat",Finfish and Shellfish Products,0,0,0,0,0
173719,15247,"Fish, salmon, coho, wild, cooked, dry heat",Finfish and Shellfish Products,0,0,0,0,0
173720,15250,"Mollusks, conch, baked or broiled",Finfish and Shellfish Products,0,0,0,0,0
173723,15264,"Salmon, sockeye, canned, drained solids, without skin and bones",Finfish and Shellfish Products,0,0,0,0,0
173724,15265,"Fish, Salmon, pink, canned, drained solids, without skin and bones",Finfish and Shellfish Products,0,0,0,0,0
173732,16010,"Beans, baked, canned, with pork and sweet sauce",Legumes and Legume Products,0,9,2,9,83
173733,16011,"Beans, baked, canned, with pork and tomato sauce",Legumes and Legume Products,0,50,0,14,322
173734,16014,"Beans, black, mature seeds, raw",Legumes and Legume Products,0,0,0,0,0
173735,16015,"Beans, black, mature seeds, cooked, boiled, without salt",Legumes and Legume Products,0,0,0,0,0
173740,16028,"Beans, kidney, all types, mature seeds, cooked, boiled, without salt",Legumes and Legume Products,0,0,0,0,0
173744,16032,"Beans, kidney, red, mature seeds, raw",Legumes and Legume Products,0,0,0,0,0
173745,16037,"Beans, navy, mature seeds, raw",Legumes and Legume Products,0,0,0,0,0
173746,16038,"Beans, navy, mature seeds, cooked, boiled, without salt",Legumes and Legume Products,0,0,0,0,0
173747,16039,"Beans, navy, mature seeds, canned",Legumes and Legume Products,0,0,0,0,0
173748,16040,"Beans, pink, mature seeds, raw",Legumes and Legume Products,0,0,0,0,0
173752,16048,"Beans, yellow, mature seeds, cooked, boiled, without salt",Legumes and Legume Products,0,0,0,0,0
173753,16053,"Broadbeans (fava beans), mature seeds, cooked, boiled, without salt",Legumes and Legume Products,0,9,0,0,0
173755,16055,Carob flour,Legumes and Legume Products,0,8,0,0,0
173756,16056,"Chickpeas (garbanzo beans, bengal gram), mature seeds, raw",Legumes and Legume Products,0,40,0,0,0
173757,16057,"Chickpeas (garbanzo beans, bengal gram), mature seeds, cooked, boiled, without salt",Legumes and Legume Products,0,16,0,0,0
173758,16062,"Cowpeas, common (blackeyes, crowder, southern), mature seeds, raw",Legumes and Legume Products,0,30,0,0,0
173759,16063,"Cowpeas, common (blackeyes, crowder, southern), mature seeds, cooked, boiled, without salt",Legumes and Legume Products,0,9,0,0,0
173766,16225,"Soymilk, original and vanilla, light, with added calcium, vitamins A and D",Legumes and Legume Products,0,1,0,0,0
173767,16227,"Soymilk, chocolate and other flavors, light, with added calcium, vitamins A and D",Legumes and Legume Products,0,2,0,0,0
173791,16326,"Beans, great northern, mature seeds, canned, low sodium",Legumes and Legume Products,0,0,0,0,0
173792,16328,"Beans, kidney, all types, mature seeds, cooked, boiled, with salt",Legumes and Legume Products,0,0,0,0,0
173794,16338,"Beans, navy, mature seeds, cooked, boiled, with salt",Legumes and Legume Products,0,0,0,0,0
173795,16341,"Beans, pink, mature seeds, cooked, boiled, with salt",Legumes and Legume Products,0,0,0,0,0
173796,16343,"Beans, pinto, mature seeds, cooked, boiled, with salt",Legumes and Legume Products,0,0,0,0,0
173798,16353,"Broadbeans (fava beans), mature seeds, cooked, boiled, with salt",Legumes and Legume Products,0,9,0,0,0
173799,16357,"Chickpeas (garbanzo beans, bengal gram), mature seeds, cooked, boiled, with salt",Legumes and Legume Products,0,16,0,0,0
173800,16358,"Chickpeas (garbanzo beans, bengal gram), mature seeds, canned, drained solids",Legumes and Legume Products,0,14,0,0,0
173801,16359,"Chickpeas (garbanzo beans, bengal gram), mature seeds, canned, drained, rinsed in tap water",Legumes and Legume Products,0,13,0,0,0
173802,16372,"Lima beans, large, mature seeds, cooked, boiled, with salt",Legumes and Legume Products,0,0,0,0,0
173806,16390,"Peanuts, all types, dry-roasted, without salt",Legumes and Legume Products,0,0,0,0,0
173810,17078,"Lamb, New Zealand, imported, loin chop, separable lean only, raw","Lamb, Veal, and Game Products",0,0,0,0,0
173812,17080,"Lamb, New Zealand, imported, rack - partly frenched, separable lean and fat, raw","Lamb, Veal, and Game Products",0,0,0,0,0
173813,17081,"Lamb, New Zealand, imported, rack - partly frenched, separable lean and fat, cooked, fast roasted","Lamb, Veal, and Game Products",0,0,0,0,0
173816,17089,"Veal, composite of trimmed retail cuts, separable lean and fat, cooked","Lamb, Veal, and Game Products",0,0,0,0,0
173818,17095,"Veal, leg (top round), separable lean and fat, cooked, braised","Lamb, Veal, and Game Products",0,0,0,0,0
173819,17096,"Veal, leg (top round), separable lean and fat, cooked, pan-fried, breaded","Lamb, Veal, and Game Products",0,0,0,0,0
173820,17097,"Veal, leg (top round), separable lean and fat, cooked, pan-fried, not breaded","Lamb, Veal, and Game Products",0,0,0,0,0
173821,17098,"Veal, leg (top round), separable lean and fat, cooked, roasted","Lamb, Veal, and Game Products",0,0,0,0,0
173823,17104,"Veal, loin, separable lean and fat, raw","Lamb, Veal, and Game Products",0,0,0,0,0
173824,17105,"Veal, loin, separable lean and fat, cooked, braised","Lamb, Veal, and Game Products",0,0,0,0,0
173825,17106,"Veal, loin, separable lean and fat, cooked, roasted","Lamb, Veal, and Game Products",0,0,0,0,0
173826,17107,"Veal, loin, separable lean only, raw","Lamb, Veal, and Game Products",0,0,0,0,0
173829,17114,"Veal, rib, separable lean only, cooked, braised","Lamb, Veal, and Game Products",0,0,0,0,0
173833,17122,"Veal, shoulder, arm, separable lean and fat, raw","Lamb, Veal, and Game Products",0,0,0,0,0
173835,17128,"Veal, shoulder, blade chop, separable lean and fat, raw","Lamb, Veal, and Game Products",0,0,0,0,0
173836,17129,"Veal, shoulder, blade, separable lean and fat, cooked, braised","Lamb, Veal, and Game Products",0,0,0,0,0
173838,17131,"Veal, shoulder, blade chop, separable lean only, raw","Lamb, Veal, and Game Products",0,0,0,0,0
173839,17132,"Veal, shoulder, blade, separable lean only, cooked, braised","Lamb, Veal, and Game Products",0,0,0,0,0
173846,17147,"Game meat, bear, cooked, simmered","Lamb, Veal, and Game Products",0,0,0,0,0
173847,17148,"Bison, ground, grass-fed, cooked","Lamb, Veal, and Game Products",0,0,0,0,0
173850,17155,"Veal, Australian, rib, rib roast, separable lean and fat, raw","Lamb, Veal, and Game Products",0,0,0,0,0
173852,17157,"Game meat, bison, separable lean only, cooked, roasted","Lamb, Veal, and Game Products",0,0,0,0,0
173854,17163,"Game meat, caribou, cooked, roasted","Lamb, Veal, and Game Products",0,0,0,0,0
173855,17164,"Game meat, deer, raw","Lamb, Veal, and Game Products",0,0,0,0,0
173856,7010,"Bologna, pork",Sausages and Luncheon Meats,0,0,0,0,0
173857,7011,"Bologna, turkey",Sausages and Luncheon Meats,0,0,0,0,0
173858,7018,Chicken spread,Sausages and Luncheon Meats,0,0,0,0,0
173859,7019,"Sausage, pork, chorizo, link or ground, raw",Sausages and Luncheon Meats,0,0,0,0,0
173861,7021,"Dutch brand loaf, chicken, pork and beef",Sausages and Luncheon Meats,0,0,0,0,0
173862,7022,"Frankfurter, beef, unheated",Sausages and Luncheon Meats,0,0,0,0,0
173863,7028,"Ham, sliced, pre-packaged, deli meat (96%fat free, water added)",Sausages and Luncheon Meats,0,0,0,0,0
173864,7029,"Ham, sliced, regular (approximately 11% fat)",Sausages and Luncheon Meats,0,0,0,0,0
173865,7030,"Ham, minced",Sausages and Luncheon Meats,0,0,0,0,0
173866,7031,Ham salad spread,Sausages and Luncheon Meats,0,0,0,0,0
173867,7038,"Knackwurst, knockwurst, pork, beef",Sausages and Luncheon Meats,0,0,0,0,0
173868,7039,"Lebanon bologna, beef",Sausages and Luncheon Meats,0,0,0,0,0
173871,7958,"Sausage, turkey, fresh, cooked",Sausages and Luncheon Meats,11,11,11,11,11
173872,7959,"Bologna, chicken, pork, beef",Sausages and Luncheon Meats,11,11,11,0,11
173873,7960,"Bologna, chicken, pork",Sausages and Luncheon Meats,11,11,11,0,11
173874,7961,"Chicken breast, deli, rotisserie seasoned, sliced, prepackaged",Sausages and Luncheon Meats,0,0,0,0,0
173875,7962,"Frankfurter, meat and poultry, unheated",Sausages and Luncheon Meats,0,0,0,0,0
173876,7967,"Pork sausage, link/patty, fully cooked, unheated",Sausages and Luncheon Meats,0,0,0,0,0
173877,7968,"Kielbasa, fully cooked, grilled",Sausages and Luncheon Meats,0,0,0,0,0
173878,7969,"Kielbasa, fully cooked, pan-fried",Sausages and Luncheon Meats,0,0,0,0,0
173879,7970,"Kielbasa, fully cooked, unheated",Sausages and Luncheon Meats,0,0,0,0,0
173880,7976,"Sausage, chicken or turkey, Italian style,  lower sodium",Sausages and Luncheon Meats,0,0,0,0,0
173881,7977,"Ham, smoked, extra lean, low sodium",Sausages and Luncheon Meats,0,0,0,0,0
173882,7978,"Pork sausage, reduced sodium, cooked",Sausages and Luncheon Meats,0,0,0,0,0
173883,7979,"Sausage, pork, turkey, and beef, reduced sodium",Sausages and Luncheon Meats,0,0,0,5,0
173884,8013,"Cereals ready-to-eat, GENERAL MILLS, CHEERIOS",Breakfast Cereals,0,0,0,159,0
173885,8015,"Cereals ready-to-eat, POST, COCOA PEBBLES",Breakfast Cereals,0,0,0,1,0
173886,8018,"Cereals ready-to-eat, QUAKER, QUAKER CRUNCHY BRAN",Breakfast Cereals,46,70,0,1060,0
173887,8025,"Cereals ready-to-eat, RALSTON CRISP RICE",Breakfast Cereals,0,0,0,0,0
173888,8029,"Cereals ready-to-eat, POST Bran Flakes",Breakfast Cereals,0,3,0,150,0
173889,8046,"Cereals ready-to-eat, POST, Honeycomb Cereal",Breakfast Cereals,30,46,0,681,0
173890,8047,"Cereals ready-to-eat, QUAKER, KING VITAMAN",Breakfast Cereals,44,67,0,1131,0
173891,8049,"Cereals ready-to-eat, QUAKER, QUAKER OAT LIFE, plain",Breakfast Cereals,1,18,11,99,0
173892,8054,"Cereals ready-to-eat, QUAKER, 100% Natural Granola, Oats, Wheat and Honey",Breakfast Cereals,0,1,0,130,0
173893,8074,"Cereals ready-to-eat, RALSTON TASTEEOS",Breakfast Cereals,0,0,0,132,0
173894,8081,"Cereals ready-to-eat, POST, Honey Nut Shredded Wheat",Breakfast Cereals,0,4,0,166,0
173895,8083,"Cereals ready-to-eat, MALT-O-MEAL, CORN BURSTS",Breakfast Cereals,30,46,0,780,0
173896,8084,"Cereals ready-to-eat, wheat germ, toasted, plain",Breakfast Cereals,0,62,0,790,0
173898,8094,"Cereals, QUAKER, corn grits, instant, cheddar cheese flavor, dry",Breakfast Cereals,0,2,1,4,0
173900,8100,"Cereals, CREAM OF RICE, dry",Breakfast Cereals,0,0,0,0,0
173901,8102,"Cereals, CREAM OF WHEAT, regular, 10 minute cooking, dry",Breakfast Cereals,0,0,0,16,0
173902,8107,"Cereals, CREAM OF WHEAT, instant, prepared with water, without salt",Breakfast Cereals,0,0,0,3,0
173903,8116,"Cereals, MALT-O-MEAL, original, plain, dry",Breakfast Cereals,0,0,0,14,0
173904,8120,"Cereals, oats, regular and quick, not fortified, dry",Breakfast Cereals,0,0,0,180,0
173905,8121,"Cereals, oats, regular and quick, unenriched, cooked with water (includes boiling and microwaving), without salt",Breakfast Cereals,0,0,0,180,0
173906,8129,"Cereals, oats, instant, fortified, with cinnamon and spice, prepared with water",Breakfast Cereals,0,0,0,31,0
173907,8130,"Cereals, QUAKER, Instant Oatmeal, maple and brown sugar, dry",Breakfast Cereals,0,2,0,57,0
173908,8133,"Cereals, oats, instant, fortified, with raisins and spice, prepared with water",Breakfast Cereals,0,0,0,24,0
173909,8138,"Cereals ready-to-eat, MALT-O-MEAL, MARSHMALLOW MATEYS",Breakfast Cereals,0,0,0,76,0
173910,8147,"Cereals ready-to-eat, POST, Shredded Wheat, original big biscuit",Breakfast Cereals,0,0,0,0,0
173911,8148,"Cereals ready-to-eat, POST, Shredded Wheat, original spoon-size",Breakfast Cereals,0,0,0,175,0
173914,8168,"Cereals, CREAM OF RICE, cooked with water, with salt",Breakfast Cereals,0,0,0,0,0
173915,8169,"Cereals, CREAM OF WHEAT, regular (10 minute), cooked with water, with salt",Breakfast Cereals,0,0,0,2,0
173917,8173,"Cereals, farina, enriched, cooked with water, with salt",Breakfast Cereals,0,0,0,2,0
173918,8191,"Cereals ready-to-eat, POST, Shredded Wheat, lightly frosted, spoon-size",Breakfast Cereals,0,0,0,0,0
173919,8192,"Cereals ready-to-eat, POST SELECTS Blueberry Morning",Breakfast Cereals,7,19,0,205,0
173920,8680,"Cereals, oats, instant, fortified, maple and brown sugar, dry",Breakfast Cereals,0,2,0,57,0
173928,9005,"Apples, raw, without skin, cooked, boiled",Fruits and Fruit Juices,0,19,14,19,0
173929,9006,"Apples, raw, without skin, cooked, microwave",Fruits and Fruit Juices,0,17,13,21,0
173930,9008,"Apples, canned, sweetened, sliced, drained, heated",Fruits and Fruit Juices,0,24,18,18,0
173931,9009,"Apples, dehydrated (low moisture), sulfured, uncooked",Fruits and Fruit Juices,0,35,27,25,0
173933,9016,"Apple juice, canned or bottled, unsweetened, without added ascorbic acid",Fruits and Fruit Juices,0,0,0,16,0
173934,9017,"Apple juice, frozen concentrate, unsweetened, undiluted, without added ascorbic acid",Fruits and Fruit Juices,0,0,0,57,0
173935,9018,"Apple juice, frozen concentrate, unsweetened, diluted with 3 volume water without added ascorbic acid",Fruits and Fruit Juices,0,0,0,16,0
173937,9024,"Apricots, canned, juice pack, with skin, solids and liquids",Fruits and Fruit Juices,0,1010,10,26,0
173939,9026,"Apricots, canned, light syrup pack, with skin, solids and liquids",Fruits and Fruit Juices,0,789,7,26,0
173941,9032,"Apricots, dried, sulfured, uncooked",Fruits and Fruit Juices,0,2163,0,0,0
173942,9033,"Apricots, dried, sulfured, stewed, without added sugar",Fruits and Fruit Juices,0,765,0,0,0
173944,9040,"Bananas, raw",Fruits and Fruit Juices,25,26,0,22,0
173945,9041,"Bananas, dehydrated, or banana powder",Fruits and Fruit Juices,96,101,0,84,0
173946,9042,"Blackberries, raw",Fruits and Fruit Juices,0,128,0,118,0
173947,9043,"Blackberry juice, canned",Fruits and Fruit Juices,0,74,0,68,0
173948,9052,"Blueberries, canned, heavy syrup, solids and liquids",Fruits and Fruit Juices,0,22,0,53,0
173949,9053,"Blueberries, wild, frozen (Includes foods for USDA's Food Distribution Program)",Fruits and Fruit Juices,2,35,,,
173950,9054,"Blueberries, frozen, unsweetened (Includes foods for USDA's Food Distribution Program)",Fruits and Fruit Juices,0,28,0,68,0
173951,9055,"Blueberries, frozen, sweetened",Fruits and Fruit Juices,0,30,0,73,0
173953,9062,"Cherimoya, raw",Fruits and Fruit Juices,0,2,1,6,0
173954,9063,"Cherries, sour, red, raw",Fruits and Fruit Juices,0,770,0,85,0
173955,9064,"Cherries, sour, red, canned, water pack, solids and liquids",Fruits and Fruit Juices,0,452,0,57,0
173957,9071,"Cherries, sweet, canned, water pack, solids and liquids",Fruits and Fruit Juices,0,96,0,57,0
173958,9072,"Cherries, sweet, canned, juice pack, solids and liquids",Fruits and Fruit Juices,0,75,0,57,0
173959,9073,"Cherries, sweet, canned, light syrup pack, solids and liquids",Fruits and Fruit Juices,0,94,0,57,0
173960,9074,"Cherries, sweet, canned, pitted, heavy syrup pack, solids and liquids",Fruits and Fruit Juices,0,92,0,57,0
173961,9081,"Cranberry sauce, canned, sweetened",Fruits and Fruit Juices,0,20,0,48,0
173964,9084,"Currants, red and white, raw",Fruits and Fruit Juices,0,25,0,47,0
173965,23294,"Beef, Australian, imported, grass-fed, loin, tenderloin steak/roast, boneless, separable lean only, raw",Beef Products,0,0,0,0,0
173966,23295,"Beef, Australian, imported, Wagyu, loin, tenderloin steak/roast, boneless, separable lean only, Aust. marble score 4/5, raw",Beef Products,0,0,0,0,0
173969,23302,"Beef, Australian, imported, grass-fed, loin, tenderloin steak/roast, boneless, separable lean and fat, raw",Beef Products,0,0,0,0,0
173970,23303,"Beef, Australian, imported, grass-fed, loin, top loin steak/roast, boneless, separable lean only, raw",Beef Products,0,0,0,0,0
173971,23308,"Beef, Australian, imported, grass-fed, round, bottom round steak/roast, boneless, separable lean only, raw",Beef Products,0,0,0,0,0
173972,23309,"Beef, Australian, imported, grass-fed, round, top round cap-off steak/roast, boneless, separable lean only, raw",Beef Products,0,0,0,0,0
173973,23310,"Beef, Australian, imported, Wagyu, loin, tenderloin steak/roast, boneless, separable lean only, Aust. marble score 9, raw",Beef Products,0,0,0,0,0
173974,23311,"Beef, Australian, imported, Wagyu, loin, top loin steak/roast, boneless, separable lean only, Aust. marble score 4/5, raw",Beef Products,0,0,0,0,0
173975,23316,"Beef, Australian, imported, grass-fed, rib, ribeye steak/roast lip-on, boneless, separable lean and fat, raw",Beef Products,0,0,0,0,0
173976,23317,"Beef, Australian, imported, grass-fed, round, bottom round steak/roast, boneless, separable lean and fat, raw",Beef Products,0,0,0,0,0
173977,23318,"Beef, Australian, imported, grass-fed, round, top round cap-off steak/roast, boneless, separable lean and fat, raw",Beef Products,0,0,0,0,0
173978,23319,"Beef, Australian, imported, Wagyu, loin, top loin steak/roast, boneless, separable lean and fat, Aust. marble score 4/5, raw",Beef Products,0,0,0,0,0
173979,23320,"Beef, Australian, imported, Wagyu, loin, top loin steak/roast, separable lean and fat, Aust. marble score 9, raw",Beef Products,0,0,0,0,0
173980,23325,"Beef, round, top round steak, boneless, separable lean and fat, trimmed to 0"" fat, choice, raw",Beef Products,0,0,0,0,0
173981,23326,"Beef, round, top round steak, boneless, separable lean and fat, trimmed to 0"" fat, select, raw",Beef Products,0,0,0,0,0
173982,23327,"Beef, round, top round roast, boneless, separable lean and fat, trimmed to 0"" fat, all grades, raw",Beef Products,0,0,0,0,0
173983,23328,"Beef, round, top round roast, boneless, separable lean and fat, trimmed to 0"" fat, choice, raw",Beef Products,0,0,0,0,0
173984,23333,"Beef, round, eye of round steak, boneless, separable lean and fat, trimmed to 0"" fat, all grades, raw",Beef Products,0,0,0,0,0
173985,23334,"Beef, round, eye of round steak, boneless separable lean and fat, trimmed to 0"" fat, choice, raw",Beef Products,0,0,0,0,0
173986,23335,"Beef, round, eye of round steak, boneless, separable lean and fat, trimmed to 0"" fat, select, raw",Beef Products,0,0,0,0,0
173987,23336,"Beef, loin, tenderloin roast, boneless, separable lean and fat, trimmed to 0"" fat, all grades, raw",Beef Products,0,0,0,0,0
173988,23342,"Beef, loin, tenderloin steak, boneless, separable lean and fat, trimmed to 0"" fat, all grades, raw",Beef Products,0,0,0,0,0
173989,23343,"Beef, loin, tenderloin steak, boneless, separable lean and fat, trimmed to 0"" fat, choice, raw",Beef Products,0,0,0,0,0
173990,23344,"Beef, loin, tenderloin steak, boneless, separable lean and fat, trimmed to 0"" fat, select, raw",Beef Products,0,0,0,0,0
173991,23345,"Beef, loin, tenderloin roast, boneless, separable lean and fat, trimmed to 0"" fat, all grades, cooked, roasted",Beef Products,0,0,0,0,0
173992,23350,"Beef, round, top round roast, boneless, separable lean and fat, trimmed to 0"" fat, select, cooked, roasted",Beef Products,0,0,0,0,0
173993,23351,"Beef, round, eye of round steak, boneless, separable lean and fat, trimmed to 0"" fat, all grades, cooked, grilled",Beef Products,0,0,0,0,0
173994,23352,"Beef, round, eye of round steak, boneless, separable lean and fat, trimmed to 0"" fat, choice, cooked, grilled",Beef Products,0,0,0,0,0
173995,23353,"Beef, round, eye of round steak, boneless, separable lean and fat, trimmed to 0"" fat, select, cooked, grilled",Beef Products,0,0,0,0,0
173996,23358,"Beef, round, top round roast, boneless, separable lean only, trimmed to 0"" fat, choice, raw",Beef Products,0,0,0,0,0
173997,23359,"Beef, round, top round roast, boneless, separable lean only, trimmed to 0"" fat, select, raw",Beef Products,0,0,0,0,0
173998,23360,"Beef, round, eye of round roast, boneless, separable lean only, trimmed to 0"" fat, all grades, raw",Beef Products,0,0,0,0,0
173999,23361,"Beef, round, eye of round roast, boneless, separable lean only, trimmed to 0"" fat, choice, raw",Beef Products,0,0,0,0,0
174000,23367,"Beef, loin, tenderloin roast, boneless, separable lean only, trimmed to 0"" fat, choice, raw",Beef Products,0,0,0,0,0
174001,23368,"Beef, loin, tenderloin roast, boneless, separable lean only, trimmed to 0"" fat, select, raw",Beef Products,0,0,0,0,0
174002,23369,"Beef, loin, top loin steak, boneless, lip off, separable lean only, trimmed to 0"" fat, all grades, raw",Beef Products,0,0,0,0,0
174003,23370,"Beef, loin, top loin steak, boneless, lip off, separable lean only, trimmed to 0"" fat, choice, raw",Beef Products,0,0,0,0,0
174004,23375,"Beef, loin, tenderloin roast, boneless, separable lean only, trimmed to 0"" fat, all grades, cooked, roasted",Beef Products,0,0,0,0,0
174005,23376,"Beef, loin, tenderloin roast, boneless, separable lean only, trimmed to 0"" fat, choice, cooked, roasted",Beef Products,0,0,0,0,0
174006,23377,"Beef, loin, tenderloin roast, separable lean only, boneless, trimmed to 0"" fat, select, cooked, roasted",Beef Products,0,0,0,0,0
174007,23378,"Beef, round, top round roast, boneless, separable lean only, trimmed to 0"" fat, all grades, cooked, roasted",Beef Products,0,0,0,0,0
174008,23383,"Beef, round, eye of round steak, boneless, separable lean only, trimmed to 0"" fat, select, cooked, grilled",Beef Products,0,0,0,0,0
174009,23384,"Beef, loin, top loin steak, boneless, lip-on, separable lean only, trimmed to 1/8"" fat, select, raw",Beef Products,0,0,0,0,0
174010,23385,"Beef, loin, top loin steak, boneless, lip-on, separable lean only, trimmed to 1/8"" fat, choice, raw",Beef Products,0,0,0,0,0
174011,23386,"Beef, loin, top loin steak, boneless, lip-on, separable lean only, trimmed to 1/8"" fat, all grades, raw",Beef Products,0,0,0,0,0
174012,23490,"Beef, composite of trimmed retail cuts, separable lean only, trimmed to 1/8"" fat, choice, raw",Beef Products,0,0,0,0,0
174013,23491,"Beef composite, separable lean only, trimmed to 1/8"" fat, choice, cooked",Beef Products,0,0,0,0,0
174014,23494,"Beef, composite of trimmed retail cuts, separable lean and fat, trimmed to 0"" fat, choice, raw",Beef Products,0,0,0,0,0
174015,23495,"Beef, composite of trimmed retail cuts, separable lean only, trimmed to 0"" fat, choice, raw",Beef Products,0,0,0,0,0
174016,23509,"Beef, chuck, mock tender steak, separable lean only, trimmed to 0"" fat, all grades, cooked, broiled",Beef Products,0,0,0,0,0
174017,23511,"Beef, chuck, top blade, separable lean only, trimmed to 0"" fat, all grades, cooked, broiled",Beef Products,0,0,0,0,0
174018,23513,"Beef, chuck, clod roast, separable lean only, trimmed to 1/4"" fat, all grades, raw",Beef Products,0,0,0,0,0
174019,23514,"Beef, chuck, clod roast, separable lean only, trimmed to 0"" fat, all grades, cooked, roasted",Beef Products,0,0,0,0,0
174020,23521,"Beef, chuck, mock tender steak, separable lean and fat, trimmed to 0"" fat, USDA select, cooked, broiled",Beef Products,0,0,0,0,0
174021,23523,"Beef, chuck, top blade, separable lean and fat, trimmed to 0"" fat, choice, cooked, broiled",Beef Products,0,0,0,0,0
174022,23525,"Beef, chuck, top blade, separable lean and fat, trimmed to 0"" fat, select, cooked, broiled",Beef Products,0,0,0,0,0
174023,23528,"Beef, chuck, clod roast, separable lean and fat, trimmed to 0"" fat, choice, cooked, roasted",Beef Products,0,0,0,0,0
174024,23545,"Beef, loin, bottom sirloin butt, tri-tip steak, separable lean and fat, trimmed to 0"" fat, all grades, cooked, broiled",Beef Products,0,0,0,0,0
174025,23547,"Beef, chuck, mock tender steak, separable lean and fat, trimmed to 0"" fat, all grades, cooked, broiled",Beef Products,0,0,0,0,0
174026,23549,"Beef, chuck, top blade, separable lean and fat, trimmed to 0"" fat, all grades, cooked, broiled",Beef Products,0,0,0,0,0
174027,23552,"Beef, chuck, clod roast, separable lean and fat, trimmed to 0"" fat, all grades, cooked, roasted",Beef Products,0,0,0,0,0
174028,23560,"Beef, ground, 95% lean meat / 5% fat, crumbles, cooked, pan-browned",Beef Products,0,0,0,0,0
174029,23561,"Beef, ground, 95% lean meat / 5% fat, loaf, cooked, baked",Beef Products,0,0,0,0,0
174030,23562,"Beef, ground, 90% lean meat / 10% fat, raw",Beef Products,0,0,0,0,0
174031,23563,"Beef, ground, 90% lean meat / 10% fat, patty, cooked, broiled",Beef Products,0,0,0,0,0
174032,23568,"Beef, ground, 85% lean meat / 15% fat, patty, cooked, broiled",Beef Products,0,0,0,0,0
174033,23569,"Beef, ground, 85% lean meat / 15% fat, patty, cooked, pan-broiled",Beef Products,0,0,0,0,0
174034,23570,"Beef, ground, 85% lean meat / 15% fat, crumbles, cooked, pan-browned",Beef Products,0,0,0,0,0
174035,23571,"Beef, ground, 85% lean meat / 15% fat, loaf, cooked, baked",Beef Products,0,0,0,0,0
174036,23572,"Beef, ground, 80% lean meat / 20% fat, raw",Beef Products,0,0,0,0,0
174037,23577,"Beef, ground, 75% lean meat / 25% fat, raw",Beef Products,0,0,0,0,0
174038,23578,"Beef, ground, 75% lean meat / 25% fat, patty, cooked, broiled",Beef Products,0,0,0,0,0
174039,23579,"Beef, ground, 75% lean meat / 25% fat, patty, cooked, pan-broiled",Beef Products,0,0,0,0,0
174040,23580,"Beef, ground, 75% lean meat / 25% fat, crumbles, cooked, pan-browned",Beef Products,0,0,0,0,0
174041,23585,"Beef, short loin, top loin, steak, separable lean only, trimmed to 1/8"" fat, select, raw",Beef Products,0,0,0,0,0
174042,23586,"Beef, rib, small end (ribs 10-12), separable lean only, trimmed to 1/8"" fat, select, cooked, broiled",Beef Products,0,0,0,0,0
174043,23587,"Beef, tenderloin, steak, separable lean only, trimmed to 1/8"" fat, select, cooked, broiled",Beef Products,0,0,0,0,0
174044,23588,"Beef, top sirloin, steak, separable lean only, trimmed to 1/8"" fat, select, cooked, broiled",Beef Products,0,0,0,0,0
174045,23593,"Beef, round, bottom round, steak, separable lean only, trimmed to 1/8"" fat, select, cooked, braised",Beef Products,0,0,0,0,0
174046,23594,"Beef, round, bottom round, roast, separable lean only, trimmed to 1/8"" fat, all grades, raw",Beef Products,0,0,0,0,0
174047,23595,"Beef, brisket, flat half, separable lean only, trimmed to 1/8"" fat, all grades, cooked, braised",Beef Products,0,0,0,0,0
174048,23596,"Beef, brisket, flat half, separable lean only, trimmed to 1/8"" fat, all grades, raw",Beef Products,0,0,0,0,0
174049,23597,"Beef, round, eye of round, roast, separable lean only, trimmed to 1/8"" fat, all grades, raw",Beef Products,0,0,0,0,0
174050,23602,"Beef, chuck, arm pot roast, separable lean only, trimmed to 1/8"" fat, all grades, cooked, braised",Beef Products,0,0,0,0,0
174051,23603,"Beef, chuck, arm pot roast, separable lean only, trimmed to 1/8"" fat, all grades, raw",Beef Products,0,0,0,0,0
174052,23604,"Beef, round, bottom round, roast, separable lean only, trimmed to 1/8"" fat, all grades, cooked",Beef Products,0,0,0,0,0
174053,23605,"Beef, round, bottom round, steak, separable lean only, trimmed to 1/8"" fat, all grades, cooked, braised",Beef Products,0,0,0,0,0
174054,23610,"Beef, top sirloin, steak, separable lean only, trimmed to 1/8"" fat, all grades, cooked, broiled",Beef Products,0,0,0,0,0
174055,23611,"Beef, top sirloin, steak, separable lean only, trimmed to 1/8"" fat, all grades, raw",Beef Products,0,0,0,0,0
174056,23612,"Beef, chuck, arm pot roast, separable lean only, trimmed to 1/8"" fat, choice, raw",Beef Products,0,0,0,0,0
174057,23613,"Beef, brisket, flat half, separable lean only, trimmed to 1/8"" fat, choice, raw",Beef Products,0,0,0,0,0
174058,23618,"Beef, round, bottom round, roast, separable lean only, trimmed to 1/8"" fat, choice, raw",Beef Products,0,0,0,0,0
174059,23619,"Beef, round, bottom round, roast, separable lean only, trimmed to 1/8"" fat, choice, cooked, roasted",Beef Products,0,0,0,0,0
174060,23620,"Beef, round, eye of round, roast, separable lean only, trimmed to 1/8"" fat, choice, cooked, roasted",Beef Products,0,0,0,0,0
174061,23621,"Beef, round, top round, steak, separable lean only, trimmed to 1/8"" fat, choice, cooked, broiled",Beef Products,0,0,0,0,0
174062,27042,"Soup, clam chowder, new england, canned, ready-to-serve","Soups, Sauces, and Gravies",0,5,0,20,0
174063,27043,"Soup, clam chowder, new england, reduced sodium, canned, ready-to-serve","Soups, Sauces, and Gravies",0,5,0,20,0
174064,27044,"Soup, chicken noodle, reduced sodium, canned, ready-to-serve","Soups, Sauces, and Gravies",142,506,0,58,0
174066,27050,"Sauce, sweet and sour, ready-to-serve","Soups, Sauces, and Gravies",0,6,0,0,0
174067,27051,"Sauce, cocktail, ready-to-serve","Soups, Sauces, and Gravies",7,212,0,2,6753
174068,27052,"Dip, salsa con queso, cheese and salsa- medium","Soups, Sauces, and Gravies",0,112,30,67,300
174069,27054,"Dip, TOSTITOS, salsa con queso, medium","Soups, Sauces, and Gravies",0,95,25,59,332
174070,27059,"Sauce, peanut, made from peanut butter, water, soy sauce","Soups, Sauces, and Gravies",0,0,0,0,0
174071,27060,"Soup, chunky vegetable, reduced sodium, canned, ready-to-serve","Soups, Sauces, and Gravies",195,572,0,116,659
174073,27062,"Soup, beef barley, ready to serve","Soups, Sauces, and Gravies",58,139,0,56,357
174074,27063,"Sauce, enchilada, red, mild, ready to serve","Soups, Sauces, and Gravies",74,362,62,103,994
174075,28285,"Bread, chapati or roti, whole wheat, commercially prepared, frozen",Baked Products,0,0,0,11,0
174076,28286,"Bread, paratha, whole wheat, commercially prepared, frozen",Baked Products,0,0,0,12,0
174077,28287,"Bread, naan, whole wheat, commercially prepared, refrigerated",Baked Products,0,0,0,11,0
174078,28288,"Bread, roll, Mexican, bollilo",Baked Products,0,0,0,14,0
174079,28293,"Cookie, butter or sugar, with chocolate icing or filling",Baked Products,0,0,0,7,0
174080,28294,"Cookie, chocolate, with icing or coating",Baked Products,0,0,0,8,0
174081,28295,"Tortillas, ready-to-bake or -fry, whole wheat",Baked Products,0,3,0,130,0
174082,28296,"Cake, snack cakes, creme-filled, chocolate with frosting, low-fat, with added fiber",Baked Products,0,0,0,3,0
174083,28302,"Cookies, graham crackers, plain or honey, lowfat",Baked Products,0,2,0,105,0
174084,28303,"Crackers, cheese, whole grain",Baked Products,0,44,12,24,0
174085,28304,"Waffles, whole wheat, lowfat, frozen, ready-to-heat",Baked Products,0,1,1,24,0
174086,28305,"Pancakes, plain, reduced fat",Baked Products,0,1,0,66,0
174087,28310,"Cookies, shortbread, reduced fat",Baked Products,0,1,0,24,0
174088,28311,"Cookies, sugar wafer, chocolate-covered",Baked Products,0,0,0,4,0
174089,28312,"Rolls, hamburger or hot dog, wheat/cracked wheat",Baked Products,0,6,0,6,0
174090,28313,"Rolls, hamburger or hot dog, whole wheat",Baked Products,0,8,0,7,0
174091,28318,"Bread, french or vienna, whole wheat",Baked Products,0,2,0,97,0
174092,28319,"Bagels, whole grain white",Baked Products,0,1,0,75,0
174093,28320,"English muffins, whole grain white",Baked Products,0,1,0,67,0
174094,28321,"Rolls, hamburger, whole grain white, calcium-fortified",Baked Products,0,1,0,52,0
174095,28328,"Cookies, chocolate chip sandwich, with creme filling",Baked Products,0,0,0,8,0
174096,28329,"Cookies, chocolate, made with rice cereal",Baked Products,0,0,0,14,0
174097,28330,"Cookies, marshmallow, with rice cereal and chocolate chips",Baked Products,0,32,0,4,0
174100,28337,"Bread, gluten-free, white, made with rice flour, corn starch, and/or tapioca",Baked Products,0,0,0,0,0
174104,28345,"Crackers, gluten-free, multi-seeded and multigrain",Baked Products,0,4,0,174,0
174105,28346,"Waffles, gluten-free, frozen, ready-to-heat",Baked Products,0,1,1,44,0
174106,28347,"Pancakes, gluten-free, frozen, ready-to-heat",Baked Products,0,1,0,39,0
174107,28348,"Rolls, dinner, sweet",Baked Products,0,0,0,15,0
174108,14021,"Beverages,  Energy drink, Citrus",Beverages,0,0,0,0,0
174111,14161,"Beverages, Kiwi Strawberry Juice Drink",Beverages,4,9,1,25,0
174112,14162,"Beverages, Apple juice drink, light, fortified with vitamin C",Beverages,0,0,0,16,0
174113,14167,"Beverages, POWERADE, Zero, Mixed Berry",Beverages,0,0,0,0,0
174116,14171,"Beverages, coconut milk, sweetened, fortified with calcium, vitamins A, B12, D2",Beverages,0,0,0,0,0
174117,14181,"Beverages, chocolate syrup",Beverages,0,0,0,3,0
174118,14182,"Beverages, chocolate syrup, prepared with whole milk",Beverages,0,4,0,0,0
174119,14183,"Beverages, coffee, ready to drink, iced, mocha, milk based",Beverages,0,0,0,0,0
174120,14185,"Beverages, tea, Oolong, brewed",Beverages,0,0,0,0,0
174121,14191,"Beverages, tea, green, ready-to-drink, citrus, diet, fortified with vitamin C",Beverages,0,0,0,0,0
174122,14192,"Beverages, Cocoa mix, powder",Beverages,0,0,0,5,0
174123,14194,"Beverages, Cocoa mix, powder, prepared with water",Beverages,0,0,0,1,0
174125,14202,"Beverages, coffee, brewed, espresso, restaurant-prepared, decaffeinated",Beverages,0,0,0,0,0
174126,14203,"Beverages, coffee, instant, regular, half the caffeine",Beverages,0,0,0,0,0
174127,14204,"Beverages, coffee and cocoa, instant, decaffeinated, with whitener and low calorie sweetener",Beverages,0,2,0,6,0
174128,14206,"Beverages, tea, green, ready-to-drink, sweetened",Beverages,0,0,0,0,0
174129,14207,"Beverages, tea, ready-to-drink, lemon, diet",Beverages,0,0,0,0,0
174130,14215,"Beverages, coffee, instant, regular, prepared with water",Beverages,0,0,0,0,0
174131,14216,"Beverages, aloe vera juice drink, fortified with Vitamin C",Beverages,0,0,0,0,0
174132,14217,"Beverages, OCEAN SPRAY, Cran Grape",Beverages,0,15,0,0,0
174133,14218,"Beverages, coffee, instant, decaffeinated, powder",Beverages,0,0,0,0,0
174134,14223,"Beverages, coffee, instant, chicory",Beverages,0,0,0,0,0
174135,14224,"Beverages, coffee, instant, mocha, sweetened",Beverages,0,2,0,4,0
174136,14226,"Beverages, OCEAN SPRAY, Light Cranberry and Raspberry Flavored Juice",Beverages,31,0,0,19,0
174137,14227,"Beverages, OCEAN SPRAY, White Cranberry Strawberry Flavored Juice Drink",Beverages,0,15,0,0,0
174138,14236,"Beverages, coffee substitute, cereal grain beverage, powder",Beverages,0,5,0,194,0
174139,14237,"Beverages, coffee substitute, cereal grain beverage, prepared with water",Beverages,0,0,0,3,0
174140,14238,"Beverages, cranberry-apple juice drink, bottled",Beverages,0,2,0,6,0
174141,14239,"Alcoholic beverage, malt beer, hard lemonade",Beverages,0,0,0,1,0
174143,14246,"Beverages, tea, green, instant, decaffeinated, lemon, unsweetened, fortified with vitamin C",Beverages,0,0,0,0,0
174144,14247,"Beverages, tea, black, ready to drink",Beverages,0,0,0,0,0
174145,14248,"Alcoholic beverage, beer, light, higher alcohol",Beverages,0,0,0,0,0
174146,14250,"Beverages, AMBER, hard cider",Beverages,0,14,5,15,0
174147,14256,"Beverages, OCEAN SPRAY, Cran Cherry",Beverages,0,20,0,0,0
174148,14257,"Beverages, OCEAN SPRAY, Light Cranberry",Beverages,0,15,0,0,0
174149,14258,"Beverages, OCEAN SPRAY, White Cranberry Peach",Beverages,0,20,0,0,0
174150,14259,"Beverages, OCEAN SPRAY, Light Cranberry, Concord Grape",Beverages,0,15,0,0,0
174151,14267,"Beverages, Fruit punch drink, with added nutrients, canned",Beverages,0,14,4,2,1
174153,14269,"Beverages, Fruit punch drink, frozen concentrate, prepared with water",Beverages,0,0,0,0,0
174154,14270,"Beverages, coffee, instant, vanilla, sweetened, decaffeinated, with non dairy creamer",Beverages,0,0,0,0,0
174156,14545,"Beverages, tea, herb, brewed, chamomile",Beverages,0,12,0,0,0
174157,14553,"Beverages, Wine, non-alcoholic",Beverages,0,0,0,0,0
174158,14555,"Water, bottled, generic",Beverages,0,0,0,0,0
174159,14557,"Beverages, chocolate-flavor beverage mix for milk, powder, with added nutrients",Beverages,0,0,0,0,0
174160,14558,"Beverages, chocolate-flavor beverage mix for milk, powder, with added nutrients, prepared with whole milk",Beverages,0,6,0,0,0
174161,14605,"Beverages, Water with added vitamins and minerals, bottles, sweetened, assorted fruit flavors",Beverages,0,0,0,0,0
174171,14625,"Beverages, Energy drink, AMP",Beverages,0,0,0,0,0
174172,14626,"Beverages, Energy drink, FULL THROTTLE",Beverages,0,0,0,0,0
174173,14633,"Beverages, Vegetable and fruit juice drink, reduced calorie, with low-calorie sweetener, added vitamin C",Beverages,3,1253,0,2,144
174174,14634,"Beverages, milk beverage, reduced fat, flavored and sweetened, Ready-to-drink,  added calcium, vitamin A and vitamin D",Beverages,0,4,0,0,0
174175,14635,"Beverages, vegetable and fruit juice blend, 100% juice, with added vitamins A, C, E",Beverages,1,427,0,2,144
174176,14636,"Beverages, fruit juice drink, reduced sugar, with vitamin E added",Beverages,0,0,0,0,0
174177,14641,"Beverages, Energy drink, VAULT Zero, sugar-free, citrus flavor",Beverages,0,0,0,0,0
174178,14644,"Beverages, PEPSICO QUAKER, Gatorade G2, low calorie",Beverages,0,0,0,0,0
174179,14645,"Beverages, Fruit flavored drink, less than 3% juice, not fortified with vitamin C",Beverages,0,0,0,0,0
174180,14646,"Beverages, Fruit flavored drink containing less than 3% fruit juice, with high vitamin C",Beverages,0,0,0,0,0
174181,14654,"Beverages, nutritional shake mix, high protein, powder",Beverages,0,0,0,0,0
174182,15001,"Fish, anchovy, european, raw",Finfish and Shellfish Products,0,0,0,0,0
174183,15002,"Fish, anchovy, european, canned in oil, drained solids",Finfish and Shellfish Products,0,0,0,0,0
174188,15012,"Fish, caviar, black and red, granular",Finfish and Shellfish Products,0,0,0,648,0
174189,15017,"Fish, cod, Atlantic, canned, solids and liquid",Finfish and Shellfish Products,0,0,0,0,0
174190,15018,"Fish, cod, Atlantic, dried and salted",Finfish and Shellfish Products,0,0,0,0,0
174191,15019,"Fish, cod, Pacific, raw (may have been previously frozen)",Finfish and Shellfish Products,0,0,0,0,0
174192,15020,"Fish, croaker, Atlantic, raw",Finfish and Shellfish Products,0,0,0,0,0
174193,15025,"Fish, eel, mixed species, raw",Finfish and Shellfish Products,0,0,0,0,0
174195,15027,"Fish, fish sticks, frozen, prepared",Finfish and Shellfish Products,0,3,2,42,0
174196,15028,"Fish, flatfish (flounder and sole species), raw",Finfish and Shellfish Products,0,0,0,0,0
174197,15029,"Fish, flatfish (flounder and sole species), cooked, dry heat",Finfish and Shellfish Products,0,0,0,0,0
174198,15034,"Fish, haddock, cooked, dry heat",Finfish and Shellfish Products,0,0,0,0,0
174199,15035,"Fish, haddock, smoked",Finfish and Shellfish Products,0,0,0,0,0
174200,15036,"Fish, halibut, Atlantic and Pacific, raw",Finfish and Shellfish Products,0,0,0,0,0
174201,15037,"Fish, halibut, Atlantic and Pacific, cooked, dry heat",Finfish and Shellfish Products,0,0,0,0,0
174203,15138,"Crustaceans, crab, alaska king, imitation, made from surimi",Finfish and Shellfish Products,0,0,0,0,0
174205,15140,"Crustaceans, crab, blue, cooked, moist heat",Finfish and Shellfish Products,0,0,0,0,0
174206,15145,"Crustaceans, crayfish, mixed species, wild, raw",Finfish and Shellfish Products,0,0,0,0,0
174207,15146,"Crustaceans, crayfish, mixed species, wild, cooked, moist heat",Finfish and Shellfish Products,0,0,0,0,0
174208,15147,"Crustaceans, lobster, northern, raw",Finfish and Shellfish Products,0,0,0,0,0
174209,15148,"Crustaceans, lobster, northern, cooked, moist heat",Finfish and Shellfish Products,0,0,0,0,0
174210,15149,"Crustaceans, shrimp, mixed species, raw (may contain additives to retain moisture)",Finfish and Shellfish Products,0,0,0,0,0
174212,15155,"Mollusks, abalone, mixed species, raw",Finfish and Shellfish Products,0,0,0,0,0
174214,15157,"Mollusks, clam, mixed species, raw",Finfish and Shellfish Products,0,0,0,0,0
174216,15164,"Mollusks, mussel, blue, raw",Finfish and Shellfish Products,0,0,0,0,0
174218,15166,"Mollusks, octopus, common, raw",Finfish and Shellfish Products,0,0,0,0,0
174220,15172,"Mollusks, scallop, mixed species, raw",Finfish and Shellfish Products,0,0,0,0,0
174223,15175,"Mollusks, squid, mixed species, raw",Finfish and Shellfish Products,0,0,0,0,0
174249,15230,"Mollusks, octopus, common, cooked, moist heat",Finfish and Shellfish Products,0,0,0,0,0
174250,15231,"Mollusks, oyster, Pacific, cooked, moist heat",Finfish and Shellfish Products,0,0,0,0,0
174251,15232,"Fish, roughy, orange, cooked, dry heat",Finfish and Shellfish Products,0,0,0,0,0
174252,16071,"Lima beans, large, mature seeds, raw",Legumes and Legume Products,0,0,0,0,0
174253,16072,"Lima beans, large, mature seeds, cooked, boiled, without salt",Legumes and Legume Products,0,0,0,0,0
174255,16074,"Lima beans, thin seeded (baby), mature seeds, raw",Legumes and Legume Products,0,0,0,0,0
174256,16080,"Mung beans, mature seeds, raw",Legumes and Legume Products,0,68,0,0,0
174257,16081,"Mung beans, mature seeds, cooked, boiled, without salt",Legumes and Legume Products,0,14,0,0,0
174258,16082,"Noodles, chinese, cellophane or long rice (mung beans), dehydrated",Legumes and Legume Products,0,0,0,0,0
174260,16088,"Peanuts, all types, cooked, boiled, with salt",Legumes and Legume Products,0,0,0,0,0
174261,16089,"Peanuts, all types, oil-roasted, with salt",Legumes and Legume Products,0,0,0,0,0
174262,16090,"Peanuts, all types, dry-roasted, with salt",Legumes and Legume Products,0,0,0,0,0
174263,16091,"Peanuts, spanish, raw",Legumes and Legume Products,0,0,0,0,0
174265,16097,"Peanut butter, chunk style, with salt",Legumes and Legume Products,0,0,0,0,0
174266,16098,"Peanut butter, smooth style, with salt (Includes foods for USDA's Food Distribution Program)",Legumes and Legume Products,0,0,0,0,0
174267,16099,"Peanut flour, defatted",Legumes and Legume Products,0,0,0,0,0
174269,16107,"Sausage, meatless",Legumes and Legume Products,0,0,0,0,0
174270,16108,"Soybeans, mature seeds, raw",Legumes and Legume Products,0,13,0,0,0
174271,16109,"Soybeans, mature cooked, boiled, without salt",Legumes and Legume Products,0,5,0,0,0
174273,16115,"Soy flour, full-fat, raw",Legumes and Legume Products,0,72,0,0,0
174274,16116,"Soy flour, full-fat, roasted",Legumes and Legume Products,0,73,0,0,0
174275,16117,"Soy flour, defatted",Legumes and Legume Products,0,24,0,0,0
174276,16122,Soy protein isolate,Legumes and Legume Products,0,0,0,0,0
174277,16123,Soy sauce made from soy and wheat (shoyu),Legumes and Legume Products,0,0,0,0,0
174278,16124,Soy sauce made from soy (tamari),Legumes and Legume Products,0,0,0,0,0
174279,16125,Soy sauce made from hydrolyzed vegetable protein,Legumes and Legume Products,0,0,0,0,0
174283,16135,"Winged beans, mature seeds, raw",Legumes and Legume Products,0,0,0,0,0
174284,16144,"Lentils, pink or red, raw",Legumes and Legume Products,0,35,0,,
174285,16145,"Beans, kidney, red, mature seeds, canned, drained solids",Legumes and Legume Products,0,0,0,0,0
174286,16146,"Beans, pinto, canned, drained solids",Legumes and Legume Products,0,0,0,0,0
174287,16147,"Veggie burgers or soyburgers, unprepared",Legumes and Legume Products,0,10,0,0,0
174288,16157,Chickpea flour (besan),Legumes and Legume Products,0,25,0,0,0
174289,16158,"Hummus, commercial",Legumes and Legume Products,0,12,3,258,0
174290,16159,"Tofu, extra firm, prepared with nigari",Legumes and Legume Products,0,0,0,0,0
174293,16166,"Soymilk, chocolate, unfortified",Legumes and Legume Products,0,2,0,0,0
174294,16167,"Peanut Butter, smooth (Includes foods for USDA's Food Distribution Program)",Legumes and Legume Products,0,0,0,0,0
174295,16168,"Soymilk, chocolate, with added calcium, vitamins A and D",Legumes and Legume Products,0,2,0,0,0
174298,16403,"Refried beans, canned, traditional, reduced sodium",Legumes and Legume Products,0,0,0,0,0
174299,16409,"Soybeans, mature seeds, cooked, boiled, with salt",Legumes and Legume Products,0,5,0,0,0
174301,16420,"Soy protein concentrate, produced by acid wash",Legumes and Legume Products,0,0,0,0,0
174302,16422,"Soy protein isolate, potassium type",Legumes and Legume Products,0,0,0,0,0
174310,17006,"Lamb, composite of trimmed retail cuts, separable fat, trimmed to 1/4"" fat, choice, cooked","Lamb, Veal, and Game Products",0,0,0,0,0
174312,17012,"Lamb, leg, whole (shank and sirloin), separable lean and fat, trimmed to 1/4"" fat, choice, cooked, roasted","Lamb, Veal, and Game Products",0,0,0,0,0
174314,17014,"Lamb, leg, whole (shank and sirloin), separable lean only, trimmed to 1/4"" fat, choice, cooked, roasted","Lamb, Veal, and Game Products",0,0,0,0,0
174322,17030,"Lamb, rib, separable lean and fat, trimmed to 1/4"" fat, choice, cooked, broiled","Lamb, Veal, and Game Products",0,0,0,0,0
174325,17038,"Lamb, shoulder, whole (arm and blade), separable lean and fat, trimmed to 1/4"" fat, choice, cooked, roasted","Lamb, Veal, and Game Products",0,0,0,0,0
174326,17039,"Lamb, shoulder, whole (arm and blade), separable lean only, trimmed to 1/4"" fat, choice, raw","Lamb, Veal, and Game Products",0,0,0,0,0
174332,17053,"Lamb, shoulder, blade, separable lean and fat, trimmed to 1/4"" fat, choice, cooked, broiled","Lamb, Veal, and Game Products",0,0,0,0,0
174340,17070,"Lamb, New Zealand, imported, fore-shank, separable lean only, raw","Lamb, Veal, and Game Products",0,0,0,0,0
174341,17071,"Lamb, New Zealand, imported, fore-shank, separable lean only, cooked, braised","Lamb, Veal, and Game Products",0,0,0,0,0
174342,17072,"Lamb, New Zealand, imported, leg chop/steak, bone-in, separable lean and fat, raw","Lamb, Veal, and Game Products",0,0,0,0,0
174345,17173,"Game meat, moose, cooked, roasted","Lamb, Veal, and Game Products",0,0,0,0,0
174346,17179,"Game meat, rabbit, domesticated, composite of cuts, cooked, stewed","Lamb, Veal, and Game Products",0,0,0,0,0
174348,17181,"Game meat, rabbit, wild, cooked, stewed","Lamb, Veal, and Game Products",0,0,0,0,0
174349,17182,"Game meat, raccoon, cooked, roasted","Lamb, Veal, and Game Products",0,0,0,0,0
174358,17204,"Veal, variety meats and by-products, liver, cooked, pan-fried","Lamb, Veal, and Game Products",11,40,16,0,0
174370,17224,"Lamb, ground, raw","Lamb, Veal, and Game Products",0,0,0,0,0
174414,17314,"Lamb, Australian, imported, fresh, rib chop/rack roast, frenched, bone-in, separable lean and fat, trimmed to 1/8"" fat, raw","Lamb, Veal, and Game Products",0,0,0,0,0
174415,17315,"Lamb, Australian, imported, fresh, rib chop, frenched, bone-in, separable lean and fat, trimmed to 1/8"" fat, cooked, grilled","Lamb, Veal, and Game Products",0,0,0,0,0
174416,17316,"Lamb, Australian, imported, fresh, rib chop/rack roast, frenched, bone-in, separable lean only, trimmed to 1/8"" fat, raw","Lamb, Veal, and Game Products",0,0,0,0,0
174421,17330,"Game meat , bison, ground, raw","Lamb, Veal, and Game Products",0,0,0,0,0
174422,17331,"Game meat, bison, ground, cooked, pan-broiled","Lamb, Veal, and Game Products",0,0,0,0,0
174423,17332,"Game meat , bison, top sirloin, separable lean only, 1"" steak, cooked, broiled","Lamb, Veal, and Game Products",0,0,0,0,0
174424,17333,"Game meat, bison, chuck, shoulder clod, separable lean only, cooked, braised","Lamb, Veal, and Game Products",0,0,0,0,0
174425,17338,"Game meat, elk, ground, raw","Lamb, Veal, and Game Products",0,0,0,0,0
174426,17339,"Game meat, elk, ground, cooked, pan-broiled","Lamb, Veal, and Game Products",0,0,0,0,0
174427,17340,"Game meat, elk, loin, separable lean only, cooked, broiled","Lamb, Veal, and Game Products",0,0,0,0,0
174428,17341,"Game meat, elk, round, separable lean only, cooked, broiled","Lamb, Veal, and Game Products",0,0,0,0,0
174429,17342,"Game meat, elk, tenderloin, separable lean only, cooked, broiled","Lamb, Veal, and Game Products",0,0,0,0,0
174430,17347,"Game meat, deer, tenderloin, separable lean only, cooked, broiled","Lamb, Veal, and Game Products",0,0,0,0,0
174431,17348,"Game meat, deer, top round, separable lean only, 1"" steak, cooked, broiled","Lamb, Veal, and Game Products",0,0,0,0,0
174432,17349,"Veal, Australian, shank, fore, bone-in, separable lean only, raw","Lamb, Veal, and Game Products",0,0,0,0,0
174433,17350,"Veal, Australian, shank, fore, bone-in, separable lean and fat, raw","Lamb, Veal, and Game Products",0,0,0,0,0
174434,17355,"Lamb, New Zealand, imported, Intermuscular fat, raw","Lamb, Veal, and Game Products",0,0,0,0,0
174435,17356,"Lamb, New Zealand, imported, subcutaneous fat, raw","Lamb, Veal, and Game Products",0,0,0,0,0
174436,17357,"Lamb, New Zealand, imported, brains, cooked, soaked and fried","Lamb, Veal, and Game Products",0,0,0,0,0
174437,17358,"Lamb, New Zealand, imported, brains, raw","Lamb, Veal, and Game Products",0,0,0,0,0
174438,17363,"Lamb, New Zealand, imported, chump, boneless, separable lean only, raw","Lamb, Veal, and Game Products",0,0,0,0,0
174439,17364,"Lamb, New Zealand, imported, kidney, cooked, soaked and fried","Lamb, Veal, and Game Products",0,0,0,0,0
174440,17365,"Lamb, New Zealand, imported, flap, boneless, separable lean only, cooked, braised","Lamb, Veal, and Game Products",0,0,0,0,0
174441,17366,"Lamb, New Zealand, imported, flap, boneless, separable lean only, raw","Lamb, Veal, and Game Products",0,0,0,0,0
174442,17367,"Lamb, New Zealand, imported, kidney, raw","Lamb, Veal, and Game Products",0,0,0,0,0
174443,17372,"Lamb, New Zealand, imported, heart, cooked, soaked and simmered","Lamb, Veal, and Game Products",0,0,0,0,0
174444,17373,"Lamb, New Zealand, imported, heart, raw","Lamb, Veal, and Game Products",0,0,0,0,0
174445,17374,"Lamb, New Zealand, imported, sweetbread, cooked, soaked and simmered","Lamb, Veal, and Game Products",0,0,0,0,0
174446,17375,"Lamb, New Zealand, imported, sweetbread, raw","Lamb, Veal, and Game Products",0,0,0,0,0
174447,17380,"Lamb, New Zealand, imported, tunnel-boned leg, chump off, shank off, separable lean only, cooked, slow roasted","Lamb, Veal, and Game Products",0,0,0,0,0
174448,17381,"Lamb, New Zealand, imported, tunnel-boned leg, chump off, shank off, separable lean only, raw","Lamb, Veal, and Game Products",0,0,0,0,0
174449,17382,"Lamb, New Zealand, imported, square-cut shoulder chops, separable lean only, cooked, braised","Lamb, Veal, and Game Products",0,0,0,0,0
174450,17383,"Lamb, New Zealand, imported, square-cut shoulder chops, separable lean only, raw","Lamb, Veal, and Game Products",0,0,0,0,0
174451,17388,"Lamb, New Zealand, imported, loin, boneless, separable lean only, cooked, fast roasted","Lamb, Veal, and Game Products",0,0,0,0,0
174452,17389,"Lamb, New Zealand, imported, loin, boneless, separable lean only, raw","Lamb, Veal, and Game Products",0,0,0,0,0
174453,17390,"Lamb, New Zealand, imported, hind-shank, separable lean only, cooked, braised","Lamb, Veal, and Game Products",0,0,0,0,0
174454,17391,"Lamb, New Zealand, imported, hind-shank, separable lean only, raw","Lamb, Veal, and Game Products",0,0,0,0,0
174455,17392,"Lamb, New Zealand, imported, neck chops, separable lean only, raw","Lamb, Veal, and Game Products",0,0,0,0,0
174456,17397,"Lamb, New Zealand, imported, rack - fully frenched, separable lean only, raw","Lamb, Veal, and Game Products",0,0,0,0,0
174457,17398,"Lamb, New Zealand, imported, loin chop, separable lean only, cooked, fast fried","Lamb, Veal, and Game Products",0,0,0,0,0
174458,17399,"Lamb, New Zealand, imported, square-cut shoulder, separable lean only, cooked, slow roasted","Lamb, Veal, and Game Products",0,0,0,0,0
174459,17400,"Lamb, New Zealand, imported, leg chop/steak, bone-in, separable lean only, cooked, fast fried","Lamb, Veal, and Game Products",0,0,0,0,0
174460,17405,"Lamb, New Zealand, imported, leg chop/steak, bone-in, separable lean and fat, cooked, fast fried","Lamb, Veal, and Game Products",0,0,0,0,0
174461,17406,"Lamb, New Zealand, imported, loin chop, separable lean and fat, cooked, fast fried","Lamb, Veal, and Game Products",0,0,0,0,0
174462,17407,"Lamb, New Zealand, imported, loin saddle, separable lean and fat, cooked, fast roasted","Lamb, Veal, and Game Products",0,0,0,0,0
174463,17408,"Lamb, New Zealand, imported, loin saddle, separable lean and fat, raw","Lamb, Veal, and Game Products",0,0,0,0,0
174464,17414,"Lamb, New Zealand, imported, netted shoulder, rolled, boneless, separable lean and fat, raw","Lamb, Veal, and Game Products",0,0,0,0,0
174476,5623,"Emu, fan fillet, raw",Poultry Products,0,0,0,0,0
174477,5624,"Emu, fan fillet, cooked, broiled",Poultry Products,0,0,0,0,0
174478,5625,"Emu, flat fillet, raw",Poultry Products,0,0,0,0,0
174479,5626,"Emu, full rump, raw",Poultry Products,0,0,0,0,0
174480,5632,"Emu, top loin, cooked, broiled",Poultry Products,0,0,0,0,0
174481,5641,"Ostrich, ground, raw",Poultry Products,0,0,0,0,0
174482,5642,"Ostrich, ground, cooked, pan-broiled",Poultry Products,0,0,0,0,0
174483,5643,"Ostrich, fan, raw",Poultry Products,0,0,0,0,0
174484,5648,"Ostrich, outside leg, raw",Poultry Products,0,0,0,0,0
174485,5649,"Ostrich, outside strip, raw",Poultry Products,0,0,0,0,0
174486,5650,"Ostrich, outside strip, cooked",Poultry Products,0,0,0,0,0
174487,5651,"Ostrich, oyster, raw",Poultry Products,0,0,0,0,0
174488,5656,"Ostrich, tip trimmed, cooked",Poultry Products,0,0,0,0,0
174489,5657,"Ostrich, top loin, raw",Poultry Products,0,0,0,0,0
174490,5658,"Ostrich, top loin, cooked",Poultry Products,0,0,0,0,0
174491,5661,"Chicken, liver, all classes, cooked, pan-fried",Poultry Products,11,31,11,0,25
174492,5667,"Turkey, ground, 93% lean, 7% fat, patties, broiled",Poultry Products,0,0,0,0,0
174493,5668,"Turkey, ground, 85% lean, 15% fat, raw",Poultry Products,0,0,0,0,0
174494,5669,"Turkey, ground, 85% lean, 15% fat, pan-broiled crumbles",Poultry Products,0,0,0,0,0
174495,5670,"Turkey, ground, 85% lean, 15% fat, patties, broiled",Poultry Products,0,0,0,0,0
174496,5675,"Chicken, skin (drumsticks and thighs), cooked, roasted",Poultry Products,0,0,1,91,0
174497,5676,"Chicken, broilers or fryers, dark meat, drumstick, meat and skin, cooked, braised",Poultry Products,0,0,0,13,0
174498,5677,"Chicken, broilers or fryers, dark meat, thigh, meat and skin, cooked, braised",Poultry Products,0,0,0,20,0
174499,5678,"Chicken, dark meat, drumstick, meat only, with added solution, raw",Poultry Products,0,0,0,102,0
174500,5683,"Chicken, dark meat, thigh, meat only, with added solution, cooked, roasted",Poultry Products,0,0,1,92,0
174501,5684,"Chicken, skin (drumsticks and thighs), with added solution, cooked, braised",Poultry Products,0,0,0,0,0
174502,5685,"Chicken, skin (drumsticks and thighs), with added solution, raw",Poultry Products,0,0,0,0,0
174503,5686,"Chicken, skin (drumsticks and thighs), with added solution, cooked, roasted",Poultry Products,0,0,0,0,0
174504,5687,"Chicken, dark meat, drumstick, meat and skin, with added solution, cooked, braised",Poultry Products,0,0,0,0,0
174505,5692,"Chicken, dark meat, thigh, meat and skin, with added solution, cooked, roasted",Poultry Products,0,0,0,74,0
174506,5693,"Chicken, broiler, rotisserie, BBQ, back meat only",Poultry Products,0,0,0,0,0
174507,5694,"Turkey, dark meat from whole, meat only, with added solution, raw",Poultry Products,0,0,0,0,0
174508,5695,"Turkey, dark meat, meat only, with added solution, cooked, roasted",Poultry Products,0,0,0,0,0
174509,5700,"Turkey, dark meat from whole, meat and skin, with added solution, raw",Poultry Products,0,0,0,0,0
174510,5701,"Turkey, dark meat from whole, meat and skin, with added solution, cooked, roasted",Poultry Products,0,0,0,0,0
174511,5702,"Turkey from whole, light meat, meat and skin, with added solution, raw",Poultry Products,0,0,0,0,0
174512,5703,"Turkey from whole, light meat, meat and skin, with added solution, cooked, roasted",Poultry Products,0,0,0,0,0
174513,5708,"Turkey, retail parts, breast, meat only, with added solution, raw",Poultry Products,0,0,0,4,0
174514,5709,"Turkey, retail parts, breast, meat only, with added solution, cooked, roasted",Poultry Products,0,0,0,5,0
174515,5710,"Turkey, retail parts, breast, meat only, raw",Poultry Products,0,0,0,8,0
174516,5711,"Turkey, retail parts, breast, meat only, cooked, roasted",Poultry Products,0,0,0,7,0
174517,5712,"Turkey, retail parts, wing, meat only, raw",Poultry Products,0,0,0,0,0
174518,5717,"Turkey, retail parts, thigh, meat only, raw",Poultry Products,0,0,0,6,0
174519,5718,"Turkey, breast, from whole bird, meat only, with added solution, roasted",Poultry Products,0,0,0,0,0
174520,5719,"Turkey, back, from whole bird, meat only, with added solution, raw",Poultry Products,0,0,0,0,0
174521,5720,"Turkey, back, from whole bird, meat only, with added solution, roasted",Poultry Products,0,0,0,0,0
174522,6149,"Soup, chicken mushroom, canned, condensed","Soups, Sauces, and Gravies",0,3,0,1,0
174523,6150,"Sauce, barbecue","Soups, Sauces, and Gravies",0,133,2,88,4550
174524,6164,"Sauce, salsa, ready-to-serve","Soups, Sauces, and Gravies",0,276,0,204,6063
174525,6166,"Sauce, homemade, white, medium","Soups, Sauces, and Gravies",0,21,0,1,0
174526,6167,"Sauce, homemade, white, thick","Soups, Sauces, and Gravies",0,27,0,2,0
174527,6168,"Sauce, ready-to-serve, pepper or hot","Soups, Sauces, and Gravies",6,91,7,121,0
174528,6169,"Sauce, ready-to-serve, pepper, TABASCO","Soups, Sauces, and Gravies",62,919,68,10,0
174529,6176,"Sauce, oyster, ready-to-serve","Soups, Sauces, and Gravies",0,0,0,0,0
174530,6177,"Soup, minestrone, canned, reduced sodium, ready-to-serve","Soups, Sauces, and Gravies",99,349,0,90,6359
174531,6179,"Sauce, fish, ready-to-serve","Soups, Sauces, and Gravies",0,0,0,0,0
174533,6190,"Soup, bean & ham, canned, reduced sodium, prepared with water or ready-to-serve","Soups, Sauces, and Gravies",145,349,0,36,915
174534,6192,"Split pea soup, canned, reduced sodium, prepared with water or ready-to serve","Soups, Sauces, and Gravies",35,313,1,1286,7
174535,6193,"Split pea with ham soup, canned, reduced sodium, prepared with water or ready-to-serve","Soups, Sauces, and Gravies",90,201,5,18,0
174536,6194,"Soup, chicken broth, ready-to-serve","Soups, Sauces, and Gravies",0,1,0,0,0
174538,6217,"Soup, vegetable, canned, low sodium, condensed","Soups, Sauces, and Gravies",314,875,2,45,13848
174539,6230,"Soup, clam chowder, new england, canned, prepared with equal volume low fat (2%) milk","Soups, Sauces, and Gravies",0,2,0,1,0
174540,6243,"Soup, cream of mushroom, canned, prepared with equal volume low fat (2%) milk","Soups, Sauces, and Gravies",0,2,0,2,0
174542,6264,"Sauce, white, thin, prepared-from-recipe, with butter","Soups, Sauces, and Gravies",0,5,0,1,0
174543,6285,"Sauce, sweet and sour, prepared-from-recipe","Soups, Sauces, and Gravies",2,65,0,1,2032
174544,6307,"Sauce, barbecue, KRAFT, original","Soups, Sauces, and Gravies",0,116,3,69,3556
174546,6359,"Soup, tomato, canned, prepared with equal volume low fat (2%) milk","Soups, Sauces, and Gravies",0,115,0,43,5261
174548,6395,"CAMPBELL'S CHUNKY, Classic Chicken Noodle Soup","Soups, Sauces, and Gravies",20,198,,,
174551,6413,"Soup, chicken broth, canned, prepared with equal volume water","Soups, Sauces, and Gravies",0,0,0,0,0
174552,6415,"CAMPBELL'S CHUNKY, Hearty Beef Barley Soup","Soups, Sauces, and Gravies",27,81,0,49,229
174554,6428,"Soup, clam chowder, manhattan, canned, prepared with equal volume water","Soups, Sauces, and Gravies",42,195,7,13,3147
174555,6430,"Soup, clam chowder, new england, canned, prepared with equal volume water","Soups, Sauces, and Gravies",0,0,0,2,0
174556,6431,"CAMPBELL'S CHUNKY, New England Clam Chowder","Soups, Sauces, and Gravies",0,3,0,18,0
174561,6449,"Soup, pea, green, canned, prepared with equal volume water","Soups, Sauces, and Gravies",0,1,0,0,0
174564,6468,"Soup, vegetarian vegetable, canned, prepared with equal volume water","Soups, Sauces, and Gravies",205,750,0,80,965
174565,6471,"Soup, vegetable beef, canned, prepared with equal volume water","Soups, Sauces, and Gravies",245,809,0,46,182
174567,6483,"Soup, cream of chicken, dry, mix, prepared with water","Soups, Sauces, and Gravies",5,82,18,50,1
174568,6494,"Soup, onion, dry, mix, prepared with water","Soups, Sauces, and Gravies",0,0,0,1,0
174569,6498,"Soup, tomato, dry, mix, prepared with water","Soups, Sauces, and Gravies",0,174,8,32,649
174570,7043,"Roast beef, deli style, prepackaged, sliced",Sausages and Luncheon Meats,0,0,0,0,0
174571,7045,"Luncheon meat, pork, canned",Sausages and Luncheon Meats,0,0,0,0,0
174572,7046,"Turkey breast, low salt, prepackaged or deli, luncheon meat",Sausages and Luncheon Meats,0,0,0,0,0
174573,7050,"Mortadella, beef, pork",Sausages and Luncheon Meats,0,0,0,0,0
174574,7056,"Peppered loaf, pork, beef",Sausages and Luncheon Meats,0,0,0,0,0
174575,7057,"Pepperoni, beef and pork, sliced",Sausages and Luncheon Meats,0,0,0,0,0
174576,7058,"Pickle and pimiento loaf, pork",Sausages and Luncheon Meats,4,147,46,87,0
174578,7064,"Pork sausage, link/patty, cooked, pan-fried",Sausages and Luncheon Meats,0,0,0,0,0
174579,7065,"Sausage, pork and beef, fresh, cooked",Sausages and Luncheon Meats,0,0,0,0,0
174580,7066,"Sausage, turkey, reduced fat, brown and serve, cooked",Sausages and Luncheon Meats,0,0,0,0,0
174581,7067,Poultry salad sandwich spread,Sausages and Luncheon Meats,0,0,0,0,0
174582,7072,"Salami, dry or hard, pork, beef",Sausages and Luncheon Meats,0,0,0,0,0
174583,7073,"Sandwich spread, pork, beef",Sausages and Luncheon Meats,0,0,0,0,0
174584,7074,"Sausage, smoked link sausage, pork",Sausages and Luncheon Meats,0,0,0,0,0
174585,7075,"Sausage, smoked link sausage, pork and beef",Sausages and Luncheon Meats,11,11,11,0,11
174586,7089,"Sausage, Italian, pork, mild, cooked, pan-fried",Sausages and Luncheon Meats,0,0,0,0,0
174589,7201,"Oscar Mayer, Bologna (beef)",Sausages and Luncheon Meats,0,0,0,0,0
174591,7241,"Oscar Mayer, Wieners (beef franks)",Sausages and Luncheon Meats,0,0,0,0,0
174592,7254,"Bacon, turkey, unprepared",Sausages and Luncheon Meats,0,0,0,0,0
174593,7278,Hormel Pillow Pak Sliced Turkey Pepperoni,Sausages and Luncheon Meats,0,0,0,0,0
174594,7909,"Luncheon meat, pork and chicken, minced, canned, includes Spam Lite",Sausages and Luncheon Meats,0,0,0,0,0
174595,7910,"Bratwurst, veal, cooked",Sausages and Luncheon Meats,0,0,0,0,0
174596,7911,Liverwurst spread,Sausages and Luncheon Meats,0,0,0,0,0
174597,7912,Roast beef spread,Sausages and Luncheon Meats,0,0,0,0,0
174598,7913,"Salami, pork, beef, less sodium",Sausages and Luncheon Meats,0,0,0,0,0
174599,7918,"Sausage, summer, pork and beef, sticks, with cheddar cheese",Sausages and Luncheon Meats,0,0,0,0,0
174600,7919,"Sausage, turkey, breakfast links, mild, raw",Sausages and Luncheon Meats,0,0,0,0,0
174601,7920,"Swisswurst, pork and beef, with swiss cheese, smoked",Sausages and Luncheon Meats,0,0,0,0,0
174602,7921,Bacon and beef sticks,Sausages and Luncheon Meats,0,0,0,0,0
174603,7926,"Salami, Italian, pork",Sausages and Luncheon Meats,0,0,0,0,0
174604,7927,"Sausage, Italian, turkey, smoked",Sausages and Luncheon Meats,0,0,0,0,0
174605,7928,"Sausage, chicken, beef, pork, skinless, smoked",Sausages and Luncheon Meats,0,0,0,0,0
174606,7929,"Sausage, turkey, hot, smoked",Sausages and Luncheon Meats,0,0,0,0,0
174607,7934,"Kielbasa, Polish, turkey and beef, smoked",Sausages and Luncheon Meats,0,0,0,0,0
174608,7935,"Chicken breast, roll, oven-roasted",Sausages and Luncheon Meats,0,0,0,0,0
174609,7936,"Bologna, pork and turkey, lite",Sausages and Luncheon Meats,0,0,0,0,0
174610,7937,"Bologna, pork, turkey and beef",Sausages and Luncheon Meats,0,0,0,0,0
174611,7938,"Ham, honey, smoked, cooked",Sausages and Luncheon Meats,0,0,0,0,0
174612,7943,"Turkey, breast, smoked, lemon pepper flavor, 97% fat-free",Sausages and Luncheon Meats,0,0,0,0,0
174613,7944,"Turkey, white, rotisserie, deli cut",Sausages and Luncheon Meats,0,0,0,0,0
174614,7945,"Frankfurter, beef, heated",Sausages and Luncheon Meats,0,0,0,0,0
174616,7954,"Sausage, breakfast sausage, beef, pre-cooked, unprepared",Sausages and Luncheon Meats,0,0,0,0,0
174617,7955,"Sausage, turkey, fresh, raw",Sausages and Luncheon Meats,11,11,11,11,11
174618,7956,"Sausage, beef, fresh, cooked",Sausages and Luncheon Meats,11,15,11,0,11
174619,8206,"Cereals ready-to-eat, MALT-O-MEAL, COCO-ROOS",Breakfast Cereals,23,35,0,543,0
174621,8211,"Cereals ready-to-eat, QUAKER, HONEY GRAHAM OH!S",Breakfast Cereals,15,23,0,398,0
174622,8214,"Cereals ready-to-eat, QUAKER, Oatmeal Squares",Breakfast Cereals,0,1,0,136,0
174623,8215,"Cereals ready-to-eat, QUAKER, Oatmeal Squares, cinnamon",Breakfast Cereals,0,1,0,136,0
174624,8225,"Cereals, QUAKER, Instant Oatmeal, fruit and cream variety, dry",Breakfast Cereals,0,3,2,118,0
174625,8228,"Cereals, QUAKER, Instant Oatmeal, raisins, dates and walnuts, dry",Breakfast Cereals,0,1,0,103,0
174628,8305,"Cereals ready-to-eat, Post, Waffle Crisp",Breakfast Cereals,12,18,0,286,0
174631,8346,"Cereals ready-to-eat, MALT-O-MEAL, COLOSSAL CRUNCH",Breakfast Cereals,24,37,0,635,0
174636,8410,"Cereals, QUAKER, Instant Oatmeal, Cinnamon-Spice, dry",Breakfast Cereals,0,1,1,123,0
174639,8435,"Cereals ready-to-eat, UNCLE SAM CEREAL",Breakfast Cereals,0,0,0,331,0
174643,8478,"Cereals ready-to-eat, MALT-O-MEAL, GOLDEN PUFFS",Breakfast Cereals,0,2,0,94,0
174646,8494,"Cereals ready-to-eat, MALT-O-MEAL, CINNAMON TOASTERS",Breakfast Cereals,0,3,2,73,0
174647,8495,"Cereals ready-to-eat, MALT-O-MEAL, Cocoa DYNO-BITES",Breakfast Cereals,0,0,0,1,0
174648,8506,"Cereals ready-to-eat, RALSTON Corn Flakes",Breakfast Cereals,38,144,111,,0
174649,8507,"Cereals ready-to-eat, RALSTON Crispy Hexagons",Breakfast Cereals,0,63,53,,0
174650,8510,Milk and cereal bar,Snacks,0,0,0,0,0
174652,8550,"Cereals ready-to-eat, QUAKER, Christmas Crunch",Breakfast Cereals,18,32,0,521,0
174653,8554,"Cereals ready-to-eat, POST SELECTS Maple Pecan Crunch",Breakfast Cereals,0,3,0,119,0
174654,8571,"Cereals ready-to-eat, NATURE'S PATH, Organic FLAX PLUS, Pumpkin Granola",Breakfast Cereals,0,0,0,143,0
174663,8655,"Cereals ready-to-eat, POST, HONEY BUNCHES OF OATS, pecan bunches",Breakfast Cereals,32,50,0,787,0
174665,9094,"Figs, dried, uncooked",Fruits and Fruit Juices,0,6,0,32,0
174666,9095,"Figs, dried, stewed",Fruits and Fruit Juices,0,3,0,14,0
174667,9096,"Fruit cocktail, (peach and pineapple and pear and grape and cherry), canned, water pack, solids and liquids",Fruits and Fruit Juices,0,126,48,75,0
174668,9097,"Fruit cocktail, (peach and pineapple and pear and grape and cherry), canned, juice pack, solids and liquids",Fruits and Fruit Juices,0,154,58,75,0
174673,9112,"Grapefruit, raw, pink and red, all areas",Fruits and Fruit Juices,3,686,6,5,1419
174676,9116,"Grapefruit, raw, white, all areas",Fruits and Fruit Juices,8,14,3,10,0
174678,9123,"Grapefruit juice, white, canned or bottled, unsweetened",Fruits and Fruit Juices,2,20,1,10,0
174679,9124,"Grapefruit juice, white, canned, sweetened",Fruits and Fruit Juices,2,3,1,10,0
174680,9125,"Grapefruit juice, white, frozen concentrate, unsweetened, undiluted",Fruits and Fruit Juices,8,13,3,34,0
174681,9126,"Grapefruit juice, white, frozen concentrate, unsweetened, diluted with 3 volume water",Fruits and Fruit Juices,2,4,1,10,0
174682,9131,"Grapes, american type (slip skin), raw",Fruits and Fruit Juices,1,59,0,72,0
174683,9132,"Grapes, red or green (European type, such as Thompson seedless), raw",Fruits and Fruit Juices,1,39,0,72,0
174684,9133,"Grapes, canned, thompson seedless, water pack, solids and liquids",Fruits and Fruit Juices,1,26,0,48,0
174685,9134,"Grapes, canned, thompson seedless, heavy syrup pack, solids and liquids",Fruits and Fruit Juices,1,38,0,48,0
174686,9143,"Guava sauce, cooked",Fruits and Fruit Juices,0,170,0,0,3909
174687,9144,"Jackfruit, raw",Fruits and Fruit Juices,6,61,5,157,0
174688,23247,"Beef, top loin filet, boneless, separable lean only, trimmed to 1/8"" fat, all grades, cooked, grilled",Beef Products,0,0,0,0,0
174689,23248,"Beef, top loin filet, boneless, separable lean only, trimmed to 1/8"" fat, choice, cooked, grilled",Beef Products,0,0,0,0,0
174690,23249,"Beef, top loin filet, boneless, separable lean only, trimmed to 1/8"" fat, select, cooked, grilled",Beef Products,0,0,0,0,0
174691,23254,"Beef, top loin petite roast/filet, boneless, separable lean only, trimmed to 1/8"" fat, choice, raw",Beef Products,0,0,0,0,0
174692,23255,"Beef, top loin petite roast/filet, boneless, separable lean only, trimmed to 1/8"" fat, select, raw",Beef Products,0,0,0,0,0
174693,23256,"Beef, loin, top sirloin filet, boneless, separable lean only, trimmed to 0"" fat, all grades, cooked, grilled",Beef Products,0,0,0,0,0
174694,23257,"Beef, loin, top sirloin filet, boneless, separable lean only, trimmed to 0"" fat, choice, cooked, grilled",Beef Products,0,0,0,0,0
174695,23262,"Beef, loin, top sirloin petite roast/filet, boneless, separable lean only, trimmed to 0"" fat, select, raw",Beef Products,0,0,0,0,0
174696,23263,"Beef, ribeye  petite roast/filet, boneless, separable lean only, trimmed to 0"" fat, all grades, raw",Beef Products,0,0,0,0,0
174697,23264,"Beef, ribeye  petite roast/filet, boneless, separable lean only, trimmed to 0"" fat, choice, raw",Beef Products,0,0,0,0,0
174698,23265,"Beef, ribeye  petite roast/filet, boneless, separable lean only, trimmed to 0"" fat, select, raw",Beef Products,0,0,0,0,0
174699,23270,"Beef, ribeye cap steak, boneless, separable lean only, trimmed to 0"" fat, choice, raw",Beef Products,0,0,0,0,0
174700,23271,"Beef, ribeye cap steak, boneless, separable lean only, trimmed to 0"" fat, select, raw",Beef Products,0,0,0,0,0
174701,23272,"Beef, ribeye filet, boneless, separable lean only, trimmed to 0"" fat, all grades, cooked, grilled",Beef Products,0,0,0,0,0
174702,23273,"Beef, ribeye filet, boneless, separable lean only, trimmed to 0"" fat, choice, cooked, grilled",Beef Products,0,0,0,0,0
174703,23274,"Beef, ribeye filet, boneless, separable lean only, trimmed to 0"" fat, select, cooked, grilled",Beef Products,0,0,0,0,0
174704,23279,"Beef, loin, top sirloin cap steak, boneless, separable lean and fat, trimmed to 1/8"" fat, choice, cooked, grilled",Beef Products,0,0,0,0,0
174705,23280,"Beef, loin, top sirloin cap steak, boneless, separable lean and fat, trimmed to 1/8"" fat, select, cooked, grilled",Beef Products,0,0,0,0,0
174706,23281,"Beef, loin, top sirloin cap steak, boneless, separable lean and fat, trimmed to 1/8"" fat, all grades, raw",Beef Products,0,0,0,0,0
174707,23282,"Beef, loin, top sirloin cap steak, boneless, separable lean and fat, trimmed to 1/8"" fat, choice, raw",Beef Products,0,0,0,0,0
174708,23287,"Beef, top loin petite roast, boneless, separable lean and fat, trimmed to 1/8"" fat, all grades, cooked, roasted",Beef Products,0,0,0,0,0
174709,23288,"Beef, top loin petite roast, boneless, separable lean and fat, trimmed to 1/8"" fat, choice, cooked, roasted",Beef Products,0,0,0,0,0
174710,23289,"Beef, top loin petite roast, boneless, separable lean and fat, trimmed to 1/8"" fat, select, cooked, roasted",Beef Products,0,0,0,0,0
174711,23290,"Beef, top loin petite roast/filet, boneless, separable lean and fat, trimmed to 1/8"" fat, all grades, raw",Beef Products,0,0,0,0,0
174712,23389,"Beef, loin, top loin steak, boneless, lip-on, separable lean and fat, trimmed to 1/8"" fat, choice, cooked, grilled",Beef Products,0,0,0,0,0
174713,23390,"Beef, loin, top loin steak, boneless, lip-on, separable lean and fat, trimmed to 1/8"" fat, select, cooked, grilled",Beef Products,0,0,0,0,0
174714,23391,"Beef, loin, top loin steak, boneless, lip-on, separable lean and fat, trimmed to 1/8"" fat, all grades, cooked, grilled",Beef Products,0,0,0,0,0
174715,23397,"Beef, New Zealand, imported, bolar blade, separable lean only, cooked, fast roasted",Beef Products,0,0,0,0,0
174716,23398,"Beef, New Zealand, imported, bolar blade, separable lean only, raw",Beef Products,0,0,0,0,0
174717,23399,"Beef, New Zealand, imported, brisket navel end, separable lean only, cooked, braised",Beef Products,0,0,0,0,0
174718,23401,"Beef, New Zealand, imported, brisket navel end, separable lean only, raw",Beef Products,0,0,0,0,0
174719,23406,"Beef, New Zealand, imported, cube roll, separable lean only, cooked, fast roasted",Beef Products,0,0,0,0,0
174720,23407,"Beef, New Zealand, imported, cube roll, separable lean only, raw",Beef Products,0,0,0,0,0
174721,23408,"Beef, New Zealand, imported, eye round, separable lean only, cooked, slow roasted",Beef Products,0,0,0,0,0
174722,23409,"Beef, New Zealand, imported, eye round, separable lean only, raw",Beef Products,0,0,0,0,0
174723,23415,"Beef, New Zealand, imported, variety meats and by-products, heart, raw",Beef Products,0,0,0,0,0
174724,23416,"Beef, New Zealand, imported, hind shin, separable lean only, cooked, braised",Beef Products,0,0,0,0,0
174725,23417,"Beef, New Zealand, imported, hind shin, separable lean only, raw",Beef Products,0,0,0,0,0
174726,23418,"Beef, New Zealand, imported, inside, raw",Beef Products,0,0,0,0,0
174727,23423,"Beef, New Zealand, imported, variety meats and by-products, kidney, raw",Beef Products,0,0,0,0,0
174728,23424,"Beef, New Zealand, imported, variety meats and by-products liver, cooked, boiled",Beef Products,0,0,0,0,0
174729,23425,"Beef, New Zealand, imported, variety meats and by-products, liver, raw",Beef Products,0,0,0,0,0
174730,23426,"Beef, New Zealand, imported, manufacturing beef, cooked, boiled",Beef Products,0,0,0,0,0
174731,23431,"Beef, New Zealand, imported, ribs prepared, raw",Beef Products,0,0,0,0,0
174732,23432,"Beef, New Zealand, imported, rump centre, separable lean only, cooked, fast fried",Beef Products,0,0,0,0,0
174733,23433,"Beef, New Zealand, imported, striploin, separable lean only, cooked, fast fried",Beef Products,0,0,0,0,0
174734,23434,"Beef, New Zealand, imported, striploin, separable lean only, raw",Beef Products,0,0,0,0,0
174735,23440,"Beef, New Zealand, imported, oyster blade, separable lean and fat, raw",Beef Products,0,0,0,0,0
174736,23441,"Beef, New Zealand, imported, tenderloin, separable lean only, raw",Beef Products,0,0,0,0,0
174737,23442,"Beef, New Zealand, imported, variety meats and by-products, tongue, cooked, boiled",Beef Products,0,0,0,0,0
174738,23443,"Beef, New Zealand, imported, variety meats and by-products, tongue, raw",Beef Products,0,0,0,0,0
174739,23448,"Beef, New Zealand, imported, brisket navel end, separable lean and fat, cooked, braised",Beef Products,0,0,0,0,0
174740,23449,"Beef, New Zealand, imported, brisket navel end, separable lean and fat, raw",Beef Products,0,0,0,0,0
174741,23450,"Beef, New Zealand, imported, brisket point end, separable lean and fat, cooked, braised",Beef Products,0,0,0,0,0
174742,23451,"Beef, New Zealand, imported, brisket point end, separable lean and fat, raw",Beef Products,0,0,0,0,0
174743,23456,"Beef, New Zealand, imported, eye round, separable lean and fat, cooked, slow roasted",Beef Products,0,0,0,0,0
174744,23457,"Beef, New Zealand, imported, eye round, separable lean and fat, raw",Beef Products,0,0,0,0,0
174745,23458,"Beef, New Zealand, imported, flank, separable lean and fat, cooked, braised",Beef Products,0,0,0,0,0
174746,23459,"Beef, New Zealand, imported, flank, separable lean and fat, raw",Beef Products,0,0,0,0,0
174747,23460,"Beef, New Zealand, imported, flat, separable lean and fat, cooked, braised",Beef Products,0,0,0,0,0
174748,23465,"Beef, New Zealand, imported, rump centre, separable lean and fat, cooked, fast fried",Beef Products,0,0,0,0,0
174749,23466,"Beef, New Zealand, imported, rump centre, separable lean only, raw",Beef Products,0,0,0,0,0
174750,23467,"Beef, New Zealand, imported, rump centre, separable lean and fat, raw",Beef Products,0,0,0,0,0
174751,23468,"Beef, New Zealand, imported, striploin, separable lean and fat, cooked, fast fried",Beef Products,0,0,0,0,0
174752,23473,"Beef, ground, 93% lean meat / 7% fat, patty, cooked, broiled",Beef Products,0,0,0,0,0
174753,23474,"Beef, ground, 93% lean meat /7% fat, patty, cooked, pan-broiled",Beef Products,0,0,0,0,0
174754,23475,"Beef, ground, 93% lean meat / 7% fat, loaf, cooked, baked",Beef Products,0,0,0,0,0
174755,23476,"Beef, ground, 93% lean meat / 7% fat, crumbles, cooked, pan-browned",Beef Products,0,0,0,0,0
174756,23481,"Beef, ground, 97% lean meat / 3% fat, crumbles, cooked, pan-browned",Beef Products,0,0,0,0,0
174757,23482,"Beef, composite of trimmed retail cuts, separable lean and fat, trimmed to 0"" fat, all grades, raw",Beef Products,0,0,0,0,0
174758,23483,"Beef, composite of trimmed retail cuts, separable lean only, trimmed to 1/8"" fat, all grades, raw",Beef Products,0,0,0,0,0
174759,23484,"Beef, composite of trimmed retail cuts, separable lean only, trimmed to 1/8"" fat, all grades, cooked",Beef Products,0,0,0,0,0
174760,23485,"Beef, composite of trimmed retail cuts, separable lean only, trimmed to 0"" fat, all grades, raw",Beef Products,0,0,0,0,0
174761,23623,"Beef, rib, small end (ribs 10-12), separable lean only, trimmed to 1/8"" fat, choice, raw",Beef Products,0,0,0,0,0
174762,23624,"Beef, tenderloin, steak, separable lean only, trimmed to 1/8"" fat, choice, raw",Beef Products,0,0,0,0,0
174763,23625,"Beef, top sirloin, steak, separable lean only, trimmed to 1/8"" fat, choice, raw",Beef Products,0,0,0,0,0
174764,23626,"Beef, rib, small end (ribs 10-12), separable lean only, trimmed to 1/8""fat, choice, cooked, broiled",Beef Products,0,0,0,0,0
174765,23631,"Beef, chuck, arm pot roast, separable lean only, trimmed to 1/8"" fat, select, raw",Beef Products,0,0,0,0,0
174766,23632,"Beef, brisket, flat half, separable lean only, trimmed to 1/8"" fat, select, raw",Beef Products,0,0,0,0,0
174767,23633,"Beef, chuck, arm pot roast, separable lean only, trimmed to 1/8"" fat, select, cooked, braised",Beef Products,0,0,0,0,0
174768,23634,"Beef, brisket, flat half, separable lean only, trimmed to 1/8"" fat, select, cooked, braised",Beef Products,0,0,0,0,0
174769,23640,"Beef, variety meats and by-products, tripe, cooked, simmered",Beef Products,0,0,0,0,0
174770,23646,"Beef, bottom sirloin, tri-tip roast, separable lean only, trimmed to 0"" fat, all grades, raw",Beef Products,0,0,0,0,0
174771,23647,"Beef, bottom sirloin, tri-tip roast, separable lean only, trimmed to 0"" fat, choice, cooked, roasted",Beef Products,0,0,0,0,0
174772,23648,"Beef, bottom sirloin, tri-tip roast, separable lean only, trimmed to 0"" fat, choice, raw",Beef Products,0,0,0,0,0
174773,23649,"Beef, bottom sirloin, tri-tip roast, separable lean only, trimmed to 0"" fat, select, cooked, roasted",Beef Products,0,0,0,0,0
174774,23654,"Beef, flank, steak, separable lean only, trimmed to 0"" fat, all grades, cooked, broiled",Beef Products,0,0,0,0,0
174775,23655,"Beef, flank, steak, separable lean only, trimmed to 0"" fat, select, cooked, broiled",Beef Products,0,0,0,0,0
174776,23656,"Beef, flank, steak, separable lean only, trimmed to 0"" fat, all grades, raw",Beef Products,0,0,0,0,0
174777,23657,"Beef, flank, steak, separable lean only, trimmed to 0"" fat, select, raw",Beef Products,0,0,0,0,0
174778,25001,"Snacks, popcorn, microwave, low fat",Snacks,70,108,0,1762,0
174779,25003,"Snacks, candy rolls, yogurt-covered, fruit flavored with high vitamin C",Snacks,0,0,0,62,0
174783,25012,"Snacks, sweet potato chips, unsalted",Snacks,0,14205,0,0,0
174784,25013,"Snacks, FRITOLAY, SUNCHIPS, Multigrain Snack, original flavor",Snacks,19,29,0,441,0
174785,25014,"Snacks, popcorn, microwave, regular (butter) flavor, made with partially hydrogenated oil",Snacks,5,58,93,1112,0
174786,25015,"Formulated bar, MARS SNACKFOOD US, SNICKERS MARATHON Protein Performance Bar, Caramel Nut Rush",Snacks,0,10,0,0,0
174787,25021,"Formulated bar, LUNA BAR, NUTZ OVER CHOCOLATE",Snacks,0,2,0,28,0
174790,25024,"Pretzels, soft, unsalted",Snacks,0,0,0,17,0
174791,25030,"Snacks, vegetable chips, HAIN CELESTIAL GROUP, TERRA CHIPS",Snacks,1,1138,41,0,0
174792,25031,"Formulated bar, ZONE PERFECT CLASSIC CRUNCH BAR, mixed flavors",Snacks,0,0,0,2,0
174793,25032,"Snacks, granola bar, KASHI GOLEAN, chewy, mixed flavors",Snacks,0,5,1,43,0
174794,25033,"Snacks, granola bar, KASHI TLC Bar, chewy, mixed flavors",Snacks,0,1,1,38,0
174795,25039,"Snacks, granola bars, QUAKER OATMEAL TO GO, all flavors",Snacks,2,3,1,58,0
174796,25040,"Snacks, vegetable chips, made from garden vegetables",Snacks,0,102,0,0,7248
174797,25041,"Snacks, granola bar, KASHI TLC Bar, crunchy, mixed flavors",Snacks,4,8,0,73,0
174798,25043,"Snacks, candy bits, yogurt covered with vitamin C",Snacks,0,0,0,2,0
174799,25051,"Snacks, CLIF BAR, mixed flavors",Snacks,0,12,0,37,0
174800,25052,"Snacks, granola bar, QUAKER, chewy, 90 Calorie Bar",Snacks,1,32,0,32,0
174801,25053,"Snacks, granola bar, GENERAL MILLS NATURE VALLEY, SWEET&SALTY NUT, peanut",Snacks,0,0,0,9,0
174802,25054,"Snacks, granola bar, GENERAL MILLS, NATURE VALLEY, with yogurt coating",Snacks,0,0,0,0,0
174803,25062,"Snack, Mixed Berry Bar",Snacks,0,6,0,104,0
174804,25063,"Snacks, potato chips, made from dried potatoes (preformed), multigrain",Snacks,0,0,0,0,0
174805,25064,"Snacks, potato chips, lightly salted",Snacks,0,0,0,0,0
174806,25065,"Snacks, Pretzels, gluten- free made with cornstarch and potato flour",Snacks,0,0,0,0,0
174807,27000,"Soup, egg drop, Chinese restaurant","Soups, Sauces, and Gravies",1,16,1,48,0
174808,27001,"Soup, hot and sour, Chinese restaurant","Soups, Sauces, and Gravies",0,1,1,22,0
174809,14026,"Beverages, THE COCA-COLA COMPANY, NOS Zero, energy drink, sugar-free with guarana, fortified with vitamins B6 and B12",Beverages,0,0,0,0,0
174811,14028,"Beverages, Whiskey sour mix, bottled",Beverages,0,0,0,0,0
174812,14029,"Alcoholic beverage, whiskey sour, prepared from item 14028",Beverages,0,0,0,0,0
174813,14035,"Beverages, ABBOTT, EAS soy protein powder",Beverages,0,0,0,0,0
174814,14036,"Beverages, CYTOSPORT, Muscle Milk, ready-to-drink",Beverages,0,0,0,0,0
174815,14037,"Alcoholic beverage, distilled, all (gin, rum, vodka, whiskey) 80 proof",Beverages,0,0,0,0,0
174816,14038,"Beverages, OCEAN SPRAY, Cran-Energy, Cranberry Energy Juice Drink",Beverages,0,0,0,0,0
174817,14050,"Alcoholic beverage, distilled, rum, 80 proof",Beverages,0,0,0,0,0
174820,14054,"Beverages, almond milk, chocolate, ready-to-drink",Beverages,0,0,0,0,0
174821,14060,"Beverages, Energy Drink with carbonated water and high fructose corn syrup",Beverages,0,0,0,0,0
174822,14061,"Beverages, Energy Drink, sugar free",Beverages,0,0,0,0,0
174823,14062,"Beverages, ABBOTT, ENSURE, Nutritional Shake, Ready-to-Drink",Beverages,0,0,0,0,0
174824,14063,"Beverages, chocolate powder, no sugar added",Beverages,0,0,0,0,0
174825,14073,"Beverages, ZEVIA, cola",Beverages,0,0,0,0,0
174826,14074,"Beverages, ZEVIA, cola, caffeine free",Beverages,0,0,0,0,0
174827,14075,"Beverages, GEROLSTEINER BRUNNEN GmbH & Co. KG,Gerolsteiner naturally sparkling mineral water,",Beverages,0,0,0,0,0
174828,14079,"Beverages, yellow green colored citrus soft drink with caffeine",Beverages,0,0,0,0,0
174831,14090,"Beverages, Coconut water, ready-to-drink, unsweetened",Beverages,0,0,0,0,0
174832,14091,"Beverages, almond milk, unsweetened, shelf stable",Beverages,0,0,0,0,0
174837,14106,"Alcoholic beverage, wine, table, white",Beverages,0,0,0,0,0
174842,14121,"Beverages, carbonated, club soda",Beverages,0,0,0,0,0
174846,14136,"Beverages, carbonated, ginger ale",Beverages,0,0,0,0,0
174850,14146,"Beverages, carbonated, low calorie, cola or pepper-type, with aspartame, without caffeine",Beverages,0,0,0,0,0
174851,14147,"Beverages, carbonated, cola, without caffeine",Beverages,0,0,0,0,0
174852,14148,"Beverages, carbonated, cola, regular",Beverages,0,0,0,0,0
174853,14149,"Beverages, carbonated, reduced sugar, cola, contains caffeine and sweeteners",Beverages,0,0,0,0,0
174855,14279,"Beverages, tea, black, ready-to-drink, peach, diet",Beverages,0,0,0,0,0
174856,14285,"Beverages, OCEAN SPRAY, Ruby Red cranberry",Beverages,0,290,0,0,0
174858,14287,"Beverages, Lemonade, powder",Beverages,0,0,0,0,0
174859,14288,"Lemonade, powder, prepared with water",Beverages,0,0,0,0,0
174860,14296,"Beverages, lemonade-flavor drink, powder",Beverages,0,0,0,0,0
174861,14297,"Beverages, lemonade-flavor drink, powder, prepared with water",Beverages,0,0,0,0,0
174862,14303,"Limeade, frozen concentrate, prepared with water",Beverages,0,0,0,0,0
174863,14305,"Malt beverage, includes non-alcoholic beer",Beverages,0,0,0,0,0
174864,14309,"Beverages, OVALTINE, Classic Malt powder",Beverages,0,0,0,0,0
174865,14316,"Beverages, Malted drink mix, chocolate, with added nutrients, powder, prepared with whole milk",Beverages,0,6,0,1,0
174866,14317,"Beverages, malted drink mix, chocolate, powder",Beverages,0,5,0,2,0
174867,14318,"Beverages, Malted drink mix, chocolate, powder, prepared with whole milk",Beverages,0,5,0,1,0
174868,14323,"Beverages, orange drink, canned, with added vitamin C",Beverages,0,1,7,9,0
174869,14350,"Strawberry-flavor beverage mix, powder",Beverages,0,0,0,0,0
174871,14352,"Beverages, tea, black, brewed, prepared with tap water, decaffeinated",Beverages,0,0,0,0,0
174872,14353,"Beverages, tea, instant, decaffeinated, unsweetened",Beverages,0,0,0,0,0
174873,14367,"Beverages, tea, instant, unsweetened, prepared with water",Beverages,0,0,0,0,0
174874,17415,"Lamb, New Zealand, imported, square-cut shoulder chops, separable lean and fat, cooked, braised","Lamb, Veal, and Game Products",0,0,0,0,0
174875,17416,"Lamb, New Zealand, imported, square-cut shoulder chops, separable lean and fat, raw","Lamb, Veal, and Game Products",0,0,0,0,0
174876,17417,"Lamb, New Zealand, imported, square-cut shoulder, separable lean and fat, cooked, slow roasted","Lamb, Veal, and Game Products",0,0,0,0,0
174878,17423,"Lamb, New Zealand, imported, tenderloin, separable lean and fat, raw","Lamb, Veal, and Game Products",0,0,0,0,0
174879,17424,"Veal, ground, cooked, pan-fried","Lamb, Veal, and Game Products",0,0,0,0,0
174880,17425,"Veal, leg, top round, cap off, cutlet, boneless, cooked, grilled","Lamb, Veal, and Game Products",0,0,0,0,0
174881,17430,"Veal, shoulder, blade chop, separable lean only, cooked, grilled","Lamb, Veal, and Game Products",0,0,0,0,0
174882,17431,"Veal, external fat only, raw","Lamb, Veal, and Game Products",0,0,0,0,0
174883,17432,"Veal, external fat only, cooked","Lamb, Veal, and Game Products",0,0,0,0,0
174884,17433,"Veal, seam fat only, raw","Lamb, Veal, and Game Products",0,0,0,0,0
174885,17439,"Lamb, Australian, imported, fresh, leg, bottom, boneless, separable lean only, trimmed to 1/8"" fat, cooked, roasted","Lamb, Veal, and Game Products",0,0,0,0,0
174886,17440,"Lamb, Australian, imported, fresh, leg, hindshank, heel on, bone-in, separable lean only, trimmed to 1/8"" fat, cooked, braised","Lamb, Veal, and Game Products",0,0,0,0,0
174887,17441,"Lamb, Australian, imported, fresh, leg, hindshank, heel on, bone-in, separable lean only, trimmed to 1/8"" fat, raw","Lamb, Veal, and Game Products",0,0,0,0,0
174888,17442,"Lamb, Australian, imported, fresh, tenderloin, boneless, separable lean only, trimmed to 1/8"" fat, cooked, roasted","Lamb, Veal, and Game Products",0,0,0,0,0
174889,17447,"Lamb, Australian, imported, fresh, rack, roast, frenched, denuded, bone-in, separable lean only, trimmed to 0"" fat, cooked, roasted","Lamb, Veal, and Game Products",0,0,0,0,0
174890,17448,"Lamb, Australian, imported, fresh, rack, roast, frenched, bone-in, separable lean only, trimmed to 1/8"" fat, cooked, roasted","Lamb, Veal, and Game Products",0,0,0,0,0
174891,17449,"Lamb, Australian, imported, fresh, external fat, cooked","Lamb, Veal, and Game Products",0,0,0,0,0
174892,17450,"Lamb, Australian, imported, fresh, external fat, raw","Lamb, Veal, and Game Products",0,0,0,0,0
174893,17455,"Lamb, Australian, imported, fresh, leg, hindshank, heel on, bone-in, separable lean and fat, trimmed to 1/8"" fat, cooked, braised","Lamb, Veal, and Game Products",0,0,0,0,0
174894,17456,"Lamb, Australian, imported, fresh, leg, hindshank, heel on, bone-in, separable lean and fat, trimmed to 1/8"" fat, raw","Lamb, Veal, and Game Products",0,0,0,0,0
174895,17457,"Lamb, Australian, imported, fresh, leg, trotter off, bone-in, separable lean and fat, trimmed to 1/8"" fat, cooked, roasted","Lamb, Veal, and Game Products",0,0,0,0,0
174896,17458,"Lamb, Australian, imported, fresh, leg, trotter off, bone-in, separable lean and fat, trimmed to 1/8"" fat, raw","Lamb, Veal, and Game Products",0,0,0,0,0
174897,17459,"Lamb, Australian, imported, fresh, tenderloin, boneless, separable lean and fat, trimmed to 1/8"" fat, cooked, roasted","Lamb, Veal, and Game Products",0,0,0,0,0
174898,17464,"Lamb, Australian, imported, fresh, rib chop, frenched, denuded, bone-in, separable lean and fat, trimmed to 0"" fat, cooked, grilled","Lamb, Veal, and Game Products",0,0,0,0,0
174899,18001,"Bagels, plain, enriched, with calcium propionate (includes onion, poppy, sesame)",Baked Products,0,0,0,0,0
174900,18002,"Bagels, plain, enriched, with calcium propionate (includes onion, poppy, sesame), toasted",Baked Products,0,0,0,55,0
174902,18010,"Biscuits, plain or buttermilk, dry mix",Baked Products,0,0,0,2,0
174904,18012,"Biscuits, plain or buttermilk, refrigerated dough, lower fat",Baked Products,0,0,0,10,0
174905,18013,"Biscuits, plain or buttermilk, refrigerated dough, lower fat, baked",Baked Products,0,0,0,11,0
174906,18019,"Bread, banana, prepared from recipe, made with margarine",Baked Products,,102,,,
174907,18021,"Bread, boston brown, canned",Baked Products,1,2,0,71,0
174908,18022,"Bread, cornbread, dry mix, enriched (includes corn muffin mix)",Baked Products,18,28,0,391,0
174909,18023,"Bread, cornbread, dry mix, prepared with 2% milk, 80% margarine, and eggs",Baked Products,3,26,21,550,0
174911,18030,"Bread, french or vienna, toasted (includes sourdough)",Baked Products,0,0,0,13,0
174913,18033,"Bread, Italian",Baked Products,0,0,0,48,0
174914,18036,"Bread, multi-grain, toasted (includes whole-grain)",Baked Products,0,0,0,97,0
174915,18041,"Bread, pita, white, enriched",Baked Products,0,0,0,53,0
174916,18042,"Bread, pita, whole-wheat",Baked Products,0,4,0,53,0
174917,18043,"Bread, protein (includes gluten)",Baked Products,0,3,0,77,0
174918,18044,"Bread, pumpernickel",Baked Products,0,0,0,46,0
174920,18053,"Bread, reduced-calorie, rye",Baked Products,0,2,1,37,0
174921,18055,"Bread, reduced-calorie, wheat",Baked Products,0,1,0,41,0
174922,18057,"Bread, reduced-calorie, white",Baked Products,0,1,0,32,0
174923,18059,"Bread, rice bran",Baked Products,0,0,0,49,0
174924,18069,"Bread, white, commercially prepared (includes soft bread crumbs)",Baked Products,0,0,0,44,0
174925,18070,"Bread, white, commercially prepared, toasted",Baked Products,0,0,0,46,0
174928,18079,"Bread, crumbs, dry, grated, plain",Baked Products,0,0,0,0,0
174929,18080,"Bread, sticks, plain",Baked Products,0,1,0,65,0
174930,18081,"Bread, stuffing, dry mix",Baked Products,0,1,0,72,0
174931,18082,"Bread, stuffing, dry mix, prepared",Baked Products,0,85,0,18,0
174933,18095,"Cake, cherry fudge with chocolate frosting",Baked Products,0,131,0,42,0
174934,18096,"Cake, chocolate, commercially prepared with chocolate frosting, in-store bakery",Baked Products,0,0,0,3,0
174935,18097,"Cake, pudding-type, chocolate, dry mix",Baked Products,0,0,0,4,0
174938,18108,"Cake, coffeecake, cinnamon with crumb topping, dry mix, prepared",Baked Products,0,2,2,43,0
174939,18110,"Cake, fruitcake, commercially prepared",Baked Products,1,3,1,21,0
174942,18127,"Cake, snack cakes, creme-filled, chocolate with frosting",Baked Products,0,0,0,3,0
174943,18128,"Cake, snack cakes, creme-filled, sponge",Baked Products,0,0,0,9,0
174944,18140,"Cake, yellow, commercially prepared, with chocolate frosting, in-store bakery",Baked Products,0,0,0,14,0
174945,18141,"Cake, yellow, commercially prepared, with vanilla frosting",Baked Products,0,0,2,104,0
174946,18142,"Cake, pudding-type, yellow, dry mix",Baked Products,0,0,0,1,0
174947,18144,"Cake, yellow, enriched, dry mix",Baked Products,0,0,0,1,0
174949,18154,"Cookies, brownies, prepared from recipe",Baked Products,,174,,,
174950,18155,"Cookies, butter, commercially prepared, enriched",Baked Products,0,35,1,22,0
174955,18165,"Cookies, chocolate chip, prepared from recipe, made with margarine",Baked Products,,150,,,
174956,18172,"Cookies, gingersnaps",Baked Products,0,1,0,2,0
174957,18173,"Cookies, graham crackers, plain or honey (includes cinnamon)",Baked Products,0,1,0,77,0
174958,18174,"Cookies, graham crackers, chocolate-coated",Baked Products,0,0,0,13,0
174959,18175,"Cookies, ladyfingers, with lemon juice and rind",Baked Products,9,22,8,266,0
174964,18189,"Cookies, peanut butter, prepared from recipe",Baked Products,,138,,,
174965,18190,"Cookies, peanut butter sandwich, regular",Baked Products,0,0,0,7,0
174966,18191,"Cookies, raisin, soft-type",Baked Products,0,1,1,37,0
174967,18192,"Cookies, shortbread, commercially prepared, plain",Baked Products,0,1,0,29,0
174970,18202,"Cookies, sugar wafer, with creme filling, sugar free",Baked Products,0,0,0,31,0
174971,18204,"Cookies, sugar, commercially prepared, regular (includes vanilla)",Baked Products,0,1,1,38,0
174972,18205,"Cookies, sugar, refrigerated dough",Baked Products,0,0,0,8,0
174973,18212,"Cookies, vanilla wafers, lower fat",Baked Products,0,1,1,41,0
174974,18213,"Cookies, vanilla wafers, higher fat",Baked Products,0,0,0,1,0
174975,18214,"Crackers, cheese, regular",Baked Products,0,63,17,34,0
174976,18215,"Crackers, cheese, sandwich-type with peanut butter filling",Baked Products,0,0,0,7,0
174977,18220,"Crackers, melba toast, plain",Baked Products,0,0,0,74,0
174980,18223,"Crackers, milk",Baked Products,0,3,0,16,0
174982,18229,"Crackers, standard snack-type, regular",Baked Products,0,0,0,12,0
174983,18230,"Crackers, standard snack-type, sandwich, with cheese filling",Baked Products,0,5,0,10,0
174984,18231,"Crackers, standard snack-type, sandwich, with peanut butter filling",Baked Products,0,0,0,10,0
174985,18232,"Crackers, wheat, regular",Baked Products,0,4,0,180,0
174986,18237,"Cream puff shell, prepared from recipe",Baked Products,0,159,4,237,0
174987,18239,"Croissants, butter",Baked Products,0,38,1,74,0
174989,18241,"Croissants, cheese",Baked Products,0,89,0,43,0
174990,18248,"Doughnuts, cake-type, plain (includes unsugared, old-fashioned)",Baked Products,0,1,0,19,0
174991,18249,"Doughnuts, cake-type, plain, chocolate-coated or frosted",Baked Products,1,2,1,24,0
174993,18251,"Doughnuts, cake-type, chocolate, sugared or glazed",Baked Products,1,2,1,20,0
174994,18258,"Muffins, English, plain, enriched, with ca prop (includes sourdough)",Baked Products,0,0,0,42,0
174995,18259,"Muffins, English, plain, toasted, enriched, with calcium propionate (includes sourdough)",Baked Products,0,0,0,47,0
174996,18260,"Muffins, English, mixed-grain (includes granola)",Baked Products,0,0,0,1,0
174997,18262,"Muffins, English, raisin-cinnamon (includes apple-cinnamon)",Baked Products,0,0,0,25,0
174998,18269,"French toast, prepared from recipe, made with low fat (2%) milk",Baked Products,,66,,,
174999,18270,"Hush puppies, prepared from recipe",Baked Products,17,27,1,401,0
175000,18271,"Ice cream cones, cake or wafer-type",Baked Products,0,0,0,17,0
175001,18272,"Ice cream cones, sugar, rolled-type",Baked Products,0,0,0,14,0
175002,18279,"Muffins, corn, commercially prepared",Baked Products,12,20,0,263,0
175007,18291,"Pancakes, plain, dry mix, incomplete (includes buttermilk)",Baked Products,0,1,0,78,0
175011,18301,"Pie, apple, commercially prepared, enriched flour",Baked Products,0,9,6,9,0
175014,18310,"Pie, chocolate creme, commercially prepared",Baked Products,0,10,0,8,0
175016,18313,"Pie, coconut creme, commercially prepared",Baked Products,0,0,0,0,0
175019,18322,"Pie, mince, prepared from recipe",Baked Products,0,5,12,13,0
175020,18323,"Pie, peach",Baked Products,0,64,25,15,0
175021,18324,"Pie, pecan, commercially prepared",Baked Products,0,4,2,39,0
175024,18334,"Pie crust, standard-type, frozen, ready-to-bake, enriched",Baked Products,0,0,0,1,0
175025,18335,"Pie crust, standard-type, frozen, ready-to-bake, enriched, baked",Baked Products,0,0,0,1,0
175026,18336,"Pie crust, standard-type, prepared from recipe, baked",Baked Products,0,0,0,10,0
175027,18344,"Rolls, dinner, egg",Baked Products,0,1,1,71,0
175028,18345,"Rolls, dinner, oat bran",Baked Products,0,0,0,44,0
175029,18346,"Rolls, dinner, rye",Baked Products,0,4,1,54,0
175030,18347,"Rolls, dinner, wheat",Baked Products,0,0,0,65,0
175031,18353,"Rolls, hard (includes kaiser)",Baked Products,0,0,0,58,0
175032,18354,"Strudel, apple",Baked Products,1,5,3,42,0
175034,18356,"Sweet rolls, cinnamon, commercially prepared with raisins",Baked Products,1,5,2,70,0
175035,18362,"Toaster pastries, fruit (includes apple, blueberry, cherry, strawberry)",Baked Products,3,3,3,52,0
175036,18363,"Tortillas, ready-to-bake or -fry, corn",Baked Products,0,1,1,3,0
175037,18364,"Tortillas, ready-to-bake or -fry, flour, refrigerated",Baked Products,0,0,0,9,0
175038,18365,"Waffles, plain, frozen, ready-to-heat",Baked Products,0,1,1,48,0
175040,18372,"Leavening agents, baking soda",Baked Products,0,0,0,0,0
175041,18373,"Leavening agents, cream of tartar",Baked Products,0,0,0,0,0
175042,18374,"Leavening agents, yeast, baker's, compressed",Baked Products,0,0,0,0,0
175043,18375,"Leavening agents, yeast, baker's, active dry",Baked Products,0,0,0,0,0
175044,18384,"Bread, rice bran, toasted",Baked Products,0,0,0,51,0
175045,18386,"Muffins, blueberry, toaster-type, toasted",Baked Products,0,3,0,20,0
175046,18388,"Muffins, wheat bran, toaster-type with raisins, toasted",Baked Products,0,1,0,48,0
175048,18403,"Waffles, plain, frozen, ready -to-heat, toasted",Baked Products,0,1,1,51,0
175056,18425,"Crackers, saltines, low salt (includes oyster, soda, soup)",Baked Products,0,0,0,17,0
175058,18427,"Crackers, standard snack-type, regular, low salt",Baked Products,0,0,0,11,0
175059,18428,"Crackers, wheat, low salt",Baked Products,0,0,0,81,0
175060,18434,"Crackers, cheese, low sodium",Baked Products,0,63,17,34,0
175068,18457,"Crackers, saltines, fat-free, low-sodium",Baked Products,0,0,0,9,0
175069,18459,"Tart, breakfast, low fat",Baked Products,0,3,1,4,0
175088,14368,"Beverages, tea, instant, lemon, unsweetened",Beverages,0,0,0,0,0
175089,14370,"Beverages, tea, instant, lemon, sweetened, powder",Beverages,0,0,0,0,0
175090,14371,"Beverages, tea, instant, lemon, sweetened, prepared with water",Beverages,0,0,0,0,0
175091,14375,"Beverages, tea, instant, sweetened with sodium saccharin, lemon-flavored, powder",Beverages,0,0,0,0,0
175092,14390,"Beverages, cocoa mix, with aspartame, powder, prepared with water",Beverages,0,0,0,1,0
175093,14400,"Beverages, carbonated, cola, fast-food cola",Beverages,0,0,0,0,0
175095,14406,"Beverages, fruit punch juice drink, frozen concentrate, prepared with water",Beverages,0,0,0,0,0
175097,14414,"Alcoholic beverage, liqueur, coffee, 53 proof",Beverages,0,0,0,0,0
175098,14415,"Alcoholic beverage, liqueur, coffee with cream, 34 proof",Beverages,0,30,0,0,0
175099,14416,"Beverages, carbonated, low calorie, cola or pepper-type, with aspartame, contains caffeine",Beverages,0,0,0,0,0
175100,14426,"Beverages, Orange drink, breakfast type, with juice and pulp, frozen concentrate",Beverages,0,11,0,0,0
175101,14427,"Beverages, Orange drink, breakfast type, with juice and pulp, frozen concentrate, prepared with water",Beverages,0,3,0,0,0
175103,14429,"Beverages, water, tap, municipal",Beverages,0,0,0,0,0
175105,14436,"Beverages, orange breakfast drink, ready-to-drink, with added nutrients",Beverages,0,219,62,8,0
175108,14461,"Beverages, COCA-COLA, POWERADE, lemon-lime flavored, ready-to-drink",Beverages,0,0,0,0,0
175109,14462,"Beverages, Propel Zero, fruit-flavored, non-carbonated",Beverages,0,0,0,0,0
175112,14536,"Alcoholic beverage, wine, dessert, dry",Beverages,0,0,0,0,0
175114,14538,"Beverages, Cocoa mix, low calorie, powder, with added calcium, phosphorus, aspartame, without added sodium or vitamin A",Beverages,0,1,0,0,0
175115,14541,"Beverages, fruit punch-flavor drink, powder, without added sodium, prepared with water",Beverages,0,0,0,0,0
175116,15039,"Fish, herring, Atlantic, raw",Finfish and Shellfish Products,0,0,0,0,0
175117,15040,"Fish, herring, Atlantic, cooked, dry heat",Finfish and Shellfish Products,0,0,0,0,0
175118,15041,"Fish, herring, Atlantic, pickled",Finfish and Shellfish Products,0,0,0,0,0
175119,15046,"Fish, mackerel, Atlantic, raw",Finfish and Shellfish Products,0,0,0,0,0
175121,15048,"Fish, mackerel, jack, canned, drained solids",Finfish and Shellfish Products,0,0,0,0,0
175123,15055,"Fish, mullet, striped, raw",Finfish and Shellfish Products,0,0,0,0,0
175125,15057,"Fish, ocean perch, Atlantic, raw",Finfish and Shellfish Products,0,0,0,0,0
175126,15058,"Fish, ocean perch, Atlantic, cooked, dry heat",Finfish and Shellfish Products,0,0,0,0,0
175129,15065,"Fish, pollock, Atlantic, raw",Finfish and Shellfish Products,0,0,0,0,0
175130,15066,"Fish, pollock, Alaska, raw (may contain additives to retain moisture)",Finfish and Shellfish Products,0,0,0,0,0
175131,15071,"Fish, rockfish, Pacific, mixed species, cooked, dry heat",Finfish and Shellfish Products,0,0,0,0,0
175132,15072,"Fish, roe, mixed species, raw",Finfish and Shellfish Products,0,0,0,214,0
175133,15073,"Fish, roughy, orange, raw",Finfish and Shellfish Products,0,0,0,0,0
175135,15080,"Fish, salmon, chum, canned, drained solids with bone",Finfish and Shellfish Products,0,0,0,0,0
175136,15081,"Fish, salmon, coho, wild, raw",Finfish and Shellfish Products,0,0,0,0,0
175138,15083,"Fish, salmon, pink, raw",Finfish and Shellfish Products,0,0,0,0,0
175139,15088,"Fish, sardine, Atlantic, canned in oil, drained solids with bone",Finfish and Shellfish Products,0,0,0,0,0
175140,15089,"Fish, sardine, Pacific, canned in tomato sauce, drained solids with bone",Finfish and Shellfish Products,0,26,0,2,1398
175141,15090,"Fish, scup, raw",Finfish and Shellfish Products,0,0,0,0,0
175142,15091,"Fish, sea bass, mixed species, raw",Finfish and Shellfish Products,0,0,0,0,0
175146,15099,"Fish, smelt, rainbow, raw",Finfish and Shellfish Products,0,0,0,0,0
175148,15105,"Fish, sturgeon, mixed species, cooked, dry heat",Finfish and Shellfish Products,0,0,0,0,0
175149,15106,"Fish, sturgeon, mixed species, smoked",Finfish and Shellfish Products,0,0,0,0,0
175153,15114,"Fish, trout, mixed species, raw",Finfish and Shellfish Products,0,0,0,0,0
175157,15124,"Fish, tuna, white, canned in oil, drained solids",Finfish and Shellfish Products,0,0,0,0,0
175158,15126,"Fish, tuna, white, canned in water, drained solids",Finfish and Shellfish Products,0,0,0,0,0
175159,15127,"Fish, tuna, fresh, yellowfin, raw",Finfish and Shellfish Products,0,0,0,0,0
175161,15133,"Fish, whiting, mixed species, cooked, dry heat",Finfish and Shellfish Products,0,0,0,0,0
175165,15234,"Fish, catfish, channel, farmed, raw",Finfish and Shellfish Products,0,0,0,0,0
175166,15235,"Fish, catfish, channel, farmed, cooked, dry heat",Finfish and Shellfish Products,0,0,0,0,0
175167,15236,"Fish, salmon, Atlantic, farmed, raw",Finfish and Shellfish Products,0,0,0,0,0
175168,15237,"Fish, salmon, Atlantic, farmed, cooked, dry heat",Finfish and Shellfish Products,0,0,0,0,0
175171,15244,"Mollusks, oyster, eastern, wild, cooked, dry heat",Finfish and Shellfish Products,0,0,0,0,0
175174,15253,"Salmon, sockeye, canned, total can contents",Finfish and Shellfish Products,0,0,0,0,0
175175,15260,"Fish, salmon, pink, canned, drained solids",Finfish and Shellfish Products,0,0,0,0,0
175176,15261,"Fish, tilapia, raw",Finfish and Shellfish Products,0,0,0,0,0
175177,15262,"Fish, tilapia, cooked, dry heat",Finfish and Shellfish Products,0,0,0,0,0
175182,16006,"Beans, baked, canned, plain or vegetarian",Legumes and Legume Products,0,65,0,16,511
175184,16008,"Beans, baked, canned, with franks",Legumes and Legume Products,0,52,0,13,409
175186,16016,"Beans, black turtle, mature seeds, raw",Legumes and Legume Products,0,0,0,0,0
175187,16017,"Beans, black turtle, mature seeds, cooked, boiled, without salt",Legumes and Legume Products,0,0,0,0,0
175188,16018,"Beans, black turtle, mature seeds, canned",Legumes and Legume Products,0,0,0,0,0
175190,16024,"Beans, great northern, mature seeds, raw (Includes foods for USDA's Food Distribution Program)",Legumes and Legume Products,0,0,0,0,0
175192,16026,"Beans, great northern, mature seeds, canned",Legumes and Legume Products,0,0,0,0,0
175193,16027,"Beans, kidney, all types, mature seeds, raw",Legumes and Legume Products,0,0,0,0,0
175194,16033,"Beans, kidney, red, mature seeds, cooked, boiled, without salt",Legumes and Legume Products,0,0,0,0,0
175195,16034,"Beans, kidney, red, mature seeds, canned, solids and liquids",Legumes and Legume Products,0,0,0,0,0
175198,16041,"Beans, pink, mature seeds, cooked, boiled, without salt",Legumes and Legume Products,0,0,0,0,0
175199,16042,"Beans, pinto, mature seeds, raw (Includes foods for USDA's Food Distribution Program)",Legumes and Legume Products,0,0,0,0,0
175200,16043,"Beans, pinto, mature seeds, cooked, boiled, without salt",Legumes and Legume Products,0,0,0,0,0
175201,16044,"Beans, pinto, mature seeds, canned, solids and liquids",Legumes and Legume Products,0,0,0,,
175202,16049,"Beans, white, mature seeds, raw",Legumes and Legume Products,0,0,0,0,0
175203,16050,"Beans, white, mature seeds, cooked, boiled, without salt",Legumes and Legume Products,0,0,0,0,0
175204,16051,"Beans, white, mature seeds, canned",Legumes and Legume Products,0,0,0,0,0
175205,16052,"Broadbeans (fava beans), mature seeds, raw",Legumes and Legume Products,0,32,0,0,0
175206,16058,"Chickpeas (garbanzo beans, bengal gram), mature seeds, canned, solids and liquids",Legumes and Legume Products,0,9,0,0,0
175207,16059,"Chili with beans, canned",Legumes and Legume Products,0,180,43,107,1069
175210,16067,"Hyacinth beans, mature seeds, raw",Legumes and Legume Products,0,0,0,0,0
175216,16230,"Soymilk (all flavors), nonfat, with added calcium, vitamins A and D",Legumes and Legume Products,0,1,0,0,0
175217,16231,"Soymilk, chocolate, nonfat, with added calcium, vitamins A and D",Legumes and Legume Products,0,2,0,0,0
175237,16315,"Beans, black, mature seeds, cooked, boiled, with salt",Legumes and Legume Products,0,0,0,0,0
175238,16316,"Beans, black, mature seeds, canned, low sodium",Legumes and Legume Products,0,0,0,0,0
175239,16317,"Beans, black turtle, mature seeds, cooked, boiled, with salt",Legumes and Legume Products,0,0,0,0,0
175242,16333,"Beans, kidney, red, mature seeds, cooked, boiled, with salt",Legumes and Legume Products,0,0,0,0,0
175243,16335,"Beans, kidney, red, mature seeds, canned, drained solids, rinsed in tap water",Legumes and Legume Products,0,0,0,0,0
175245,16337,"Beans, kidney, red, mature seeds, canned, solids and liquid, low sodium",Legumes and Legume Products,0,0,0,0,0
175247,16347,"Beans, pinto, mature seeds, canned, solids and liquids, low sodium",Legumes and Legume Products,0,0,0,0,0
175248,16348,"Beans, yellow, mature seeds, cooked, boiled, with salt",Legumes and Legume Products,0,0,0,0,0
175249,16350,"Beans, white, mature seeds, cooked, boiled, with salt",Legumes and Legume Products,0,0,0,0,0
175250,16360,"Chickpeas (garbanzo beans, bengal gram), mature seeds, canned, solids and liquids, low sodium",Legumes and Legume Products,0,9,0,0,0
175252,16363,"Cowpeas, common (blackeyes, crowder, southern), mature seeds, cooked, boiled, with salt",Legumes and Legume Products,0,9,0,0,0
175254,16370,"Lentils, mature seeds, cooked, boiled, with salt",Legumes and Legume Products,0,5,0,0,0
175255,16381,"Mung beans, mature seeds, cooked, boiled, with salt",Legumes and Legume Products,0,14,0,0,0
175256,16384,"Mungo beans, mature seeds, cooked, boiled, with salt",Legumes and Legume Products,0,19,0,0,0
175257,16386,"Peas, split, mature seeds, cooked, boiled, with salt",Legumes and Legume Products,0,4,0,0,0
175258,16389,"Peanuts, all types, oil-roasted, without salt",Legumes and Legume Products,0,0,0,0,0
175259,17077,"Lamb, New Zealand, imported, frozen, loin, separable lean and fat, cooked, broiled","Lamb, Veal, and Game Products",0,0,0,0,0
175260,17082,"Lamb, New Zealand, imported, rack - partly frenched, separable lean only, raw","Lamb, Veal, and Game Products",0,0,0,0,0
175261,17083,"Lamb, New Zealand, imported, rack - partly frenched, separable lean only, cooked, fast roasted","Lamb, Veal, and Game Products",0,0,0,0,0
175262,17084,"Lamb, New Zealand, imported, square-cut shoulder, separable lean and fat, raw","Lamb, Veal, and Game Products",0,0,0,0,0
175264,17086,"Lamb, New Zealand, imported, square-cut shoulder, separable lean only, raw","Lamb, Veal, and Game Products",0,0,0,0,0
175265,17091,"Veal, composite of trimmed retail cuts, separable lean only, cooked","Lamb, Veal, and Game Products",0,0,0,0,0
175268,17094,"Veal, leg (top round), separable lean and fat, raw","Lamb, Veal, and Game Products",0,0,0,0,0
175271,17101,"Veal, leg (top round), separable lean only, cooked, pan-fried, breaded","Lamb, Veal, and Game Products",0,0,0,0,0
175272,17102,"Veal, leg (top round), separable lean only, cooked, pan-fried, not breaded","Lamb, Veal, and Game Products",0,0,0,0,0
175273,17108,"Veal, loin, separable lean only, cooked, braised","Lamb, Veal, and Game Products",0,0,0,0,0
175274,17109,"Veal, loin, separable lean only, cooked, roasted","Lamb, Veal, and Game Products",0,0,0,0,0
175276,17111,"Veal, rib, separable lean and fat, cooked, braised","Lamb, Veal, and Game Products",0,0,0,0,0
175277,17116,"Veal, shoulder, whole (arm and blade), separable lean and fat, raw","Lamb, Veal, and Game Products",0,0,0,0,0
175278,17117,"Veal, shoulder, whole (arm and blade), separable lean and fat, cooked, braised","Lamb, Veal, and Game Products",0,0,0,0,0
175286,17134,"Veal, sirloin, separable lean and fat, raw","Lamb, Veal, and Game Products",0,0,0,0,0
175288,17136,"Veal, sirloin, separable lean and fat, cooked, roasted","Lamb, Veal, and Game Products",0,0,0,0,0
175290,17142,"Veal, ground, raw","Lamb, Veal, and Game Products",0,0,0,0,0
175291,17143,"Veal, ground, cooked, broiled","Lamb, Veal, and Game Products",0,0,0,0,0
175293,17149,"Bison, ground, grass-fed, raw","Lamb, Veal, and Game Products",0,0,0,0,0
175295,17151,"Game meat, beaver, cooked, roasted","Lamb, Veal, and Game Products",0,0,0,0,0
175298,17159,"Game meat, boar, wild, cooked, roasted","Lamb, Veal, and Game Products",0,0,0,0,0
175304,17169,"Game meat, goat, cooked, roasted","Lamb, Veal, and Game Products",0,0,0,0,0
